Customer_ID,Customer_Type,Age_Group,Gender,Area,Total_Previous_Orders,Avg_Previous_Order_Value
C00001,Returning,26-35,Male,Banjara Hills,21,281.76
C00002,Returning,36-45,Male,Mehdipatnam,22,483.23
C00003,Returning,26-35,Male,Manikonda,1,393.6
C00004,Returning,36-45,Male,Kondapur,36,350.16
C00005,Returning,36-45,Male,Ameerpet,17,506.11
C00006,Returning,18-25,Unknown,Begumpet,24,479.81
C00007,New,36-45,Female,Hitech City,0,0.0
C00008,Returning,18-25,Female,Secunderabad,12,375.24
C00009,Returning,26-35,Male,Mehdipatnam,25,415.72
C00010,Returning,56+,Male,Hitech City,26,174.44
C00011,Returning,36-45,Female,Mehdipatnam,19,170.23
C00012,Returning,46-55,Unknown,Banjara Hills,13,335.07
C00013,Returning,46-55,Unknown,Begumpet,1,439.77
C00014,Returning,26-35,Unknown,Mehdipatnam,22,648.43
C00015,Returning,36-45,Male,Ameerpet,3,472.97
C00016,Returning,26-35,Female,Manikonda,4,295.0
C00017,Returning,18-25,Female,Banjara Hills,11,359.51
C00018,Returning,18-25,Female,Ameerpet,22,259.57
C00019,Returning,18-25,Female,Banjara Hills,1,416.25
C00020,Returning,36-45,Male,Gachibowli,19,410.25
C00021,New,36-45,Male,Hitech City,0,0.0
C00022,New,46-55,Male,Ameerpet,0,0.0
C00023,Returning,26-35,Male,Gachibowli,36,555.3
C00024,New,36-45,Female,Madhapur,0,0.0
C00025,New,26-35,Male,Gachibowli,0,0.0
C00026,Returning,26-35,Male,Kondapur,23,530.01
C00027,Returning,36-45,Female,Madhapur,36,291.75
C00028,Returning,26-35,Unknown,Kondapur,29,470.81
C00029,Returning,56+,Female,Manikonda,12,434.04
C00030,Returning,26-35,Male,Gachibowli,6,637.38
C00031,Returning,18-25,Unknown,Gachibowli,19,408.89
C00032,Returning,46-55,Female,Hitech City,30,409.56
C00033,New,46-55,Female,Secunderabad,0,0.0
C00034,New,18-25,Female,Gachibowli,0,0.0
C00035,Returning,26-35,Female,Manikonda,9,461.8
C00036,New,26-35,Female,Gachibowli,0,0.0
C00037,Returning,18-25,Female,Secunderabad,25,528.97
C00038,New,26-35,Male,Madhapur,0,0.0
C00039,Returning,36-45,Female,Begumpet,28,630.68
C00040,New,36-45,Unknown,Jubilee Hills,0,0.0
C00041,Returning,18-25,Male,Kukatpally,7,353.81
C00042,Returning,26-35,Male,Madhapur,36,410.62
C00043,Returning,26-35,Male,Begumpet,19,443.27
C00044,Returning,36-45,Female,Mehdipatnam,33,204.35
C00045,Returning,18-25,Female,Begumpet,24,643.04
C00046,Returning,56+,Male,Mehdipatnam,39,238.49
C00047,New,18-25,Unknown,Mehdipatnam,0,0.0
C00048,Returning,26-35,Unknown,Hitech City,18,264.59
C00049,Returning,36-45,Male,Mehdipatnam,38,438.83
C00050,Returning,46-55,Male,Jubilee Hills,35,528.64
C00051,Returning,26-35,Female,Manikonda,36,489.69
C00052,Returning,46-55,Female,Madhapur,34,312.85
C00053,New,26-35,Female,Begumpet,0,0.0
C00054,Returning,18-25,Female,Manikonda,22,541.79
C00055,Returning,26-35,Male,Begumpet,38,414.74
C00056,New,26-35,Female,Hitech City,0,0.0
C00057,Returning,26-35,Male,Begumpet,20,542.95
C00058,Returning,36-45,Male,Secunderabad,32,120.0
C00059,Returning,26-35,Male,Gachibowli,27,455.77
C00060,Returning,26-35,Male,Mehdipatnam,5,584.59
C00061,Returning,26-35,Male,Madhapur,25,651.31
C00062,Returning,26-35,Male,Gachibowli,6,510.87
C00063,Returning,18-25,Female,Gachibowli,36,329.42
C00064,New,26-35,Female,Banjara Hills,0,0.0
C00065,Returning,26-35,Male,Madhapur,7,662.87
C00066,Returning,36-45,Female,Begumpet,21,341.71
C00067,Returning,26-35,Male,Ameerpet,4,331.12
C00068,New,36-45,Female,Kondapur,0,0.0
C00069,Returning,26-35,Male,Jubilee Hills,33,370.79
C00070,New,26-35,Male,Mehdipatnam,0,0.0
C00071,Returning,26-35,Female,Begumpet,13,121.05
C00072,Returning,36-45,Female,Gachibowli,35,255.99
C00073,Returning,46-55,Female,Hitech City,2,342.63
C00074,Returning,36-45,Male,Ameerpet,32,478.81
C00075,New,18-25,Male,Kondapur,0,0.0
C00076,Returning,36-45,Unknown,Begumpet,4,445.91
C00077,Returning,26-35,Unknown,Banjara Hills,39,597.98
C00078,Returning,46-55,Male,Jubilee Hills,14,805.8
C00079,Returning,18-25,Female,Madhapur,38,535.14
C00080,New,36-45,Female,Manikonda,0,0.0
C00081,New,26-35,Male,Begumpet,0,0.0
C00082,Returning,46-55,Male,Manikonda,30,422.8
C00083,Returning,26-35,Male,Mehdipatnam,23,466.94
C00084,New,18-25,Unknown,Ameerpet,0,0.0
C00085,Returning,36-45,Male,Secunderabad,15,522.08
C00086,Returning,26-35,Male,Ameerpet,25,255.41
C00087,Returning,18-25,Male,Jubilee Hills,5,277.39
C00088,Returning,18-25,Female,Hitech City,5,457.14
C00089,Returning,26-35,Female,Begumpet,20,512.98
C00090,Returning,26-35,Male,Kondapur,20,692.03
C00091,New,26-35,Female,Manikonda,0,0.0
C00092,Returning,18-25,Male,Hitech City,39,376.25
C00093,Returning,18-25,Male,Kondapur,34,360.74
C00094,Returning,36-45,Female,Hitech City,3,331.95
C00095,Returning,26-35,Male,Banjara Hills,23,257.04
C00096,Returning,36-45,Female,Banjara Hills,33,256.05
C00097,New,26-35,Female,Begumpet,0,0.0
C00098,Returning,26-35,Male,Gachibowli,19,434.88
C00099,New,36-45,Female,Mehdipatnam,0,0.0
C00100,New,18-25,Female,Gachibowli,0,0.0
C00101,Returning,18-25,Female,Banjara Hills,20,386.57
C00102,Returning,26-35,Female,Ameerpet,34,393.18
C00103,Returning,26-35,Male,Hitech City,20,366.79
C00104,Returning,18-25,Female,Hitech City,3,459.16
C00105,Returning,56+,Female,Secunderabad,9,424.47
C00106,Returning,18-25,Female,Mehdipatnam,26,120.0
C00107,Returning,18-25,Female,Mehdipatnam,10,456.06
C00108,Returning,36-45,Male,Kondapur,34,435.68
C00109,Returning,18-25,Unknown,Kondapur,15,344.35
C00110,Returning,26-35,Female,Madhapur,11,443.81
C00111,Returning,26-35,Male,Mehdipatnam,14,333.55
C00112,Returning,26-35,Female,Banjara Hills,28,437.68
C00113,New,36-45,Unknown,Mehdipatnam,0,0.0
C00114,Returning,18-25,Female,Kukatpally,10,508.99
C00115,New,36-45,Male,Banjara Hills,0,0.0
C00116,Returning,18-25,Male,Hitech City,9,237.13
C00117,Returning,26-35,Female,Gachibowli,16,332.82
C00118,New,56+,Unknown,Ameerpet,0,0.0
C00119,Returning,36-45,Female,Madhapur,14,473.74
C00120,Returning,46-55,Female,Jubilee Hills,12,439.7
C00121,New,26-35,Male,Banjara Hills,0,0.0
C00122,Returning,18-25,Male,Kondapur,38,335.17
C00123,Returning,26-35,Female,Kondapur,39,442.66
C00124,Returning,36-45,Male,Banjara Hills,10,459.54
C00125,Returning,18-25,Female,Kukatpally,36,419.83
C00126,Returning,36-45,Female,Banjara Hills,17,315.9
C00127,New,26-35,Female,Jubilee Hills,0,0.0
C00128,Returning,46-55,Female,Mehdipatnam,19,358.66
C00129,New,26-35,Female,Banjara Hills,0,0.0
C00130,Returning,26-35,Male,Kukatpally,27,281.64
C00131,Returning,26-35,Female,Manikonda,17,318.48
C00132,Returning,26-35,Female,Ameerpet,38,230.25
C00133,Returning,56+,Male,Gachibowli,37,481.28
C00134,Returning,26-35,Unknown,Madhapur,24,519.32
C00135,Returning,36-45,Female,Secunderabad,25,534.21
C00136,Returning,26-35,Unknown,Ameerpet,34,322.22
C00137,Returning,18-25,Female,Mehdipatnam,35,325.52
C00138,Returning,26-35,Male,Manikonda,6,452.85
C00139,Returning,26-35,Male,Manikonda,5,361.64
C00140,Returning,26-35,Female,Jubilee Hills,26,381.36
C00141,Returning,26-35,Male,Hitech City,36,381.27
C00142,Returning,26-35,Unknown,Mehdipatnam,7,216.3
C00143,Returning,26-35,Unknown,Madhapur,33,582.25
C00144,Returning,18-25,Female,Kondapur,34,238.36
C00145,Returning,18-25,Female,Madhapur,23,220.65
C00146,Returning,26-35,Male,Madhapur,24,523.11
C00147,New,26-35,Unknown,Manikonda,0,0.0
C00148,Returning,46-55,Female,Kondapur,6,556.79
C00149,Returning,36-45,Male,Begumpet,10,464.05
C00150,Returning,26-35,Female,Madhapur,34,465.8
C00151,Returning,36-45,Male,Kukatpally,24,372.18
C00152,Returning,26-35,Male,Jubilee Hills,21,240.88
C00153,Returning,18-25,Male,Kondapur,27,269.79
C00154,Returning,36-45,Female,Banjara Hills,19,433.41
C00155,Returning,36-45,Female,Kondapur,37,406.66
C00156,Returning,36-45,Male,Jubilee Hills,4,267.07
C00157,Returning,46-55,Female,Ameerpet,27,275.49
C00158,Returning,36-45,Female,Banjara Hills,36,310.25
C00159,New,36-45,Male,Kukatpally,0,0.0
C00160,New,18-25,Male,Gachibowli,0,0.0
C00161,New,56+,Female,Banjara Hills,0,0.0
C00162,Returning,26-35,Male,Banjara Hills,34,373.08
C00163,Returning,26-35,Female,Secunderabad,15,601.86
C00164,New,26-35,Male,Secunderabad,0,0.0
C00165,Returning,26-35,Female,Ameerpet,38,607.33
C00166,Returning,26-35,Male,Mehdipatnam,27,309.21
C00167,Returning,46-55,Male,Jubilee Hills,37,493.55
C00168,Returning,26-35,Female,Secunderabad,15,557.91
C00169,Returning,56+,Female,Begumpet,25,195.91
C00170,Returning,18-25,Female,Manikonda,21,536.97
C00171,Returning,26-35,Male,Secunderabad,15,472.45
C00172,Returning,26-35,Male,Hitech City,25,536.44
C00173,Returning,18-25,Female,Secunderabad,18,441.95
C00174,New,36-45,Unknown,Mehdipatnam,0,0.0
C00175,New,26-35,Male,Begumpet,0,0.0
C00176,Returning,26-35,Female,Jubilee Hills,37,354.36
C00177,Returning,18-25,Male,Kukatpally,25,511.05
C00178,Returning,26-35,Female,Mehdipatnam,7,511.55
C00179,Returning,36-45,Male,Hitech City,3,250.28
C00180,New,46-55,Male,Jubilee Hills,0,0.0
C00181,Returning,46-55,Male,Banjara Hills,27,568.65
C00182,Returning,56+,Female,Begumpet,5,550.05
C00183,Returning,56+,Male,Begumpet,34,328.27
C00184,Returning,36-45,Female,Manikonda,1,579.45
C00185,Returning,26-35,Unknown,Kukatpally,13,485.5
C00186,New,26-35,Female,Jubilee Hills,0,0.0
C00187,New,18-25,Male,Hitech City,0,0.0
C00188,New,26-35,Male,Begumpet,0,0.0
C00189,Returning,26-35,Female,Manikonda,34,331.3
C00190,Returning,26-35,Male,Madhapur,31,342.97
C00191,New,36-45,Female,Madhapur,0,0.0
C00192,Returning,18-25,Female,Kukatpally,22,322.88
C00193,New,46-55,Female,Ameerpet,0,0.0
C00194,Returning,18-25,Female,Mehdipatnam,16,461.67
C00195,New,26-35,Male,Kukatpally,0,0.0
C00196,Returning,18-25,Male,Begumpet,31,161.68
C00197,New,18-25,Male,Banjara Hills,0,0.0
C00198,Returning,26-35,Male,Ameerpet,37,374.61
C00199,Returning,26-35,Male,Mehdipatnam,30,623.07
C00200,Returning,18-25,Unknown,Jubilee Hills,26,504.12
C00201,Returning,36-45,Male,Madhapur,17,294.33
C00202,Returning,26-35,Female,Ameerpet,26,281.4
C00203,Returning,46-55,Female,Gachibowli,16,362.74
C00204,New,26-35,Unknown,Ameerpet,0,0.0
C00205,Returning,26-35,Unknown,Begumpet,32,321.92
C00206,New,18-25,Female,Hitech City,0,0.0
C00207,Returning,46-55,Female,Kukatpally,37,243.13
C00208,Returning,18-25,Female,Begumpet,39,461.57
C00209,Returning,36-45,Male,Kondapur,7,570.06
C00210,New,26-35,Female,Hitech City,0,0.0
C00211,Returning,26-35,Female,Madhapur,1,416.44
C00212,Returning,18-25,Male,Ameerpet,2,452.01
C00213,New,26-35,Female,Jubilee Hills,0,0.0
C00214,Returning,18-25,Male,Hitech City,33,432.69
C00215,Returning,36-45,Male,Banjara Hills,31,411.76
C00216,Returning,36-45,Male,Ameerpet,7,455.71
C00217,Returning,18-25,Female,Jubilee Hills,30,433.87
C00218,Returning,26-35,Female,Begumpet,14,431.46
C00219,New,18-25,Male,Secunderabad,0,0.0
C00220,Returning,36-45,Female,Hitech City,21,549.08
C00221,Returning,18-25,Female,Begumpet,25,536.33
C00222,New,18-25,Male,Gachibowli,0,0.0
C00223,Returning,26-35,Female,Begumpet,35,358.91
C00224,Returning,56+,Female,Secunderabad,17,553.06
C00225,Returning,36-45,Female,Mehdipatnam,18,288.12
C00226,New,26-35,Female,Mehdipatnam,0,0.0
C00227,Returning,36-45,Male,Kukatpally,32,250.63
C00228,Returning,26-35,Female,Secunderabad,4,687.45
C00229,Returning,18-25,Male,Mehdipatnam,2,576.09
C00230,Returning,46-55,Female,Madhapur,24,351.08
C00231,Returning,18-25,Female,Madhapur,34,362.0
C00232,Returning,36-45,Male,Hitech City,18,163.28
C00233,Returning,56+,Male,Secunderabad,9,413.8
C00234,Returning,18-25,Unknown,Gachibowli,7,569.69
C00235,New,46-55,Female,Gachibowli,0,0.0
C00236,New,36-45,Male,Kukatpally,0,0.0
C00237,Returning,18-25,Male,Madhapur,38,677.52
C00238,New,26-35,Female,Gachibowli,0,0.0
C00239,Returning,26-35,Female,Mehdipatnam,15,471.89
C00240,Returning,26-35,Male,Mehdipatnam,2,382.71
C00241,Returning,26-35,Female,Mehdipatnam,34,493.29
C00242,Returning,26-35,Male,Manikonda,35,749.37
C00243,Returning,18-25,Female,Mehdipatnam,7,476.65
C00244,Returning,26-35,Male,Hitech City,16,210.5
C00245,New,26-35,Unknown,Banjara Hills,0,0.0
C00246,Returning,36-45,Male,Banjara Hills,4,660.56
C00247,New,36-45,Unknown,Begumpet,0,0.0
C00248,Returning,36-45,Male,Gachibowli,12,355.24
C00249,Returning,36-45,Male,Secunderabad,35,463.95
C00250,Returning,46-55,Male,Begumpet,10,234.68
C00251,Returning,26-35,Female,Kukatpally,7,500.44
C00252,Returning,26-35,Male,Kondapur,2,309.72
C00253,New,18-25,Female,Ameerpet,0,0.0
C00254,Returning,36-45,Female,Jubilee Hills,13,348.67
C00255,Returning,26-35,Female,Banjara Hills,12,330.06
C00256,Returning,18-25,Male,Jubilee Hills,7,633.15
C00257,New,26-35,Male,Kondapur,0,0.0
C00258,Returning,46-55,Male,Gachibowli,9,383.9
C00259,Returning,26-35,Female,Secunderabad,25,432.11
C00260,Returning,26-35,Female,Mehdipatnam,27,631.82
C00261,New,36-45,Male,Jubilee Hills,0,0.0
C00262,Returning,26-35,Female,Mehdipatnam,7,363.98
C00263,New,18-25,Male,Kukatpally,0,0.0
C00264,New,18-25,Male,Madhapur,0,0.0
C00265,New,56+,Male,Kondapur,0,0.0
C00266,New,18-25,Female,Hitech City,0,0.0
C00267,Returning,36-45,Female,Mehdipatnam,37,366.89
C00268,Returning,18-25,Male,Banjara Hills,12,305.45
C00269,Returning,26-35,Male,Kondapur,15,539.8
C00270,Returning,26-35,Male,Secunderabad,7,322.6
C00271,Returning,26-35,Male,Banjara Hills,18,354.29
C00272,New,18-25,Female,Jubilee Hills,0,0.0
C00273,Returning,26-35,Female,Kukatpally,27,281.42
C00274,Returning,36-45,Female,Banjara Hills,35,354.87
C00275,Returning,26-35,Female,Gachibowli,7,358.01
C00276,Returning,18-25,Male,Madhapur,33,229.08
C00277,New,36-45,Male,Manikonda,0,0.0
C00278,Returning,46-55,Male,Ameerpet,19,401.99
C00279,Returning,26-35,Male,Secunderabad,34,120.0
C00280,Returning,26-35,Female,Kondapur,31,492.33
C00281,Returning,18-25,Female,Secunderabad,22,384.35
C00282,Returning,18-25,Female,Begumpet,31,249.97
C00283,New,26-35,Female,Kondapur,0,0.0
C00284,Returning,18-25,Male,Banjara Hills,25,474.37
C00285,Returning,56+,Female,Gachibowli,6,418.02
C00286,New,36-45,Female,Secunderabad,0,0.0
C00287,Returning,26-35,Female,Secunderabad,2,420.07
C00288,Returning,26-35,Male,Gachibowli,15,500.33
C00289,Returning,18-25,Male,Manikonda,9,247.56
C00290,Returning,46-55,Female,Banjara Hills,30,344.45
C00291,New,26-35,Female,Gachibowli,0,0.0
C00292,New,36-45,Female,Manikonda,0,0.0
C00293,Returning,18-25,Male,Hitech City,17,284.76
C00294,Returning,26-35,Unknown,Manikonda,29,382.74
C00295,Returning,36-45,Male,Jubilee Hills,13,330.46
C00296,Returning,26-35,Unknown,Hitech City,29,420.81
C00297,Returning,18-25,Female,Kukatpally,39,209.66
C00298,Returning,26-35,Male,Hitech City,3,214.08
C00299,Returning,36-45,Unknown,Jubilee Hills,27,236.61
C00300,Returning,26-35,Female,Madhapur,33,401.06
C00301,Returning,56+,Male,Mehdipatnam,18,728.69
C00302,New,26-35,Male,Secunderabad,0,0.0
C00303,Returning,46-55,Female,Begumpet,7,571.69
C00304,Returning,18-25,Female,Secunderabad,17,419.12
C00305,Returning,36-45,Male,Kondapur,18,617.97
C00306,Returning,26-35,Unknown,Kondapur,24,462.48
C00307,Returning,26-35,Male,Begumpet,13,426.18
C00308,Returning,46-55,Unknown,Begumpet,33,554.18
C00309,New,18-25,Female,Banjara Hills,0,0.0
C00310,Returning,26-35,Female,Gachibowli,3,142.17
C00311,Returning,26-35,Male,Hitech City,6,267.81
C00312,Returning,56+,Female,Hitech City,27,594.5
C00313,Returning,36-45,Male,Ameerpet,7,530.52
C00314,Returning,18-25,Female,Gachibowli,14,441.19
C00315,Returning,18-25,Female,Secunderabad,29,387.64
C00316,Returning,18-25,Female,Jubilee Hills,2,395.9
C00317,Returning,18-25,Female,Begumpet,33,466.38
C00318,Returning,46-55,Male,Ameerpet,13,308.87
C00319,New,46-55,Male,Begumpet,0,0.0
C00320,Returning,36-45,Female,Mehdipatnam,25,295.02
C00321,Returning,26-35,Unknown,Ameerpet,18,586.67
C00322,New,26-35,Female,Kukatpally,0,0.0
C00323,Returning,26-35,Male,Mehdipatnam,24,301.05
C00324,Returning,36-45,Female,Manikonda,34,381.13
C00325,Returning,18-25,Female,Ameerpet,9,300.44
C00326,New,18-25,Female,Hitech City,0,0.0
C00327,New,26-35,Female,Madhapur,0,0.0
C00328,Returning,18-25,Female,Madhapur,10,355.13
C00329,New,46-55,Female,Mehdipatnam,0,0.0
C00330,New,18-25,Male,Banjara Hills,0,0.0
C00331,Returning,56+,Female,Kondapur,12,367.97
C00332,Returning,18-25,Male,Secunderabad,3,569.6
C00333,Returning,18-25,Male,Banjara Hills,6,203.76
C00334,New,26-35,Unknown,Manikonda,0,0.0
C00335,Returning,36-45,Unknown,Manikonda,28,355.69
C00336,New,56+,Male,Madhapur,0,0.0
C00337,Returning,26-35,Female,Hitech City,2,383.67
C00338,New,46-55,Female,Hitech City,0,0.0
C00339,Returning,46-55,Male,Secunderabad,25,416.29
C00340,New,56+,Male,Manikonda,0,0.0
C00341,Returning,26-35,Male,Hitech City,24,730.95
C00342,Returning,26-35,Male,Kondapur,33,421.63
C00343,Returning,18-25,Male,Hitech City,18,396.39
C00344,Returning,26-35,Female,Ameerpet,14,528.47
C00345,New,26-35,Unknown,Manikonda,0,0.0
C00346,Returning,18-25,Male,Banjara Hills,12,388.2
C00347,Returning,36-45,Male,Banjara Hills,32,525.62
C00348,Returning,26-35,Female,Begumpet,27,267.04
C00349,Returning,18-25,Male,Hitech City,2,359.39
C00350,Returning,18-25,Male,Banjara Hills,4,535.48
C00351,Returning,18-25,Male,Jubilee Hills,3,643.69
C00352,New,36-45,Female,Jubilee Hills,0,0.0
C00353,New,26-35,Female,Mehdipatnam,0,0.0
C00354,Returning,26-35,Female,Manikonda,37,554.13
C00355,New,26-35,Female,Madhapur,0,0.0
C00356,New,56+,Male,Hitech City,0,0.0
C00357,Returning,26-35,Male,Mehdipatnam,27,316.22
C00358,Returning,26-35,Male,Mehdipatnam,32,156.62
C00359,New,36-45,Female,Mehdipatnam,0,0.0
C00360,Returning,46-55,Female,Banjara Hills,17,365.06
C00361,Returning,46-55,Female,Kukatpally,31,531.47
C00362,Returning,46-55,Female,Madhapur,4,500.77
C00363,Returning,18-25,Male,Begumpet,21,576.46
C00364,Returning,46-55,Female,Begumpet,19,120.0
C00365,Returning,36-45,Male,Begumpet,19,397.95
C00366,Returning,26-35,Male,Manikonda,7,585.28
C00367,Returning,36-45,Male,Kukatpally,24,306.65
C00368,Returning,56+,Female,Mehdipatnam,4,251.73
C00369,Returning,36-45,Female,Banjara Hills,30,460.52
C00370,New,36-45,Male,Kondapur,0,0.0
C00371,New,36-45,Male,Hitech City,0,0.0
C00372,New,46-55,Male,Madhapur,0,0.0
C00373,Returning,36-45,Male,Banjara Hills,33,573.91
C00374,Returning,18-25,Female,Secunderabad,11,504.51
C00375,Returning,18-25,Male,Hitech City,1,449.17
C00376,Returning,18-25,Female,Ameerpet,14,369.07
C00377,New,26-35,Male,Jubilee Hills,0,0.0
C00378,Returning,18-25,Female,Kondapur,38,332.79
C00379,Returning,26-35,Female,Ameerpet,5,538.29
C00380,Returning,46-55,Male,Begumpet,33,562.64
C00381,New,56+,Female,Gachibowli,0,0.0
C00382,Returning,18-25,Male,Hitech City,28,255.22
C00383,Returning,36-45,Male,Hitech City,36,472.95
C00384,New,18-25,Female,Secunderabad,0,0.0
C00385,Returning,46-55,Male,Manikonda,5,527.71
C00386,Returning,18-25,Male,Mehdipatnam,30,219.88
C00387,Returning,18-25,Female,Secunderabad,29,341.13
C00388,Returning,26-35,Unknown,Jubilee Hills,28,407.43
C00389,Returning,18-25,Unknown,Gachibowli,6,594.12
C00390,Returning,36-45,Female,Kondapur,21,341.6
C00391,Returning,18-25,Male,Kondapur,23,530.74
C00392,Returning,36-45,Male,Madhapur,10,436.07
C00393,Returning,46-55,Male,Jubilee Hills,18,662.63
C00394,Returning,26-35,Male,Secunderabad,9,458.81
C00395,Returning,26-35,Male,Banjara Hills,26,213.01
C00396,New,56+,Female,Madhapur,0,0.0
C00397,Returning,26-35,Female,Hitech City,38,450.05
C00398,New,46-55,Unknown,Kondapur,0,0.0
C00399,Returning,36-45,Male,Kukatpally,22,501.79
C00400,Returning,18-25,Male,Mehdipatnam,35,381.86
C00401,Returning,26-35,Female,Ameerpet,1,256.95
C00402,Returning,36-45,Male,Ameerpet,19,421.88
C00403,New,18-25,Male,Banjara Hills,0,0.0
C00404,Returning,46-55,Unknown,Begumpet,27,586.85
C00405,New,46-55,Male,Hitech City,0,0.0
C00406,Returning,36-45,Female,Secunderabad,35,239.63
C00407,Returning,36-45,Male,Ameerpet,5,123.03
C00408,Returning,26-35,Unknown,Gachibowli,25,365.28
C00409,Returning,36-45,Female,Secunderabad,23,452.24
C00410,Returning,26-35,Male,Begumpet,7,294.45
C00411,Returning,26-35,Male,Begumpet,16,352.09
C00412,Returning,36-45,Female,Manikonda,13,568.99
C00413,Returning,26-35,Male,Ameerpet,29,511.66
C00414,Returning,26-35,Male,Madhapur,36,198.48
C00415,Returning,26-35,Female,Manikonda,23,462.17
C00416,Returning,26-35,Male,Mehdipatnam,2,438.25
C00417,Returning,26-35,Male,Banjara Hills,11,392.27
C00418,Returning,36-45,Female,Gachibowli,9,489.92
C00419,Returning,36-45,Female,Madhapur,14,492.59
C00420,New,36-45,Female,Kukatpally,0,0.0
C00421,Returning,46-55,Male,Madhapur,30,447.41
C00422,Returning,26-35,Unknown,Kukatpally,34,325.18
C00423,New,26-35,Female,Hitech City,0,0.0
C00424,Returning,36-45,Male,Kukatpally,32,509.7
C00425,New,18-25,Male,Kondapur,0,0.0
C00426,Returning,36-45,Female,Mehdipatnam,29,495.64
C00427,Returning,26-35,Female,Secunderabad,30,486.78
C00428,Returning,36-45,Unknown,Kondapur,28,452.5
C00429,Returning,36-45,Male,Ameerpet,13,361.71
C00430,Returning,36-45,Male,Manikonda,15,428.06
C00431,Returning,18-25,Female,Ameerpet,30,264.22
C00432,New,18-25,Male,Jubilee Hills,0,0.0
C00433,Returning,56+,Male,Kukatpally,18,478.95
C00434,Returning,46-55,Male,Gachibowli,25,441.92
C00435,Returning,26-35,Female,Madhapur,29,309.35
C00436,New,36-45,Male,Madhapur,0,0.0
C00437,Returning,18-25,Male,Secunderabad,23,345.76
C00438,Returning,26-35,Unknown,Banjara Hills,32,457.54
C00439,Returning,26-35,Male,Banjara Hills,16,382.28
C00440,New,36-45,Male,Madhapur,0,0.0
C00441,Returning,18-25,Male,Hitech City,24,537.47
C00442,Returning,18-25,Female,Madhapur,1,580.45
C00443,New,56+,Female,Mehdipatnam,0,0.0
C00444,Returning,46-55,Unknown,Manikonda,39,376.36
C00445,New,18-25,Female,Gachibowli,0,0.0
C00446,Returning,36-45,Female,Madhapur,7,578.03
C00447,Returning,36-45,Female,Banjara Hills,32,310.86
C00448,Returning,18-25,Female,Banjara Hills,23,590.89
C00449,Returning,36-45,Male,Kondapur,22,355.19
C00450,Returning,26-35,Female,Madhapur,3,549.98
C00451,Returning,26-35,Female,Hitech City,23,350.15
C00452,Returning,18-25,Male,Gachibowli,39,390.7
C00453,Returning,26-35,Female,Banjara Hills,31,435.05
C00454,Returning,26-35,Female,Hitech City,1,430.7
C00455,Returning,26-35,Female,Madhapur,3,400.62
C00456,Returning,18-25,Female,Jubilee Hills,27,504.34
C00457,Returning,36-45,Male,Manikonda,36,571.78
C00458,Returning,26-35,Male,Jubilee Hills,33,529.08
C00459,Returning,26-35,Male,Manikonda,3,358.08
C00460,Returning,36-45,Female,Gachibowli,12,183.56
C00461,Returning,18-25,Unknown,Banjara Hills,24,433.78
C00462,Returning,46-55,Male,Manikonda,1,120.0
C00463,Returning,36-45,Female,Secunderabad,18,505.22
C00464,Returning,36-45,Male,Jubilee Hills,2,498.6
C00465,Returning,26-35,Female,Madhapur,13,264.73
C00466,Returning,26-35,Unknown,Kondapur,3,493.69
C00467,Returning,26-35,Male,Gachibowli,24,335.31
C00468,Returning,26-35,Male,Kondapur,30,580.76
C00469,Returning,26-35,Male,Begumpet,8,322.1
C00470,Returning,36-45,Female,Ameerpet,21,313.47
C00471,New,26-35,Female,Mehdipatnam,0,0.0
C00472,Returning,36-45,Female,Manikonda,35,450.02
C00473,Returning,18-25,Male,Manikonda,6,287.46
C00474,Returning,26-35,Female,Mehdipatnam,25,706.72
C00475,Returning,18-25,Female,Hitech City,31,372.29
C00476,Returning,46-55,Female,Hitech City,24,642.67
C00477,Returning,18-25,Male,Secunderabad,20,383.34
C00478,Returning,26-35,Female,Ameerpet,8,379.33
C00479,Returning,36-45,Female,Mehdipatnam,33,329.37
C00480,New,18-25,Male,Ameerpet,0,0.0
C00481,Returning,56+,Female,Kukatpally,34,475.47
C00482,Returning,56+,Female,Kukatpally,39,572.23
C00483,Returning,18-25,Unknown,Ameerpet,25,433.37
C00484,Returning,18-25,Male,Kondapur,38,306.11
C00485,Returning,36-45,Female,Begumpet,13,446.79
C00486,Returning,26-35,Male,Begumpet,18,319.09
C00487,Returning,26-35,Male,Banjara Hills,27,120.0
C00488,Returning,26-35,Female,Hitech City,32,435.65
C00489,Returning,56+,Male,Jubilee Hills,28,197.43
C00490,Returning,36-45,Female,Ameerpet,29,339.16
C00491,Returning,26-35,Female,Mehdipatnam,7,426.47
C00492,Returning,36-45,Female,Begumpet,11,368.63
C00493,Returning,26-35,Female,Kondapur,2,386.29
C00494,Returning,56+,Female,Manikonda,8,616.7
C00495,Returning,26-35,Female,Banjara Hills,23,541.42
C00496,New,18-25,Unknown,Kondapur,0,0.0
C00497,Returning,46-55,Male,Ameerpet,8,446.84
C00498,Returning,26-35,Male,Ameerpet,38,448.57
C00499,Returning,36-45,Female,Manikonda,34,644.58
C00500,New,26-35,Female,Secunderabad,0,0.0
C00501,Returning,36-45,Male,Ameerpet,22,462.05
C00502,Returning,36-45,Unknown,Begumpet,14,436.71
C00503,Returning,46-55,Male,Gachibowli,23,457.03
C00504,Returning,36-45,Male,Madhapur,3,495.69
C00505,Returning,36-45,Female,Kukatpally,22,434.97
C00506,Returning,26-35,Male,Gachibowli,13,522.76
C00507,Returning,26-35,Female,Kukatpally,2,312.17
C00508,Returning,26-35,Male,Manikonda,3,482.77
C00509,New,26-35,Male,Ameerpet,0,0.0
C00510,Returning,26-35,Female,Manikonda,39,556.48
C00511,Returning,26-35,Female,Manikonda,12,544.08
C00512,Returning,26-35,Male,Kondapur,12,392.96
C00513,New,26-35,Female,Kukatpally,0,0.0
C00514,Returning,26-35,Female,Ameerpet,34,415.7
C00515,Returning,18-25,Male,Kukatpally,2,489.24
C00516,Returning,26-35,Male,Begumpet,10,227.11
C00517,New,18-25,Female,Hitech City,0,0.0
C00518,Returning,26-35,Female,Hitech City,38,537.93
C00519,Returning,18-25,Female,Begumpet,25,391.46
C00520,Returning,36-45,Female,Manikonda,20,255.67
C00521,Returning,26-35,Female,Kondapur,36,136.62
C00522,Returning,18-25,Male,Kondapur,33,362.19
C00523,Returning,36-45,Female,Mehdipatnam,38,195.86
C00524,Returning,26-35,Male,Kukatpally,24,434.13
C00525,Returning,36-45,Male,Begumpet,11,407.57
C00526,Returning,26-35,Male,Banjara Hills,30,650.69
C00527,New,26-35,Male,Hitech City,0,0.0
C00528,Returning,26-35,Male,Jubilee Hills,3,498.06
C00529,Returning,18-25,Male,Hitech City,35,265.65
C00530,Returning,56+,Unknown,Banjara Hills,4,286.47
C00531,Returning,18-25,Female,Mehdipatnam,28,390.79
C00532,New,46-55,Female,Begumpet,0,0.0
C00533,Returning,36-45,Female,Mehdipatnam,8,647.44
C00534,Returning,36-45,Male,Kukatpally,35,409.9
C00535,Returning,18-25,Male,Jubilee Hills,25,321.45
C00536,New,46-55,Female,Kondapur,0,0.0
C00537,New,26-35,Female,Jubilee Hills,0,0.0
C00538,Returning,26-35,Male,Secunderabad,28,368.93
C00539,Returning,18-25,Male,Kukatpally,32,389.51
C00540,Returning,18-25,Male,Gachibowli,24,317.61
C00541,Returning,46-55,Female,Banjara Hills,12,492.17
C00542,Returning,56+,Male,Gachibowli,2,566.52
C00543,Returning,26-35,Female,Begumpet,20,252.52
C00544,Returning,36-45,Female,Jubilee Hills,37,353.9
C00545,Returning,36-45,Female,Kondapur,13,367.48
C00546,Returning,26-35,Female,Jubilee Hills,26,238.2
C00547,Returning,26-35,Female,Ameerpet,27,248.33
C00548,Returning,26-35,Male,Ameerpet,25,367.73
C00549,Returning,26-35,Female,Kukatpally,16,300.64
C00550,New,36-45,Male,Ameerpet,0,0.0
C00551,Returning,26-35,Female,Secunderabad,15,517.64
C00552,Returning,26-35,Male,Secunderabad,10,437.57
C00553,New,18-25,Male,Manikonda,0,0.0
C00554,New,56+,Unknown,Secunderabad,0,0.0
C00555,New,18-25,Male,Manikonda,0,0.0
C00556,Returning,36-45,Male,Secunderabad,27,462.82
C00557,Returning,36-45,Male,Secunderabad,11,485.8
C00558,New,26-35,Unknown,Banjara Hills,0,0.0
C00559,New,56+,Male,Gachibowli,0,0.0
C00560,New,18-25,Male,Manikonda,0,0.0
C00561,Returning,26-35,Unknown,Secunderabad,2,266.59
C00562,New,26-35,Female,Banjara Hills,0,0.0
C00563,Returning,36-45,Male,Begumpet,16,359.94
C00564,New,26-35,Male,Jubilee Hills,0,0.0
C00565,Returning,36-45,Unknown,Hitech City,28,518.96
C00566,Returning,46-55,Male,Mehdipatnam,25,461.39
C00567,New,18-25,Female,Mehdipatnam,0,0.0
C00568,Returning,26-35,Male,Banjara Hills,7,353.81
C00569,Returning,26-35,Male,Begumpet,15,599.64
C00570,Returning,36-45,Unknown,Secunderabad,36,473.38
C00571,Returning,26-35,Unknown,Kondapur,24,535.93
C00572,New,26-35,Male,Begumpet,0,0.0
C00573,Returning,18-25,Female,Kukatpally,3,373.99
C00574,Returning,26-35,Male,Kondapur,9,574.26
C00575,Returning,26-35,Female,Ameerpet,12,409.87
C00576,New,26-35,Female,Mehdipatnam,0,0.0
C00577,Returning,26-35,Male,Ameerpet,12,600.25
C00578,Returning,36-45,Female,Kukatpally,23,558.36
C00579,Returning,26-35,Male,Banjara Hills,35,442.11
C00580,New,46-55,Male,Hitech City,0,0.0
C00581,Returning,26-35,Female,Jubilee Hills,13,226.94
C00582,Returning,26-35,Male,Ameerpet,32,405.31
C00583,New,26-35,Male,Gachibowli,0,0.0
C00584,Returning,46-55,Male,Ameerpet,26,598.22
C00585,New,26-35,Female,Hitech City,0,0.0
C00586,Returning,56+,Male,Gachibowli,5,353.72
C00587,Returning,18-25,Female,Ameerpet,13,432.1
C00588,Returning,56+,Male,Mehdipatnam,10,531.44
C00589,Returning,18-25,Female,Banjara Hills,16,479.36
C00590,Returning,46-55,Male,Jubilee Hills,32,447.41
C00591,Returning,18-25,Male,Begumpet,2,538.93
C00592,Returning,46-55,Male,Manikonda,32,657.57
C00593,Returning,36-45,Female,Madhapur,29,429.62
C00594,Returning,36-45,Male,Mehdipatnam,3,276.6
C00595,Returning,26-35,Male,Mehdipatnam,7,401.13
C00596,Returning,26-35,Unknown,Jubilee Hills,21,410.03
C00597,New,18-25,Male,Begumpet,0,0.0
C00598,Returning,18-25,Male,Secunderabad,28,502.14
C00599,Returning,36-45,Male,Jubilee Hills,8,506.33
C00600,Returning,26-35,Female,Madhapur,13,527.99
C00601,Returning,18-25,Unknown,Banjara Hills,22,474.59
C00602,Returning,18-25,Male,Mehdipatnam,3,447.68
C00603,Returning,18-25,Female,Kukatpally,23,287.58
C00604,New,18-25,Male,Manikonda,0,0.0
C00605,New,26-35,Unknown,Secunderabad,0,0.0
C00606,New,46-55,Male,Hitech City,0,0.0
C00607,Returning,26-35,Female,Jubilee Hills,11,400.48
C00608,Returning,36-45,Male,Hitech City,29,410.28
C00609,Returning,18-25,Female,Mehdipatnam,6,480.62
C00610,Returning,36-45,Female,Secunderabad,9,378.73
C00611,Returning,46-55,Male,Gachibowli,28,547.87
C00612,Returning,56+,Male,Begumpet,33,545.33
C00613,Returning,36-45,Male,Mehdipatnam,31,298.09
C00614,Returning,26-35,Female,Hitech City,27,577.93
C00615,New,56+,Unknown,Kukatpally,0,0.0
C00616,Returning,18-25,Female,Ameerpet,12,325.32
C00617,Returning,36-45,Male,Kukatpally,1,376.2
C00618,New,36-45,Male,Madhapur,0,0.0
C00619,Returning,36-45,Female,Manikonda,20,457.39
C00620,Returning,26-35,Male,Ameerpet,7,564.74
C00621,New,18-25,Male,Madhapur,0,0.0
C00622,Returning,18-25,Unknown,Gachibowli,16,468.07
C00623,Returning,36-45,Male,Kondapur,7,487.49
C00624,Returning,26-35,Female,Ameerpet,15,496.92
C00625,Returning,46-55,Male,Jubilee Hills,3,495.05
C00626,New,18-25,Unknown,Jubilee Hills,0,0.0
C00627,Returning,36-45,Male,Begumpet,12,357.56
C00628,New,26-35,Unknown,Manikonda,0,0.0
C00629,Returning,26-35,Female,Madhapur,8,456.54
C00630,New,26-35,Female,Hitech City,0,0.0
C00631,Returning,26-35,Female,Hitech City,27,453.86
C00632,Returning,26-35,Male,Begumpet,20,383.01
C00633,New,18-25,Male,Mehdipatnam,0,0.0
C00634,Returning,18-25,Unknown,Kukatpally,38,490.62
C00635,Returning,56+,Male,Madhapur,21,543.98
C00636,Returning,26-35,Female,Hitech City,27,178.75
C00637,Returning,36-45,Female,Manikonda,35,257.0
C00638,Returning,36-45,Male,Jubilee Hills,38,213.22
C00639,Returning,26-35,Male,Gachibowli,15,349.47
C00640,Returning,46-55,Male,Mehdipatnam,33,332.31
C00641,Returning,26-35,Male,Secunderabad,25,439.67
C00642,Returning,18-25,Male,Banjara Hills,25,377.44
C00643,Returning,18-25,Male,Kukatpally,20,579.79
C00644,Returning,26-35,Female,Manikonda,28,338.78
C00645,Returning,18-25,Unknown,Banjara Hills,12,327.09
C00646,Returning,36-45,Male,Ameerpet,31,313.18
C00647,Returning,26-35,Male,Gachibowli,17,377.79
C00648,Returning,18-25,Male,Kukatpally,30,434.89
C00649,New,46-55,Male,Manikonda,0,0.0
C00650,Returning,36-45,Male,Ameerpet,35,300.38
C00651,Returning,26-35,Male,Hitech City,38,245.92
C00652,New,46-55,Female,Gachibowli,0,0.0
C00653,Returning,26-35,Female,Secunderabad,17,346.7
C00654,Returning,18-25,Female,Kondapur,15,292.83
C00655,Returning,36-45,Female,Kondapur,30,381.01
C00656,Returning,56+,Female,Jubilee Hills,10,455.45
C00657,Returning,18-25,Unknown,Madhapur,2,667.63
C00658,Returning,26-35,Male,Hitech City,36,615.38
C00659,Returning,18-25,Male,Hitech City,26,304.3
C00660,New,46-55,Male,Gachibowli,0,0.0
C00661,New,18-25,Female,Kukatpally,0,0.0
C00662,Returning,36-45,Female,Mehdipatnam,18,171.53
C00663,New,18-25,Female,Begumpet,0,0.0
C00664,New,36-45,Male,Manikonda,0,0.0
C00665,Returning,36-45,Female,Kondapur,22,395.09
C00666,New,36-45,Male,Manikonda,0,0.0
C00667,Returning,18-25,Female,Secunderabad,8,330.61
C00668,Returning,26-35,Female,Hitech City,39,351.47
C00669,Returning,18-25,Male,Secunderabad,35,331.77
C00670,Returning,18-25,Female,Secunderabad,27,594.93
C00671,Returning,18-25,Female,Gachibowli,32,174.84
C00672,New,18-25,Female,Gachibowli,0,0.0
C00673,New,46-55,Male,Begumpet,0,0.0
C00674,Returning,26-35,Female,Kondapur,25,472.85
C00675,Returning,26-35,Male,Ameerpet,32,144.2
C00676,Returning,26-35,Male,Secunderabad,21,436.38
C00677,New,18-25,Male,Kondapur,0,0.0
C00678,Returning,18-25,Unknown,Begumpet,30,341.88
C00679,Returning,36-45,Male,Manikonda,31,216.74
C00680,Returning,36-45,Male,Ameerpet,35,508.78
C00681,New,26-35,Unknown,Gachibowli,0,0.0
C00682,Returning,56+,Male,Manikonda,33,538.75
C00683,Returning,56+,Female,Gachibowli,12,376.61
C00684,Returning,36-45,Female,Kondapur,14,196.4
C00685,New,26-35,Female,Jubilee Hills,0,0.0
C00686,Returning,36-45,Male,Gachibowli,20,561.88
C00687,Returning,26-35,Female,Mehdipatnam,25,277.46
C00688,Returning,46-55,Male,Madhapur,37,530.3
C00689,Returning,26-35,Male,Kondapur,32,191.76
C00690,Returning,56+,Female,Mehdipatnam,20,255.71
C00691,Returning,18-25,Female,Manikonda,30,431.77
C00692,New,36-45,Unknown,Hitech City,0,0.0
C00693,Returning,26-35,Female,Mehdipatnam,32,507.5
C00694,New,36-45,Unknown,Hitech City,0,0.0
C00695,New,26-35,Male,Gachibowli,0,0.0
C00696,Returning,36-45,Male,Secunderabad,33,475.32
C00697,Returning,36-45,Male,Manikonda,9,612.73
C00698,Returning,36-45,Female,Gachibowli,3,478.86
C00699,Returning,56+,Female,Manikonda,2,576.93
C00700,Returning,18-25,Female,Jubilee Hills,1,592.82
C00701,Returning,46-55,Male,Mehdipatnam,23,285.67
C00702,Returning,26-35,Male,Mehdipatnam,4,686.87
C00703,Returning,36-45,Male,Jubilee Hills,37,562.65
C00704,Returning,36-45,Male,Kondapur,18,435.5
C00705,Returning,26-35,Male,Ameerpet,1,518.92
C00706,New,26-35,Female,Kondapur,0,0.0
C00707,Returning,56+,Male,Manikonda,32,445.89
C00708,Returning,26-35,Unknown,Jubilee Hills,38,293.97
C00709,New,46-55,Female,Banjara Hills,0,0.0
C00710,Returning,18-25,Male,Hitech City,39,376.57
C00711,Returning,26-35,Male,Hitech City,12,552.51
C00712,New,36-45,Male,Kondapur,0,0.0
C00713,Returning,26-35,Female,Gachibowli,34,468.64
C00714,Returning,18-25,Male,Mehdipatnam,33,404.2
C00715,Returning,36-45,Female,Manikonda,22,574.61
C00716,Returning,36-45,Male,Jubilee Hills,20,120.0
C00717,Returning,26-35,Male,Mehdipatnam,24,305.92
C00718,Returning,18-25,Female,Ameerpet,33,536.22
C00719,Returning,36-45,Female,Madhapur,22,367.47
C00720,Returning,36-45,Male,Secunderabad,15,498.2
C00721,New,36-45,Male,Kondapur,0,0.0
C00722,Returning,36-45,Male,Begumpet,31,517.86
C00723,Returning,26-35,Male,Kondapur,38,236.58
C00724,New,36-45,Female,Ameerpet,0,0.0
C00725,Returning,26-35,Female,Jubilee Hills,11,276.38
C00726,New,26-35,Female,Secunderabad,0,0.0
C00727,Returning,26-35,Female,Banjara Hills,8,547.11
C00728,Returning,36-45,Female,Ameerpet,13,389.25
C00729,New,56+,Female,Banjara Hills,0,0.0
C00730,Returning,26-35,Male,Jubilee Hills,10,394.13
C00731,New,26-35,Female,Kukatpally,0,0.0
C00732,Returning,36-45,Male,Kondapur,12,435.38
C00733,Returning,36-45,Female,Kukatpally,23,447.6
C00734,New,26-35,Male,Kukatpally,0,0.0
C00735,New,36-45,Female,Gachibowli,0,0.0
C00736,Returning,36-45,Female,Madhapur,20,505.16
C00737,Returning,36-45,Male,Begumpet,35,415.84
C00738,Returning,18-25,Female,Secunderabad,21,426.23
C00739,Returning,36-45,Female,Gachibowli,15,482.38
C00740,New,26-35,Female,Madhapur,0,0.0
C00741,Returning,46-55,Male,Gachibowli,17,373.2
C00742,Returning,26-35,Male,Ameerpet,33,348.22
C00743,Returning,36-45,Female,Kondapur,35,390.52
C00744,New,36-45,Male,Manikonda,0,0.0
C00745,Returning,18-25,Male,Mehdipatnam,29,364.5
C00746,Returning,18-25,Female,Hitech City,27,286.25
C00747,Returning,36-45,Male,Secunderabad,20,378.49
C00748,New,18-25,Male,Ameerpet,0,0.0
C00749,Returning,46-55,Male,Secunderabad,27,494.74
C00750,New,36-45,Male,Kukatpally,0,0.0
C00751,Returning,26-35,Male,Banjara Hills,27,369.46
C00752,Returning,36-45,Female,Gachibowli,18,651.35
C00753,Returning,18-25,Male,Mehdipatnam,9,475.16
C00754,New,36-45,Unknown,Banjara Hills,0,0.0
C00755,New,46-55,Male,Manikonda,0,0.0
C00756,Returning,18-25,Male,Mehdipatnam,13,374.92
C00757,New,46-55,Female,Secunderabad,0,0.0
C00758,New,26-35,Male,Gachibowli,0,0.0
C00759,New,26-35,Female,Mehdipatnam,0,0.0
C00760,Returning,46-55,Female,Manikonda,22,412.06
C00761,Returning,36-45,Female,Ameerpet,29,489.52
C00762,Returning,26-35,Unknown,Begumpet,3,512.32
C00763,Returning,56+,Male,Manikonda,20,355.19
C00764,New,18-25,Unknown,Secunderabad,0,0.0
C00765,Returning,36-45,Male,Gachibowli,10,409.83
C00766,Returning,26-35,Female,Manikonda,17,569.79
C00767,Returning,46-55,Male,Hitech City,33,198.95
C00768,Returning,18-25,Female,Gachibowli,1,521.47
C00769,Returning,26-35,Female,Mehdipatnam,39,457.3
C00770,Returning,26-35,Female,Ameerpet,11,589.09
C00771,Returning,18-25,Male,Banjara Hills,18,282.18
C00772,Returning,36-45,Male,Ameerpet,38,562.6
C00773,Returning,46-55,Female,Kondapur,14,313.5
C00774,Returning,46-55,Female,Kondapur,23,457.49
C00775,Returning,18-25,Male,Banjara Hills,10,372.11
C00776,New,26-35,Female,Kondapur,0,0.0
C00777,Returning,56+,Male,Jubilee Hills,4,413.38
C00778,Returning,18-25,Unknown,Banjara Hills,23,469.0
C00779,Returning,36-45,Unknown,Kukatpally,3,527.02
C00780,New,26-35,Male,Mehdipatnam,0,0.0
C00781,Returning,46-55,Female,Kondapur,15,276.75
C00782,Returning,26-35,Female,Ameerpet,6,507.98
C00783,New,46-55,Male,Hitech City,0,0.0
C00784,Returning,18-25,Female,Manikonda,16,549.8
C00785,Returning,26-35,Female,Begumpet,31,596.58
C00786,New,26-35,Female,Begumpet,0,0.0
C00787,Returning,18-25,Male,Ameerpet,38,399.85
C00788,New,26-35,Female,Begumpet,0,0.0
C00789,New,36-45,Male,Kukatpally,0,0.0
C00790,Returning,26-35,Male,Kukatpally,33,420.21
C00791,Returning,26-35,Male,Hitech City,35,510.78
C00792,New,26-35,Unknown,Hitech City,0,0.0
C00793,Returning,26-35,Male,Mehdipatnam,13,418.54
C00794,Returning,26-35,Male,Kondapur,6,649.48
C00795,New,46-55,Male,Ameerpet,0,0.0
C00796,Returning,46-55,Female,Jubilee Hills,6,418.35
C00797,Returning,26-35,Female,Kukatpally,12,354.18
C00798,Returning,26-35,Female,Ameerpet,24,366.84
C00799,Returning,26-35,Female,Jubilee Hills,22,387.15
C00800,Returning,26-35,Male,Begumpet,3,336.37
C00801,Returning,18-25,Male,Secunderabad,21,369.55
C00802,New,56+,Female,Jubilee Hills,0,0.0
C00803,Returning,26-35,Male,Gachibowli,15,435.15
C00804,Returning,18-25,Female,Hitech City,32,292.51
C00805,Returning,26-35,Female,Manikonda,6,484.2
C00806,Returning,46-55,Female,Ameerpet,30,320.69
C00807,Returning,26-35,Unknown,Secunderabad,21,477.95
C00808,Returning,26-35,Male,Jubilee Hills,27,430.61
C00809,Returning,56+,Female,Banjara Hills,28,184.54
C00810,Returning,36-45,Female,Gachibowli,1,293.75
C00811,Returning,26-35,Male,Jubilee Hills,22,539.06
C00812,Returning,18-25,Male,Manikonda,17,342.3
C00813,Returning,26-35,Male,Kukatpally,26,340.7
C00814,Returning,26-35,Female,Banjara Hills,10,368.13
C00815,Returning,46-55,Female,Jubilee Hills,17,435.79
C00816,Returning,26-35,Male,Begumpet,21,492.98
C00817,Returning,46-55,Female,Ameerpet,8,385.48
C00818,Returning,56+,Female,Kondapur,6,630.57
C00819,Returning,46-55,Male,Hitech City,34,351.47
C00820,Returning,26-35,Male,Jubilee Hills,6,364.48
C00821,New,26-35,Female,Banjara Hills,0,0.0
C00822,New,26-35,Female,Kukatpally,0,0.0
C00823,Returning,36-45,Female,Hitech City,34,602.79
C00824,Returning,46-55,Male,Gachibowli,35,712.5
C00825,Returning,36-45,Male,Banjara Hills,2,380.0
C00826,Returning,26-35,Unknown,Manikonda,4,401.22
C00827,Returning,36-45,Female,Kukatpally,5,500.53
C00828,Returning,26-35,Male,Ameerpet,33,407.22
C00829,Returning,36-45,Male,Hitech City,17,528.74
C00830,Returning,18-25,Female,Gachibowli,3,290.68
C00831,Returning,46-55,Male,Madhapur,34,527.8
C00832,Returning,36-45,Male,Jubilee Hills,14,151.82
C00833,Returning,18-25,Female,Madhapur,4,487.28
C00834,Returning,26-35,Male,Gachibowli,39,505.05
C00835,New,26-35,Unknown,Banjara Hills,0,0.0
C00836,New,26-35,Male,Kondapur,0,0.0
C00837,Returning,46-55,Female,Jubilee Hills,31,508.24
C00838,Returning,56+,Male,Kondapur,19,502.56
C00839,Returning,26-35,Male,Ameerpet,27,305.04
C00840,Returning,18-25,Female,Ameerpet,28,453.92
C00841,New,56+,Female,Secunderabad,0,0.0
C00842,Returning,56+,Male,Mehdipatnam,15,277.23
C00843,Returning,18-25,Female,Madhapur,11,234.28
C00844,Returning,36-45,Female,Madhapur,34,394.49
C00845,Returning,36-45,Female,Madhapur,28,290.83
C00846,Returning,36-45,Male,Mehdipatnam,13,163.58
C00847,Returning,36-45,Female,Manikonda,2,457.08
C00848,New,18-25,Female,Banjara Hills,0,0.0
C00849,Returning,26-35,Male,Ameerpet,26,507.6
C00850,New,26-35,Female,Kukatpally,0,0.0
C00851,Returning,36-45,Female,Kondapur,24,318.31
C00852,New,18-25,Male,Manikonda,0,0.0
C00853,Returning,26-35,Male,Kukatpally,35,307.56
C00854,New,18-25,Male,Jubilee Hills,0,0.0
C00855,Returning,18-25,Male,Secunderabad,16,373.39
C00856,Returning,26-35,Male,Gachibowli,36,374.83
C00857,Returning,18-25,Female,Gachibowli,25,729.25
C00858,Returning,26-35,Male,Begumpet,6,159.07
C00859,Returning,18-25,Female,Begumpet,25,346.62
C00860,New,36-45,Female,Kukatpally,0,0.0
C00861,Returning,18-25,Male,Kondapur,20,549.1
C00862,Returning,36-45,Male,Gachibowli,37,588.3
C00863,Returning,36-45,Male,Mehdipatnam,32,297.51
C00864,Returning,18-25,Female,Mehdipatnam,30,521.12
C00865,Returning,26-35,Male,Hitech City,33,120.0
C00866,New,26-35,Male,Ameerpet,0,0.0
C00867,New,26-35,Female,Banjara Hills,0,0.0
C00868,Returning,36-45,Female,Begumpet,6,509.45
C00869,New,18-25,Male,Hitech City,0,0.0
C00870,New,18-25,Female,Begumpet,0,0.0
C00871,Returning,36-45,Male,Begumpet,22,149.15
C00872,New,18-25,Unknown,Kondapur,0,0.0
C00873,New,46-55,Male,Kondapur,0,0.0
C00874,Returning,26-35,Female,Banjara Hills,30,454.27
C00875,Returning,18-25,Male,Kondapur,31,324.45
C00876,New,36-45,Male,Ameerpet,0,0.0
C00877,Returning,26-35,Male,Madhapur,1,405.7
C00878,New,56+,Male,Jubilee Hills,0,0.0
C00879,Returning,46-55,Male,Secunderabad,3,641.94
C00880,Returning,46-55,Female,Jubilee Hills,2,566.8
C00881,Returning,46-55,Female,Ameerpet,17,252.99
C00882,Returning,18-25,Female,Secunderabad,27,594.04
C00883,New,18-25,Unknown,Hitech City,0,0.0
C00884,Returning,26-35,Male,Ameerpet,4,587.05
C00885,New,26-35,Female,Hitech City,0,0.0
C00886,New,26-35,Unknown,Banjara Hills,0,0.0
C00887,New,26-35,Female,Kukatpally,0,0.0
C00888,New,36-45,Female,Ameerpet,0,0.0
C00889,Returning,36-45,Female,Ameerpet,14,242.8
C00890,New,46-55,Male,Ameerpet,0,0.0
C00891,New,36-45,Female,Kondapur,0,0.0
C00892,Returning,46-55,Male,Kukatpally,28,424.7
C00893,Returning,18-25,Female,Banjara Hills,38,446.95
C00894,Returning,18-25,Male,Ameerpet,14,512.84
C00895,New,26-35,Female,Mehdipatnam,0,0.0
C00896,Returning,46-55,Female,Ameerpet,21,559.14
C00897,Returning,26-35,Female,Begumpet,4,447.36
C00898,Returning,18-25,Female,Manikonda,22,297.81
C00899,Returning,18-25,Female,Banjara Hills,27,346.77
C00900,New,18-25,Unknown,Jubilee Hills,0,0.0
C00901,Returning,46-55,Male,Madhapur,12,496.15
C00902,Returning,26-35,Male,Jubilee Hills,17,599.48
C00903,Returning,46-55,Female,Kondapur,29,380.24
C00904,Returning,46-55,Male,Gachibowli,31,390.96
C00905,Returning,36-45,Female,Kondapur,27,647.28
C00906,Returning,46-55,Female,Hitech City,34,824.0
C00907,New,26-35,Unknown,Secunderabad,0,0.0
C00908,Returning,18-25,Female,Kondapur,34,443.64
C00909,New,26-35,Female,Begumpet,0,0.0
C00910,New,18-25,Male,Jubilee Hills,0,0.0
C00911,Returning,46-55,Male,Kukatpally,15,457.76
C00912,Returning,18-25,Female,Hitech City,35,318.76
C00913,Returning,36-45,Male,Mehdipatnam,19,591.57
C00914,Returning,26-35,Female,Madhapur,6,741.12
C00915,New,26-35,Unknown,Kondapur,0,0.0
C00916,New,26-35,Female,Manikonda,0,0.0
C00917,Returning,36-45,Female,Secunderabad,29,354.77
C00918,Returning,18-25,Male,Begumpet,2,258.72
C00919,Returning,26-35,Male,Banjara Hills,16,522.46
C00920,Returning,18-25,Unknown,Gachibowli,36,236.43
C00921,Returning,26-35,Male,Kondapur,1,503.9
C00922,Returning,36-45,Unknown,Jubilee Hills,31,469.56
C00923,Returning,56+,Female,Begumpet,12,514.21
C00924,New,18-25,Unknown,Madhapur,0,0.0
C00925,Returning,46-55,Male,Kondapur,27,437.85
C00926,New,36-45,Female,Jubilee Hills,0,0.0
C00927,Returning,18-25,Female,Ameerpet,25,531.88
C00928,Returning,18-25,Female,Mehdipatnam,38,467.09
C00929,Returning,46-55,Male,Banjara Hills,8,345.19
C00930,Returning,18-25,Male,Kukatpally,7,564.67
C00931,Returning,46-55,Unknown,Secunderabad,15,595.75
C00932,Returning,26-35,Male,Secunderabad,26,591.55
C00933,Returning,56+,Female,Secunderabad,20,324.39
C00934,Returning,26-35,Unknown,Ameerpet,1,486.6
C00935,New,18-25,Male,Secunderabad,0,0.0
C00936,New,26-35,Male,Kukatpally,0,0.0
C00937,Returning,26-35,Male,Secunderabad,24,515.49
C00938,Returning,18-25,Male,Manikonda,3,236.47
C00939,New,36-45,Female,Madhapur,0,0.0
C00940,Returning,46-55,Female,Manikonda,27,575.75
C00941,Returning,56+,Female,Secunderabad,17,321.4
C00942,Returning,36-45,Male,Ameerpet,2,346.75
C00943,Returning,26-35,Male,Hitech City,28,409.84
C00944,Returning,18-25,Male,Jubilee Hills,16,401.36
C00945,New,56+,Male,Kukatpally,0,0.0
C00946,New,36-45,Male,Banjara Hills,0,0.0
C00947,Returning,36-45,Male,Mehdipatnam,28,221.81
C00948,Returning,36-45,Female,Manikonda,12,340.38
C00949,Returning,46-55,Male,Kondapur,5,648.4
C00950,Returning,26-35,Male,Banjara Hills,38,411.19
C00951,Returning,18-25,Male,Secunderabad,3,369.79
C00952,New,56+,Female,Manikonda,0,0.0
C00953,Returning,18-25,Male,Jubilee Hills,12,460.13
C00954,New,26-35,Male,Banjara Hills,0,0.0
C00955,Returning,26-35,Male,Secunderabad,19,346.29
C00956,New,18-25,Male,Hitech City,0,0.0
C00957,Returning,26-35,Male,Ameerpet,13,377.21
C00958,Returning,46-55,Male,Kondapur,7,531.58
C00959,Returning,36-45,Male,Begumpet,14,501.74
C00960,New,26-35,Female,Madhapur,0,0.0
C00961,Returning,18-25,Male,Banjara Hills,10,546.97
C00962,Returning,26-35,Unknown,Ameerpet,37,417.24
C00963,New,18-25,Female,Gachibowli,0,0.0
C00964,Returning,26-35,Female,Madhapur,37,380.84
C00965,New,26-35,Female,Gachibowli,0,0.0
C00966,Returning,26-35,Male,Gachibowli,22,615.82
C00967,Returning,26-35,Male,Banjara Hills,12,362.33
C00968,Returning,36-45,Unknown,Ameerpet,9,125.31
C00969,Returning,26-35,Female,Begumpet,12,468.56
C00970,Returning,46-55,Female,Manikonda,20,523.99
C00971,New,26-35,Female,Secunderabad,0,0.0
C00972,Returning,18-25,Female,Ameerpet,12,511.41
C00973,Returning,26-35,Male,Gachibowli,5,249.62
C00974,Returning,46-55,Male,Madhapur,13,450.79
C00975,Returning,26-35,Male,Mehdipatnam,35,398.79
C00976,Returning,36-45,Female,Kukatpally,13,459.61
C00977,Returning,36-45,Female,Hitech City,33,473.72
C00978,Returning,26-35,Male,Kukatpally,8,332.81
C00979,Returning,18-25,Female,Kondapur,8,523.11
C00980,Returning,18-25,Male,Kondapur,2,354.98
C00981,Returning,26-35,Female,Begumpet,21,434.65
C00982,Returning,36-45,Male,Ameerpet,30,602.08
C00983,Returning,26-35,Male,Kondapur,20,300.77
C00984,New,56+,Female,Kukatpally,0,0.0
C00985,Returning,18-25,Female,Ameerpet,37,625.28
C00986,Returning,36-45,Female,Hitech City,23,581.49
C00987,Returning,18-25,Unknown,Madhapur,32,331.71
C00988,Returning,56+,Male,Secunderabad,15,339.53
C00989,New,18-25,Male,Secunderabad,0,0.0
C00990,Returning,46-55,Unknown,Mehdipatnam,26,335.01
C00991,Returning,26-35,Unknown,Hitech City,39,428.8
C00992,New,26-35,Female,Mehdipatnam,0,0.0
C00993,Returning,18-25,Male,Manikonda,18,501.12
C00994,Returning,18-25,Female,Begumpet,19,212.26
C00995,Returning,26-35,Male,Hitech City,7,436.5
C00996,Returning,46-55,Male,Ameerpet,31,509.66
C00997,Returning,56+,Female,Banjara Hills,24,332.95
C00998,New,18-25,Male,Madhapur,0,0.0
C00999,Returning,26-35,Male,Manikonda,1,255.19
C01000,New,18-25,Female,Kukatpally,0,0.0
C01001,Returning,18-25,Female,Manikonda,20,650.38
C01002,Returning,26-35,Male,Banjara Hills,23,170.51
C01003,Returning,26-35,Female,Kondapur,27,252.76
C01004,Returning,46-55,Unknown,Secunderabad,35,461.54
C01005,New,46-55,Male,Secunderabad,0,0.0
C01006,Returning,18-25,Male,Kondapur,34,552.11
C01007,Returning,36-45,Female,Ameerpet,21,589.31
C01008,New,36-45,Female,Secunderabad,0,0.0
C01009,New,36-45,Female,Kukatpally,0,0.0
C01010,Returning,26-35,Male,Banjara Hills,13,346.3
C01011,Returning,26-35,Female,Banjara Hills,39,395.48
C01012,New,26-35,Female,Kondapur,0,0.0
C01013,New,26-35,Female,Kukatpally,0,0.0
C01014,Returning,26-35,Female,Madhapur,4,500.17
C01015,New,46-55,Male,Hitech City,0,0.0
C01016,New,26-35,Female,Kukatpally,0,0.0
C01017,Returning,26-35,Female,Mehdipatnam,29,330.18
C01018,Returning,26-35,Female,Gachibowli,26,348.86
C01019,Returning,46-55,Female,Kondapur,11,281.97
C01020,New,26-35,Male,Kondapur,0,0.0
C01021,Returning,26-35,Male,Secunderabad,4,556.58
C01022,Returning,36-45,Male,Banjara Hills,4,654.89
C01023,Returning,26-35,Female,Secunderabad,34,351.18
C01024,Returning,46-55,Unknown,Gachibowli,6,406.21
C01025,Returning,26-35,Unknown,Secunderabad,36,431.42
C01026,Returning,18-25,Male,Madhapur,26,418.29
C01027,Returning,26-35,Unknown,Mehdipatnam,7,310.55
C01028,Returning,18-25,Male,Gachibowli,29,522.88
C01029,Returning,26-35,Male,Begumpet,20,157.11
C01030,Returning,26-35,Unknown,Begumpet,3,356.9
C01031,Returning,26-35,Male,Secunderabad,14,172.25
C01032,Returning,36-45,Female,Kukatpally,2,500.82
C01033,Returning,46-55,Female,Kukatpally,4,238.65
C01034,New,36-45,Female,Begumpet,0,0.0
C01035,New,36-45,Female,Banjara Hills,0,0.0
C01036,Returning,46-55,Female,Begumpet,14,284.03
C01037,New,46-55,Male,Jubilee Hills,0,0.0
C01038,Returning,18-25,Male,Secunderabad,3,368.96
C01039,Returning,46-55,Female,Ameerpet,33,674.02
C01040,New,18-25,Female,Hitech City,0,0.0
C01041,New,26-35,Female,Kukatpally,0,0.0
C01042,New,36-45,Female,Jubilee Hills,0,0.0
C01043,New,18-25,Female,Begumpet,0,0.0
C01044,Returning,56+,Female,Madhapur,1,477.46
C01045,Returning,46-55,Female,Jubilee Hills,27,381.62
C01046,Returning,18-25,Female,Banjara Hills,6,542.75
C01047,New,36-45,Male,Jubilee Hills,0,0.0
C01048,Returning,46-55,Male,Madhapur,1,591.31
C01049,Returning,26-35,Male,Gachibowli,31,243.29
C01050,Returning,26-35,Female,Kukatpally,15,452.52
C01051,New,26-35,Female,Madhapur,0,0.0
C01052,Returning,26-35,Unknown,Jubilee Hills,30,471.58
C01053,Returning,26-35,Female,Kondapur,36,297.24
C01054,Returning,36-45,Unknown,Hitech City,26,525.01
C01055,Returning,56+,Female,Begumpet,36,246.24
C01056,Returning,18-25,Unknown,Jubilee Hills,24,535.03
C01057,Returning,18-25,Male,Madhapur,36,490.91
C01058,New,18-25,Unknown,Secunderabad,0,0.0
C01059,Returning,18-25,Male,Mehdipatnam,25,471.48
C01060,Returning,18-25,Female,Madhapur,8,167.41
C01061,Returning,46-55,Female,Kondapur,25,493.21
C01062,Returning,26-35,Male,Gachibowli,2,211.02
C01063,Returning,26-35,Male,Begumpet,11,410.56
C01064,Returning,26-35,Male,Begumpet,8,384.63
C01065,Returning,56+,Male,Mehdipatnam,4,208.15
C01066,Returning,18-25,Female,Mehdipatnam,37,178.34
C01067,Returning,26-35,Female,Kondapur,9,484.93
C01068,New,26-35,Male,Gachibowli,0,0.0
C01069,Returning,18-25,Male,Ameerpet,30,561.38
C01070,Returning,18-25,Male,Mehdipatnam,23,413.66
C01071,Returning,26-35,Female,Ameerpet,39,778.56
C01072,Returning,18-25,Female,Begumpet,24,442.86
C01073,Returning,18-25,Unknown,Secunderabad,37,649.94
C01074,Returning,46-55,Female,Gachibowli,30,465.79
C01075,Returning,26-35,Female,Ameerpet,1,431.32
C01076,Returning,18-25,Male,Banjara Hills,33,490.85
C01077,Returning,26-35,Male,Manikonda,23,321.96
C01078,Returning,26-35,Female,Jubilee Hills,10,336.44
C01079,Returning,36-45,Male,Ameerpet,2,636.25
C01080,Returning,26-35,Male,Jubilee Hills,32,395.91
C01081,Returning,18-25,Male,Hitech City,27,271.0
C01082,New,36-45,Female,Begumpet,0,0.0
C01083,Returning,26-35,Female,Begumpet,19,312.05
C01084,Returning,46-55,Female,Mehdipatnam,11,431.65
C01085,New,26-35,Male,Kondapur,0,0.0
C01086,Returning,18-25,Male,Manikonda,12,590.32
C01087,New,18-25,Male,Secunderabad,0,0.0
C01088,Returning,26-35,Unknown,Mehdipatnam,7,574.96
C01089,New,18-25,Male,Kondapur,0,0.0
C01090,Returning,26-35,Male,Ameerpet,22,493.99
C01091,Returning,26-35,Female,Begumpet,8,461.66
C01092,Returning,56+,Male,Kukatpally,38,418.14
C01093,Returning,18-25,Male,Kondapur,21,719.69
C01094,Returning,46-55,Male,Banjara Hills,31,413.53
C01095,Returning,26-35,Male,Madhapur,34,641.96
C01096,Returning,26-35,Male,Kondapur,7,408.48
C01097,New,56+,Male,Gachibowli,0,0.0
C01098,Returning,36-45,Male,Banjara Hills,5,120.0
C01099,Returning,46-55,Female,Madhapur,23,444.37
C01100,New,26-35,Female,Gachibowli,0,0.0
C01101,Returning,26-35,Male,Hitech City,34,630.13
C01102,Returning,36-45,Male,Mehdipatnam,7,621.11
C01103,Returning,36-45,Female,Secunderabad,20,343.66
C01104,Returning,18-25,Male,Secunderabad,6,415.58
C01105,Returning,18-25,Male,Mehdipatnam,36,546.76
C01106,Returning,46-55,Unknown,Mehdipatnam,29,465.77
C01107,New,36-45,Male,Kondapur,0,0.0
C01108,New,36-45,Male,Gachibowli,0,0.0
C01109,Returning,18-25,Male,Jubilee Hills,10,256.44
C01110,Returning,56+,Female,Secunderabad,23,637.85
C01111,New,26-35,Female,Begumpet,0,0.0
C01112,Returning,18-25,Unknown,Kukatpally,13,120.0
C01113,Returning,26-35,Male,Kondapur,3,309.42
C01114,Returning,26-35,Female,Jubilee Hills,39,418.46
C01115,Returning,18-25,Female,Secunderabad,28,725.47
C01116,Returning,46-55,Male,Madhapur,24,428.4
C01117,New,46-55,Male,Gachibowli,0,0.0
C01118,Returning,18-25,Female,Secunderabad,6,608.15
C01119,Returning,26-35,Male,Hitech City,30,482.59
C01120,Returning,46-55,Male,Hitech City,31,430.19
C01121,Returning,26-35,Male,Mehdipatnam,29,568.09
C01122,New,26-35,Male,Madhapur,0,0.0
C01123,Returning,26-35,Female,Mehdipatnam,14,417.14
C01124,Returning,26-35,Male,Kukatpally,18,563.04
C01125,Returning,26-35,Male,Mehdipatnam,37,490.24
C01126,Returning,36-45,Female,Banjara Hills,12,559.71
C01127,Returning,18-25,Male,Begumpet,32,385.25
C01128,New,18-25,Female,Banjara Hills,0,0.0
C01129,Returning,46-55,Female,Kukatpally,32,248.31
C01130,New,18-25,Female,Madhapur,0,0.0
C01131,Returning,26-35,Female,Gachibowli,15,499.71
C01132,Returning,36-45,Male,Manikonda,13,394.09
C01133,Returning,26-35,Female,Begumpet,12,460.8
C01134,Returning,46-55,Male,Kondapur,7,439.69
C01135,Returning,26-35,Female,Kukatpally,11,414.72
C01136,New,18-25,Female,Jubilee Hills,0,0.0
C01137,New,18-25,Male,Mehdipatnam,0,0.0
C01138,Returning,46-55,Male,Gachibowli,9,606.11
C01139,Returning,18-25,Female,Madhapur,11,326.15
C01140,Returning,46-55,Female,Jubilee Hills,12,682.04
C01141,Returning,26-35,Female,Madhapur,34,640.13
C01142,Returning,46-55,Female,Mehdipatnam,17,325.82
C01143,Returning,18-25,Female,Jubilee Hills,34,540.97
C01144,Returning,46-55,Male,Kukatpally,5,293.29
C01145,New,56+,Female,Jubilee Hills,0,0.0
C01146,Returning,36-45,Male,Jubilee Hills,9,293.68
C01147,Returning,18-25,Female,Mehdipatnam,35,366.52
C01148,Returning,56+,Male,Banjara Hills,16,194.59
C01149,New,36-45,Unknown,Manikonda,0,0.0
C01150,Returning,18-25,Male,Gachibowli,23,299.87
C01151,Returning,56+,Unknown,Ameerpet,14,319.91
C01152,Returning,18-25,Female,Begumpet,21,179.55
C01153,Returning,18-25,Male,Kukatpally,29,441.43
C01154,Returning,18-25,Female,Hitech City,15,684.0
C01155,Returning,26-35,Male,Hitech City,26,388.85
C01156,Returning,26-35,Male,Jubilee Hills,27,416.53
C01157,Returning,18-25,Female,Kondapur,32,288.08
C01158,Returning,26-35,Male,Hitech City,30,374.95
C01159,Returning,46-55,Male,Hitech City,18,324.78
C01160,Returning,18-25,Male,Mehdipatnam,11,232.98
C01161,Returning,36-45,Female,Manikonda,17,319.91
C01162,Returning,18-25,Female,Kukatpally,10,368.62
C01163,Returning,26-35,Unknown,Secunderabad,7,476.31
C01164,Returning,26-35,Male,Ameerpet,25,391.47
C01165,New,26-35,Female,Madhapur,0,0.0
C01166,Returning,18-25,Female,Manikonda,17,603.62
C01167,Returning,26-35,Male,Banjara Hills,35,555.39
C01168,Returning,26-35,Male,Mehdipatnam,33,380.35
C01169,Returning,36-45,Unknown,Secunderabad,2,204.62
C01170,Returning,18-25,Female,Banjara Hills,1,410.02
C01171,New,56+,Female,Kondapur,0,0.0
C01172,Returning,18-25,Female,Kondapur,22,563.89
C01173,New,18-25,Unknown,Mehdipatnam,0,0.0
C01174,Returning,36-45,Female,Manikonda,14,796.45
C01175,Returning,18-25,Male,Begumpet,9,391.8
C01176,Returning,26-35,Male,Banjara Hills,9,519.59
C01177,New,26-35,Female,Begumpet,0,0.0
C01178,Returning,36-45,Male,Gachibowli,34,302.84
C01179,Returning,46-55,Unknown,Kondapur,13,394.59
C01180,New,26-35,Unknown,Hitech City,0,0.0
C01181,Returning,36-45,Female,Begumpet,14,522.78
C01182,Returning,18-25,Female,Banjara Hills,31,120.0
C01183,Returning,46-55,Male,Begumpet,30,579.17
C01184,Returning,36-45,Female,Gachibowli,34,627.51
C01185,Returning,46-55,Male,Manikonda,20,608.68
C01186,Returning,18-25,Female,Secunderabad,38,543.13
C01187,New,26-35,Male,Kondapur,0,0.0
C01188,Returning,36-45,Female,Ameerpet,5,504.95
C01189,Returning,18-25,Male,Ameerpet,23,599.98
C01190,Returning,46-55,Unknown,Gachibowli,7,305.61
C01191,New,36-45,Female,Mehdipatnam,0,0.0
C01192,Returning,36-45,Male,Banjara Hills,4,497.67
C01193,Returning,18-25,Male,Manikonda,27,413.74
C01194,Returning,36-45,Male,Kukatpally,13,665.05
C01195,Returning,26-35,Female,Kukatpally,8,341.04
C01196,Returning,18-25,Unknown,Gachibowli,36,303.9
C01197,Returning,18-25,Female,Jubilee Hills,21,425.34
C01198,Returning,46-55,Male,Begumpet,26,349.43
C01199,New,26-35,Female,Jubilee Hills,0,0.0
C01200,New,26-35,Male,Madhapur,0,0.0
C01201,New,26-35,Male,Ameerpet,0,0.0
C01202,Returning,36-45,Female,Kukatpally,5,471.19
C01203,Returning,18-25,Female,Mehdipatnam,4,527.65
C01204,Returning,18-25,Female,Banjara Hills,30,276.14
C01205,Returning,36-45,Male,Jubilee Hills,4,599.46
C01206,Returning,46-55,Unknown,Jubilee Hills,25,180.63
C01207,Returning,36-45,Male,Jubilee Hills,30,563.93
C01208,New,46-55,Male,Gachibowli,0,0.0
C01209,Returning,26-35,Female,Kukatpally,8,368.02
C01210,Returning,26-35,Unknown,Madhapur,23,663.48
C01211,Returning,26-35,Male,Begumpet,19,421.21
C01212,New,26-35,Female,Banjara Hills,0,0.0
C01213,Returning,26-35,Female,Secunderabad,26,460.27
C01214,Returning,36-45,Female,Mehdipatnam,12,674.42
C01215,Returning,26-35,Male,Madhapur,22,437.57
C01216,Returning,26-35,Female,Kukatpally,4,328.37
C01217,Returning,26-35,Female,Mehdipatnam,22,455.54
C01218,Returning,56+,Male,Jubilee Hills,39,267.29
C01219,Returning,26-35,Unknown,Gachibowli,6,338.93
C01220,New,36-45,Female,Madhapur,0,0.0
C01221,Returning,26-35,Male,Mehdipatnam,7,512.06
C01222,New,36-45,Unknown,Manikonda,0,0.0
C01223,Returning,26-35,Male,Kukatpally,16,490.33
C01224,Returning,18-25,Unknown,Begumpet,8,577.32
C01225,Returning,26-35,Female,Kukatpally,10,632.71
C01226,Returning,26-35,Male,Mehdipatnam,15,208.05
C01227,Returning,26-35,Female,Begumpet,4,420.48
C01228,Returning,26-35,Male,Kondapur,26,277.76
C01229,Returning,18-25,Female,Hitech City,12,510.59
C01230,Returning,36-45,Female,Gachibowli,30,459.79
C01231,Returning,26-35,Unknown,Kukatpally,39,425.91
C01232,Returning,36-45,Female,Mehdipatnam,36,358.23
C01233,New,26-35,Male,Ameerpet,0,0.0
C01234,Returning,26-35,Female,Mehdipatnam,10,207.33
C01235,New,26-35,Female,Madhapur,0,0.0
C01236,New,26-35,Male,Hitech City,0,0.0
C01237,Returning,46-55,Male,Manikonda,32,431.07
C01238,Returning,26-35,Male,Jubilee Hills,16,468.5
C01239,Returning,18-25,Male,Hitech City,34,529.62
C01240,Returning,18-25,Male,Manikonda,13,671.67
C01241,New,26-35,Male,Manikonda,0,0.0
C01242,New,26-35,Male,Hitech City,0,0.0
C01243,Returning,26-35,Male,Begumpet,6,214.64
C01244,New,36-45,Female,Kukatpally,0,0.0
C01245,Returning,36-45,Male,Gachibowli,30,334.81
C01246,Returning,18-25,Male,Madhapur,15,345.35
C01247,Returning,26-35,Unknown,Banjara Hills,32,576.93
C01248,Returning,26-35,Female,Begumpet,20,440.78
C01249,New,18-25,Female,Jubilee Hills,0,0.0
C01250,Returning,26-35,Female,Begumpet,22,436.9
C01251,Returning,36-45,Female,Madhapur,9,397.73
C01252,New,18-25,Male,Secunderabad,0,0.0
C01253,Returning,26-35,Female,Jubilee Hills,4,342.98
C01254,New,18-25,Male,Manikonda,0,0.0
C01255,Returning,36-45,Male,Secunderabad,2,371.17
C01256,New,26-35,Male,Kukatpally,0,0.0
C01257,Returning,18-25,Female,Ameerpet,7,184.08
C01258,Returning,26-35,Male,Kondapur,5,435.31
C01259,Returning,26-35,Female,Manikonda,6,421.79
C01260,Returning,18-25,Unknown,Mehdipatnam,34,480.43
C01261,Returning,36-45,Unknown,Hitech City,39,282.14
C01262,Returning,26-35,Female,Madhapur,10,305.69
C01263,New,46-55,Female,Manikonda,0,0.0
C01264,Returning,46-55,Female,Banjara Hills,10,333.27
C01265,Returning,46-55,Male,Kukatpally,9,488.27
C01266,New,26-35,Female,Kondapur,0,0.0
C01267,Returning,46-55,Female,Hitech City,34,271.25
C01268,New,18-25,Male,Secunderabad,0,0.0
C01269,Returning,36-45,Male,Madhapur,2,347.45
C01270,Returning,26-35,Female,Kukatpally,15,365.29
C01271,Returning,46-55,Unknown,Secunderabad,30,267.97
C01272,Returning,18-25,Male,Hitech City,19,609.45
C01273,Returning,26-35,Female,Gachibowli,10,428.94
C01274,Returning,18-25,Male,Kukatpally,17,311.64
C01275,Returning,26-35,Female,Jubilee Hills,14,618.92
C01276,Returning,26-35,Male,Secunderabad,5,532.68
C01277,Returning,18-25,Female,Ameerpet,26,328.45
C01278,Returning,36-45,Male,Gachibowli,12,293.97
C01279,Returning,26-35,Male,Begumpet,11,402.33
C01280,Returning,18-25,Male,Ameerpet,36,520.09
C01281,Returning,26-35,Female,Begumpet,24,245.49
C01282,New,26-35,Female,Hitech City,0,0.0
C01283,Returning,18-25,Male,Jubilee Hills,20,376.87
C01284,Returning,36-45,Female,Secunderabad,10,534.08
C01285,Returning,36-45,Male,Kukatpally,31,408.51
C01286,Returning,46-55,Male,Kukatpally,36,489.3
C01287,Returning,46-55,Female,Begumpet,11,509.29
C01288,Returning,26-35,Male,Madhapur,1,593.1
C01289,Returning,36-45,Male,Gachibowli,39,335.13
C01290,Returning,26-35,Male,Begumpet,29,670.73
C01291,Returning,18-25,Male,Secunderabad,16,262.97
C01292,Returning,36-45,Female,Hitech City,2,467.32
C01293,Returning,26-35,Male,Jubilee Hills,23,514.32
C01294,Returning,26-35,Female,Mehdipatnam,17,430.51
C01295,New,36-45,Male,Manikonda,0,0.0
C01296,Returning,26-35,Female,Ameerpet,17,219.39
C01297,Returning,26-35,Male,Madhapur,26,421.65
C01298,Returning,46-55,Male,Begumpet,17,555.82
C01299,Returning,18-25,Female,Manikonda,38,429.1
C01300,Returning,26-35,Male,Madhapur,37,285.58
C01301,Returning,18-25,Male,Secunderabad,4,448.08
C01302,Returning,46-55,Female,Begumpet,14,452.1
C01303,Returning,46-55,Male,Manikonda,37,300.64
C01304,Returning,36-45,Unknown,Madhapur,1,597.96
C01305,Returning,46-55,Male,Banjara Hills,13,358.95
C01306,New,36-45,Female,Secunderabad,0,0.0
C01307,New,36-45,Male,Jubilee Hills,0,0.0
C01308,Returning,36-45,Unknown,Secunderabad,30,344.24
C01309,Returning,46-55,Unknown,Gachibowli,7,403.46
C01310,Returning,18-25,Female,Begumpet,6,458.26
C01311,Returning,36-45,Male,Mehdipatnam,1,374.74
C01312,Returning,18-25,Male,Hitech City,3,504.09
C01313,New,26-35,Female,Mehdipatnam,0,0.0
C01314,Returning,26-35,Male,Kukatpally,8,584.12
C01315,Returning,36-45,Female,Hitech City,5,300.21
C01316,Returning,36-45,Unknown,Gachibowli,39,436.81
C01317,Returning,46-55,Male,Secunderabad,15,461.37
C01318,Returning,36-45,Male,Banjara Hills,18,465.15
C01319,Returning,18-25,Unknown,Hitech City,12,158.91
C01320,Returning,18-25,Female,Manikonda,6,291.85
C01321,Returning,18-25,Male,Jubilee Hills,28,470.4
C01322,Returning,36-45,Male,Mehdipatnam,26,502.03
C01323,New,26-35,Female,Kondapur,0,0.0
C01324,Returning,56+,Female,Ameerpet,15,452.16
C01325,Returning,18-25,Unknown,Begumpet,5,585.67
C01326,Returning,56+,Male,Hitech City,22,383.56
C01327,Returning,36-45,Female,Begumpet,19,330.9
C01328,New,36-45,Female,Banjara Hills,0,0.0
C01329,Returning,26-35,Female,Jubilee Hills,13,507.37
C01330,Returning,46-55,Female,Banjara Hills,28,407.82
C01331,Returning,18-25,Male,Kondapur,14,337.37
C01332,Returning,46-55,Male,Manikonda,21,634.81
C01333,Returning,46-55,Female,Gachibowli,12,393.72
C01334,Returning,26-35,Male,Jubilee Hills,39,325.0
C01335,Returning,36-45,Female,Secunderabad,17,591.77
C01336,Returning,18-25,Female,Secunderabad,20,240.52
C01337,Returning,26-35,Female,Kukatpally,5,409.85
C01338,Returning,26-35,Female,Jubilee Hills,18,509.49
C01339,Returning,26-35,Male,Hitech City,36,392.67
C01340,Returning,18-25,Female,Madhapur,34,362.96
C01341,Returning,46-55,Male,Ameerpet,23,485.08
C01342,Returning,36-45,Female,Jubilee Hills,38,273.5
C01343,Returning,26-35,Male,Ameerpet,6,401.59
C01344,Returning,26-35,Male,Gachibowli,29,521.37
C01345,New,26-35,Female,Kondapur,0,0.0
C01346,Returning,56+,Female,Madhapur,15,606.65
C01347,New,26-35,Female,Mehdipatnam,0,0.0
C01348,Returning,36-45,Female,Gachibowli,16,419.44
C01349,New,36-45,Female,Ameerpet,0,0.0
C01350,Returning,18-25,Female,Banjara Hills,1,503.0
C01351,Returning,26-35,Male,Madhapur,9,368.33
C01352,Returning,46-55,Male,Hitech City,10,458.18
C01353,New,36-45,Female,Gachibowli,0,0.0
C01354,Returning,46-55,Female,Madhapur,31,589.41
C01355,New,18-25,Male,Madhapur,0,0.0
C01356,Returning,36-45,Male,Jubilee Hills,20,601.62
C01357,New,26-35,Unknown,Banjara Hills,0,0.0
C01358,Returning,46-55,Male,Kukatpally,34,467.82
C01359,Returning,36-45,Male,Kukatpally,31,442.33
C01360,New,26-35,Unknown,Mehdipatnam,0,0.0
C01361,Returning,26-35,Female,Mehdipatnam,3,352.13
C01362,Returning,26-35,Female,Begumpet,23,503.88
C01363,Returning,46-55,Unknown,Jubilee Hills,7,558.69
C01364,Returning,26-35,Unknown,Banjara Hills,32,355.1
C01365,Returning,18-25,Male,Kondapur,23,426.87
C01366,Returning,26-35,Male,Kondapur,20,533.02
C01367,New,18-25,Female,Madhapur,0,0.0
C01368,Returning,18-25,Male,Manikonda,27,471.66
C01369,Returning,26-35,Male,Banjara Hills,20,463.39
C01370,Returning,26-35,Female,Hitech City,20,490.8
C01371,Returning,18-25,Unknown,Ameerpet,9,385.73
C01372,Returning,26-35,Female,Gachibowli,14,471.74
C01373,New,26-35,Male,Gachibowli,0,0.0
C01374,Returning,26-35,Male,Banjara Hills,30,384.84
C01375,Returning,26-35,Female,Manikonda,33,128.03
C01376,Returning,18-25,Female,Gachibowli,3,198.93
C01377,Returning,18-25,Male,Mehdipatnam,9,475.91
C01378,Returning,18-25,Female,Secunderabad,39,523.52
C01379,Returning,36-45,Male,Jubilee Hills,3,485.59
C01380,Returning,46-55,Male,Jubilee Hills,38,441.52
C01381,Returning,36-45,Male,Banjara Hills,27,389.59
C01382,Returning,18-25,Female,Ameerpet,33,500.33
C01383,Returning,36-45,Female,Secunderabad,17,376.83
C01384,Returning,36-45,Female,Madhapur,19,427.36
C01385,Returning,46-55,Unknown,Madhapur,12,619.59
C01386,Returning,36-45,Unknown,Mehdipatnam,18,250.41
C01387,Returning,26-35,Female,Kondapur,35,351.2
C01388,New,26-35,Male,Manikonda,0,0.0
C01389,Returning,26-35,Female,Jubilee Hills,3,182.37
C01390,Returning,18-25,Male,Madhapur,18,275.51
C01391,Returning,26-35,Male,Gachibowli,4,563.08
C01392,Returning,26-35,Male,Banjara Hills,9,493.1
C01393,Returning,56+,Male,Gachibowli,8,409.52
C01394,Returning,36-45,Female,Ameerpet,32,594.29
C01395,Returning,36-45,Male,Manikonda,14,300.99
C01396,New,18-25,Unknown,Mehdipatnam,0,0.0
C01397,Returning,36-45,Female,Kukatpally,28,418.58
C01398,Returning,36-45,Male,Madhapur,20,349.8
C01399,New,26-35,Female,Manikonda,0,0.0
C01400,New,26-35,Female,Mehdipatnam,0,0.0
C01401,Returning,26-35,Female,Jubilee Hills,26,452.42
C01402,Returning,26-35,Unknown,Secunderabad,12,411.43
C01403,Returning,26-35,Male,Gachibowli,12,194.84
C01404,Returning,26-35,Male,Ameerpet,34,160.35
C01405,Returning,36-45,Male,Mehdipatnam,26,426.15
C01406,Returning,46-55,Male,Ameerpet,38,549.16
C01407,Returning,26-35,Male,Manikonda,20,324.48
C01408,New,46-55,Female,Secunderabad,0,0.0
C01409,Returning,18-25,Female,Ameerpet,31,225.59
C01410,Returning,36-45,Female,Banjara Hills,38,234.35
C01411,Returning,26-35,Male,Begumpet,9,418.24
C01412,Returning,26-35,Male,Banjara Hills,29,514.7
C01413,Returning,26-35,Male,Secunderabad,19,520.28
C01414,Returning,18-25,Female,Manikonda,28,579.12
C01415,Returning,18-25,Male,Gachibowli,2,323.41
C01416,Returning,56+,Female,Banjara Hills,19,403.85
C01417,Returning,26-35,Male,Hitech City,39,525.44
C01418,Returning,56+,Female,Manikonda,3,294.07
C01419,New,26-35,Unknown,Madhapur,0,0.0
C01420,Returning,46-55,Female,Ameerpet,5,424.53
C01421,Returning,26-35,Male,Banjara Hills,33,422.3
C01422,Returning,56+,Female,Begumpet,33,537.05
C01423,Returning,26-35,Male,Begumpet,23,478.98
C01424,Returning,26-35,Female,Madhapur,8,368.11
C01425,Returning,18-25,Female,Begumpet,38,127.11
C01426,Returning,18-25,Male,Hitech City,27,525.81
C01427,New,18-25,Male,Madhapur,0,0.0
C01428,Returning,36-45,Male,Kukatpally,7,489.63
C01429,New,26-35,Male,Secunderabad,0,0.0
C01430,Returning,46-55,Female,Manikonda,30,481.1
C01431,Returning,18-25,Female,Mehdipatnam,10,579.2
C01432,New,46-55,Female,Secunderabad,0,0.0
C01433,Returning,18-25,Male,Jubilee Hills,31,415.54
C01434,Returning,26-35,Male,Secunderabad,25,296.54
C01435,Returning,26-35,Male,Gachibowli,20,395.89
C01436,Returning,26-35,Female,Kondapur,2,318.64
C01437,Returning,26-35,Male,Manikonda,5,318.8
C01438,Returning,36-45,Male,Jubilee Hills,29,169.53
C01439,Returning,18-25,Unknown,Gachibowli,4,411.16
C01440,New,26-35,Male,Manikonda,0,0.0
C01441,Returning,18-25,Female,Manikonda,8,120.0
C01442,Returning,36-45,Male,Hitech City,34,586.0
C01443,Returning,18-25,Male,Ameerpet,34,418.14
C01444,Returning,26-35,Male,Secunderabad,6,335.6
C01445,Returning,46-55,Male,Gachibowli,17,461.69
C01446,Returning,26-35,Male,Banjara Hills,11,390.52
C01447,New,18-25,Male,Ameerpet,0,0.0
C01448,Returning,26-35,Female,Banjara Hills,36,604.04
C01449,Returning,46-55,Male,Banjara Hills,29,443.8
C01450,Returning,18-25,Male,Hitech City,33,468.77
C01451,Returning,46-55,Male,Kondapur,13,387.85
C01452,New,18-25,Female,Kukatpally,0,0.0
C01453,New,18-25,Female,Begumpet,0,0.0
C01454,New,36-45,Male,Gachibowli,0,0.0
C01455,Returning,36-45,Male,Gachibowli,5,322.0
C01456,Returning,26-35,Female,Jubilee Hills,27,567.84
C01457,Returning,36-45,Female,Begumpet,24,391.98
C01458,Returning,18-25,Male,Begumpet,37,515.76
C01459,Returning,46-55,Male,Ameerpet,31,586.81
C01460,Returning,26-35,Female,Kondapur,26,551.86
C01461,New,46-55,Female,Kondapur,0,0.0
C01462,Returning,26-35,Female,Mehdipatnam,4,635.26
C01463,New,26-35,Female,Kukatpally,0,0.0
C01464,New,46-55,Female,Hitech City,0,0.0
C01465,Returning,26-35,Female,Kondapur,5,120.0
C01466,Returning,18-25,Male,Kukatpally,1,305.29
C01467,New,26-35,Female,Banjara Hills,0,0.0
C01468,New,26-35,Male,Jubilee Hills,0,0.0
C01469,Returning,36-45,Male,Banjara Hills,10,150.57
C01470,Returning,56+,Female,Gachibowli,2,229.44
C01471,New,26-35,Unknown,Begumpet,0,0.0
C01472,Returning,36-45,Male,Gachibowli,16,201.56
C01473,Returning,26-35,Female,Gachibowli,27,501.76
C01474,Returning,18-25,Male,Mehdipatnam,25,567.58
C01475,Returning,18-25,Unknown,Begumpet,24,593.07
C01476,Returning,18-25,Female,Gachibowli,34,452.61
C01477,Returning,18-25,Female,Begumpet,35,414.52
C01478,Returning,26-35,Unknown,Kukatpally,16,369.25
C01479,Returning,26-35,Male,Jubilee Hills,10,772.4
C01480,Returning,36-45,Female,Mehdipatnam,7,574.71
C01481,New,36-45,Male,Madhapur,0,0.0
C01482,Returning,36-45,Male,Banjara Hills,36,463.52
C01483,Returning,36-45,Female,Jubilee Hills,12,560.2
C01484,New,46-55,Female,Mehdipatnam,0,0.0
C01485,New,36-45,Male,Banjara Hills,0,0.0
C01486,Returning,26-35,Male,Gachibowli,39,347.03
C01487,Returning,26-35,Male,Mehdipatnam,24,124.41
C01488,Returning,18-25,Female,Jubilee Hills,1,561.72
C01489,Returning,18-25,Male,Kondapur,31,322.71
C01490,Returning,46-55,Male,Madhapur,24,476.43
C01491,Returning,18-25,Male,Secunderabad,10,325.85
C01492,Returning,46-55,Female,Hitech City,25,369.2
C01493,Returning,26-35,Male,Kondapur,6,626.7
C01494,Returning,18-25,Male,Mehdipatnam,21,463.0
C01495,Returning,36-45,Female,Jubilee Hills,33,470.86
C01496,Returning,36-45,Female,Manikonda,8,219.45
C01497,New,56+,Female,Madhapur,0,0.0
C01498,Returning,26-35,Female,Begumpet,36,337.87
C01499,Returning,46-55,Female,Madhapur,31,480.67
C01500,Returning,26-35,Male,Kukatpally,21,290.18
C01501,Returning,26-35,Female,Jubilee Hills,4,467.56
C01502,Returning,26-35,Female,Manikonda,2,490.89
C01503,New,36-45,Female,Secunderabad,0,0.0
C01504,New,46-55,Male,Begumpet,0,0.0
C01505,Returning,36-45,Male,Gachibowli,23,306.46
C01506,Returning,46-55,Female,Gachibowli,29,580.48
C01507,Returning,26-35,Female,Secunderabad,30,467.92
C01508,Returning,26-35,Male,Begumpet,8,427.5
C01509,Returning,26-35,Female,Manikonda,14,810.89
C01510,New,46-55,Male,Manikonda,0,0.0
C01511,Returning,26-35,Female,Kondapur,31,372.15
C01512,Returning,18-25,Female,Begumpet,9,533.05
C01513,Returning,26-35,Male,Kondapur,9,457.48
C01514,Returning,36-45,Female,Kondapur,17,594.35
C01515,Returning,36-45,Female,Begumpet,12,292.93
C01516,Returning,46-55,Female,Ameerpet,12,672.77
C01517,Returning,36-45,Male,Hitech City,19,356.15
C01518,Returning,36-45,Female,Kondapur,5,372.85
C01519,Returning,36-45,Female,Ameerpet,2,327.37
C01520,New,36-45,Male,Ameerpet,0,0.0
C01521,New,26-35,Female,Madhapur,0,0.0
C01522,New,46-55,Female,Ameerpet,0,0.0
C01523,Returning,46-55,Female,Gachibowli,20,284.14
C01524,Returning,18-25,Unknown,Manikonda,30,401.96
C01525,Returning,18-25,Unknown,Madhapur,18,453.3
C01526,New,56+,Male,Begumpet,0,0.0
C01527,Returning,36-45,Unknown,Madhapur,32,380.29
C01528,Returning,18-25,Female,Kondapur,12,446.4
C01529,Returning,46-55,Unknown,Banjara Hills,25,798.88
C01530,New,18-25,Female,Manikonda,0,0.0
C01531,Returning,26-35,Unknown,Manikonda,19,436.56
C01532,Returning,26-35,Unknown,Begumpet,21,268.33
C01533,Returning,26-35,Male,Mehdipatnam,37,544.04
C01534,Returning,18-25,Male,Banjara Hills,10,362.16
C01535,New,18-25,Female,Begumpet,0,0.0
C01536,Returning,26-35,Unknown,Hitech City,35,577.03
C01537,Returning,18-25,Female,Jubilee Hills,18,525.52
C01538,Returning,36-45,Female,Gachibowli,7,357.23
C01539,Returning,26-35,Female,Jubilee Hills,23,378.34
C01540,New,36-45,Female,Gachibowli,0,0.0
C01541,Returning,46-55,Female,Jubilee Hills,18,432.85
C01542,New,46-55,Female,Banjara Hills,0,0.0
C01543,New,36-45,Female,Madhapur,0,0.0
C01544,New,36-45,Female,Manikonda,0,0.0
C01545,Returning,18-25,Female,Kondapur,24,418.67
C01546,Returning,56+,Male,Kondapur,8,373.37
C01547,Returning,26-35,Male,Jubilee Hills,25,538.96
C01548,Returning,26-35,Male,Banjara Hills,34,555.95
C01549,New,36-45,Female,Mehdipatnam,0,0.0
C01550,New,18-25,Male,Hitech City,0,0.0
C01551,Returning,26-35,Unknown,Banjara Hills,28,470.86
C01552,Returning,18-25,Male,Ameerpet,26,579.45
C01553,Returning,46-55,Unknown,Begumpet,21,663.28
C01554,Returning,26-35,Male,Kondapur,4,239.81
C01555,Returning,18-25,Unknown,Banjara Hills,14,486.79
C01556,Returning,56+,Unknown,Hitech City,13,539.82
C01557,Returning,26-35,Male,Kondapur,15,576.53
C01558,Returning,36-45,Female,Mehdipatnam,35,523.82
C01559,Returning,36-45,Male,Secunderabad,2,551.86
C01560,New,36-45,Female,Hitech City,0,0.0
C01561,Returning,26-35,Female,Kondapur,22,299.5
C01562,Returning,26-35,Female,Jubilee Hills,30,495.98
C01563,Returning,18-25,Male,Jubilee Hills,15,160.26
C01564,Returning,36-45,Female,Jubilee Hills,20,351.75
C01565,Returning,18-25,Female,Banjara Hills,21,398.24
C01566,Returning,26-35,Male,Gachibowli,9,470.42
C01567,Returning,46-55,Female,Manikonda,2,538.21
C01568,Returning,46-55,Female,Kukatpally,36,453.28
C01569,Returning,36-45,Male,Hitech City,32,315.5
C01570,Returning,18-25,Unknown,Kukatpally,11,298.96
C01571,Returning,46-55,Female,Hitech City,18,475.06
C01572,Returning,18-25,Female,Manikonda,7,497.38
C01573,Returning,46-55,Female,Gachibowli,1,470.75
C01574,Returning,36-45,Male,Begumpet,26,440.39
C01575,New,56+,Female,Banjara Hills,0,0.0
C01576,New,56+,Male,Secunderabad,0,0.0
C01577,Returning,26-35,Female,Hitech City,38,418.84
C01578,Returning,26-35,Male,Jubilee Hills,30,520.18
C01579,Returning,46-55,Female,Manikonda,6,277.28
C01580,Returning,26-35,Female,Gachibowli,28,477.48
C01581,Returning,26-35,Unknown,Madhapur,28,511.8
C01582,Returning,26-35,Female,Gachibowli,15,722.68
C01583,Returning,18-25,Male,Gachibowli,28,414.16
C01584,Returning,26-35,Male,Kukatpally,21,390.42
C01585,Returning,18-25,Female,Manikonda,17,267.02
C01586,New,26-35,Female,Secunderabad,0,0.0
C01587,Returning,46-55,Female,Kukatpally,19,213.99
C01588,Returning,46-55,Female,Secunderabad,3,192.15
C01589,New,56+,Unknown,Mehdipatnam,0,0.0
C01590,Returning,36-45,Male,Jubilee Hills,4,421.28
C01591,Returning,36-45,Female,Madhapur,14,461.75
C01592,Returning,26-35,Male,Kondapur,14,217.71
C01593,New,46-55,Male,Banjara Hills,0,0.0
C01594,Returning,18-25,Unknown,Gachibowli,1,194.23
C01595,Returning,18-25,Male,Jubilee Hills,18,630.52
C01596,Returning,18-25,Male,Ameerpet,8,567.42
C01597,Returning,26-35,Female,Gachibowli,34,249.76
C01598,Returning,18-25,Female,Begumpet,15,435.45
C01599,Returning,36-45,Unknown,Madhapur,17,444.27
C01600,Returning,18-25,Unknown,Banjara Hills,25,296.15
C01601,Returning,36-45,Unknown,Manikonda,31,339.76
C01602,Returning,26-35,Female,Begumpet,21,545.16
C01603,New,36-45,Male,Kukatpally,0,0.0
C01604,New,36-45,Male,Hitech City,0,0.0
C01605,Returning,36-45,Female,Jubilee Hills,23,464.93
C01606,Returning,26-35,Female,Banjara Hills,30,438.45
C01607,New,26-35,Female,Manikonda,0,0.0
C01608,Returning,26-35,Female,Hitech City,31,403.43
C01609,Returning,26-35,Unknown,Banjara Hills,34,641.3
C01610,Returning,18-25,Female,Kukatpally,26,452.73
C01611,Returning,56+,Male,Gachibowli,36,493.24
C01612,Returning,46-55,Male,Jubilee Hills,27,412.97
C01613,Returning,18-25,Male,Madhapur,13,338.05
C01614,Returning,18-25,Female,Manikonda,10,417.71
C01615,Returning,26-35,Male,Kukatpally,14,381.95
C01616,New,26-35,Male,Kondapur,0,0.0
C01617,Returning,26-35,Male,Gachibowli,36,528.85
C01618,Returning,26-35,Male,Kondapur,23,681.24
C01619,Returning,36-45,Female,Kukatpally,39,461.45
C01620,Returning,26-35,Female,Jubilee Hills,7,411.18
C01621,Returning,26-35,Unknown,Kondapur,20,332.35
C01622,Returning,18-25,Female,Jubilee Hills,27,235.95
C01623,Returning,26-35,Male,Manikonda,8,503.27
C01624,Returning,18-25,Male,Jubilee Hills,25,498.66
C01625,Returning,46-55,Unknown,Ameerpet,11,322.65
C01626,New,26-35,Male,Ameerpet,0,0.0
C01627,Returning,26-35,Female,Gachibowli,13,315.57
C01628,Returning,36-45,Female,Gachibowli,19,607.56
C01629,Returning,46-55,Female,Secunderabad,16,440.22
C01630,New,18-25,Male,Hitech City,0,0.0
C01631,Returning,26-35,Female,Hitech City,39,644.84
C01632,New,56+,Female,Mehdipatnam,0,0.0
C01633,Returning,46-55,Female,Ameerpet,13,478.4
C01634,Returning,26-35,Male,Secunderabad,23,460.12
C01635,Returning,26-35,Unknown,Secunderabad,4,388.62
C01636,New,36-45,Female,Begumpet,0,0.0
C01637,Returning,18-25,Female,Mehdipatnam,22,586.33
C01638,Returning,18-25,Female,Madhapur,10,341.82
C01639,New,26-35,Male,Mehdipatnam,0,0.0
C01640,New,26-35,Male,Ameerpet,0,0.0
C01641,Returning,26-35,Female,Gachibowli,8,557.98
C01642,Returning,36-45,Unknown,Kondapur,16,489.63
C01643,New,46-55,Female,Madhapur,0,0.0
C01644,Returning,26-35,Female,Madhapur,25,439.16
C01645,Returning,26-35,Male,Kukatpally,30,390.02
C01646,Returning,46-55,Female,Kondapur,6,409.21
C01647,Returning,26-35,Male,Kondapur,21,468.5
C01648,Returning,46-55,Male,Banjara Hills,23,368.87
C01649,Returning,36-45,Female,Kukatpally,2,223.88
C01650,Returning,46-55,Male,Hitech City,24,407.52
C01651,Returning,36-45,Female,Kukatpally,12,464.69
C01652,Returning,18-25,Female,Secunderabad,30,411.5
C01653,New,36-45,Unknown,Kondapur,0,0.0
C01654,Returning,26-35,Female,Hitech City,38,466.33
C01655,Returning,18-25,Female,Secunderabad,7,552.55
C01656,Returning,18-25,Male,Ameerpet,18,445.19
C01657,Returning,26-35,Male,Banjara Hills,24,407.06
C01658,Returning,18-25,Male,Gachibowli,13,502.81
C01659,Returning,18-25,Male,Begumpet,17,542.39
C01660,Returning,46-55,Male,Kukatpally,7,372.72
C01661,Returning,56+,Unknown,Jubilee Hills,22,319.48
C01662,Returning,56+,Female,Jubilee Hills,14,600.47
C01663,Returning,26-35,Male,Manikonda,25,362.21
C01664,Returning,26-35,Female,Jubilee Hills,18,477.02
C01665,New,18-25,Female,Madhapur,0,0.0
C01666,Returning,18-25,Male,Jubilee Hills,38,457.46
C01667,New,36-45,Female,Mehdipatnam,0,0.0
C01668,New,26-35,Female,Jubilee Hills,0,0.0
C01669,Returning,26-35,Unknown,Mehdipatnam,23,262.12
C01670,Returning,36-45,Male,Hitech City,27,244.68
C01671,Returning,36-45,Female,Madhapur,17,120.0
C01672,Returning,36-45,Male,Hitech City,29,504.88
C01673,New,18-25,Male,Jubilee Hills,0,0.0
C01674,Returning,26-35,Male,Kondapur,1,462.46
C01675,Returning,36-45,Female,Ameerpet,1,391.77
C01676,New,36-45,Male,Begumpet,0,0.0
C01677,Returning,46-55,Male,Ameerpet,6,309.54
C01678,Returning,26-35,Unknown,Hitech City,22,513.19
C01679,New,26-35,Male,Gachibowli,0,0.0
C01680,Returning,18-25,Unknown,Ameerpet,3,587.1
C01681,Returning,26-35,Male,Banjara Hills,24,519.5
C01682,Returning,26-35,Male,Madhapur,6,364.52
C01683,Returning,46-55,Unknown,Kondapur,30,387.09
C01684,New,46-55,Male,Kondapur,0,0.0
C01685,Returning,18-25,Unknown,Banjara Hills,36,666.36
C01686,Returning,18-25,Female,Begumpet,27,587.96
C01687,Returning,26-35,Female,Madhapur,27,421.17
C01688,Returning,36-45,Male,Hitech City,6,419.96
C01689,Returning,18-25,Female,Madhapur,4,459.17
C01690,Returning,36-45,Female,Manikonda,5,344.52
C01691,New,26-35,Female,Ameerpet,0,0.0
C01692,Returning,46-55,Unknown,Gachibowli,33,492.21
C01693,Returning,26-35,Unknown,Madhapur,18,483.84
C01694,Returning,26-35,Female,Begumpet,19,435.03
C01695,Returning,18-25,Unknown,Gachibowli,3,120.0
C01696,New,26-35,Female,Jubilee Hills,0,0.0
C01697,Returning,36-45,Unknown,Madhapur,6,248.66
C01698,Returning,26-35,Male,Madhapur,29,213.54
C01699,New,26-35,Male,Manikonda,0,0.0
C01700,Returning,46-55,Male,Mehdipatnam,27,364.6
C01701,New,36-45,Male,Begumpet,0,0.0
C01702,Returning,26-35,Female,Madhapur,39,388.79
C01703,New,46-55,Unknown,Hitech City,0,0.0
C01704,Returning,36-45,Female,Begumpet,5,633.63
C01705,New,26-35,Unknown,Ameerpet,0,0.0
C01706,Returning,18-25,Female,Hitech City,30,488.08
C01707,Returning,36-45,Female,Mehdipatnam,32,351.76
C01708,Returning,26-35,Male,Banjara Hills,18,588.83
C01709,New,26-35,Male,Mehdipatnam,0,0.0
C01710,Returning,18-25,Unknown,Ameerpet,10,436.71
C01711,Returning,36-45,Unknown,Secunderabad,6,235.17
C01712,Returning,46-55,Unknown,Madhapur,20,526.56
C01713,Returning,26-35,Male,Banjara Hills,19,550.84
C01714,Returning,26-35,Female,Manikonda,1,510.34
C01715,Returning,56+,Female,Jubilee Hills,38,388.79
C01716,Returning,56+,Female,Madhapur,5,506.75
C01717,Returning,18-25,Female,Secunderabad,9,327.04
C01718,Returning,26-35,Male,Mehdipatnam,5,457.47
C01719,New,26-35,Male,Begumpet,0,0.0
C01720,Returning,26-35,Male,Mehdipatnam,27,396.1
C01721,Returning,26-35,Male,Manikonda,31,299.25
C01722,Returning,36-45,Male,Jubilee Hills,28,397.01
C01723,Returning,26-35,Male,Kukatpally,1,313.27
C01724,New,26-35,Female,Gachibowli,0,0.0
C01725,New,46-55,Unknown,Secunderabad,0,0.0
C01726,Returning,36-45,Female,Secunderabad,12,405.62
C01727,Returning,26-35,Male,Madhapur,29,359.2
C01728,Returning,18-25,Unknown,Manikonda,31,358.98
C01729,Returning,26-35,Female,Mehdipatnam,6,480.36
C01730,Returning,46-55,Female,Ameerpet,16,383.65
C01731,Returning,36-45,Male,Manikonda,17,334.54
C01732,Returning,18-25,Female,Kukatpally,14,459.45
C01733,Returning,26-35,Male,Secunderabad,32,442.99
C01734,Returning,18-25,Female,Manikonda,37,309.4
C01735,Returning,46-55,Male,Mehdipatnam,5,287.39
C01736,Returning,46-55,Male,Madhapur,22,591.07
C01737,Returning,18-25,Unknown,Mehdipatnam,6,388.97
C01738,Returning,26-35,Female,Ameerpet,21,578.75
C01739,New,26-35,Female,Madhapur,0,0.0
C01740,New,18-25,Female,Jubilee Hills,0,0.0
C01741,Returning,36-45,Female,Jubilee Hills,4,393.81
C01742,Returning,26-35,Female,Manikonda,2,632.93
C01743,Returning,18-25,Male,Secunderabad,34,342.16
C01744,Returning,18-25,Male,Mehdipatnam,16,374.53
C01745,Returning,36-45,Male,Gachibowli,25,318.84
C01746,Returning,36-45,Female,Jubilee Hills,31,404.47
C01747,New,18-25,Male,Kukatpally,0,0.0
C01748,Returning,26-35,Male,Kondapur,26,439.22
C01749,New,36-45,Male,Manikonda,0,0.0
C01750,Returning,36-45,Unknown,Mehdipatnam,35,490.91
C01751,Returning,36-45,Female,Jubilee Hills,31,467.45
C01752,Returning,36-45,Male,Kondapur,13,451.34
C01753,Returning,26-35,Male,Banjara Hills,20,347.06
C01754,Returning,46-55,Female,Hitech City,19,588.24
C01755,Returning,26-35,Unknown,Ameerpet,6,680.99
C01756,New,18-25,Male,Hitech City,0,0.0
C01757,Returning,36-45,Female,Gachibowli,26,325.3
C01758,New,26-35,Female,Begumpet,0,0.0
C01759,Returning,36-45,Male,Kukatpally,13,396.94
C01760,New,26-35,Female,Secunderabad,0,0.0
C01761,Returning,26-35,Female,Kondapur,32,506.6
C01762,New,26-35,Female,Kondapur,0,0.0
C01763,New,36-45,Male,Kondapur,0,0.0
C01764,Returning,26-35,Female,Jubilee Hills,7,289.89
C01765,New,36-45,Male,Kondapur,0,0.0
C01766,Returning,18-25,Male,Gachibowli,18,374.16
C01767,Returning,36-45,Male,Manikonda,25,610.6
C01768,Returning,18-25,Female,Begumpet,17,342.75
C01769,Returning,18-25,Female,Madhapur,21,483.15
C01770,Returning,18-25,Male,Madhapur,30,304.35
C01771,Returning,26-35,Female,Mehdipatnam,19,503.61
C01772,Returning,26-35,Male,Jubilee Hills,31,464.46
C01773,Returning,26-35,Male,Manikonda,37,571.44
C01774,Returning,26-35,Female,Jubilee Hills,22,446.44
C01775,Returning,26-35,Female,Mehdipatnam,27,424.3
C01776,Returning,46-55,Male,Banjara Hills,26,183.82
C01777,Returning,46-55,Female,Ameerpet,35,463.86
C01778,Returning,18-25,Unknown,Hitech City,19,524.65
C01779,New,46-55,Female,Hitech City,0,0.0
C01780,Returning,26-35,Male,Kukatpally,13,446.68
C01781,Returning,36-45,Female,Begumpet,34,495.38
C01782,Returning,46-55,Male,Mehdipatnam,20,534.67
C01783,Returning,18-25,Male,Madhapur,4,308.42
C01784,Returning,26-35,Male,Banjara Hills,25,413.93
C01785,Returning,46-55,Male,Manikonda,13,478.37
C01786,Returning,26-35,Unknown,Madhapur,38,455.95
C01787,New,46-55,Male,Gachibowli,0,0.0
C01788,New,36-45,Male,Ameerpet,0,0.0
C01789,Returning,56+,Female,Begumpet,18,464.14
C01790,Returning,36-45,Male,Banjara Hills,3,515.31
C01791,New,18-25,Male,Secunderabad,0,0.0
C01792,Returning,46-55,Female,Banjara Hills,25,477.16
C01793,Returning,18-25,Female,Manikonda,25,311.67
C01794,New,18-25,Female,Manikonda,0,0.0
C01795,Returning,26-35,Female,Banjara Hills,1,408.32
C01796,Returning,18-25,Female,Ameerpet,25,336.01
C01797,New,18-25,Unknown,Begumpet,0,0.0
C01798,Returning,36-45,Female,Gachibowli,34,189.46
C01799,Returning,46-55,Unknown,Begumpet,9,333.42
C01800,New,26-35,Unknown,Kondapur,0,0.0
C01801,Returning,26-35,Male,Begumpet,10,430.66
C01802,Returning,36-45,Male,Jubilee Hills,5,425.01
C01803,Returning,26-35,Female,Ameerpet,23,451.96
C01804,Returning,26-35,Female,Kukatpally,17,667.53
C01805,Returning,46-55,Male,Gachibowli,17,414.47
C01806,Returning,18-25,Male,Kondapur,8,598.37
C01807,Returning,26-35,Female,Secunderabad,8,322.78
C01808,New,18-25,Female,Kukatpally,0,0.0
C01809,Returning,36-45,Female,Begumpet,16,355.27
C01810,Returning,18-25,Female,Gachibowli,28,192.19
C01811,Returning,36-45,Female,Kukatpally,16,634.82
C01812,Returning,26-35,Male,Kukatpally,29,454.95
C01813,Returning,46-55,Male,Hitech City,15,514.96
C01814,Returning,26-35,Female,Kondapur,14,644.04
C01815,Returning,26-35,Male,Secunderabad,10,480.31
C01816,Returning,18-25,Unknown,Ameerpet,24,631.39
C01817,Returning,26-35,Unknown,Secunderabad,16,120.0
C01818,Returning,26-35,Female,Mehdipatnam,9,585.67
C01819,Returning,46-55,Unknown,Madhapur,2,461.12
C01820,Returning,26-35,Male,Kukatpally,37,351.38
C01821,Returning,36-45,Female,Madhapur,15,561.52
C01822,New,46-55,Unknown,Begumpet,0,0.0
C01823,Returning,18-25,Male,Banjara Hills,17,332.4
C01824,Returning,26-35,Female,Banjara Hills,2,172.65
C01825,Returning,36-45,Male,Kondapur,39,651.07
C01826,Returning,36-45,Male,Kondapur,22,120.0
C01827,Returning,26-35,Male,Hitech City,38,431.39
C01828,Returning,26-35,Female,Ameerpet,29,627.42
C01829,Returning,26-35,Unknown,Ameerpet,8,506.26
C01830,Returning,18-25,Male,Kondapur,10,341.64
C01831,New,18-25,Male,Secunderabad,0,0.0
C01832,New,26-35,Female,Hitech City,0,0.0
C01833,Returning,18-25,Female,Kondapur,13,454.14
C01834,Returning,18-25,Female,Begumpet,1,412.27
C01835,Returning,36-45,Female,Manikonda,23,256.01
C01836,New,36-45,Female,Banjara Hills,0,0.0
C01837,Returning,36-45,Male,Banjara Hills,10,568.84
C01838,Returning,26-35,Male,Begumpet,1,257.46
C01839,Returning,46-55,Female,Banjara Hills,8,275.53
C01840,Returning,18-25,Male,Hitech City,16,721.26
C01841,Returning,36-45,Female,Manikonda,14,313.3
C01842,Returning,26-35,Female,Manikonda,32,250.81
C01843,Returning,46-55,Female,Banjara Hills,28,295.44
C01844,Returning,26-35,Female,Manikonda,3,519.59
C01845,Returning,18-25,Male,Gachibowli,17,324.12
C01846,Returning,36-45,Male,Mehdipatnam,28,402.35
C01847,Returning,36-45,Unknown,Begumpet,39,121.87
C01848,Returning,36-45,Female,Begumpet,17,340.19
C01849,Returning,36-45,Male,Mehdipatnam,18,424.3
C01850,Returning,18-25,Female,Madhapur,16,425.92
C01851,Returning,26-35,Female,Kukatpally,37,609.22
C01852,Returning,26-35,Male,Ameerpet,19,484.83
C01853,Returning,46-55,Male,Kukatpally,14,120.0
C01854,Returning,26-35,Female,Ameerpet,14,208.51
C01855,Returning,26-35,Female,Gachibowli,22,303.73
C01856,Returning,26-35,Male,Jubilee Hills,34,380.3
C01857,Returning,26-35,Male,Kukatpally,19,424.96
C01858,New,56+,Male,Jubilee Hills,0,0.0
C01859,Returning,36-45,Male,Secunderabad,14,199.75
C01860,Returning,36-45,Male,Kondapur,16,129.28
C01861,New,26-35,Male,Hitech City,0,0.0
C01862,Returning,26-35,Male,Jubilee Hills,5,287.7
C01863,Returning,46-55,Male,Hitech City,6,120.0
C01864,New,26-35,Male,Ameerpet,0,0.0
C01865,Returning,18-25,Male,Gachibowli,24,359.27
C01866,Returning,36-45,Male,Begumpet,39,259.67
C01867,Returning,18-25,Male,Hitech City,10,264.16
C01868,Returning,26-35,Female,Begumpet,35,547.88
C01869,Returning,26-35,Female,Kondapur,19,273.01
C01870,New,36-45,Male,Kukatpally,0,0.0
C01871,Returning,18-25,Male,Kondapur,35,444.17
C01872,Returning,36-45,Female,Hitech City,14,369.74
C01873,Returning,18-25,Male,Kondapur,38,722.53
C01874,Returning,36-45,Female,Kukatpally,19,240.74
C01875,Returning,26-35,Male,Kondapur,35,751.43
C01876,Returning,26-35,Unknown,Begumpet,16,291.92
C01877,Returning,26-35,Male,Manikonda,30,381.28
C01878,Returning,26-35,Female,Manikonda,5,455.68
C01879,Returning,56+,Male,Jubilee Hills,8,560.3
C01880,New,26-35,Male,Hitech City,0,0.0
C01881,Returning,26-35,Male,Kondapur,21,370.97
C01882,Returning,18-25,Unknown,Jubilee Hills,21,371.15
C01883,New,26-35,Unknown,Banjara Hills,0,0.0
C01884,Returning,18-25,Female,Hitech City,29,616.05
C01885,Returning,46-55,Female,Gachibowli,31,347.45
C01886,Returning,26-35,Female,Madhapur,28,576.06
C01887,Returning,46-55,Male,Jubilee Hills,22,490.67
C01888,Returning,18-25,Unknown,Secunderabad,27,450.37
C01889,Returning,36-45,Male,Gachibowli,34,274.16
C01890,Returning,26-35,Unknown,Banjara Hills,27,253.61
C01891,Returning,36-45,Male,Kukatpally,25,473.62
C01892,Returning,36-45,Female,Begumpet,1,120.0
C01893,Returning,18-25,Female,Mehdipatnam,15,352.91
C01894,Returning,36-45,Female,Banjara Hills,9,473.06
C01895,Returning,18-25,Male,Gachibowli,13,200.92
C01896,Returning,26-35,Male,Secunderabad,14,629.66
C01897,Returning,46-55,Unknown,Ameerpet,33,633.86
C01898,New,26-35,Male,Kondapur,0,0.0
C01899,Returning,46-55,Male,Madhapur,12,403.51
C01900,Returning,46-55,Female,Secunderabad,16,401.68
C01901,Returning,26-35,Unknown,Manikonda,10,347.42
C01902,Returning,26-35,Male,Secunderabad,16,354.65
C01903,Returning,18-25,Male,Jubilee Hills,39,481.09
C01904,Returning,18-25,Male,Begumpet,14,634.86
C01905,Returning,36-45,Unknown,Manikonda,10,429.5
C01906,New,36-45,Male,Madhapur,0,0.0
C01907,Returning,18-25,Female,Begumpet,38,436.07
C01908,Returning,26-35,Male,Kukatpally,34,329.13
C01909,Returning,36-45,Male,Ameerpet,11,500.08
C01910,Returning,36-45,Female,Begumpet,38,354.58
C01911,Returning,26-35,Female,Madhapur,16,291.02
C01912,Returning,46-55,Female,Kukatpally,25,503.77
C01913,Returning,26-35,Male,Manikonda,34,176.61
C01914,Returning,26-35,Male,Banjara Hills,11,353.37
C01915,Returning,26-35,Male,Jubilee Hills,34,367.84
C01916,Returning,26-35,Female,Manikonda,18,401.65
C01917,Returning,26-35,Male,Jubilee Hills,2,219.04
C01918,Returning,26-35,Male,Begumpet,36,295.98
C01919,New,18-25,Female,Banjara Hills,0,0.0
C01920,Returning,26-35,Male,Kukatpally,24,497.43
C01921,Returning,26-35,Male,Manikonda,21,404.38
C01922,Returning,36-45,Female,Jubilee Hills,28,392.3
C01923,Returning,26-35,Male,Ameerpet,29,310.65
C01924,Returning,18-25,Female,Begumpet,28,421.95
C01925,Returning,36-45,Male,Secunderabad,27,120.0
C01926,New,26-35,Female,Mehdipatnam,0,0.0
C01927,Returning,26-35,Male,Begumpet,37,544.65
C01928,Returning,26-35,Male,Secunderabad,26,417.04
C01929,Returning,26-35,Female,Gachibowli,5,293.37
C01930,Returning,26-35,Female,Mehdipatnam,5,592.35
C01931,Returning,26-35,Male,Kondapur,31,331.5
C01932,Returning,36-45,Unknown,Begumpet,20,593.78
C01933,Returning,18-25,Female,Jubilee Hills,30,384.42
C01934,Returning,26-35,Female,Kukatpally,36,320.81
C01935,Returning,26-35,Female,Begumpet,33,391.75
C01936,Returning,36-45,Female,Madhapur,6,330.9
C01937,Returning,26-35,Female,Secunderabad,17,397.86
C01938,Returning,18-25,Female,Begumpet,2,483.96
C01939,Returning,26-35,Female,Mehdipatnam,11,386.13
C01940,Returning,26-35,Male,Kukatpally,2,360.39
C01941,Returning,56+,Female,Jubilee Hills,34,417.06
C01942,Returning,26-35,Female,Jubilee Hills,3,470.28
C01943,Returning,18-25,Female,Gachibowli,6,420.03
C01944,Returning,36-45,Female,Jubilee Hills,7,489.95
C01945,Returning,18-25,Male,Ameerpet,4,494.95
C01946,New,26-35,Male,Manikonda,0,0.0
C01947,New,18-25,Unknown,Madhapur,0,0.0
C01948,Returning,26-35,Male,Hitech City,24,421.69
C01949,Returning,18-25,Male,Madhapur,36,566.98
C01950,Returning,46-55,Male,Secunderabad,29,472.23
C01951,Returning,18-25,Unknown,Kukatpally,17,528.06
C01952,New,56+,Male,Secunderabad,0,0.0
C01953,Returning,46-55,Unknown,Gachibowli,26,237.11
C01954,Returning,26-35,Male,Kukatpally,14,362.52
C01955,New,26-35,Male,Madhapur,0,0.0
C01956,Returning,26-35,Unknown,Ameerpet,31,467.5
C01957,Returning,36-45,Male,Kondapur,34,415.58
C01958,Returning,18-25,Unknown,Mehdipatnam,7,609.38
C01959,Returning,26-35,Male,Kukatpally,27,252.97
C01960,Returning,18-25,Male,Madhapur,15,192.72
C01961,Returning,26-35,Unknown,Secunderabad,29,396.73
C01962,Returning,18-25,Male,Jubilee Hills,17,332.6
C01963,New,46-55,Female,Gachibowli,0,0.0
C01964,Returning,26-35,Female,Gachibowli,27,504.66
C01965,Returning,18-25,Male,Madhapur,32,768.15
C01966,New,26-35,Male,Gachibowli,0,0.0
C01967,Returning,18-25,Female,Jubilee Hills,4,282.54
C01968,New,18-25,Male,Manikonda,0,0.0
C01969,Returning,18-25,Male,Banjara Hills,3,230.93
C01970,Returning,36-45,Male,Madhapur,24,322.72
C01971,Returning,18-25,Unknown,Gachibowli,6,584.72
C01972,Returning,46-55,Male,Secunderabad,11,412.47
C01973,Returning,56+,Female,Kondapur,20,416.57
C01974,Returning,46-55,Female,Kondapur,24,561.85
C01975,Returning,18-25,Male,Begumpet,34,201.07
C01976,Returning,36-45,Female,Jubilee Hills,33,435.72
C01977,Returning,26-35,Female,Banjara Hills,5,413.89
C01978,Returning,46-55,Unknown,Hitech City,18,454.42
C01979,Returning,26-35,Male,Banjara Hills,38,292.71
C01980,Returning,26-35,Male,Kondapur,30,365.0
C01981,Returning,26-35,Male,Banjara Hills,28,407.06
C01982,Returning,18-25,Female,Secunderabad,20,514.02
C01983,Returning,26-35,Male,Kondapur,22,327.28
C01984,Returning,36-45,Male,Begumpet,21,498.61
C01985,Returning,36-45,Female,Ameerpet,37,148.74
C01986,New,46-55,Female,Jubilee Hills,0,0.0
C01987,Returning,18-25,Female,Begumpet,14,519.02
C01988,New,36-45,Female,Madhapur,0,0.0
C01989,Returning,26-35,Male,Manikonda,37,382.75
C01990,Returning,36-45,Female,Mehdipatnam,9,419.68
C01991,New,18-25,Male,Banjara Hills,0,0.0
C01992,Returning,26-35,Female,Manikonda,7,573.04
C01993,Returning,26-35,Unknown,Secunderabad,19,444.29
C01994,Returning,36-45,Male,Kondapur,21,391.29
C01995,Returning,26-35,Unknown,Gachibowli,10,395.08
C01996,Returning,36-45,Female,Secunderabad,27,454.68
C01997,Returning,18-25,Female,Madhapur,1,519.26
C01998,Returning,26-35,Female,Hitech City,28,452.61
C01999,New,36-45,Female,Banjara Hills,0,0.0
C02000,New,18-25,Male,Secunderabad,0,0.0
C02001,Returning,46-55,Female,Hitech City,29,319.72
C02002,Returning,26-35,Unknown,Kondapur,14,309.53
C02003,Returning,36-45,Female,Jubilee Hills,33,358.2
C02004,Returning,18-25,Male,Mehdipatnam,6,347.14
C02005,Returning,46-55,Unknown,Hitech City,1,517.35
C02006,Returning,18-25,Unknown,Begumpet,26,268.92
C02007,Returning,26-35,Male,Secunderabad,2,429.08
C02008,Returning,26-35,Female,Hitech City,17,271.38
C02009,Returning,26-35,Male,Hitech City,26,520.5
C02010,New,26-35,Male,Mehdipatnam,0,0.0
C02011,New,26-35,Female,Gachibowli,0,0.0
C02012,Returning,36-45,Female,Ameerpet,9,489.17
C02013,Returning,56+,Female,Kukatpally,1,290.49
C02014,Returning,36-45,Male,Hitech City,38,424.85
C02015,New,36-45,Female,Gachibowli,0,0.0
C02016,Returning,18-25,Female,Secunderabad,19,354.1
C02017,Returning,18-25,Female,Ameerpet,8,290.87
C02018,Returning,18-25,Unknown,Secunderabad,39,381.2
C02019,Returning,18-25,Male,Madhapur,7,431.71
C02020,Returning,36-45,Female,Ameerpet,13,446.87
C02021,Returning,18-25,Female,Ameerpet,16,733.45
C02022,Returning,26-35,Male,Secunderabad,9,399.61
C02023,Returning,26-35,Unknown,Banjara Hills,24,431.08
C02024,New,18-25,Female,Kukatpally,0,0.0
C02025,Returning,26-35,Female,Kukatpally,1,388.12
C02026,Returning,26-35,Unknown,Begumpet,36,382.15
C02027,New,26-35,Female,Mehdipatnam,0,0.0
C02028,New,18-25,Female,Ameerpet,0,0.0
C02029,Returning,18-25,Female,Begumpet,2,512.53
C02030,Returning,46-55,Female,Kukatpally,34,474.0
C02031,Returning,36-45,Female,Kondapur,16,309.37
C02032,New,36-45,Male,Secunderabad,0,0.0
C02033,New,26-35,Male,Kondapur,0,0.0
C02034,Returning,46-55,Unknown,Kondapur,36,385.82
C02035,Returning,36-45,Female,Kondapur,34,391.32
C02036,Returning,26-35,Male,Hitech City,37,408.39
C02037,New,26-35,Female,Kukatpally,0,0.0
C02038,New,36-45,Female,Jubilee Hills,0,0.0
C02039,Returning,18-25,Female,Mehdipatnam,11,352.62
C02040,Returning,26-35,Female,Begumpet,37,414.33
C02041,New,46-55,Unknown,Jubilee Hills,0,0.0
C02042,Returning,46-55,Male,Hitech City,8,300.73
C02043,Returning,46-55,Male,Hitech City,20,502.43
C02044,Returning,26-35,Female,Gachibowli,18,389.47
C02045,Returning,18-25,Male,Hitech City,5,884.86
C02046,Returning,26-35,Female,Hitech City,18,499.07
C02047,New,26-35,Female,Banjara Hills,0,0.0
C02048,Returning,26-35,Female,Ameerpet,10,406.82
C02049,Returning,36-45,Female,Kondapur,35,230.46
C02050,New,56+,Male,Ameerpet,0,0.0
C02051,Returning,26-35,Male,Ameerpet,11,671.18
C02052,Returning,26-35,Female,Begumpet,30,465.38
C02053,New,18-25,Male,Banjara Hills,0,0.0
C02054,New,36-45,Female,Mehdipatnam,0,0.0
C02055,Returning,26-35,Male,Manikonda,1,426.07
C02056,Returning,18-25,Unknown,Hitech City,19,301.94
C02057,Returning,26-35,Female,Kukatpally,18,433.81
C02058,Returning,26-35,Female,Kondapur,21,484.02
C02059,New,36-45,Female,Kukatpally,0,0.0
C02060,Returning,18-25,Male,Begumpet,8,390.74
C02061,New,26-35,Female,Mehdipatnam,0,0.0
C02062,Returning,26-35,Female,Kukatpally,26,210.61
C02063,New,18-25,Male,Kukatpally,0,0.0
C02064,New,18-25,Male,Jubilee Hills,0,0.0
C02065,Returning,26-35,Female,Hitech City,32,651.93
C02066,Returning,26-35,Male,Manikonda,23,259.79
C02067,Returning,26-35,Unknown,Begumpet,28,410.03
C02068,Returning,36-45,Female,Ameerpet,23,378.84
C02069,Returning,46-55,Female,Madhapur,19,553.12
C02070,New,18-25,Male,Manikonda,0,0.0
C02071,Returning,56+,Female,Banjara Hills,4,430.86
C02072,New,26-35,Male,Hitech City,0,0.0
C02073,Returning,36-45,Male,Banjara Hills,28,364.24
C02074,Returning,26-35,Male,Begumpet,37,541.62
C02075,New,36-45,Male,Manikonda,0,0.0
C02076,New,36-45,Female,Madhapur,0,0.0
C02077,Returning,18-25,Male,Mehdipatnam,21,443.76
C02078,Returning,46-55,Female,Banjara Hills,11,449.57
C02079,Returning,18-25,Male,Mehdipatnam,26,279.71
C02080,Returning,26-35,Unknown,Jubilee Hills,10,229.62
C02081,New,18-25,Female,Manikonda,0,0.0
C02082,Returning,26-35,Female,Madhapur,31,481.64
C02083,Returning,18-25,Unknown,Gachibowli,34,154.38
C02084,Returning,26-35,Female,Begumpet,30,590.13
C02085,New,36-45,Unknown,Jubilee Hills,0,0.0
C02086,Returning,26-35,Female,Mehdipatnam,31,254.18
C02087,Returning,36-45,Male,Kondapur,22,463.66
C02088,Returning,26-35,Female,Jubilee Hills,33,267.01
C02089,Returning,36-45,Female,Madhapur,27,425.57
C02090,Returning,26-35,Male,Gachibowli,23,387.62
C02091,Returning,46-55,Male,Jubilee Hills,25,569.13
C02092,Returning,18-25,Male,Gachibowli,36,532.08
C02093,Returning,46-55,Male,Manikonda,39,536.84
C02094,Returning,18-25,Female,Ameerpet,26,363.5
C02095,New,46-55,Male,Secunderabad,0,0.0
C02096,Returning,18-25,Female,Madhapur,25,411.9
C02097,New,36-45,Male,Banjara Hills,0,0.0
C02098,Returning,18-25,Female,Secunderabad,33,475.39
C02099,Returning,36-45,Female,Ameerpet,32,454.45
C02100,New,18-25,Female,Secunderabad,0,0.0
C02101,Returning,18-25,Male,Madhapur,9,500.48
C02102,Returning,46-55,Male,Begumpet,30,224.27
C02103,New,26-35,Unknown,Secunderabad,0,0.0
C02104,Returning,46-55,Female,Manikonda,37,411.93
C02105,Returning,36-45,Female,Kondapur,12,429.88
C02106,Returning,18-25,Male,Banjara Hills,16,285.36
C02107,Returning,18-25,Female,Gachibowli,23,543.85
C02108,Returning,36-45,Female,Madhapur,30,402.08
C02109,Returning,46-55,Female,Jubilee Hills,3,525.36
C02110,Returning,18-25,Male,Kondapur,12,330.09
C02111,New,46-55,Female,Kukatpally,0,0.0
C02112,New,18-25,Female,Manikonda,0,0.0
C02113,Returning,36-45,Unknown,Hitech City,19,547.55
C02114,Returning,36-45,Female,Gachibowli,35,257.42
C02115,Returning,26-35,Female,Kukatpally,23,348.91
C02116,Returning,26-35,Female,Gachibowli,38,358.26
C02117,Returning,26-35,Male,Banjara Hills,31,387.05
C02118,Returning,26-35,Male,Begumpet,37,363.98
C02119,Returning,26-35,Female,Kukatpally,25,553.47
C02120,Returning,18-25,Female,Secunderabad,30,508.07
C02121,Returning,18-25,Male,Madhapur,23,423.35
C02122,Returning,26-35,Female,Mehdipatnam,34,524.77
C02123,Returning,18-25,Female,Gachibowli,11,547.82
C02124,New,18-25,Male,Manikonda,0,0.0
C02125,New,26-35,Female,Hitech City,0,0.0
C02126,New,18-25,Female,Jubilee Hills,0,0.0
C02127,New,46-55,Unknown,Hitech City,0,0.0
C02128,Returning,26-35,Female,Jubilee Hills,10,127.5
C02129,Returning,36-45,Male,Hitech City,14,343.66
C02130,Returning,18-25,Male,Madhapur,1,517.28
C02131,Returning,36-45,Unknown,Kukatpally,33,320.99
C02132,New,56+,Female,Mehdipatnam,0,0.0
C02133,Returning,36-45,Male,Jubilee Hills,21,448.43
C02134,Returning,36-45,Male,Banjara Hills,30,265.59
C02135,Returning,26-35,Female,Madhapur,27,363.24
C02136,Returning,26-35,Female,Gachibowli,29,466.67
C02137,Returning,46-55,Male,Secunderabad,14,309.81
C02138,New,18-25,Female,Jubilee Hills,0,0.0
C02139,Returning,26-35,Unknown,Kondapur,1,459.07
C02140,Returning,36-45,Male,Banjara Hills,26,382.9
C02141,Returning,26-35,Male,Begumpet,5,468.92
C02142,Returning,26-35,Male,Gachibowli,29,376.0
C02143,Returning,18-25,Male,Secunderabad,28,447.68
C02144,Returning,36-45,Female,Hitech City,21,297.21
C02145,Returning,18-25,Male,Kukatpally,11,595.5
C02146,Returning,26-35,Female,Manikonda,26,387.79
C02147,Returning,18-25,Male,Madhapur,11,564.22
C02148,Returning,36-45,Female,Banjara Hills,9,685.8
C02149,Returning,26-35,Female,Hitech City,27,616.02
C02150,Returning,56+,Unknown,Jubilee Hills,21,418.43
C02151,Returning,36-45,Female,Kondapur,7,440.02
C02152,Returning,46-55,Female,Mehdipatnam,25,415.26
C02153,Returning,36-45,Unknown,Kondapur,30,459.15
C02154,Returning,18-25,Male,Hitech City,23,318.32
C02155,Returning,26-35,Female,Begumpet,14,196.33
C02156,Returning,26-35,Male,Kondapur,11,460.44
C02157,Returning,18-25,Male,Manikonda,4,426.49
C02158,Returning,26-35,Male,Banjara Hills,5,610.79
C02159,Returning,36-45,Male,Madhapur,33,644.88
C02160,Returning,26-35,Male,Kondapur,26,251.16
C02161,Returning,18-25,Male,Secunderabad,31,305.54
C02162,New,36-45,Male,Kukatpally,0,0.0
C02163,Returning,56+,Female,Secunderabad,25,566.76
C02164,Returning,26-35,Female,Ameerpet,31,436.36
C02165,New,18-25,Female,Kondapur,0,0.0
C02166,Returning,36-45,Male,Banjara Hills,8,191.86
C02167,Returning,26-35,Male,Madhapur,25,704.48
C02168,Returning,36-45,Male,Ameerpet,31,334.06
C02169,New,26-35,Unknown,Madhapur,0,0.0
C02170,Returning,46-55,Male,Banjara Hills,14,463.26
C02171,Returning,18-25,Female,Ameerpet,11,309.55
C02172,Returning,36-45,Female,Jubilee Hills,36,526.9
C02173,Returning,26-35,Male,Hitech City,22,601.93
C02174,Returning,36-45,Female,Jubilee Hills,9,414.81
C02175,Returning,18-25,Female,Mehdipatnam,4,438.73
C02176,New,26-35,Female,Kukatpally,0,0.0
C02177,New,26-35,Female,Gachibowli,0,0.0
C02178,Returning,36-45,Male,Gachibowli,27,528.13
C02179,Returning,18-25,Male,Begumpet,30,310.47
C02180,Returning,18-25,Male,Banjara Hills,31,304.88
C02181,Returning,46-55,Female,Banjara Hills,24,352.23
C02182,Returning,36-45,Male,Begumpet,14,120.0
C02183,Returning,26-35,Female,Madhapur,10,256.6
C02184,Returning,26-35,Female,Mehdipatnam,19,396.6
C02185,Returning,26-35,Male,Jubilee Hills,29,337.96
C02186,New,18-25,Female,Manikonda,0,0.0
C02187,Returning,18-25,Male,Mehdipatnam,19,530.42
C02188,Returning,56+,Female,Madhapur,12,462.4
C02189,Returning,18-25,Male,Jubilee Hills,33,522.78
C02190,Returning,36-45,Unknown,Ameerpet,16,399.77
C02191,Returning,36-45,Female,Begumpet,6,368.97
C02192,Returning,36-45,Unknown,Madhapur,23,313.26
C02193,Returning,26-35,Male,Kondapur,5,451.16
C02194,Returning,18-25,Male,Hitech City,12,196.2
C02195,Returning,26-35,Male,Kondapur,11,312.39
C02196,New,56+,Female,Ameerpet,0,0.0
C02197,Returning,26-35,Male,Jubilee Hills,26,526.16
C02198,Returning,18-25,Male,Kukatpally,36,412.65
C02199,New,26-35,Male,Hitech City,0,0.0
C02200,New,18-25,Female,Banjara Hills,0,0.0
C02201,Returning,26-35,Female,Madhapur,13,329.21
C02202,Returning,36-45,Female,Gachibowli,39,405.12
C02203,Returning,26-35,Male,Kukatpally,32,300.37
C02204,New,26-35,Female,Manikonda,0,0.0
C02205,Returning,36-45,Unknown,Secunderabad,12,605.74
C02206,Returning,18-25,Male,Ameerpet,18,315.62
C02207,New,18-25,Female,Gachibowli,0,0.0
C02208,Returning,56+,Male,Madhapur,34,413.99
C02209,Returning,46-55,Female,Kondapur,25,498.23
C02210,New,46-55,Female,Kondapur,0,0.0
C02211,Returning,26-35,Male,Kukatpally,30,413.22
C02212,Returning,26-35,Male,Madhapur,22,266.53
C02213,Returning,18-25,Female,Jubilee Hills,3,457.03
C02214,Returning,26-35,Unknown,Jubilee Hills,14,453.32
C02215,New,18-25,Male,Madhapur,0,0.0
C02216,Returning,26-35,Female,Kondapur,12,387.98
C02217,Returning,26-35,Male,Kondapur,8,383.39
C02218,New,18-25,Female,Mehdipatnam,0,0.0
C02219,Returning,18-25,Male,Secunderabad,37,447.97
C02220,Returning,26-35,Male,Mehdipatnam,2,551.06
C02221,Returning,18-25,Male,Ameerpet,3,545.81
C02222,Returning,18-25,Male,Gachibowli,34,309.61
C02223,New,18-25,Female,Manikonda,0,0.0
C02224,Returning,36-45,Male,Manikonda,4,506.12
C02225,Returning,36-45,Female,Secunderabad,19,379.02
C02226,Returning,26-35,Male,Kondapur,27,376.84
C02227,Returning,18-25,Male,Begumpet,14,693.76
C02228,Returning,26-35,Male,Begumpet,12,120.0
C02229,Returning,18-25,Unknown,Kukatpally,14,339.09
C02230,Returning,26-35,Female,Mehdipatnam,21,316.21
C02231,Returning,26-35,Male,Ameerpet,14,413.72
C02232,Returning,18-25,Male,Kukatpally,37,632.21
C02233,Returning,26-35,Male,Ameerpet,31,402.28
C02234,New,26-35,Male,Kondapur,0,0.0
C02235,Returning,18-25,Male,Hitech City,10,439.83
C02236,Returning,18-25,Female,Secunderabad,4,382.36
C02237,New,26-35,Female,Secunderabad,0,0.0
C02238,Returning,46-55,Male,Secunderabad,12,735.72
C02239,Returning,18-25,Male,Hitech City,20,334.69
C02240,Returning,26-35,Unknown,Kondapur,20,394.67
C02241,Returning,26-35,Male,Madhapur,25,411.08
C02242,Returning,26-35,Male,Hitech City,28,159.07
C02243,Returning,46-55,Unknown,Mehdipatnam,7,495.17
C02244,Returning,36-45,Female,Hitech City,1,412.36
C02245,Returning,26-35,Female,Kondapur,28,176.56
C02246,Returning,26-35,Male,Ameerpet,34,386.62
C02247,Returning,56+,Female,Jubilee Hills,32,440.53
C02248,Returning,46-55,Female,Ameerpet,33,309.08
C02249,Returning,26-35,Female,Ameerpet,3,555.1
C02250,Returning,26-35,Unknown,Mehdipatnam,38,346.24
C02251,Returning,26-35,Female,Banjara Hills,11,234.74
C02252,Returning,18-25,Female,Secunderabad,8,519.65
C02253,Returning,56+,Unknown,Begumpet,30,403.09
C02254,Returning,18-25,Male,Ameerpet,9,437.32
C02255,Returning,18-25,Female,Ameerpet,22,219.93
C02256,Returning,18-25,Female,Hitech City,33,248.45
C02257,New,46-55,Female,Hitech City,0,0.0
C02258,Returning,46-55,Female,Secunderabad,21,400.82
C02259,New,36-45,Male,Kukatpally,0,0.0
C02260,New,26-35,Female,Jubilee Hills,0,0.0
C02261,Returning,26-35,Female,Ameerpet,12,610.95
C02262,New,26-35,Male,Kukatpally,0,0.0
C02263,Returning,46-55,Male,Kukatpally,18,408.09
C02264,New,26-35,Female,Manikonda,0,0.0
C02265,Returning,46-55,Male,Gachibowli,25,427.23
C02266,New,36-45,Male,Gachibowli,0,0.0
C02267,Returning,36-45,Male,Mehdipatnam,13,359.57
C02268,Returning,36-45,Male,Begumpet,29,407.28
C02269,Returning,36-45,Male,Begumpet,39,385.58
C02270,Returning,36-45,Male,Begumpet,14,333.93
C02271,Returning,36-45,Male,Begumpet,24,466.41
C02272,New,26-35,Male,Madhapur,0,0.0
C02273,Returning,26-35,Female,Secunderabad,4,406.36
C02274,Returning,18-25,Female,Secunderabad,20,471.12
C02275,Returning,46-55,Female,Secunderabad,10,681.75
C02276,Returning,26-35,Unknown,Madhapur,21,183.6
C02277,New,18-25,Male,Jubilee Hills,0,0.0
C02278,New,26-35,Female,Jubilee Hills,0,0.0
C02279,Returning,46-55,Male,Kondapur,5,377.05
C02280,Returning,46-55,Female,Hitech City,16,528.0
C02281,Returning,46-55,Male,Kukatpally,29,485.79
C02282,New,46-55,Female,Gachibowli,0,0.0
C02283,Returning,18-25,Female,Gachibowli,7,367.93
C02284,New,26-35,Female,Begumpet,0,0.0
C02285,Returning,36-45,Male,Mehdipatnam,7,391.8
C02286,Returning,36-45,Male,Banjara Hills,18,297.26
C02287,Returning,26-35,Female,Gachibowli,10,442.39
C02288,New,18-25,Female,Madhapur,0,0.0
C02289,Returning,46-55,Male,Hitech City,35,304.4
C02290,New,36-45,Male,Hitech City,0,0.0
C02291,Returning,46-55,Female,Gachibowli,35,556.55
C02292,Returning,26-35,Unknown,Manikonda,37,349.96
C02293,Returning,26-35,Male,Madhapur,26,310.0
C02294,Returning,46-55,Female,Begumpet,25,518.34
C02295,Returning,36-45,Female,Manikonda,30,368.03
C02296,Returning,36-45,Male,Manikonda,5,461.43
C02297,Returning,18-25,Female,Kukatpally,24,397.74
C02298,Returning,18-25,Female,Begumpet,17,464.63
C02299,Returning,36-45,Male,Jubilee Hills,21,443.42
C02300,Returning,46-55,Male,Ameerpet,19,151.59
C02301,Returning,26-35,Male,Jubilee Hills,34,602.02
C02302,New,46-55,Unknown,Kondapur,0,0.0
C02303,Returning,18-25,Unknown,Gachibowli,31,239.14
C02304,Returning,26-35,Unknown,Ameerpet,38,530.31
C02305,Returning,26-35,Male,Madhapur,34,391.77
C02306,Returning,26-35,Female,Manikonda,36,434.19
C02307,New,18-25,Female,Begumpet,0,0.0
C02308,Returning,26-35,Female,Madhapur,4,543.15
C02309,New,26-35,Female,Banjara Hills,0,0.0
C02310,Returning,26-35,Female,Madhapur,22,668.68
C02311,Returning,18-25,Male,Kukatpally,4,554.88
C02312,Returning,26-35,Male,Mehdipatnam,13,345.37
C02313,Returning,18-25,Male,Begumpet,6,261.41
C02314,Returning,56+,Female,Madhapur,9,523.58
C02315,Returning,26-35,Male,Secunderabad,20,207.98
C02316,Returning,18-25,Unknown,Hitech City,11,376.44
C02317,Returning,26-35,Male,Banjara Hills,22,375.3
C02318,Returning,26-35,Female,Jubilee Hills,3,332.79
C02319,Returning,26-35,Unknown,Begumpet,30,587.65
C02320,Returning,36-45,Female,Hitech City,27,459.67
C02321,New,18-25,Unknown,Gachibowli,0,0.0
C02322,Returning,26-35,Unknown,Begumpet,15,530.83
C02323,New,26-35,Female,Kondapur,0,0.0
C02324,New,56+,Male,Madhapur,0,0.0
C02325,Returning,46-55,Female,Secunderabad,13,673.04
C02326,Returning,26-35,Female,Begumpet,32,403.83
C02327,Returning,26-35,Male,Gachibowli,38,399.57
C02328,New,18-25,Male,Secunderabad,0,0.0
C02329,Returning,36-45,Male,Banjara Hills,19,177.28
C02330,Returning,26-35,Female,Secunderabad,14,264.68
C02331,New,26-35,Male,Ameerpet,0,0.0
C02332,Returning,36-45,Female,Banjara Hills,6,219.81
C02333,Returning,26-35,Male,Mehdipatnam,3,419.35
C02334,Returning,36-45,Female,Secunderabad,26,456.49
C02335,Returning,26-35,Female,Ameerpet,24,416.34
C02336,Returning,26-35,Unknown,Manikonda,27,416.32
C02337,Returning,46-55,Male,Manikonda,34,533.05
C02338,Returning,26-35,Female,Jubilee Hills,31,552.58
C02339,New,56+,Male,Secunderabad,0,0.0
C02340,Returning,18-25,Male,Madhapur,6,402.14
C02341,New,46-55,Male,Secunderabad,0,0.0
C02342,New,18-25,Male,Jubilee Hills,0,0.0
C02343,Returning,36-45,Female,Madhapur,24,470.57
C02344,Returning,26-35,Female,Begumpet,35,582.97
C02345,Returning,18-25,Male,Gachibowli,29,361.01
C02346,Returning,26-35,Male,Hitech City,24,414.16
C02347,Returning,26-35,Male,Ameerpet,33,340.39
C02348,Returning,26-35,Female,Begumpet,4,417.07
C02349,Returning,26-35,Male,Gachibowli,16,472.42
C02350,Returning,18-25,Male,Begumpet,28,364.28
C02351,Returning,56+,Unknown,Kondapur,39,662.36
C02352,Returning,26-35,Female,Hitech City,3,235.97
C02353,New,36-45,Male,Madhapur,0,0.0
C02354,Returning,46-55,Female,Jubilee Hills,25,285.14
C02355,Returning,56+,Male,Kondapur,27,456.37
C02356,Returning,18-25,Female,Jubilee Hills,22,324.37
C02357,New,46-55,Female,Banjara Hills,0,0.0
C02358,Returning,26-35,Female,Manikonda,28,428.56
C02359,New,36-45,Male,Ameerpet,0,0.0
C02360,New,26-35,Male,Kondapur,0,0.0
C02361,Returning,18-25,Unknown,Kondapur,2,331.45
C02362,Returning,26-35,Female,Ameerpet,36,422.12
C02363,Returning,46-55,Unknown,Kondapur,33,519.91
C02364,Returning,26-35,Male,Mehdipatnam,37,618.31
C02365,Returning,56+,Male,Hitech City,7,206.66
C02366,Returning,36-45,Female,Hitech City,39,475.94
C02367,New,18-25,Female,Gachibowli,0,0.0
C02368,Returning,46-55,Female,Kondapur,30,420.89
C02369,Returning,18-25,Male,Mehdipatnam,26,458.93
C02370,Returning,18-25,Unknown,Manikonda,13,517.45
C02371,New,26-35,Male,Kukatpally,0,0.0
C02372,Returning,46-55,Female,Kondapur,39,416.5
C02373,Returning,18-25,Female,Madhapur,37,612.42
C02374,Returning,26-35,Female,Mehdipatnam,24,454.1
C02375,Returning,18-25,Female,Ameerpet,23,418.78
C02376,New,18-25,Female,Secunderabad,0,0.0
C02377,New,26-35,Female,Banjara Hills,0,0.0
C02378,Returning,26-35,Male,Mehdipatnam,26,303.22
C02379,Returning,26-35,Female,Ameerpet,9,598.91
C02380,Returning,18-25,Male,Banjara Hills,9,394.73
C02381,Returning,26-35,Male,Ameerpet,38,198.83
C02382,Returning,26-35,Male,Jubilee Hills,34,517.79
C02383,New,46-55,Male,Ameerpet,0,0.0
C02384,Returning,26-35,Male,Banjara Hills,26,323.38
C02385,Returning,36-45,Male,Mehdipatnam,16,257.7
C02386,Returning,26-35,Male,Madhapur,9,412.51
C02387,Returning,36-45,Male,Secunderabad,23,463.02
C02388,Returning,26-35,Male,Manikonda,15,345.09
C02389,Returning,56+,Male,Ameerpet,33,305.87
C02390,Returning,36-45,Female,Mehdipatnam,6,483.35
C02391,Returning,26-35,Female,Madhapur,28,484.2
C02392,Returning,26-35,Male,Mehdipatnam,17,222.88
C02393,Returning,46-55,Male,Mehdipatnam,36,280.82
C02394,Returning,26-35,Female,Gachibowli,39,378.47
C02395,Returning,46-55,Male,Secunderabad,21,340.87
C02396,Returning,26-35,Male,Hitech City,15,444.63
C02397,New,46-55,Male,Ameerpet,0,0.0
C02398,Returning,18-25,Female,Begumpet,16,646.78
C02399,Returning,36-45,Female,Hitech City,17,462.51
C02400,Returning,26-35,Unknown,Banjara Hills,32,531.7
C02401,New,18-25,Female,Mehdipatnam,0,0.0
C02402,Returning,26-35,Female,Begumpet,4,332.86
C02403,Returning,18-25,Male,Kukatpally,9,548.19
C02404,Returning,18-25,Male,Ameerpet,5,238.84
C02405,Returning,46-55,Female,Kukatpally,2,582.81
C02406,New,26-35,Female,Jubilee Hills,0,0.0
C02407,Returning,26-35,Female,Ameerpet,3,434.35
C02408,Returning,18-25,Unknown,Hitech City,6,403.08
C02409,Returning,18-25,Female,Kondapur,2,274.46
C02410,Returning,18-25,Female,Kukatpally,24,284.76
C02411,Returning,26-35,Female,Kukatpally,7,352.6
C02412,Returning,18-25,Male,Hitech City,32,364.67
C02413,Returning,18-25,Unknown,Secunderabad,26,568.97
C02414,Returning,26-35,Unknown,Ameerpet,22,292.06
C02415,Returning,46-55,Female,Kukatpally,8,340.52
C02416,Returning,46-55,Male,Kukatpally,4,203.29
C02417,Returning,46-55,Female,Kukatpally,38,437.54
C02418,Returning,18-25,Female,Begumpet,9,417.05
C02419,Returning,18-25,Female,Secunderabad,17,551.99
C02420,Returning,46-55,Female,Banjara Hills,22,653.45
C02421,Returning,36-45,Female,Manikonda,23,483.35
C02422,Returning,26-35,Female,Madhapur,38,312.1
C02423,Returning,26-35,Female,Gachibowli,7,445.06
C02424,Returning,46-55,Male,Begumpet,26,452.23
C02425,Returning,36-45,Female,Banjara Hills,25,410.05
C02426,Returning,46-55,Female,Kukatpally,28,284.31
C02427,Returning,26-35,Female,Kondapur,39,459.66
C02428,Returning,18-25,Male,Jubilee Hills,24,268.33
C02429,Returning,26-35,Female,Mehdipatnam,32,406.83
C02430,Returning,18-25,Male,Madhapur,13,379.98
C02431,New,18-25,Female,Secunderabad,0,0.0
C02432,Returning,18-25,Unknown,Manikonda,24,492.07
C02433,New,26-35,Female,Kondapur,0,0.0
C02434,Returning,18-25,Female,Banjara Hills,1,372.24
C02435,Returning,26-35,Female,Madhapur,19,341.07
C02436,New,36-45,Male,Manikonda,0,0.0
C02437,Returning,36-45,Female,Jubilee Hills,32,256.0
C02438,Returning,18-25,Female,Banjara Hills,32,419.65
C02439,Returning,46-55,Female,Kukatpally,24,446.87
C02440,Returning,36-45,Male,Gachibowli,8,348.14
C02441,Returning,46-55,Male,Mehdipatnam,21,408.17
C02442,New,18-25,Female,Secunderabad,0,0.0
C02443,Returning,36-45,Male,Begumpet,2,345.96
C02444,Returning,26-35,Female,Kondapur,29,498.84
C02445,Returning,36-45,Male,Manikonda,18,309.81
C02446,New,46-55,Male,Manikonda,0,0.0
C02447,Returning,18-25,Male,Manikonda,14,331.43
C02448,Returning,46-55,Male,Hitech City,34,479.73
C02449,Returning,46-55,Male,Hitech City,11,371.14
C02450,Returning,36-45,Unknown,Jubilee Hills,10,312.43
C02451,New,26-35,Female,Kukatpally,0,0.0
C02452,Returning,26-35,Male,Begumpet,38,170.14
C02453,Returning,18-25,Female,Begumpet,16,183.33
C02454,Returning,36-45,Female,Kukatpally,14,452.67
C02455,Returning,26-35,Unknown,Mehdipatnam,11,645.98
C02456,Returning,26-35,Female,Secunderabad,24,356.86
C02457,Returning,36-45,Female,Ameerpet,4,458.72
C02458,Returning,18-25,Female,Madhapur,37,246.43
C02459,Returning,18-25,Male,Banjara Hills,6,432.24
C02460,Returning,18-25,Female,Gachibowli,32,441.29
C02461,Returning,18-25,Male,Kukatpally,35,487.74
C02462,New,36-45,Female,Banjara Hills,0,0.0
C02463,Returning,18-25,Female,Kukatpally,21,654.99
C02464,Returning,26-35,Male,Hitech City,8,299.34
C02465,New,36-45,Male,Banjara Hills,0,0.0
C02466,Returning,26-35,Female,Jubilee Hills,24,285.06
C02467,Returning,46-55,Male,Mehdipatnam,27,514.52
C02468,New,46-55,Male,Madhapur,0,0.0
C02469,Returning,26-35,Female,Mehdipatnam,25,684.44
C02470,Returning,26-35,Male,Banjara Hills,3,403.24
C02471,Returning,36-45,Unknown,Mehdipatnam,1,214.77
C02472,New,56+,Female,Gachibowli,0,0.0
C02473,Returning,36-45,Male,Ameerpet,8,330.34
C02474,Returning,26-35,Female,Manikonda,36,285.48
C02475,Returning,18-25,Female,Secunderabad,28,345.42
C02476,New,36-45,Female,Jubilee Hills,0,0.0
C02477,Returning,36-45,Male,Banjara Hills,27,511.81
C02478,Returning,36-45,Male,Hitech City,8,441.1
C02479,Returning,26-35,Male,Banjara Hills,30,502.16
C02480,Returning,46-55,Female,Kondapur,26,523.89
C02481,Returning,26-35,Female,Secunderabad,32,370.4
C02482,Returning,26-35,Unknown,Manikonda,18,504.86
C02483,New,26-35,Female,Begumpet,0,0.0
C02484,Returning,18-25,Male,Banjara Hills,36,646.94
C02485,Returning,36-45,Male,Mehdipatnam,14,439.13
C02486,Returning,26-35,Male,Secunderabad,20,386.16
C02487,Returning,46-55,Male,Kukatpally,27,303.8
C02488,Returning,26-35,Female,Manikonda,2,369.95
C02489,Returning,26-35,Female,Manikonda,21,419.66
C02490,Returning,36-45,Female,Ameerpet,7,449.51
C02491,Returning,26-35,Male,Secunderabad,26,252.93
C02492,Returning,56+,Unknown,Kondapur,7,368.84
C02493,Returning,26-35,Male,Jubilee Hills,3,393.87
C02494,Returning,46-55,Male,Madhapur,38,345.66
C02495,Returning,18-25,Male,Begumpet,10,343.41
C02496,New,18-25,Male,Mehdipatnam,0,0.0
C02497,Returning,18-25,Male,Begumpet,22,298.72
C02498,Returning,46-55,Female,Madhapur,14,476.72
C02499,Returning,26-35,Female,Begumpet,22,286.13
C02500,Returning,36-45,Male,Manikonda,39,445.24
C02501,Returning,26-35,Male,Secunderabad,2,281.86
C02502,Returning,56+,Male,Mehdipatnam,9,563.95
C02503,Returning,36-45,Male,Gachibowli,15,509.9
C02504,Returning,26-35,Male,Kukatpally,25,583.91
C02505,Returning,18-25,Male,Manikonda,20,315.48
C02506,Returning,26-35,Male,Gachibowli,37,256.45
C02507,Returning,26-35,Male,Kukatpally,7,256.31
C02508,New,26-35,Male,Begumpet,0,0.0
C02509,New,36-45,Female,Secunderabad,0,0.0
C02510,Returning,36-45,Male,Kondapur,7,505.91
C02511,Returning,36-45,Female,Madhapur,17,501.68
C02512,Returning,18-25,Male,Kukatpally,19,267.03
C02513,Returning,18-25,Female,Secunderabad,37,552.27
C02514,Returning,36-45,Female,Banjara Hills,10,508.96
C02515,Returning,36-45,Male,Kondapur,19,351.47
C02516,Returning,36-45,Male,Begumpet,28,120.0
C02517,Returning,46-55,Male,Begumpet,25,320.7
C02518,Returning,26-35,Unknown,Begumpet,10,402.4
C02519,New,18-25,Male,Kondapur,0,0.0
C02520,Returning,26-35,Male,Secunderabad,7,445.38
C02521,Returning,26-35,Female,Begumpet,16,410.75
C02522,Returning,18-25,Male,Hitech City,11,614.7
C02523,Returning,36-45,Female,Kondapur,21,610.59
C02524,Returning,26-35,Female,Begumpet,6,465.46
C02525,Returning,36-45,Unknown,Secunderabad,2,495.47
C02526,Returning,46-55,Female,Kondapur,28,573.35
C02527,Returning,26-35,Female,Hitech City,28,329.96
C02528,New,46-55,Male,Kondapur,0,0.0
C02529,New,36-45,Male,Mehdipatnam,0,0.0
C02530,Returning,26-35,Male,Kondapur,16,299.53
C02531,Returning,26-35,Male,Ameerpet,4,480.42
C02532,Returning,26-35,Male,Kondapur,11,555.51
C02533,Returning,26-35,Male,Mehdipatnam,11,650.18
C02534,New,36-45,Male,Kukatpally,0,0.0
C02535,Returning,26-35,Male,Banjara Hills,27,559.88
C02536,Returning,26-35,Male,Gachibowli,12,397.2
C02537,Returning,36-45,Unknown,Mehdipatnam,24,233.37
C02538,Returning,26-35,Male,Mehdipatnam,14,340.74
C02539,Returning,18-25,Male,Manikonda,20,468.87
C02540,Returning,36-45,Female,Madhapur,28,346.24
C02541,Returning,26-35,Female,Manikonda,22,656.76
C02542,Returning,46-55,Female,Mehdipatnam,7,570.43
C02543,Returning,46-55,Male,Hitech City,39,395.29
C02544,Returning,18-25,Female,Manikonda,27,634.47
C02545,New,26-35,Male,Jubilee Hills,0,0.0
C02546,New,36-45,Female,Hitech City,0,0.0
C02547,Returning,18-25,Male,Madhapur,13,397.81
C02548,New,36-45,Unknown,Hitech City,0,0.0
C02549,New,36-45,Male,Ameerpet,0,0.0
C02550,Returning,56+,Male,Manikonda,5,421.82
C02551,Returning,26-35,Female,Mehdipatnam,17,562.58
C02552,Returning,36-45,Male,Banjara Hills,36,657.36
C02553,Returning,26-35,Unknown,Jubilee Hills,37,435.92
C02554,Returning,36-45,Unknown,Manikonda,2,457.32
C02555,Returning,46-55,Female,Ameerpet,23,311.14
C02556,Returning,26-35,Male,Kukatpally,11,394.26
C02557,Returning,18-25,Male,Manikonda,7,482.04
C02558,New,36-45,Male,Manikonda,0,0.0
C02559,Returning,18-25,Female,Begumpet,5,366.83
C02560,Returning,26-35,Male,Hitech City,4,282.06
C02561,Returning,46-55,Female,Kondapur,4,445.26
C02562,Returning,46-55,Male,Mehdipatnam,9,531.25
C02563,Returning,36-45,Female,Hitech City,12,462.77
C02564,New,18-25,Female,Secunderabad,0,0.0
C02565,Returning,56+,Female,Hitech City,9,295.43
C02566,New,26-35,Female,Secunderabad,0,0.0
C02567,Returning,26-35,Male,Begumpet,32,422.93
C02568,Returning,18-25,Female,Kondapur,5,609.31
C02569,Returning,18-25,Female,Madhapur,6,387.55
C02570,Returning,18-25,Female,Mehdipatnam,37,412.46
C02571,New,26-35,Unknown,Gachibowli,0,0.0
C02572,Returning,26-35,Male,Madhapur,5,280.83
C02573,Returning,26-35,Male,Gachibowli,5,553.01
C02574,Returning,36-45,Male,Madhapur,23,508.77
C02575,Returning,18-25,Male,Madhapur,1,237.6
C02576,Returning,26-35,Female,Ameerpet,31,266.77
C02577,New,36-45,Male,Banjara Hills,0,0.0
C02578,Returning,36-45,Female,Mehdipatnam,22,311.56
C02579,Returning,36-45,Male,Secunderabad,34,415.12
C02580,Returning,26-35,Female,Banjara Hills,20,293.02
C02581,Returning,18-25,Male,Hitech City,34,460.75
C02582,Returning,26-35,Male,Madhapur,18,323.34
C02583,Returning,36-45,Female,Jubilee Hills,12,345.93
C02584,Returning,36-45,Female,Banjara Hills,10,282.73
C02585,Returning,26-35,Male,Kukatpally,1,656.68
C02586,Returning,46-55,Male,Manikonda,39,743.69
C02587,Returning,26-35,Male,Kondapur,1,448.57
C02588,Returning,46-55,Unknown,Manikonda,16,504.14
C02589,Returning,46-55,Male,Gachibowli,12,491.85
C02590,Returning,18-25,Female,Madhapur,25,421.77
C02591,Returning,18-25,Female,Gachibowli,29,409.99
C02592,New,56+,Female,Ameerpet,0,0.0
C02593,Returning,26-35,Unknown,Madhapur,4,518.83
C02594,Returning,26-35,Male,Kukatpally,38,268.6
C02595,Returning,26-35,Male,Kondapur,33,317.15
C02596,Returning,46-55,Female,Kondapur,10,508.82
C02597,Returning,18-25,Female,Secunderabad,22,246.42
C02598,New,26-35,Female,Gachibowli,0,0.0
C02599,New,26-35,Female,Begumpet,0,0.0
C02600,New,18-25,Unknown,Banjara Hills,0,0.0
C02601,Returning,26-35,Male,Jubilee Hills,34,586.47
C02602,Returning,46-55,Female,Ameerpet,20,415.3
C02603,Returning,18-25,Male,Secunderabad,19,437.52
C02604,Returning,26-35,Unknown,Secunderabad,26,347.93
C02605,Returning,26-35,Male,Kondapur,23,485.29
C02606,Returning,26-35,Male,Secunderabad,25,507.5
C02607,Returning,36-45,Female,Gachibowli,38,311.52
C02608,Returning,26-35,Male,Secunderabad,31,503.02
C02609,New,18-25,Male,Madhapur,0,0.0
C02610,Returning,26-35,Male,Kukatpally,33,479.87
C02611,Returning,36-45,Male,Banjara Hills,2,327.67
C02612,Returning,26-35,Female,Kondapur,28,537.47
C02613,Returning,26-35,Male,Manikonda,10,591.61
C02614,New,36-45,Female,Gachibowli,0,0.0
C02615,New,26-35,Female,Secunderabad,0,0.0
C02616,Returning,18-25,Unknown,Gachibowli,33,333.34
C02617,Returning,26-35,Male,Ameerpet,25,423.54
C02618,Returning,46-55,Female,Begumpet,2,583.4
C02619,Returning,18-25,Male,Kondapur,22,570.34
C02620,New,36-45,Unknown,Kondapur,0,0.0
C02621,Returning,26-35,Unknown,Hitech City,36,341.15
C02622,Returning,36-45,Female,Kukatpally,1,516.25
C02623,Returning,18-25,Male,Begumpet,11,420.31
C02624,Returning,36-45,Female,Kondapur,31,293.53
C02625,Returning,46-55,Female,Kondapur,9,197.96
C02626,Returning,18-25,Female,Banjara Hills,25,546.13
C02627,Returning,56+,Female,Gachibowli,26,218.12
C02628,New,18-25,Unknown,Begumpet,0,0.0
C02629,New,18-25,Male,Madhapur,0,0.0
C02630,New,36-45,Female,Manikonda,0,0.0
C02631,Returning,26-35,Male,Manikonda,32,316.01
C02632,Returning,18-25,Unknown,Hitech City,23,341.5
C02633,Returning,36-45,Male,Begumpet,33,336.52
C02634,Returning,26-35,Male,Secunderabad,5,468.96
C02635,Returning,56+,Male,Hitech City,10,546.31
C02636,New,56+,Male,Secunderabad,0,0.0
C02637,Returning,46-55,Female,Manikonda,3,379.69
C02638,Returning,26-35,Female,Manikonda,24,340.09
C02639,Returning,36-45,Male,Ameerpet,25,564.42
C02640,Returning,36-45,Male,Madhapur,19,543.47
C02641,Returning,26-35,Female,Begumpet,15,315.11
C02642,Returning,36-45,Female,Banjara Hills,37,382.86
C02643,New,26-35,Female,Manikonda,0,0.0
C02644,New,26-35,Unknown,Manikonda,0,0.0
C02645,Returning,18-25,Male,Begumpet,26,353.9
C02646,Returning,18-25,Female,Mehdipatnam,7,438.49
C02647,Returning,26-35,Male,Manikonda,6,246.16
C02648,Returning,36-45,Female,Begumpet,35,447.67
C02649,Returning,36-45,Female,Jubilee Hills,24,426.97
C02650,New,18-25,Male,Manikonda,0,0.0
C02651,Returning,26-35,Female,Jubilee Hills,10,550.47
C02652,Returning,26-35,Female,Kondapur,32,303.99
C02653,New,18-25,Female,Hitech City,0,0.0
C02654,Returning,26-35,Female,Madhapur,9,389.28
C02655,Returning,36-45,Male,Hitech City,8,558.05
C02656,Returning,46-55,Female,Mehdipatnam,32,323.22
C02657,Returning,18-25,Female,Mehdipatnam,39,496.03
C02658,Returning,26-35,Female,Kondapur,16,498.1
C02659,Returning,36-45,Female,Jubilee Hills,39,563.0
C02660,Returning,26-35,Male,Banjara Hills,25,622.41
C02661,Returning,26-35,Female,Begumpet,37,231.23
C02662,New,36-45,Unknown,Secunderabad,0,0.0
C02663,New,18-25,Male,Kukatpally,0,0.0
C02664,Returning,46-55,Female,Hitech City,16,542.97
C02665,Returning,26-35,Female,Madhapur,36,591.53
C02666,New,46-55,Male,Jubilee Hills,0,0.0
C02667,Returning,36-45,Male,Secunderabad,5,451.24
C02668,Returning,36-45,Female,Kondapur,26,584.87
C02669,Returning,26-35,Female,Ameerpet,10,446.5
C02670,New,36-45,Male,Kondapur,0,0.0
C02671,Returning,18-25,Female,Madhapur,2,215.43
C02672,Returning,26-35,Female,Madhapur,36,332.18
C02673,New,36-45,Male,Kondapur,0,0.0
C02674,Returning,26-35,Female,Manikonda,33,238.3
C02675,Returning,36-45,Female,Jubilee Hills,33,457.06
C02676,New,26-35,Male,Secunderabad,0,0.0
C02677,Returning,36-45,Female,Gachibowli,21,419.42
C02678,Returning,46-55,Male,Begumpet,9,520.59
C02679,Returning,26-35,Female,Banjara Hills,25,327.28
C02680,Returning,36-45,Female,Banjara Hills,16,594.5
C02681,New,18-25,Male,Gachibowli,0,0.0
C02682,Returning,36-45,Male,Kondapur,31,548.08
C02683,Returning,36-45,Male,Banjara Hills,21,348.09
C02684,Returning,36-45,Female,Begumpet,21,453.7
C02685,Returning,36-45,Female,Banjara Hills,7,379.44
C02686,Returning,26-35,Male,Manikonda,13,631.4
C02687,Returning,26-35,Female,Madhapur,27,290.66
C02688,Returning,36-45,Female,Banjara Hills,30,341.71
C02689,New,18-25,Female,Hitech City,0,0.0
C02690,Returning,26-35,Male,Banjara Hills,8,522.32
C02691,New,18-25,Male,Madhapur,0,0.0
C02692,New,36-45,Male,Manikonda,0,0.0
C02693,New,26-35,Female,Kukatpally,0,0.0
C02694,Returning,36-45,Male,Manikonda,30,386.88
C02695,Returning,18-25,Female,Mehdipatnam,7,465.56
C02696,Returning,26-35,Male,Kondapur,4,571.87
C02697,New,36-45,Female,Begumpet,0,0.0
C02698,New,26-35,Male,Banjara Hills,0,0.0
C02699,Returning,36-45,Female,Madhapur,23,469.15
C02700,Returning,18-25,Female,Manikonda,24,331.93
C02701,Returning,26-35,Female,Kondapur,27,377.42
C02702,Returning,18-25,Female,Begumpet,38,613.12
C02703,Returning,36-45,Male,Mehdipatnam,13,434.62
C02704,Returning,26-35,Male,Ameerpet,12,598.07
C02705,Returning,36-45,Male,Jubilee Hills,10,222.32
C02706,New,36-45,Male,Manikonda,0,0.0
C02707,New,18-25,Male,Kondapur,0,0.0
C02708,Returning,36-45,Male,Begumpet,37,453.72
C02709,New,36-45,Male,Mehdipatnam,0,0.0
C02710,Returning,46-55,Female,Kukatpally,6,254.61
C02711,Returning,18-25,Female,Madhapur,32,411.39
C02712,Returning,18-25,Male,Kukatpally,35,133.57
C02713,Returning,26-35,Female,Jubilee Hills,2,346.78
C02714,Returning,36-45,Male,Kondapur,15,474.46
C02715,Returning,18-25,Unknown,Madhapur,22,276.71
C02716,Returning,56+,Female,Ameerpet,14,414.37
C02717,Returning,36-45,Female,Gachibowli,7,310.2
C02718,Returning,18-25,Unknown,Gachibowli,39,377.61
C02719,Returning,36-45,Male,Manikonda,5,451.21
C02720,Returning,26-35,Male,Hitech City,16,479.78
C02721,Returning,18-25,Male,Manikonda,25,475.61
C02722,Returning,36-45,Female,Madhapur,10,326.23
C02723,Returning,36-45,Male,Kondapur,29,613.12
C02724,Returning,36-45,Male,Madhapur,9,462.31
C02725,Returning,26-35,Female,Banjara Hills,38,339.53
C02726,Returning,18-25,Female,Mehdipatnam,28,589.96
C02727,Returning,18-25,Male,Madhapur,38,371.26
C02728,New,18-25,Male,Gachibowli,0,0.0
C02729,Returning,26-35,Female,Begumpet,11,528.28
C02730,Returning,26-35,Male,Banjara Hills,10,408.22
C02731,New,18-25,Female,Gachibowli,0,0.0
C02732,Returning,46-55,Female,Jubilee Hills,20,316.61
C02733,Returning,18-25,Male,Banjara Hills,37,322.99
C02734,Returning,18-25,Male,Madhapur,12,386.97
C02735,Returning,18-25,Unknown,Mehdipatnam,11,592.71
C02736,Returning,26-35,Male,Hitech City,33,445.05
C02737,Returning,36-45,Unknown,Ameerpet,31,412.08
C02738,Returning,18-25,Female,Kukatpally,14,476.11
C02739,Returning,18-25,Male,Kukatpally,21,382.82
C02740,Returning,18-25,Male,Secunderabad,25,263.71
C02741,Returning,26-35,Female,Begumpet,33,234.71
C02742,Returning,56+,Male,Secunderabad,36,602.88
C02743,New,36-45,Male,Ameerpet,0,0.0
C02744,Returning,46-55,Male,Kukatpally,10,626.15
C02745,New,46-55,Female,Manikonda,0,0.0
C02746,Returning,18-25,Female,Jubilee Hills,38,458.76
C02747,Returning,36-45,Female,Banjara Hills,30,520.99
C02748,New,26-35,Unknown,Secunderabad,0,0.0
C02749,New,26-35,Male,Hitech City,0,0.0
C02750,New,36-45,Female,Gachibowli,0,0.0
C02751,Returning,26-35,Female,Secunderabad,21,422.73
C02752,New,36-45,Female,Hitech City,0,0.0
C02753,Returning,26-35,Female,Kondapur,7,411.44
C02754,Returning,46-55,Male,Madhapur,28,538.06
C02755,New,36-45,Male,Begumpet,0,0.0
C02756,Returning,36-45,Male,Banjara Hills,29,503.42
C02757,Returning,36-45,Unknown,Begumpet,16,657.66
C02758,New,46-55,Female,Jubilee Hills,0,0.0
C02759,Returning,18-25,Unknown,Begumpet,2,572.57
C02760,Returning,26-35,Female,Madhapur,34,344.36
C02761,Returning,56+,Male,Kukatpally,26,449.28
C02762,New,36-45,Female,Ameerpet,0,0.0
C02763,Returning,46-55,Male,Kukatpally,21,363.24
C02764,Returning,26-35,Female,Madhapur,1,250.55
C02765,Returning,56+,Male,Banjara Hills,34,120.0
C02766,Returning,26-35,Female,Jubilee Hills,36,697.26
C02767,Returning,36-45,Male,Begumpet,38,534.95
C02768,Returning,46-55,Unknown,Madhapur,23,393.36
C02769,Returning,26-35,Male,Begumpet,35,185.95
C02770,Returning,26-35,Female,Hitech City,24,510.08
C02771,Returning,26-35,Unknown,Madhapur,39,626.15
C02772,Returning,18-25,Female,Kukatpally,24,479.73
C02773,Returning,18-25,Male,Banjara Hills,14,204.37
C02774,Returning,46-55,Male,Jubilee Hills,2,357.08
C02775,Returning,36-45,Female,Ameerpet,5,457.93
C02776,Returning,18-25,Male,Madhapur,12,414.64
C02777,New,26-35,Male,Mehdipatnam,0,0.0
C02778,Returning,26-35,Unknown,Madhapur,4,299.48
C02779,Returning,36-45,Female,Begumpet,7,341.42
C02780,Returning,26-35,Female,Manikonda,26,120.0
C02781,Returning,18-25,Male,Jubilee Hills,29,569.28
C02782,Returning,36-45,Female,Kondapur,34,505.7
C02783,Returning,56+,Female,Kondapur,27,367.4
C02784,New,36-45,Male,Kukatpally,0,0.0
C02785,Returning,56+,Unknown,Hitech City,15,535.13
C02786,Returning,18-25,Male,Jubilee Hills,32,240.39
C02787,Returning,26-35,Male,Jubilee Hills,26,258.22
C02788,Returning,36-45,Female,Banjara Hills,13,173.6
C02789,Returning,26-35,Male,Jubilee Hills,7,238.51
C02790,New,18-25,Female,Kondapur,0,0.0
C02791,New,26-35,Male,Banjara Hills,0,0.0
C02792,Returning,26-35,Male,Manikonda,16,564.05
C02793,Returning,36-45,Female,Jubilee Hills,36,514.12
C02794,Returning,36-45,Male,Manikonda,7,431.49
C02795,New,36-45,Male,Mehdipatnam,0,0.0
C02796,New,36-45,Female,Mehdipatnam,0,0.0
C02797,Returning,36-45,Female,Jubilee Hills,8,249.56
C02798,Returning,46-55,Female,Manikonda,10,472.78
C02799,Returning,26-35,Female,Hitech City,3,299.55
C02800,Returning,26-35,Male,Secunderabad,8,354.67
C02801,Returning,56+,Female,Kondapur,6,464.81
C02802,Returning,46-55,Male,Kondapur,27,306.96
C02803,Returning,36-45,Female,Ameerpet,34,239.98
C02804,New,36-45,Male,Manikonda,0,0.0
C02805,New,36-45,Female,Begumpet,0,0.0
C02806,Returning,26-35,Male,Hitech City,33,253.83
C02807,Returning,26-35,Male,Hitech City,35,268.02
C02808,New,26-35,Male,Kukatpally,0,0.0
C02809,Returning,18-25,Female,Banjara Hills,36,401.99
C02810,Returning,26-35,Female,Secunderabad,10,120.0
C02811,Returning,36-45,Male,Begumpet,19,354.85
C02812,Returning,18-25,Male,Gachibowli,37,603.24
C02813,Returning,18-25,Unknown,Secunderabad,38,575.5
C02814,Returning,18-25,Male,Mehdipatnam,30,535.12
C02815,New,36-45,Male,Madhapur,0,0.0
C02816,Returning,46-55,Female,Ameerpet,22,448.46
C02817,Returning,26-35,Female,Ameerpet,38,347.52
C02818,Returning,56+,Female,Mehdipatnam,38,201.66
C02819,Returning,26-35,Male,Jubilee Hills,29,466.78
C02820,Returning,36-45,Male,Manikonda,20,560.76
C02821,Returning,36-45,Unknown,Jubilee Hills,1,459.05
C02822,Returning,26-35,Female,Secunderabad,2,416.32
C02823,Returning,46-55,Male,Gachibowli,4,533.34
C02824,Returning,46-55,Unknown,Banjara Hills,5,461.59
C02825,Returning,26-35,Female,Jubilee Hills,12,566.84
C02826,Returning,26-35,Female,Begumpet,13,364.54
C02827,Returning,46-55,Male,Mehdipatnam,11,184.89
C02828,Returning,36-45,Male,Ameerpet,28,483.97
C02829,New,26-35,Female,Manikonda,0,0.0
C02830,Returning,18-25,Male,Mehdipatnam,23,318.06
C02831,New,26-35,Unknown,Kondapur,0,0.0
C02832,Returning,26-35,Male,Ameerpet,27,514.68
C02833,Returning,36-45,Female,Madhapur,3,120.0
C02834,Returning,36-45,Female,Jubilee Hills,1,741.54
C02835,Returning,26-35,Male,Ameerpet,22,522.06
C02836,Returning,46-55,Female,Madhapur,10,393.8
C02837,New,26-35,Female,Hitech City,0,0.0
C02838,Returning,46-55,Male,Manikonda,22,212.51
C02839,Returning,18-25,Male,Kondapur,7,858.68
C02840,Returning,18-25,Male,Hitech City,26,376.97
C02841,Returning,46-55,Male,Jubilee Hills,23,511.77
C02842,Returning,36-45,Female,Secunderabad,17,333.06
C02843,Returning,26-35,Male,Hitech City,19,377.17
C02844,Returning,18-25,Female,Secunderabad,9,506.22
C02845,Returning,18-25,Male,Madhapur,5,295.92
C02846,Returning,26-35,Female,Mehdipatnam,13,409.51
C02847,Returning,46-55,Male,Hitech City,10,393.12
C02848,Returning,18-25,Male,Secunderabad,30,483.03
C02849,Returning,26-35,Female,Kondapur,32,532.91
C02850,Returning,36-45,Male,Mehdipatnam,28,396.21
C02851,New,18-25,Unknown,Madhapur,0,0.0
C02852,Returning,18-25,Male,Begumpet,10,356.95
C02853,Returning,36-45,Female,Hitech City,39,368.72
C02854,Returning,46-55,Female,Kukatpally,38,431.02
C02855,Returning,46-55,Female,Begumpet,33,385.93
C02856,New,18-25,Male,Mehdipatnam,0,0.0
C02857,New,26-35,Female,Secunderabad,0,0.0
C02858,Returning,26-35,Male,Manikonda,10,186.21
C02859,New,26-35,Female,Secunderabad,0,0.0
C02860,Returning,36-45,Female,Begumpet,18,605.48
C02861,Returning,18-25,Female,Hitech City,37,528.52
C02862,Returning,26-35,Male,Mehdipatnam,32,328.06
C02863,Returning,18-25,Female,Kondapur,12,471.21
C02864,Returning,18-25,Female,Kondapur,23,186.57
C02865,Returning,36-45,Female,Gachibowli,38,379.28
C02866,Returning,36-45,Female,Kondapur,27,615.49
C02867,New,26-35,Unknown,Secunderabad,0,0.0
C02868,New,26-35,Female,Secunderabad,0,0.0
C02869,Returning,36-45,Female,Madhapur,19,354.95
C02870,New,56+,Unknown,Ameerpet,0,0.0
C02871,Returning,26-35,Female,Begumpet,26,434.4
C02872,Returning,18-25,Male,Gachibowli,8,462.46
C02873,Returning,26-35,Female,Begumpet,3,454.43
C02874,Returning,36-45,Male,Banjara Hills,16,522.4
C02875,Returning,26-35,Female,Hitech City,4,596.04
C02876,Returning,36-45,Female,Madhapur,22,429.06
C02877,New,18-25,Unknown,Hitech City,0,0.0
C02878,Returning,26-35,Male,Manikonda,6,407.57
C02879,Returning,26-35,Male,Gachibowli,5,459.02
C02880,Returning,26-35,Unknown,Gachibowli,2,314.19
C02881,New,26-35,Female,Begumpet,0,0.0
C02882,Returning,26-35,Male,Madhapur,29,514.44
C02883,New,36-45,Female,Manikonda,0,0.0
C02884,Returning,36-45,Female,Hitech City,39,419.76
C02885,Returning,26-35,Female,Gachibowli,7,333.71
C02886,New,18-25,Male,Banjara Hills,0,0.0
C02887,Returning,36-45,Male,Mehdipatnam,31,274.5
C02888,Returning,18-25,Unknown,Gachibowli,15,317.14
C02889,New,26-35,Female,Gachibowli,0,0.0
C02890,Returning,36-45,Unknown,Hitech City,18,478.5
C02891,Returning,56+,Female,Jubilee Hills,2,233.28
C02892,Returning,36-45,Male,Ameerpet,33,293.85
C02893,New,18-25,Male,Mehdipatnam,0,0.0
C02894,Returning,56+,Female,Ameerpet,39,643.16
C02895,Returning,18-25,Female,Manikonda,34,534.39
C02896,Returning,18-25,Unknown,Secunderabad,14,702.39
C02897,Returning,36-45,Male,Manikonda,37,332.09
C02898,Returning,46-55,Male,Gachibowli,38,481.44
C02899,New,36-45,Male,Secunderabad,0,0.0
C02900,Returning,46-55,Unknown,Kukatpally,28,717.7
C02901,Returning,36-45,Female,Mehdipatnam,10,481.73
C02902,Returning,18-25,Female,Mehdipatnam,6,480.69
C02903,Returning,26-35,Unknown,Kondapur,9,474.32
C02904,Returning,36-45,Female,Ameerpet,18,334.84
C02905,Returning,26-35,Female,Mehdipatnam,21,418.16
C02906,Returning,36-45,Female,Begumpet,1,124.22
C02907,New,26-35,Female,Madhapur,0,0.0
C02908,Returning,18-25,Female,Ameerpet,16,293.57
C02909,Returning,46-55,Male,Mehdipatnam,30,530.81
C02910,Returning,18-25,Female,Kondapur,21,603.85
C02911,Returning,18-25,Male,Secunderabad,20,463.17
C02912,Returning,18-25,Male,Ameerpet,32,291.77
C02913,New,26-35,Female,Gachibowli,0,0.0
C02914,Returning,26-35,Female,Madhapur,13,525.87
C02915,New,18-25,Male,Secunderabad,0,0.0
C02916,New,18-25,Female,Banjara Hills,0,0.0
C02917,Returning,26-35,Female,Mehdipatnam,10,285.61
C02918,Returning,18-25,Female,Banjara Hills,26,460.79
C02919,New,26-35,Female,Madhapur,0,0.0
C02920,Returning,18-25,Female,Manikonda,21,534.91
C02921,Returning,18-25,Female,Hitech City,34,305.16
C02922,Returning,18-25,Male,Jubilee Hills,24,424.76
C02923,Returning,46-55,Male,Secunderabad,27,241.8
C02924,Returning,36-45,Female,Manikonda,18,459.12
C02925,Returning,56+,Female,Ameerpet,24,430.2
C02926,Returning,36-45,Female,Kukatpally,24,380.46
C02927,Returning,26-35,Male,Hitech City,5,548.24
C02928,Returning,26-35,Male,Madhapur,18,261.31
C02929,Returning,26-35,Unknown,Secunderabad,11,635.49
C02930,Returning,36-45,Female,Begumpet,36,483.94
C02931,New,56+,Female,Madhapur,0,0.0
C02932,Returning,26-35,Male,Hitech City,5,466.76
C02933,Returning,46-55,Female,Gachibowli,36,337.41
C02934,Returning,56+,Female,Manikonda,34,356.1
C02935,New,56+,Male,Manikonda,0,0.0
C02936,Returning,36-45,Male,Kukatpally,30,428.31
C02937,New,26-35,Male,Manikonda,0,0.0
C02938,Returning,56+,Female,Madhapur,1,384.67
C02939,Returning,26-35,Female,Hitech City,15,542.21
C02940,Returning,36-45,Female,Hitech City,29,516.96
C02941,Returning,18-25,Male,Gachibowli,13,259.62
C02942,Returning,18-25,Female,Gachibowli,15,689.47
C02943,New,26-35,Female,Gachibowli,0,0.0
C02944,New,36-45,Female,Jubilee Hills,0,0.0
C02945,Returning,18-25,Female,Kukatpally,11,474.43
C02946,Returning,36-45,Male,Madhapur,21,423.91
C02947,Returning,26-35,Male,Banjara Hills,35,544.5
C02948,Returning,18-25,Male,Kukatpally,29,772.58
C02949,New,18-25,Male,Jubilee Hills,0,0.0
C02950,Returning,26-35,Male,Gachibowli,19,286.39
C02951,Returning,36-45,Female,Manikonda,31,427.17
C02952,New,56+,Female,Hitech City,0,0.0
C02953,Returning,36-45,Male,Secunderabad,33,557.61
C02954,Returning,18-25,Female,Madhapur,9,269.02
C02955,Returning,46-55,Female,Begumpet,24,372.93
C02956,Returning,18-25,Male,Mehdipatnam,3,389.1
C02957,Returning,26-35,Female,Manikonda,25,559.61
C02958,New,36-45,Female,Secunderabad,0,0.0
C02959,Returning,26-35,Female,Gachibowli,7,457.14
C02960,Returning,26-35,Female,Jubilee Hills,39,571.71
C02961,New,26-35,Female,Begumpet,0,0.0
C02962,Returning,46-55,Male,Ameerpet,4,443.74
C02963,Returning,26-35,Male,Banjara Hills,38,128.97
C02964,Returning,18-25,Female,Ameerpet,36,311.55
C02965,Returning,26-35,Male,Madhapur,1,281.31
C02966,New,26-35,Female,Ameerpet,0,0.0
C02967,Returning,26-35,Male,Banjara Hills,26,438.96
C02968,Returning,56+,Male,Madhapur,26,286.32
C02969,Returning,26-35,Unknown,Madhapur,20,433.75
C02970,New,36-45,Male,Begumpet,0,0.0
C02971,Returning,36-45,Male,Manikonda,37,478.66
C02972,Returning,26-35,Female,Hitech City,27,354.41
C02973,New,26-35,Male,Gachibowli,0,0.0
C02974,Returning,26-35,Female,Secunderabad,17,587.25
C02975,New,18-25,Male,Jubilee Hills,0,0.0
C02976,Returning,18-25,Male,Banjara Hills,32,560.16
C02977,New,18-25,Female,Madhapur,0,0.0
C02978,Returning,18-25,Male,Madhapur,11,396.37
C02979,New,18-25,Male,Begumpet,0,0.0
C02980,Returning,26-35,Male,Secunderabad,13,298.21
C02981,Returning,18-25,Male,Hitech City,18,519.65
C02982,Returning,56+,Unknown,Jubilee Hills,25,248.83
C02983,New,26-35,Female,Banjara Hills,0,0.0
C02984,Returning,18-25,Female,Ameerpet,5,144.91
C02985,New,36-45,Male,Ameerpet,0,0.0
C02986,Returning,36-45,Female,Ameerpet,39,430.45
C02987,Returning,46-55,Male,Secunderabad,6,573.01
C02988,Returning,26-35,Male,Banjara Hills,24,689.44
C02989,Returning,26-35,Male,Kondapur,35,335.28
C02990,New,36-45,Male,Kondapur,0,0.0
C02991,Returning,36-45,Female,Ameerpet,17,255.93
C02992,Returning,36-45,Male,Begumpet,7,364.52
C02993,Returning,46-55,Male,Gachibowli,26,432.48
C02994,Returning,56+,Unknown,Hitech City,28,429.25
C02995,Returning,18-25,Male,Madhapur,22,527.35
C02996,New,26-35,Male,Mehdipatnam,0,0.0
C02997,Returning,46-55,Female,Secunderabad,35,552.3
C02998,Returning,18-25,Male,Secunderabad,4,334.97
C02999,Returning,26-35,Male,Banjara Hills,20,443.08
C03000,Returning,36-45,Female,Kondapur,18,288.0
C03001,New,18-25,Unknown,Jubilee Hills,0,0.0
C03002,Returning,26-35,Unknown,Banjara Hills,19,120.0
C03003,Returning,46-55,Unknown,Hitech City,18,409.83
C03004,Returning,26-35,Female,Begumpet,22,430.11
C03005,Returning,18-25,Unknown,Gachibowli,12,362.89
C03006,Returning,18-25,Male,Ameerpet,19,370.37
C03007,Returning,26-35,Male,Madhapur,26,200.24
C03008,Returning,18-25,Female,Begumpet,8,338.02
C03009,Returning,36-45,Female,Jubilee Hills,32,344.87
C03010,Returning,26-35,Female,Secunderabad,27,451.53
C03011,Returning,26-35,Male,Secunderabad,26,482.27
C03012,Returning,36-45,Male,Manikonda,11,364.88
C03013,New,36-45,Female,Secunderabad,0,0.0
C03014,Returning,36-45,Male,Secunderabad,12,468.83
C03015,Returning,18-25,Female,Madhapur,32,306.12
C03016,Returning,26-35,Female,Kukatpally,31,554.65
C03017,Returning,36-45,Male,Begumpet,39,688.13
C03018,Returning,26-35,Female,Hitech City,27,471.95
C03019,Returning,36-45,Female,Madhapur,36,359.64
C03020,Returning,26-35,Male,Banjara Hills,29,450.96
C03021,New,46-55,Male,Gachibowli,0,0.0
C03022,Returning,18-25,Female,Kondapur,36,587.83
C03023,Returning,36-45,Male,Gachibowli,24,247.5
C03024,New,36-45,Female,Jubilee Hills,0,0.0
C03025,Returning,56+,Male,Kukatpally,2,327.66
C03026,Returning,26-35,Female,Begumpet,9,364.88
C03027,Returning,46-55,Unknown,Ameerpet,17,457.64
C03028,Returning,26-35,Unknown,Hitech City,39,491.92
C03029,Returning,36-45,Unknown,Kondapur,20,385.87
C03030,Returning,26-35,Male,Manikonda,21,311.78
C03031,Returning,46-55,Female,Madhapur,10,396.28
C03032,Returning,18-25,Male,Gachibowli,22,288.15
C03033,Returning,56+,Male,Jubilee Hills,39,648.65
C03034,New,26-35,Female,Secunderabad,0,0.0
C03035,Returning,26-35,Unknown,Jubilee Hills,35,499.86
C03036,New,18-25,Male,Jubilee Hills,0,0.0
C03037,Returning,36-45,Male,Kondapur,23,423.09
C03038,Returning,18-25,Female,Hitech City,22,286.14
C03039,Returning,36-45,Female,Kukatpally,35,358.14
C03040,New,36-45,Female,Jubilee Hills,0,0.0
C03041,Returning,18-25,Male,Madhapur,1,351.66
C03042,Returning,36-45,Female,Gachibowli,29,389.96
C03043,Returning,36-45,Unknown,Gachibowli,16,435.68
C03044,Returning,26-35,Male,Mehdipatnam,14,363.62
C03045,Returning,36-45,Female,Begumpet,36,478.3
C03046,New,36-45,Unknown,Banjara Hills,0,0.0
C03047,Returning,26-35,Male,Begumpet,1,351.29
C03048,Returning,36-45,Female,Begumpet,29,516.18
C03049,Returning,36-45,Female,Ameerpet,22,428.34
C03050,Returning,46-55,Unknown,Mehdipatnam,25,348.2
C03051,Returning,36-45,Female,Madhapur,6,481.49
C03052,Returning,18-25,Male,Hitech City,3,564.96
C03053,Returning,46-55,Female,Hitech City,18,379.16
C03054,Returning,46-55,Male,Banjara Hills,22,183.85
C03055,Returning,26-35,Male,Madhapur,27,521.07
C03056,New,46-55,Male,Mehdipatnam,0,0.0
C03057,Returning,18-25,Male,Secunderabad,6,276.18
C03058,Returning,18-25,Male,Banjara Hills,28,402.81
C03059,Returning,26-35,Female,Jubilee Hills,33,479.93
C03060,Returning,18-25,Female,Begumpet,28,120.0
C03061,Returning,18-25,Male,Mehdipatnam,8,520.87
C03062,Returning,26-35,Female,Secunderabad,20,513.41
C03063,Returning,56+,Male,Kondapur,39,524.87
C03064,Returning,26-35,Male,Hitech City,29,613.0
C03065,Returning,56+,Female,Mehdipatnam,15,283.04
C03066,Returning,26-35,Female,Manikonda,6,542.01
C03067,New,26-35,Female,Jubilee Hills,0,0.0
C03068,Returning,18-25,Female,Mehdipatnam,32,126.56
C03069,Returning,18-25,Unknown,Ameerpet,11,370.55
C03070,Returning,46-55,Unknown,Mehdipatnam,38,509.78
C03071,New,36-45,Unknown,Jubilee Hills,0,0.0
C03072,Returning,26-35,Male,Manikonda,36,181.02
C03073,Returning,46-55,Female,Secunderabad,9,458.94
C03074,Returning,36-45,Male,Manikonda,32,440.1
C03075,Returning,26-35,Unknown,Kukatpally,10,323.77
C03076,Returning,46-55,Female,Madhapur,16,449.48
C03077,Returning,36-45,Male,Secunderabad,8,536.58
C03078,New,18-25,Male,Ameerpet,0,0.0
C03079,Returning,36-45,Female,Kukatpally,22,472.15
C03080,New,26-35,Female,Hitech City,0,0.0
C03081,Returning,46-55,Male,Kukatpally,4,377.22
C03082,Returning,36-45,Male,Kukatpally,9,121.13
C03083,Returning,46-55,Female,Hitech City,18,278.65
C03084,Returning,18-25,Female,Mehdipatnam,22,438.08
C03085,Returning,36-45,Female,Secunderabad,5,487.84
C03086,Returning,26-35,Male,Jubilee Hills,34,413.32
C03087,Returning,46-55,Male,Madhapur,20,414.69
C03088,Returning,18-25,Female,Kukatpally,27,161.84
C03089,Returning,46-55,Male,Hitech City,1,249.4
C03090,Returning,56+,Female,Mehdipatnam,33,266.3
C03091,Returning,26-35,Female,Ameerpet,6,338.77
C03092,Returning,26-35,Female,Ameerpet,2,338.1
C03093,Returning,26-35,Male,Mehdipatnam,22,699.32
C03094,Returning,46-55,Male,Manikonda,38,546.42
C03095,Returning,18-25,Male,Madhapur,39,282.01
C03096,Returning,46-55,Male,Gachibowli,36,328.26
C03097,Returning,26-35,Female,Mehdipatnam,17,343.8
C03098,New,26-35,Male,Mehdipatnam,0,0.0
C03099,New,46-55,Female,Kondapur,0,0.0
C03100,Returning,18-25,Female,Kukatpally,37,149.0
C03101,New,18-25,Female,Madhapur,0,0.0
C03102,New,36-45,Unknown,Mehdipatnam,0,0.0
C03103,New,36-45,Female,Madhapur,0,0.0
C03104,Returning,18-25,Male,Banjara Hills,15,428.07
C03105,Returning,36-45,Male,Gachibowli,30,474.68
C03106,Returning,26-35,Male,Banjara Hills,7,367.31
C03107,Returning,18-25,Male,Secunderabad,17,156.97
C03108,Returning,26-35,Male,Banjara Hills,27,430.11
C03109,Returning,18-25,Male,Secunderabad,36,417.47
C03110,Returning,26-35,Male,Banjara Hills,36,242.35
C03111,Returning,26-35,Male,Gachibowli,30,121.71
C03112,Returning,26-35,Female,Gachibowli,37,561.99
C03113,New,46-55,Male,Banjara Hills,0,0.0
C03114,Returning,26-35,Male,Manikonda,4,386.87
C03115,Returning,18-25,Male,Kondapur,16,322.86
C03116,Returning,46-55,Male,Hitech City,30,632.85
C03117,Returning,36-45,Male,Banjara Hills,5,219.23
C03118,Returning,56+,Female,Hitech City,22,550.7
C03119,New,26-35,Male,Kondapur,0,0.0
C03120,Returning,26-35,Female,Banjara Hills,9,533.39
C03121,Returning,26-35,Female,Madhapur,16,348.6
C03122,New,56+,Unknown,Kukatpally,0,0.0
C03123,Returning,26-35,Male,Mehdipatnam,29,420.59
C03124,Returning,46-55,Male,Kukatpally,21,403.42
C03125,Returning,26-35,Male,Secunderabad,3,202.49
C03126,Returning,36-45,Female,Madhapur,2,459.14
C03127,Returning,36-45,Male,Mehdipatnam,20,408.87
C03128,Returning,36-45,Female,Banjara Hills,15,475.37
C03129,Returning,18-25,Male,Secunderabad,3,230.07
C03130,New,56+,Female,Kondapur,0,0.0
C03131,Returning,26-35,Male,Madhapur,39,286.27
C03132,Returning,18-25,Male,Banjara Hills,34,428.4
C03133,Returning,36-45,Female,Kondapur,14,343.38
C03134,New,18-25,Female,Kukatpally,0,0.0
C03135,Returning,36-45,Female,Begumpet,14,592.51
C03136,Returning,36-45,Unknown,Mehdipatnam,24,343.08
C03137,Returning,18-25,Female,Banjara Hills,31,555.45
C03138,New,18-25,Male,Ameerpet,0,0.0
C03139,New,18-25,Unknown,Kondapur,0,0.0
C03140,Returning,36-45,Male,Jubilee Hills,36,172.37
C03141,New,36-45,Female,Gachibowli,0,0.0
C03142,New,46-55,Male,Begumpet,0,0.0
C03143,Returning,26-35,Male,Ameerpet,6,565.77
C03144,Returning,18-25,Male,Mehdipatnam,38,463.58
C03145,New,36-45,Male,Gachibowli,0,0.0
C03146,Returning,36-45,Female,Manikonda,23,330.16
C03147,Returning,36-45,Male,Manikonda,23,318.12
C03148,Returning,26-35,Female,Mehdipatnam,30,833.05
C03149,Returning,26-35,Male,Gachibowli,17,562.13
C03150,Returning,36-45,Male,Gachibowli,27,239.06
C03151,Returning,46-55,Male,Kondapur,17,452.59
C03152,Returning,18-25,Female,Manikonda,20,472.98
C03153,Returning,36-45,Male,Hitech City,12,179.07
C03154,Returning,36-45,Female,Ameerpet,18,375.62
C03155,Returning,56+,Male,Madhapur,3,487.08
C03156,New,26-35,Female,Ameerpet,0,0.0
C03157,Returning,26-35,Female,Manikonda,1,625.35
C03158,Returning,18-25,Male,Gachibowli,12,367.25
C03159,Returning,18-25,Male,Gachibowli,10,371.85
C03160,Returning,36-45,Female,Gachibowli,4,352.97
C03161,Returning,26-35,Unknown,Madhapur,39,443.47
C03162,New,46-55,Female,Begumpet,0,0.0
C03163,Returning,26-35,Male,Ameerpet,28,277.73
C03164,Returning,36-45,Female,Kondapur,26,390.73
C03165,Returning,26-35,Female,Secunderabad,4,336.98
C03166,Returning,36-45,Male,Secunderabad,22,312.69
C03167,Returning,26-35,Male,Ameerpet,25,346.84
C03168,Returning,18-25,Female,Ameerpet,23,653.78
C03169,Returning,18-25,Male,Begumpet,26,642.56
C03170,Returning,26-35,Female,Secunderabad,21,606.49
C03171,Returning,18-25,Unknown,Begumpet,34,196.55
C03172,Returning,46-55,Female,Secunderabad,37,454.57
C03173,New,46-55,Male,Kondapur,0,0.0
C03174,Returning,36-45,Female,Kondapur,34,469.0
C03175,Returning,18-25,Female,Mehdipatnam,16,321.17
C03176,Returning,46-55,Female,Jubilee Hills,11,492.66
C03177,New,36-45,Male,Kukatpally,0,0.0
C03178,Returning,46-55,Female,Begumpet,22,361.79
C03179,New,36-45,Male,Kondapur,0,0.0
C03180,Returning,18-25,Male,Hitech City,38,477.07
C03181,Returning,26-35,Female,Banjara Hills,18,392.02
C03182,Returning,26-35,Female,Secunderabad,11,412.03
C03183,New,18-25,Male,Madhapur,0,0.0
C03184,New,18-25,Female,Secunderabad,0,0.0
C03185,New,56+,Female,Kukatpally,0,0.0
C03186,Returning,26-35,Female,Ameerpet,26,426.85
C03187,New,26-35,Male,Banjara Hills,0,0.0
C03188,Returning,18-25,Male,Secunderabad,27,225.23
C03189,Returning,46-55,Female,Kondapur,12,562.71
C03190,New,36-45,Female,Gachibowli,0,0.0
C03191,Returning,18-25,Female,Banjara Hills,39,503.81
C03192,Returning,18-25,Male,Mehdipatnam,29,367.26
C03193,Returning,36-45,Female,Jubilee Hills,5,520.24
C03194,Returning,18-25,Male,Begumpet,15,551.71
C03195,Returning,18-25,Female,Gachibowli,21,373.49
C03196,Returning,18-25,Male,Manikonda,37,120.0
C03197,Returning,18-25,Unknown,Madhapur,21,146.33
C03198,Returning,36-45,Female,Begumpet,23,286.72
C03199,Returning,36-45,Male,Gachibowli,13,293.64
C03200,Returning,26-35,Female,Jubilee Hills,14,453.23
C03201,Returning,26-35,Male,Mehdipatnam,18,675.03
C03202,Returning,36-45,Male,Kukatpally,25,502.32
C03203,Returning,36-45,Male,Hitech City,30,397.13
C03204,Returning,18-25,Female,Banjara Hills,27,592.55
C03205,Returning,18-25,Female,Gachibowli,9,390.25
C03206,Returning,36-45,Male,Madhapur,36,527.98
C03207,Returning,26-35,Female,Hitech City,27,464.1
C03208,Returning,26-35,Male,Hitech City,25,161.52
C03209,Returning,26-35,Female,Kondapur,34,542.59
C03210,Returning,26-35,Unknown,Gachibowli,21,646.73
C03211,Returning,26-35,Male,Begumpet,33,370.33
C03212,Returning,18-25,Male,Kukatpally,14,516.43
C03213,Returning,56+,Male,Madhapur,38,483.46
C03214,New,36-45,Male,Madhapur,0,0.0
C03215,Returning,26-35,Male,Secunderabad,26,366.64
C03216,New,56+,Male,Manikonda,0,0.0
C03217,Returning,36-45,Male,Madhapur,25,331.77
C03218,Returning,26-35,Male,Ameerpet,25,345.24
C03219,New,36-45,Male,Mehdipatnam,0,0.0
C03220,Returning,36-45,Male,Banjara Hills,34,537.93
C03221,Returning,56+,Female,Madhapur,30,621.14
C03222,New,36-45,Unknown,Manikonda,0,0.0
C03223,Returning,18-25,Male,Hitech City,28,241.16
C03224,Returning,18-25,Female,Ameerpet,8,559.22
C03225,Returning,46-55,Male,Banjara Hills,28,214.84
C03226,Returning,36-45,Unknown,Kukatpally,2,362.42
C03227,Returning,26-35,Male,Hitech City,8,387.78
C03228,New,26-35,Male,Secunderabad,0,0.0
C03229,Returning,46-55,Unknown,Banjara Hills,39,420.33
C03230,Returning,18-25,Male,Madhapur,12,258.12
C03231,New,18-25,Male,Mehdipatnam,0,0.0
C03232,New,26-35,Male,Banjara Hills,0,0.0
C03233,Returning,56+,Female,Hitech City,30,179.91
C03234,New,36-45,Male,Mehdipatnam,0,0.0
C03235,Returning,26-35,Male,Gachibowli,12,551.23
C03236,Returning,26-35,Female,Begumpet,37,432.7
C03237,Returning,18-25,Male,Madhapur,22,283.61
C03238,Returning,18-25,Unknown,Gachibowli,22,389.67
C03239,Returning,18-25,Female,Gachibowli,19,426.13
C03240,Returning,18-25,Female,Mehdipatnam,36,265.99
C03241,Returning,26-35,Male,Ameerpet,37,341.83
C03242,Returning,26-35,Unknown,Mehdipatnam,16,607.12
C03243,New,56+,Male,Mehdipatnam,0,0.0
C03244,Returning,46-55,Male,Secunderabad,37,563.38
C03245,New,26-35,Female,Gachibowli,0,0.0
C03246,New,18-25,Female,Madhapur,0,0.0
C03247,Returning,26-35,Male,Mehdipatnam,15,457.03
C03248,Returning,18-25,Female,Ameerpet,4,296.9
C03249,Returning,36-45,Male,Kondapur,38,464.79
C03250,Returning,26-35,Male,Ameerpet,32,376.64
C03251,Returning,46-55,Female,Ameerpet,14,378.32
C03252,Returning,26-35,Male,Kondapur,7,381.51
C03253,Returning,46-55,Male,Kukatpally,24,292.41
C03254,Returning,26-35,Male,Secunderabad,39,595.88
C03255,New,36-45,Male,Banjara Hills,0,0.0
C03256,New,26-35,Male,Banjara Hills,0,0.0
C03257,Returning,36-45,Female,Kondapur,7,251.18
C03258,Returning,18-25,Male,Begumpet,30,535.21
C03259,Returning,18-25,Male,Jubilee Hills,37,387.79
C03260,Returning,18-25,Female,Kondapur,6,441.04
C03261,New,26-35,Male,Hitech City,0,0.0
C03262,Returning,36-45,Male,Jubilee Hills,22,463.86
C03263,Returning,26-35,Male,Kukatpally,21,441.17
C03264,Returning,46-55,Female,Banjara Hills,15,464.84
C03265,New,26-35,Female,Kondapur,0,0.0
C03266,Returning,26-35,Male,Madhapur,35,356.82
C03267,Returning,26-35,Female,Manikonda,33,378.28
C03268,Returning,18-25,Female,Jubilee Hills,11,385.42
C03269,Returning,26-35,Male,Madhapur,9,323.32
C03270,Returning,18-25,Female,Kondapur,29,346.24
C03271,Returning,18-25,Male,Kukatpally,17,589.42
C03272,Returning,18-25,Male,Madhapur,37,229.23
C03273,Returning,18-25,Female,Madhapur,34,637.64
C03274,New,36-45,Male,Mehdipatnam,0,0.0
C03275,Returning,26-35,Female,Begumpet,12,498.24
C03276,New,26-35,Unknown,Banjara Hills,0,0.0
C03277,New,26-35,Male,Jubilee Hills,0,0.0
C03278,Returning,56+,Female,Begumpet,4,489.93
C03279,Returning,26-35,Unknown,Secunderabad,11,638.96
C03280,Returning,26-35,Male,Gachibowli,31,401.84
C03281,Returning,26-35,Female,Manikonda,38,412.85
C03282,Returning,26-35,Female,Manikonda,34,346.87
C03283,Returning,26-35,Male,Manikonda,10,681.75
C03284,Returning,36-45,Female,Jubilee Hills,6,570.11
C03285,Returning,56+,Female,Kukatpally,8,563.51
C03286,Returning,26-35,Female,Banjara Hills,35,421.54
C03287,Returning,46-55,Female,Manikonda,28,170.54
C03288,New,18-25,Female,Kondapur,0,0.0
C03289,Returning,26-35,Male,Gachibowli,22,184.89
C03290,Returning,36-45,Male,Gachibowli,13,335.61
C03291,New,18-25,Male,Banjara Hills,0,0.0
C03292,Returning,56+,Female,Secunderabad,38,341.48
C03293,Returning,26-35,Male,Kukatpally,26,328.12
C03294,Returning,26-35,Female,Ameerpet,15,140.17
C03295,Returning,46-55,Male,Jubilee Hills,12,510.57
C03296,Returning,46-55,Female,Jubilee Hills,9,471.28
C03297,Returning,18-25,Female,Secunderabad,30,353.74
C03298,Returning,26-35,Female,Ameerpet,13,464.48
C03299,Returning,36-45,Male,Madhapur,19,207.37
C03300,Returning,26-35,Male,Hitech City,36,295.73
C03301,Returning,46-55,Male,Ameerpet,38,442.41
C03302,Returning,18-25,Female,Ameerpet,39,531.74
C03303,New,56+,Female,Gachibowli,0,0.0
C03304,Returning,36-45,Female,Banjara Hills,18,256.79
C03305,Returning,26-35,Male,Kondapur,16,353.12
C03306,Returning,36-45,Male,Madhapur,20,562.0
C03307,Returning,26-35,Female,Kukatpally,21,339.22
C03308,Returning,26-35,Male,Secunderabad,24,449.81
C03309,Returning,18-25,Female,Ameerpet,24,473.24
C03310,Returning,36-45,Male,Banjara Hills,33,345.43
C03311,Returning,26-35,Female,Gachibowli,26,420.01
C03312,New,18-25,Male,Jubilee Hills,0,0.0
C03313,Returning,46-55,Female,Manikonda,12,341.58
C03314,New,26-35,Male,Secunderabad,0,0.0
C03315,Returning,56+,Female,Kondapur,30,499.21
C03316,Returning,26-35,Female,Secunderabad,38,585.93
C03317,New,36-45,Female,Gachibowli,0,0.0
C03318,New,36-45,Female,Jubilee Hills,0,0.0
C03319,Returning,26-35,Female,Hitech City,39,400.18
C03320,New,46-55,Male,Kondapur,0,0.0
C03321,Returning,36-45,Female,Begumpet,7,315.27
C03322,Returning,46-55,Male,Jubilee Hills,38,408.81
C03323,Returning,26-35,Male,Begumpet,16,417.35
C03324,New,18-25,Female,Manikonda,0,0.0
C03325,Returning,18-25,Female,Begumpet,30,773.09
C03326,New,18-25,Female,Kondapur,0,0.0
C03327,Returning,26-35,Male,Mehdipatnam,35,502.43
C03328,New,56+,Male,Kondapur,0,0.0
C03329,Returning,26-35,Male,Kukatpally,8,778.83
C03330,Returning,26-35,Female,Madhapur,19,126.19
C03331,Returning,18-25,Male,Mehdipatnam,4,370.16
C03332,Returning,26-35,Male,Kukatpally,26,440.34
C03333,New,18-25,Female,Hitech City,0,0.0
C03334,Returning,26-35,Male,Gachibowli,12,409.11
C03335,Returning,26-35,Female,Gachibowli,1,287.27
C03336,Returning,46-55,Male,Manikonda,27,619.92
C03337,Returning,26-35,Female,Mehdipatnam,3,501.95
C03338,Returning,46-55,Male,Banjara Hills,15,382.32
C03339,New,18-25,Female,Begumpet,0,0.0
C03340,Returning,26-35,Male,Kondapur,31,383.1
C03341,Returning,36-45,Male,Ameerpet,13,436.27
C03342,New,26-35,Female,Jubilee Hills,0,0.0
C03343,New,18-25,Female,Jubilee Hills,0,0.0
C03344,Returning,26-35,Male,Banjara Hills,36,336.68
C03345,Returning,26-35,Female,Banjara Hills,33,478.6
C03346,Returning,56+,Unknown,Ameerpet,22,458.34
C03347,Returning,18-25,Female,Jubilee Hills,7,279.04
C03348,Returning,18-25,Male,Hitech City,34,590.45
C03349,Returning,36-45,Female,Madhapur,31,513.55
C03350,Returning,26-35,Female,Hitech City,18,298.35
C03351,Returning,26-35,Female,Banjara Hills,28,278.85
C03352,Returning,26-35,Female,Banjara Hills,27,326.4
C03353,New,26-35,Unknown,Kukatpally,0,0.0
C03354,Returning,36-45,Male,Secunderabad,11,578.91
C03355,New,46-55,Male,Ameerpet,0,0.0
C03356,Returning,26-35,Male,Kondapur,23,314.58
C03357,Returning,46-55,Unknown,Gachibowli,3,482.24
C03358,Returning,26-35,Unknown,Begumpet,26,408.48
C03359,Returning,26-35,Female,Mehdipatnam,15,408.1
C03360,Returning,26-35,Female,Banjara Hills,8,399.35
C03361,Returning,18-25,Male,Secunderabad,7,373.11
C03362,Returning,18-25,Male,Kondapur,22,641.25
C03363,Returning,26-35,Male,Ameerpet,13,541.41
C03364,Returning,26-35,Male,Ameerpet,36,372.17
C03365,Returning,26-35,Male,Hitech City,12,577.33
C03366,New,46-55,Male,Banjara Hills,0,0.0
C03367,New,26-35,Male,Jubilee Hills,0,0.0
C03368,Returning,36-45,Male,Manikonda,20,454.61
C03369,Returning,26-35,Male,Ameerpet,9,351.43
C03370,Returning,26-35,Male,Manikonda,33,430.73
C03371,Returning,18-25,Female,Kondapur,27,443.41
C03372,Returning,46-55,Female,Gachibowli,17,583.7
C03373,Returning,26-35,Unknown,Mehdipatnam,38,292.47
C03374,Returning,36-45,Female,Jubilee Hills,2,204.21
C03375,Returning,26-35,Unknown,Hitech City,8,349.62
C03376,Returning,26-35,Female,Manikonda,21,462.39
C03377,Returning,18-25,Female,Manikonda,6,155.18
C03378,Returning,36-45,Male,Gachibowli,19,388.48
C03379,Returning,26-35,Male,Begumpet,2,309.86
C03380,Returning,18-25,Male,Kukatpally,37,269.22
C03381,Returning,18-25,Female,Ameerpet,31,431.97
C03382,Returning,26-35,Male,Hitech City,26,564.76
C03383,Returning,26-35,Female,Mehdipatnam,39,238.52
C03384,Returning,26-35,Unknown,Hitech City,31,443.75
C03385,Returning,18-25,Female,Jubilee Hills,12,392.54
C03386,Returning,36-45,Female,Madhapur,15,498.11
C03387,Returning,36-45,Female,Begumpet,24,414.99
C03388,Returning,18-25,Female,Mehdipatnam,35,332.54
C03389,New,36-45,Male,Begumpet,0,0.0
C03390,New,18-25,Female,Kukatpally,0,0.0
C03391,Returning,46-55,Female,Kukatpally,38,281.17
C03392,Returning,36-45,Female,Begumpet,4,155.18
C03393,Returning,18-25,Male,Manikonda,13,321.86
C03394,Returning,56+,Male,Hitech City,26,439.52
C03395,Returning,46-55,Female,Kukatpally,15,513.39
C03396,Returning,18-25,Female,Mehdipatnam,36,339.54
C03397,New,36-45,Unknown,Jubilee Hills,0,0.0
C03398,New,26-35,Male,Banjara Hills,0,0.0
C03399,Returning,18-25,Female,Jubilee Hills,11,353.99
C03400,Returning,18-25,Female,Begumpet,38,427.71
C03401,Returning,18-25,Female,Hitech City,21,337.11
C03402,New,36-45,Female,Banjara Hills,0,0.0
C03403,Returning,26-35,Female,Manikonda,35,286.24
C03404,Returning,56+,Male,Mehdipatnam,23,296.05
C03405,Returning,26-35,Male,Secunderabad,17,448.09
C03406,Returning,26-35,Female,Banjara Hills,21,211.92
C03407,New,26-35,Unknown,Kondapur,0,0.0
C03408,Returning,26-35,Male,Madhapur,12,565.91
C03409,Returning,26-35,Male,Ameerpet,9,338.8
C03410,Returning,36-45,Female,Kukatpally,31,348.3
C03411,New,36-45,Unknown,Jubilee Hills,0,0.0
C03412,Returning,18-25,Male,Begumpet,17,244.05
C03413,Returning,26-35,Female,Mehdipatnam,29,336.66
C03414,Returning,36-45,Female,Ameerpet,26,247.18
C03415,New,36-45,Female,Hitech City,0,0.0
C03416,New,46-55,Male,Begumpet,0,0.0
C03417,Returning,26-35,Female,Banjara Hills,39,264.68
C03418,Returning,26-35,Male,Begumpet,29,414.46
C03419,New,18-25,Male,Manikonda,0,0.0
C03420,New,26-35,Male,Kondapur,0,0.0
C03421,Returning,26-35,Male,Kukatpally,16,373.81
C03422,Returning,26-35,Male,Ameerpet,3,406.35
C03423,Returning,26-35,Male,Kukatpally,5,274.43
C03424,Returning,18-25,Male,Mehdipatnam,32,377.35
C03425,New,18-25,Male,Banjara Hills,0,0.0
C03426,Returning,36-45,Male,Hitech City,26,506.56
C03427,Returning,36-45,Male,Mehdipatnam,12,582.15
C03428,Returning,56+,Female,Jubilee Hills,6,213.92
C03429,Returning,26-35,Female,Manikonda,30,609.66
C03430,Returning,18-25,Unknown,Ameerpet,6,457.33
C03431,Returning,18-25,Male,Jubilee Hills,36,607.95
C03432,Returning,56+,Female,Kondapur,20,408.75
C03433,Returning,36-45,Male,Kukatpally,38,566.3
C03434,Returning,18-25,Male,Jubilee Hills,7,404.83
C03435,Returning,26-35,Male,Ameerpet,33,271.42
C03436,Returning,18-25,Female,Kukatpally,37,448.69
C03437,Returning,36-45,Male,Mehdipatnam,34,342.75
C03438,Returning,36-45,Male,Madhapur,9,402.63
C03439,Returning,46-55,Female,Banjara Hills,19,474.84
C03440,Returning,36-45,Female,Begumpet,37,507.36
C03441,Returning,26-35,Male,Kondapur,3,491.28
C03442,Returning,46-55,Female,Hitech City,28,531.85
C03443,Returning,26-35,Male,Hitech City,20,207.78
C03444,Returning,36-45,Female,Manikonda,22,556.65
C03445,Returning,18-25,Female,Kondapur,21,300.36
C03446,New,26-35,Female,Mehdipatnam,0,0.0
C03447,New,26-35,Unknown,Secunderabad,0,0.0
C03448,Returning,26-35,Male,Begumpet,27,258.66
C03449,Returning,46-55,Male,Ameerpet,2,521.24
C03450,Returning,26-35,Female,Gachibowli,12,276.37
C03451,Returning,46-55,Female,Ameerpet,23,335.95
C03452,New,26-35,Male,Gachibowli,0,0.0
C03453,Returning,26-35,Male,Secunderabad,22,120.0
C03454,Returning,26-35,Male,Jubilee Hills,3,190.38
C03455,Returning,18-25,Unknown,Hitech City,22,530.12
C03456,Returning,26-35,Male,Begumpet,2,354.17
C03457,Returning,46-55,Male,Madhapur,4,508.57
C03458,New,36-45,Unknown,Manikonda,0,0.0
C03459,Returning,36-45,Male,Madhapur,32,345.19
C03460,Returning,26-35,Male,Hitech City,34,497.43
C03461,New,18-25,Female,Gachibowli,0,0.0
C03462,Returning,36-45,Male,Secunderabad,30,336.42
C03463,Returning,26-35,Male,Banjara Hills,1,437.41
C03464,Returning,36-45,Male,Madhapur,5,266.07
C03465,Returning,18-25,Female,Jubilee Hills,24,222.24
C03466,New,26-35,Male,Kukatpally,0,0.0
C03467,New,36-45,Male,Madhapur,0,0.0
C03468,Returning,46-55,Male,Hitech City,28,655.85
C03469,Returning,18-25,Male,Kondapur,35,560.02
C03470,Returning,56+,Female,Banjara Hills,17,325.42
C03471,Returning,36-45,Male,Kondapur,23,340.99
C03472,Returning,18-25,Male,Madhapur,15,279.88
C03473,Returning,18-25,Male,Mehdipatnam,36,407.45
C03474,Returning,46-55,Female,Jubilee Hills,29,541.72
C03475,Returning,36-45,Male,Kukatpally,27,398.4
C03476,Returning,36-45,Unknown,Gachibowli,1,405.15
C03477,New,26-35,Female,Ameerpet,0,0.0
C03478,New,18-25,Male,Hitech City,0,0.0
C03479,Returning,26-35,Male,Ameerpet,28,253.12
C03480,Returning,36-45,Female,Begumpet,11,375.61
C03481,Returning,26-35,Male,Kukatpally,6,454.86
C03482,Returning,56+,Male,Kukatpally,18,423.9
C03483,New,36-45,Unknown,Manikonda,0,0.0
C03484,Returning,18-25,Female,Jubilee Hills,22,606.94
C03485,Returning,26-35,Female,Secunderabad,2,120.0
C03486,New,46-55,Female,Kondapur,0,0.0
C03487,Returning,36-45,Male,Secunderabad,26,622.84
C03488,Returning,36-45,Male,Jubilee Hills,35,472.13
C03489,New,18-25,Male,Banjara Hills,0,0.0
C03490,Returning,46-55,Female,Jubilee Hills,35,375.56
C03491,Returning,36-45,Male,Kukatpally,13,411.19
C03492,New,26-35,Male,Hitech City,0,0.0
C03493,Returning,36-45,Unknown,Secunderabad,4,368.48
C03494,New,26-35,Male,Kukatpally,0,0.0
C03495,Returning,46-55,Unknown,Gachibowli,39,237.54
C03496,Returning,18-25,Female,Jubilee Hills,20,600.91
C03497,Returning,26-35,Female,Jubilee Hills,24,469.66
C03498,New,36-45,Male,Kukatpally,0,0.0
C03499,Returning,26-35,Male,Madhapur,7,237.61
C03500,Returning,46-55,Male,Mehdipatnam,32,408.47
C03501,Returning,36-45,Female,Gachibowli,36,525.43
C03502,Returning,36-45,Unknown,Gachibowli,5,710.54
C03503,Returning,26-35,Male,Manikonda,31,660.3
C03504,Returning,26-35,Male,Gachibowli,24,363.48
C03505,Returning,26-35,Unknown,Begumpet,31,358.06
C03506,Returning,26-35,Female,Kondapur,25,285.85
C03507,Returning,18-25,Male,Manikonda,37,472.54
C03508,New,26-35,Female,Jubilee Hills,0,0.0
C03509,Returning,36-45,Female,Secunderabad,1,487.91
C03510,New,26-35,Female,Kukatpally,0,0.0
C03511,Returning,26-35,Male,Manikonda,4,467.62
C03512,Returning,26-35,Female,Kukatpally,27,286.98
C03513,New,18-25,Male,Gachibowli,0,0.0
C03514,New,18-25,Female,Begumpet,0,0.0
C03515,Returning,18-25,Male,Secunderabad,36,256.14
C03516,New,36-45,Male,Kondapur,0,0.0
C03517,Returning,46-55,Female,Ameerpet,32,437.0
C03518,New,36-45,Female,Kukatpally,0,0.0
C03519,Returning,26-35,Unknown,Kondapur,34,537.12
C03520,New,26-35,Female,Secunderabad,0,0.0
C03521,Returning,18-25,Female,Jubilee Hills,19,710.91
C03522,New,18-25,Female,Madhapur,0,0.0
C03523,Returning,18-25,Male,Begumpet,9,572.97
C03524,Returning,26-35,Unknown,Kukatpally,19,120.0
C03525,Returning,26-35,Female,Madhapur,2,659.65
C03526,Returning,18-25,Male,Secunderabad,25,412.27
C03527,Returning,46-55,Female,Kondapur,4,580.67
C03528,Returning,18-25,Male,Kukatpally,28,384.87
C03529,New,26-35,Male,Begumpet,0,0.0
C03530,Returning,36-45,Female,Kondapur,32,497.22
C03531,New,18-25,Female,Kukatpally,0,0.0
C03532,Returning,26-35,Unknown,Madhapur,22,341.25
C03533,Returning,26-35,Female,Gachibowli,25,120.0
C03534,Returning,36-45,Unknown,Mehdipatnam,26,488.46
C03535,New,36-45,Male,Manikonda,0,0.0
C03536,Returning,36-45,Female,Manikonda,8,386.56
C03537,New,18-25,Male,Ameerpet,0,0.0
C03538,Returning,18-25,Female,Hitech City,7,461.55
C03539,New,46-55,Female,Ameerpet,0,0.0
C03540,Returning,18-25,Male,Begumpet,32,169.51
C03541,Returning,26-35,Male,Jubilee Hills,17,436.52
C03542,Returning,46-55,Male,Madhapur,9,378.04
C03543,Returning,18-25,Male,Kukatpally,33,544.18
C03544,Returning,46-55,Male,Mehdipatnam,18,351.45
C03545,Returning,36-45,Female,Gachibowli,30,256.61
C03546,Returning,26-35,Male,Ameerpet,35,386.14
C03547,Returning,26-35,Male,Madhapur,13,657.06
C03548,Returning,26-35,Female,Kukatpally,6,302.72
C03549,Returning,36-45,Male,Begumpet,6,583.9
C03550,Returning,18-25,Male,Madhapur,27,394.17
C03551,New,26-35,Female,Ameerpet,0,0.0
C03552,Returning,26-35,Male,Banjara Hills,10,497.35
C03553,Returning,36-45,Female,Begumpet,26,723.79
C03554,Returning,26-35,Male,Gachibowli,25,475.69
C03555,Returning,26-35,Unknown,Jubilee Hills,35,277.03
C03556,Returning,56+,Male,Ameerpet,32,387.98
C03557,Returning,26-35,Female,Begumpet,13,301.15
C03558,Returning,36-45,Male,Kukatpally,32,790.97
C03559,Returning,36-45,Female,Banjara Hills,25,488.96
C03560,New,26-35,Male,Secunderabad,0,0.0
C03561,Returning,26-35,Male,Kukatpally,36,524.24
C03562,Returning,36-45,Unknown,Gachibowli,21,475.39
C03563,Returning,36-45,Male,Manikonda,5,282.76
C03564,New,18-25,Female,Jubilee Hills,0,0.0
C03565,Returning,26-35,Male,Kondapur,35,407.09
C03566,Returning,18-25,Female,Mehdipatnam,7,641.79
C03567,Returning,36-45,Male,Hitech City,10,347.6
C03568,New,26-35,Male,Gachibowli,0,0.0
C03569,Returning,26-35,Unknown,Begumpet,32,541.74
C03570,Returning,26-35,Female,Gachibowli,30,333.42
C03571,Returning,56+,Male,Gachibowli,16,280.2
C03572,Returning,18-25,Female,Manikonda,3,398.52
C03573,Returning,18-25,Male,Ameerpet,37,524.12
C03574,Returning,46-55,Female,Ameerpet,37,435.76
C03575,Returning,26-35,Female,Kukatpally,12,367.66
C03576,Returning,26-35,Male,Banjara Hills,8,604.37
C03577,Returning,46-55,Male,Begumpet,35,598.37
C03578,Returning,18-25,Female,Banjara Hills,29,207.12
C03579,Returning,18-25,Unknown,Kukatpally,15,265.15
C03580,New,46-55,Female,Kondapur,0,0.0
C03581,Returning,36-45,Unknown,Jubilee Hills,26,387.99
C03582,New,26-35,Female,Jubilee Hills,0,0.0
C03583,Returning,26-35,Male,Hitech City,6,406.24
C03584,Returning,36-45,Male,Begumpet,30,426.01
C03585,Returning,18-25,Female,Begumpet,10,475.29
C03586,New,26-35,Unknown,Kondapur,0,0.0
C03587,New,18-25,Male,Kondapur,0,0.0
C03588,Returning,26-35,Female,Mehdipatnam,33,455.14
C03589,Returning,18-25,Female,Gachibowli,28,579.34
C03590,New,26-35,Male,Banjara Hills,0,0.0
C03591,New,26-35,Female,Mehdipatnam,0,0.0
C03592,Returning,56+,Male,Manikonda,23,489.91
C03593,Returning,26-35,Male,Begumpet,4,374.52
C03594,New,26-35,Female,Begumpet,0,0.0
C03595,Returning,18-25,Male,Kukatpally,30,367.14
C03596,Returning,26-35,Female,Kukatpally,15,516.74
C03597,Returning,18-25,Unknown,Begumpet,25,459.47
C03598,Returning,56+,Male,Begumpet,38,506.35
C03599,Returning,18-25,Female,Hitech City,12,352.17
C03600,Returning,36-45,Female,Banjara Hills,16,489.87
C03601,Returning,36-45,Male,Begumpet,18,603.69
C03602,Returning,46-55,Female,Begumpet,10,374.6
C03603,Returning,36-45,Male,Manikonda,21,353.17
C03604,Returning,18-25,Unknown,Kondapur,22,578.23
C03605,Returning,46-55,Female,Begumpet,17,430.94
C03606,New,26-35,Female,Gachibowli,0,0.0
C03607,New,26-35,Male,Kondapur,0,0.0
C03608,Returning,46-55,Male,Ameerpet,37,589.11
C03609,Returning,18-25,Male,Hitech City,22,465.41
C03610,Returning,36-45,Female,Begumpet,23,661.18
C03611,Returning,36-45,Female,Kukatpally,4,501.33
C03612,Returning,36-45,Male,Begumpet,16,452.09
C03613,Returning,18-25,Female,Hitech City,14,555.93
C03614,New,46-55,Female,Banjara Hills,0,0.0
C03615,Returning,18-25,Unknown,Hitech City,32,557.8
C03616,Returning,26-35,Male,Madhapur,22,407.53
C03617,Returning,36-45,Female,Banjara Hills,1,386.22
C03618,Returning,46-55,Female,Hitech City,33,470.54
C03619,Returning,26-35,Male,Manikonda,20,358.36
C03620,Returning,26-35,Female,Begumpet,33,272.5
C03621,Returning,46-55,Female,Jubilee Hills,13,302.38
C03622,Returning,26-35,Male,Madhapur,28,486.73
C03623,Returning,18-25,Unknown,Madhapur,30,458.13
C03624,New,26-35,Unknown,Gachibowli,0,0.0
C03625,Returning,36-45,Male,Ameerpet,36,513.13
C03626,Returning,36-45,Male,Kukatpally,26,303.57
C03627,Returning,26-35,Female,Jubilee Hills,4,366.22
C03628,Returning,18-25,Male,Kondapur,39,631.25
C03629,Returning,36-45,Male,Manikonda,11,296.0
C03630,Returning,26-35,Male,Ameerpet,26,585.96
C03631,Returning,26-35,Female,Kukatpally,16,384.95
C03632,Returning,26-35,Female,Kondapur,9,488.1
C03633,Returning,18-25,Unknown,Gachibowli,36,450.63
C03634,Returning,18-25,Female,Begumpet,25,386.85
C03635,Returning,26-35,Male,Kukatpally,14,434.52
C03636,New,18-25,Female,Manikonda,0,0.0
C03637,Returning,36-45,Unknown,Madhapur,39,329.41
C03638,Returning,18-25,Male,Mehdipatnam,17,296.78
C03639,Returning,26-35,Female,Kondapur,14,531.84
C03640,New,46-55,Male,Madhapur,0,0.0
C03641,New,26-35,Male,Ameerpet,0,0.0
C03642,Returning,46-55,Female,Gachibowli,14,395.98
C03643,Returning,18-25,Male,Manikonda,37,365.12
C03644,New,36-45,Female,Jubilee Hills,0,0.0
C03645,Returning,18-25,Male,Manikonda,17,407.66
C03646,Returning,56+,Male,Begumpet,9,360.19
C03647,Returning,56+,Female,Kondapur,27,245.27
C03648,Returning,36-45,Male,Begumpet,1,347.37
C03649,New,18-25,Male,Jubilee Hills,0,0.0
C03650,Returning,36-45,Unknown,Madhapur,35,644.4
C03651,Returning,36-45,Male,Gachibowli,18,349.99
C03652,Returning,36-45,Female,Mehdipatnam,38,593.76
C03653,New,36-45,Male,Gachibowli,0,0.0
C03654,Returning,26-35,Unknown,Banjara Hills,34,480.38
C03655,New,36-45,Female,Mehdipatnam,0,0.0
C03656,Returning,18-25,Male,Madhapur,32,517.2
C03657,Returning,26-35,Female,Jubilee Hills,16,438.44
C03658,Returning,26-35,Female,Gachibowli,29,369.83
C03659,Returning,18-25,Female,Kondapur,15,220.77
C03660,Returning,26-35,Male,Gachibowli,22,548.4
C03661,Returning,46-55,Male,Secunderabad,2,226.1
C03662,New,18-25,Female,Secunderabad,0,0.0
C03663,Returning,26-35,Male,Madhapur,36,649.42
C03664,New,26-35,Male,Ameerpet,0,0.0
C03665,Returning,18-25,Female,Hitech City,11,431.61
C03666,Returning,18-25,Female,Banjara Hills,13,437.06
C03667,Returning,26-35,Unknown,Banjara Hills,38,452.49
C03668,Returning,26-35,Male,Kondapur,9,376.55
C03669,Returning,26-35,Female,Banjara Hills,27,464.99
C03670,Returning,26-35,Male,Banjara Hills,28,399.87
C03671,Returning,18-25,Male,Gachibowli,26,377.91
C03672,Returning,36-45,Female,Manikonda,24,481.63
C03673,Returning,56+,Female,Kondapur,39,502.83
C03674,Returning,26-35,Female,Ameerpet,39,466.54
C03675,Returning,26-35,Unknown,Gachibowli,16,543.87
C03676,Returning,36-45,Female,Madhapur,17,662.64
C03677,Returning,26-35,Male,Manikonda,10,643.4
C03678,Returning,18-25,Female,Mehdipatnam,17,434.62
C03679,Returning,36-45,Male,Manikonda,36,280.27
C03680,Returning,26-35,Female,Mehdipatnam,5,569.54
C03681,Returning,18-25,Male,Begumpet,5,436.6
C03682,Returning,26-35,Female,Ameerpet,1,521.71
C03683,Returning,46-55,Male,Gachibowli,13,376.27
C03684,New,18-25,Female,Secunderabad,0,0.0
C03685,Returning,46-55,Male,Madhapur,27,278.79
C03686,Returning,26-35,Female,Gachibowli,24,444.45
C03687,Returning,36-45,Male,Gachibowli,35,249.0
C03688,Returning,26-35,Female,Hitech City,38,683.09
C03689,Returning,36-45,Female,Hitech City,11,389.9
C03690,Returning,46-55,Female,Madhapur,5,153.31
C03691,Returning,18-25,Male,Begumpet,37,587.72
C03692,New,18-25,Male,Kondapur,0,0.0
C03693,Returning,26-35,Female,Ameerpet,4,600.41
C03694,Returning,26-35,Unknown,Mehdipatnam,27,278.77
C03695,New,26-35,Male,Kukatpally,0,0.0
C03696,Returning,26-35,Female,Gachibowli,12,593.7
C03697,Returning,56+,Female,Ameerpet,21,400.91
C03698,Returning,26-35,Unknown,Hitech City,2,474.52
C03699,New,26-35,Male,Madhapur,0,0.0
C03700,Returning,18-25,Male,Secunderabad,35,385.14
C03701,Returning,26-35,Male,Gachibowli,31,601.76
C03702,Returning,26-35,Unknown,Kondapur,6,325.43
C03703,Returning,56+,Male,Secunderabad,37,429.71
C03704,Returning,18-25,Female,Mehdipatnam,18,499.25
C03705,Returning,26-35,Female,Hitech City,13,430.7
C03706,Returning,36-45,Unknown,Hitech City,30,533.43
C03707,New,36-45,Male,Kukatpally,0,0.0
C03708,New,36-45,Male,Madhapur,0,0.0
C03709,Returning,26-35,Unknown,Hitech City,1,273.47
C03710,Returning,18-25,Female,Manikonda,38,397.93
C03711,Returning,18-25,Unknown,Hitech City,31,381.42
C03712,Returning,26-35,Female,Kukatpally,24,485.85
C03713,Returning,26-35,Female,Jubilee Hills,39,401.73
C03714,Returning,26-35,Female,Kondapur,6,370.94
C03715,New,46-55,Male,Hitech City,0,0.0
C03716,New,26-35,Female,Ameerpet,0,0.0
C03717,Returning,18-25,Male,Banjara Hills,21,347.52
C03718,New,26-35,Male,Hitech City,0,0.0
C03719,Returning,26-35,Female,Ameerpet,15,350.62
C03720,New,36-45,Unknown,Kukatpally,0,0.0
C03721,Returning,26-35,Female,Mehdipatnam,34,269.28
C03722,Returning,18-25,Male,Kukatpally,10,364.44
C03723,Returning,26-35,Male,Madhapur,7,516.33
C03724,Returning,18-25,Male,Madhapur,7,359.87
C03725,Returning,18-25,Male,Jubilee Hills,32,319.32
C03726,Returning,36-45,Female,Gachibowli,14,410.88
C03727,New,56+,Female,Begumpet,0,0.0
C03728,Returning,46-55,Male,Ameerpet,12,771.08
C03729,Returning,18-25,Male,Banjara Hills,24,621.61
C03730,Returning,26-35,Male,Mehdipatnam,14,428.38
C03731,New,46-55,Male,Secunderabad,0,0.0
C03732,New,46-55,Female,Kondapur,0,0.0
C03733,New,18-25,Female,Kondapur,0,0.0
C03734,Returning,26-35,Female,Kondapur,30,311.24
C03735,Returning,26-35,Unknown,Madhapur,17,145.7
C03736,Returning,18-25,Unknown,Kukatpally,19,356.9
C03737,Returning,18-25,Unknown,Manikonda,21,347.48
C03738,New,18-25,Female,Banjara Hills,0,0.0
C03739,Returning,26-35,Male,Banjara Hills,18,258.67
C03740,Returning,36-45,Female,Jubilee Hills,20,469.7
C03741,Returning,36-45,Unknown,Kukatpally,21,313.42
C03742,Returning,26-35,Male,Manikonda,12,134.44
C03743,New,26-35,Male,Hitech City,0,0.0
C03744,Returning,26-35,Male,Begumpet,37,525.0
C03745,Returning,36-45,Unknown,Begumpet,4,575.29
C03746,Returning,36-45,Female,Gachibowli,26,277.37
C03747,Returning,36-45,Male,Secunderabad,33,400.69
C03748,Returning,46-55,Male,Ameerpet,33,492.86
C03749,Returning,18-25,Male,Banjara Hills,15,538.92
C03750,Returning,18-25,Male,Manikonda,10,362.31
C03751,Returning,26-35,Male,Madhapur,2,458.68
C03752,New,26-35,Unknown,Hitech City,0,0.0
C03753,New,46-55,Male,Kukatpally,0,0.0
C03754,Returning,26-35,Female,Gachibowli,25,538.23
C03755,Returning,36-45,Female,Kondapur,8,412.48
C03756,Returning,36-45,Female,Jubilee Hills,15,474.53
C03757,Returning,18-25,Male,Manikonda,37,394.42
C03758,Returning,18-25,Male,Mehdipatnam,10,309.01
C03759,New,26-35,Female,Begumpet,0,0.0
C03760,Returning,18-25,Male,Manikonda,4,463.76
C03761,New,18-25,Male,Banjara Hills,0,0.0
C03762,Returning,26-35,Female,Secunderabad,2,617.31
C03763,Returning,18-25,Male,Madhapur,15,711.42
C03764,Returning,26-35,Female,Gachibowli,8,130.57
C03765,Returning,26-35,Unknown,Secunderabad,39,537.9
C03766,Returning,26-35,Male,Ameerpet,13,365.21
C03767,Returning,26-35,Male,Madhapur,11,498.72
C03768,Returning,18-25,Male,Kukatpally,21,444.76
C03769,Returning,26-35,Male,Madhapur,14,397.4
C03770,New,46-55,Female,Hitech City,0,0.0
C03771,Returning,46-55,Female,Hitech City,15,433.11
C03772,Returning,18-25,Female,Hitech City,2,610.39
C03773,Returning,26-35,Male,Hitech City,15,462.88
C03774,Returning,36-45,Female,Gachibowli,6,237.82
C03775,Returning,26-35,Male,Hitech City,3,400.65
C03776,Returning,26-35,Male,Secunderabad,1,422.07
C03777,Returning,36-45,Male,Hitech City,23,348.88
C03778,Returning,46-55,Unknown,Manikonda,2,265.74
C03779,Returning,26-35,Male,Madhapur,13,671.88
C03780,Returning,26-35,Male,Kondapur,12,412.86
C03781,Returning,56+,Male,Kukatpally,16,418.06
C03782,Returning,26-35,Male,Madhapur,25,215.11
C03783,New,26-35,Unknown,Hitech City,0,0.0
C03784,Returning,18-25,Male,Ameerpet,6,407.44
C03785,Returning,46-55,Male,Kondapur,39,561.82
C03786,Returning,36-45,Female,Ameerpet,35,638.02
C03787,Returning,18-25,Female,Manikonda,18,340.42
C03788,Returning,18-25,Male,Mehdipatnam,39,330.41
C03789,Returning,46-55,Male,Banjara Hills,11,570.37
C03790,Returning,18-25,Male,Banjara Hills,24,560.09
C03791,New,36-45,Unknown,Gachibowli,0,0.0
C03792,New,26-35,Unknown,Manikonda,0,0.0
C03793,New,26-35,Male,Hitech City,0,0.0
C03794,Returning,36-45,Male,Manikonda,8,419.96
C03795,Returning,26-35,Male,Ameerpet,34,422.77
C03796,New,36-45,Female,Gachibowli,0,0.0
C03797,New,46-55,Female,Gachibowli,0,0.0
C03798,Returning,26-35,Unknown,Jubilee Hills,37,522.36
C03799,Returning,26-35,Unknown,Secunderabad,24,305.76
C03800,Returning,26-35,Female,Hitech City,39,353.73
C03801,Returning,18-25,Female,Mehdipatnam,39,461.21
C03802,Returning,26-35,Unknown,Jubilee Hills,29,514.8
C03803,Returning,36-45,Female,Ameerpet,2,424.93
C03804,Returning,26-35,Female,Manikonda,35,364.89
C03805,Returning,18-25,Female,Madhapur,10,476.63
C03806,New,46-55,Female,Kukatpally,0,0.0
C03807,Returning,26-35,Male,Madhapur,8,296.75
C03808,Returning,26-35,Male,Jubilee Hills,20,382.21
C03809,Returning,18-25,Female,Secunderabad,24,376.12
C03810,New,46-55,Male,Banjara Hills,0,0.0
C03811,Returning,36-45,Female,Banjara Hills,22,256.42
C03812,New,26-35,Female,Banjara Hills,0,0.0
C03813,Returning,18-25,Male,Kukatpally,5,373.59
C03814,Returning,46-55,Female,Secunderabad,22,426.43
C03815,New,18-25,Female,Mehdipatnam,0,0.0
C03816,Returning,26-35,Unknown,Ameerpet,22,400.74
C03817,Returning,36-45,Unknown,Madhapur,25,556.78
C03818,New,46-55,Male,Kondapur,0,0.0
C03819,Returning,36-45,Male,Mehdipatnam,15,586.87
C03820,New,18-25,Female,Manikonda,0,0.0
C03821,New,26-35,Female,Gachibowli,0,0.0
C03822,Returning,46-55,Male,Manikonda,12,300.45
C03823,Returning,26-35,Female,Kondapur,26,378.08
C03824,Returning,18-25,Male,Madhapur,7,613.39
C03825,Returning,18-25,Male,Hitech City,26,696.21
C03826,Returning,36-45,Male,Begumpet,9,585.43
C03827,Returning,46-55,Female,Manikonda,19,727.88
C03828,Returning,26-35,Female,Mehdipatnam,13,510.7
C03829,Returning,26-35,Male,Mehdipatnam,31,317.44
C03830,Returning,26-35,Male,Manikonda,15,435.89
C03831,Returning,18-25,Unknown,Jubilee Hills,15,460.7
C03832,Returning,26-35,Female,Gachibowli,38,540.73
C03833,Returning,26-35,Unknown,Banjara Hills,3,532.41
C03834,Returning,26-35,Female,Gachibowli,13,311.74
C03835,Returning,18-25,Male,Jubilee Hills,13,573.18
C03836,Returning,56+,Female,Kukatpally,19,351.83
C03837,Returning,36-45,Male,Kondapur,9,458.72
C03838,Returning,26-35,Male,Jubilee Hills,7,506.31
C03839,Returning,36-45,Female,Begumpet,1,512.41
C03840,Returning,18-25,Male,Jubilee Hills,9,489.25
C03841,Returning,26-35,Male,Kondapur,28,354.23
C03842,Returning,26-35,Unknown,Madhapur,9,406.42
C03843,Returning,36-45,Male,Begumpet,10,542.2
C03844,Returning,46-55,Female,Jubilee Hills,23,364.8
C03845,New,18-25,Female,Ameerpet,0,0.0
C03846,Returning,18-25,Female,Secunderabad,12,120.0
C03847,New,26-35,Female,Begumpet,0,0.0
C03848,Returning,26-35,Male,Secunderabad,11,308.15
C03849,Returning,36-45,Male,Banjara Hills,1,423.01
C03850,Returning,36-45,Female,Kondapur,21,286.72
C03851,New,26-35,Male,Gachibowli,0,0.0
C03852,New,18-25,Male,Secunderabad,0,0.0
C03853,Returning,26-35,Female,Kondapur,15,543.17
C03854,Returning,26-35,Female,Mehdipatnam,34,310.34
C03855,New,18-25,Female,Secunderabad,0,0.0
C03856,Returning,46-55,Female,Hitech City,3,436.24
C03857,New,46-55,Male,Begumpet,0,0.0
C03858,Returning,26-35,Female,Jubilee Hills,17,305.74
C03859,New,26-35,Unknown,Ameerpet,0,0.0
C03860,Returning,26-35,Female,Begumpet,39,423.45
C03861,Returning,26-35,Female,Kondapur,7,485.51
C03862,Returning,36-45,Female,Kondapur,7,184.51
C03863,Returning,18-25,Male,Hitech City,31,433.63
C03864,New,26-35,Male,Ameerpet,0,0.0
C03865,New,26-35,Female,Hitech City,0,0.0
C03866,Returning,46-55,Male,Banjara Hills,19,334.69
C03867,New,26-35,Male,Manikonda,0,0.0
C03868,New,36-45,Male,Banjara Hills,0,0.0
C03869,Returning,18-25,Unknown,Ameerpet,30,418.82
C03870,Returning,26-35,Female,Begumpet,15,595.1
C03871,Returning,26-35,Male,Begumpet,7,446.05
C03872,Returning,56+,Male,Kukatpally,9,430.12
C03873,Returning,56+,Male,Manikonda,4,465.02
C03874,Returning,26-35,Male,Jubilee Hills,27,601.42
C03875,Returning,36-45,Female,Madhapur,21,334.39
C03876,Returning,18-25,Male,Kondapur,24,233.06
C03877,New,26-35,Male,Mehdipatnam,0,0.0
C03878,Returning,56+,Unknown,Gachibowli,14,334.83
C03879,New,18-25,Male,Gachibowli,0,0.0
C03880,Returning,36-45,Female,Gachibowli,25,525.99
C03881,New,26-35,Unknown,Kukatpally,0,0.0
C03882,Returning,56+,Male,Kondapur,33,290.81
C03883,New,26-35,Male,Begumpet,0,0.0
C03884,Returning,36-45,Female,Begumpet,21,557.74
C03885,New,26-35,Female,Secunderabad,0,0.0
C03886,Returning,36-45,Female,Gachibowli,16,517.69
C03887,Returning,46-55,Female,Manikonda,28,396.89
C03888,Returning,36-45,Male,Secunderabad,25,357.69
C03889,Returning,26-35,Male,Gachibowli,35,403.7
C03890,Returning,26-35,Male,Jubilee Hills,20,310.21
C03891,Returning,36-45,Unknown,Banjara Hills,6,201.77
C03892,Returning,36-45,Male,Secunderabad,4,238.23
C03893,New,36-45,Female,Secunderabad,0,0.0
C03894,Returning,26-35,Male,Kondapur,36,457.78
C03895,New,18-25,Female,Banjara Hills,0,0.0
C03896,New,18-25,Female,Manikonda,0,0.0
C03897,New,36-45,Female,Mehdipatnam,0,0.0
C03898,Returning,26-35,Unknown,Jubilee Hills,29,415.44
C03899,Returning,36-45,Female,Begumpet,36,233.85
C03900,Returning,26-35,Female,Hitech City,17,292.68
C03901,Returning,26-35,Unknown,Hitech City,27,550.83
C03902,Returning,18-25,Male,Ameerpet,31,401.52
C03903,Returning,46-55,Male,Kondapur,36,660.87
C03904,Returning,26-35,Female,Secunderabad,21,506.38
C03905,Returning,36-45,Female,Kondapur,33,358.09
C03906,Returning,18-25,Male,Gachibowli,33,329.19
C03907,Returning,56+,Female,Jubilee Hills,25,152.37
C03908,Returning,18-25,Female,Secunderabad,19,587.35
C03909,Returning,26-35,Male,Jubilee Hills,1,546.46
C03910,Returning,36-45,Male,Kondapur,10,881.39
C03911,New,18-25,Unknown,Hitech City,0,0.0
C03912,New,36-45,Female,Secunderabad,0,0.0
C03913,Returning,26-35,Male,Jubilee Hills,33,284.49
C03914,Returning,56+,Female,Banjara Hills,33,191.2
C03915,New,18-25,Female,Ameerpet,0,0.0
C03916,New,18-25,Male,Ameerpet,0,0.0
C03917,New,26-35,Female,Gachibowli,0,0.0
C03918,Returning,36-45,Male,Mehdipatnam,37,508.65
C03919,New,26-35,Female,Ameerpet,0,0.0
C03920,Returning,18-25,Unknown,Ameerpet,28,292.18
C03921,Returning,26-35,Female,Ameerpet,14,386.11
C03922,New,18-25,Male,Manikonda,0,0.0
C03923,Returning,36-45,Male,Gachibowli,16,549.51
C03924,Returning,26-35,Female,Gachibowli,8,303.26
C03925,Returning,56+,Male,Gachibowli,14,272.0
C03926,Returning,26-35,Unknown,Begumpet,37,164.36
C03927,Returning,18-25,Female,Madhapur,18,285.99
C03928,Returning,18-25,Male,Madhapur,30,194.19
C03929,New,26-35,Female,Kukatpally,0,0.0
C03930,Returning,26-35,Male,Hitech City,37,500.29
C03931,Returning,56+,Male,Begumpet,18,259.11
C03932,Returning,36-45,Male,Jubilee Hills,14,302.78
C03933,New,26-35,Male,Madhapur,0,0.0
C03934,Returning,26-35,Male,Banjara Hills,22,432.31
C03935,Returning,18-25,Female,Banjara Hills,28,280.6
C03936,Returning,18-25,Male,Banjara Hills,35,592.89
C03937,New,36-45,Male,Hitech City,0,0.0
C03938,Returning,18-25,Male,Jubilee Hills,27,679.89
C03939,Returning,36-45,Male,Ameerpet,31,120.0
C03940,New,26-35,Female,Kukatpally,0,0.0
C03941,New,36-45,Male,Kondapur,0,0.0
C03942,Returning,26-35,Male,Secunderabad,12,446.87
C03943,Returning,18-25,Unknown,Kondapur,19,381.24
C03944,New,36-45,Male,Begumpet,0,0.0
C03945,Returning,46-55,Female,Hitech City,21,483.61
C03946,Returning,18-25,Female,Begumpet,27,351.03
C03947,Returning,56+,Unknown,Gachibowli,30,594.88
C03948,Returning,36-45,Male,Mehdipatnam,3,562.11
C03949,Returning,26-35,Female,Secunderabad,37,537.69
C03950,Returning,36-45,Female,Mehdipatnam,11,178.16
C03951,New,18-25,Female,Mehdipatnam,0,0.0
C03952,Returning,18-25,Male,Madhapur,22,647.36
C03953,Returning,46-55,Male,Ameerpet,19,658.25
C03954,New,46-55,Male,Madhapur,0,0.0
C03955,Returning,18-25,Female,Kondapur,26,567.33
C03956,Returning,26-35,Female,Begumpet,19,318.89
C03957,New,26-35,Female,Banjara Hills,0,0.0
C03958,Returning,18-25,Male,Kondapur,27,664.14
C03959,Returning,36-45,Female,Ameerpet,19,474.6
C03960,Returning,36-45,Female,Begumpet,4,486.25
C03961,Returning,18-25,Male,Jubilee Hills,39,400.2
C03962,Returning,36-45,Male,Gachibowli,10,443.9
C03963,Returning,18-25,Unknown,Begumpet,27,379.24
C03964,Returning,18-25,Male,Kukatpally,35,481.48
C03965,Returning,26-35,Female,Madhapur,2,396.65
C03966,Returning,18-25,Male,Kukatpally,2,220.71
C03967,New,26-35,Female,Banjara Hills,0,0.0
C03968,Returning,36-45,Female,Kukatpally,5,472.61
C03969,New,26-35,Unknown,Madhapur,0,0.0
C03970,Returning,36-45,Female,Hitech City,32,609.41
C03971,Returning,18-25,Male,Banjara Hills,33,544.92
C03972,New,18-25,Female,Gachibowli,0,0.0
C03973,Returning,26-35,Unknown,Ameerpet,37,412.84
C03974,New,18-25,Male,Kukatpally,0,0.0
C03975,Returning,36-45,Male,Kukatpally,23,326.82
C03976,Returning,46-55,Female,Mehdipatnam,34,331.39
C03977,Returning,18-25,Female,Begumpet,15,535.98
C03978,Returning,36-45,Male,Madhapur,9,450.77
C03979,New,26-35,Female,Gachibowli,0,0.0
C03980,Returning,56+,Unknown,Manikonda,1,543.83
C03981,Returning,36-45,Male,Ameerpet,5,609.61
C03982,Returning,46-55,Female,Hitech City,32,519.68
C03983,Returning,46-55,Female,Begumpet,26,590.93
C03984,New,46-55,Female,Kondapur,0,0.0
C03985,Returning,36-45,Male,Hitech City,28,540.02
C03986,Returning,46-55,Unknown,Begumpet,14,314.21
C03987,New,18-25,Unknown,Jubilee Hills,0,0.0
C03988,Returning,36-45,Male,Ameerpet,23,374.5
C03989,Returning,36-45,Female,Madhapur,13,120.0
C03990,Returning,26-35,Male,Kukatpally,4,346.27
C03991,Returning,26-35,Male,Secunderabad,13,272.84
C03992,Returning,18-25,Female,Kondapur,13,433.73
C03993,New,26-35,Female,Mehdipatnam,0,0.0
C03994,Returning,36-45,Female,Mehdipatnam,23,418.53
C03995,Returning,26-35,Male,Madhapur,32,301.45
C03996,New,46-55,Female,Mehdipatnam,0,0.0
C03997,Returning,26-35,Male,Mehdipatnam,30,613.66
C03998,New,18-25,Female,Hitech City,0,0.0
C03999,Returning,36-45,Male,Hitech City,8,190.3
C04000,Returning,56+,Unknown,Kukatpally,3,602.86
C04001,Returning,26-35,Female,Hitech City,11,519.22
C04002,Returning,26-35,Female,Ameerpet,4,413.52
C04003,Returning,18-25,Unknown,Madhapur,12,365.19
C04004,Returning,18-25,Female,Hitech City,12,458.23
C04005,Returning,46-55,Female,Jubilee Hills,10,370.1
C04006,Returning,56+,Male,Secunderabad,25,544.53
C04007,Returning,26-35,Male,Secunderabad,34,378.72
C04008,Returning,46-55,Female,Manikonda,28,335.82
C04009,Returning,18-25,Female,Mehdipatnam,27,490.27
C04010,Returning,36-45,Unknown,Gachibowli,28,312.92
C04011,Returning,46-55,Male,Begumpet,18,490.42
C04012,New,26-35,Male,Jubilee Hills,0,0.0
C04013,New,36-45,Male,Manikonda,0,0.0
C04014,Returning,36-45,Unknown,Madhapur,27,441.73
C04015,Returning,18-25,Female,Kondapur,38,326.24
C04016,Returning,26-35,Male,Mehdipatnam,27,546.64
C04017,Returning,26-35,Female,Gachibowli,15,406.16
C04018,Returning,26-35,Female,Kondapur,24,445.38
C04019,Returning,18-25,Male,Begumpet,30,160.87
C04020,Returning,18-25,Female,Kukatpally,26,491.37
C04021,New,36-45,Male,Mehdipatnam,0,0.0
C04022,Returning,26-35,Female,Jubilee Hills,29,158.62
C04023,Returning,26-35,Female,Gachibowli,3,450.46
C04024,Returning,36-45,Female,Ameerpet,39,461.3
C04025,Returning,26-35,Male,Kukatpally,39,324.65
C04026,Returning,36-45,Female,Gachibowli,8,274.89
C04027,Returning,26-35,Male,Ameerpet,8,233.36
C04028,Returning,18-25,Male,Begumpet,26,420.92
C04029,Returning,26-35,Male,Madhapur,1,421.74
C04030,Returning,26-35,Female,Begumpet,5,389.69
C04031,Returning,36-45,Male,Begumpet,30,681.52
C04032,Returning,56+,Male,Ameerpet,9,414.45
C04033,New,18-25,Female,Jubilee Hills,0,0.0
C04034,New,26-35,Female,Secunderabad,0,0.0
C04035,Returning,36-45,Female,Ameerpet,34,457.32
C04036,New,26-35,Female,Jubilee Hills,0,0.0
C04037,Returning,26-35,Male,Jubilee Hills,30,300.88
C04038,Returning,36-45,Male,Madhapur,23,690.96
C04039,New,26-35,Male,Kukatpally,0,0.0
C04040,Returning,26-35,Female,Secunderabad,9,436.12
C04041,Returning,36-45,Unknown,Begumpet,22,368.66
C04042,Returning,26-35,Female,Secunderabad,20,366.27
C04043,New,18-25,Female,Mehdipatnam,0,0.0
C04044,Returning,26-35,Female,Kukatpally,1,529.33
C04045,Returning,46-55,Male,Kondapur,23,130.69
C04046,Returning,18-25,Male,Kondapur,23,579.48
C04047,Returning,26-35,Unknown,Jubilee Hills,24,272.08
C04048,Returning,36-45,Male,Ameerpet,38,348.03
C04049,Returning,18-25,Female,Mehdipatnam,9,744.81
C04050,Returning,18-25,Male,Ameerpet,27,290.21
C04051,New,26-35,Male,Ameerpet,0,0.0
C04052,New,26-35,Unknown,Manikonda,0,0.0
C04053,New,18-25,Female,Hitech City,0,0.0
C04054,Returning,36-45,Female,Begumpet,22,470.35
C04055,New,36-45,Male,Manikonda,0,0.0
C04056,Returning,36-45,Unknown,Hitech City,13,120.0
C04057,Returning,26-35,Male,Mehdipatnam,26,407.19
C04058,Returning,26-35,Male,Banjara Hills,31,494.73
C04059,Returning,46-55,Female,Begumpet,37,533.78
C04060,New,26-35,Male,Jubilee Hills,0,0.0
C04061,New,26-35,Female,Ameerpet,0,0.0
C04062,New,26-35,Male,Madhapur,0,0.0
C04063,Returning,36-45,Male,Kondapur,33,465.44
C04064,Returning,36-45,Male,Ameerpet,22,693.48
C04065,Returning,36-45,Male,Banjara Hills,14,259.42
C04066,Returning,56+,Male,Ameerpet,39,324.16
C04067,Returning,36-45,Female,Begumpet,33,421.54
C04068,Returning,26-35,Male,Kukatpally,29,283.25
C04069,New,26-35,Female,Gachibowli,0,0.0
C04070,Returning,26-35,Female,Madhapur,27,270.87
C04071,Returning,46-55,Female,Secunderabad,9,461.52
C04072,Returning,56+,Female,Kukatpally,5,220.73
C04073,Returning,18-25,Male,Secunderabad,33,305.92
C04074,Returning,36-45,Male,Gachibowli,32,450.42
C04075,Returning,18-25,Male,Mehdipatnam,11,495.3
C04076,Returning,18-25,Male,Madhapur,17,291.5
C04077,Returning,26-35,Unknown,Kondapur,23,220.04
C04078,Returning,18-25,Female,Mehdipatnam,25,490.02
C04079,Returning,36-45,Male,Secunderabad,27,286.22
C04080,Returning,26-35,Male,Jubilee Hills,22,469.37
C04081,New,26-35,Male,Madhapur,0,0.0
C04082,Returning,46-55,Male,Ameerpet,31,501.99
C04083,Returning,26-35,Male,Ameerpet,1,218.79
C04084,Returning,26-35,Female,Secunderabad,2,579.52
C04085,New,26-35,Female,Secunderabad,0,0.0
C04086,Returning,18-25,Female,Kondapur,4,340.1
C04087,New,36-45,Female,Madhapur,0,0.0
C04088,Returning,36-45,Female,Jubilee Hills,11,604.35
C04089,Returning,26-35,Female,Manikonda,19,459.62
C04090,Returning,36-45,Male,Secunderabad,8,474.06
C04091,New,26-35,Female,Mehdipatnam,0,0.0
C04092,Returning,18-25,Female,Kukatpally,27,488.95
C04093,Returning,18-25,Female,Banjara Hills,29,787.13
C04094,New,18-25,Unknown,Banjara Hills,0,0.0
C04095,Returning,26-35,Male,Gachibowli,4,439.49
C04096,New,26-35,Female,Kukatpally,0,0.0
C04097,New,26-35,Female,Gachibowli,0,0.0
C04098,Returning,18-25,Male,Begumpet,21,578.83
C04099,Returning,18-25,Male,Kukatpally,34,264.16
C04100,Returning,36-45,Male,Manikonda,3,536.3
C04101,New,26-35,Female,Ameerpet,0,0.0
C04102,Returning,36-45,Male,Madhapur,31,178.93
C04103,Returning,46-55,Female,Gachibowli,18,548.95
C04104,Returning,26-35,Female,Mehdipatnam,13,476.87
C04105,Returning,26-35,Female,Kukatpally,34,457.96
C04106,Returning,36-45,Female,Hitech City,12,379.94
C04107,Returning,18-25,Unknown,Hitech City,34,417.85
C04108,New,36-45,Male,Jubilee Hills,0,0.0
C04109,Returning,26-35,Male,Begumpet,9,596.23
C04110,New,26-35,Female,Madhapur,0,0.0
C04111,New,26-35,Male,Secunderabad,0,0.0
C04112,Returning,36-45,Male,Jubilee Hills,12,423.01
C04113,Returning,36-45,Male,Secunderabad,25,459.26
C04114,Returning,36-45,Unknown,Secunderabad,9,540.26
C04115,Returning,18-25,Female,Begumpet,9,451.7
C04116,New,18-25,Male,Gachibowli,0,0.0
C04117,Returning,26-35,Male,Ameerpet,14,391.61
C04118,New,18-25,Male,Madhapur,0,0.0
C04119,Returning,26-35,Male,Hitech City,12,403.49
C04120,Returning,26-35,Male,Kondapur,37,371.66
C04121,Returning,26-35,Female,Secunderabad,25,583.76
C04122,Returning,26-35,Female,Jubilee Hills,7,477.68
C04123,New,18-25,Male,Secunderabad,0,0.0
C04124,Returning,26-35,Female,Secunderabad,2,307.22
C04125,Returning,18-25,Male,Madhapur,37,532.38
C04126,Returning,18-25,Male,Banjara Hills,12,426.67
C04127,Returning,36-45,Female,Secunderabad,14,390.12
C04128,New,18-25,Female,Banjara Hills,0,0.0
C04129,Returning,18-25,Female,Madhapur,30,340.06
C04130,Returning,26-35,Male,Begumpet,30,362.0
C04131,New,26-35,Female,Kukatpally,0,0.0
C04132,Returning,18-25,Unknown,Ameerpet,27,412.78
C04133,Returning,36-45,Female,Jubilee Hills,31,686.16
C04134,Returning,36-45,Unknown,Gachibowli,30,486.64
C04135,Returning,26-35,Female,Kondapur,8,455.8
C04136,Returning,46-55,Male,Secunderabad,16,412.13
C04137,Returning,36-45,Female,Mehdipatnam,8,319.88
C04138,Returning,18-25,Female,Hitech City,17,318.16
C04139,Returning,18-25,Male,Begumpet,30,470.64
C04140,Returning,18-25,Male,Jubilee Hills,37,225.23
C04141,Returning,36-45,Male,Gachibowli,35,636.18
C04142,Returning,18-25,Male,Gachibowli,2,629.11
C04143,New,26-35,Male,Secunderabad,0,0.0
C04144,New,18-25,Female,Secunderabad,0,0.0
C04145,Returning,46-55,Female,Manikonda,17,568.69
C04146,New,36-45,Female,Manikonda,0,0.0
C04147,Returning,36-45,Female,Gachibowli,32,513.1
C04148,Returning,36-45,Male,Hitech City,32,639.4
C04149,Returning,26-35,Unknown,Madhapur,38,319.27
C04150,Returning,18-25,Female,Manikonda,21,364.84
C04151,Returning,18-25,Male,Mehdipatnam,10,504.23
C04152,Returning,26-35,Male,Jubilee Hills,28,431.61
C04153,Returning,46-55,Male,Mehdipatnam,8,237.84
C04154,New,18-25,Female,Begumpet,0,0.0
C04155,Returning,18-25,Female,Gachibowli,25,559.0
C04156,Returning,26-35,Male,Kondapur,32,396.99
C04157,New,18-25,Female,Kondapur,0,0.0
C04158,Returning,26-35,Male,Gachibowli,21,549.96
C04159,Returning,36-45,Female,Madhapur,35,149.56
C04160,Returning,18-25,Female,Hitech City,13,352.19
C04161,New,26-35,Male,Secunderabad,0,0.0
C04162,Returning,26-35,Male,Mehdipatnam,5,405.85
C04163,Returning,18-25,Female,Secunderabad,36,263.06
C04164,Returning,36-45,Male,Mehdipatnam,17,258.76
C04165,New,46-55,Female,Begumpet,0,0.0
C04166,Returning,26-35,Female,Kukatpally,8,663.59
C04167,Returning,26-35,Male,Hitech City,18,263.56
C04168,Returning,26-35,Female,Secunderabad,37,634.9
C04169,Returning,36-45,Male,Hitech City,39,550.37
C04170,Returning,36-45,Female,Banjara Hills,30,556.31
C04171,Returning,36-45,Female,Secunderabad,38,597.23
C04172,Returning,18-25,Female,Secunderabad,12,370.18
C04173,Returning,18-25,Female,Secunderabad,35,572.32
C04174,Returning,26-35,Female,Madhapur,20,228.16
C04175,Returning,26-35,Female,Secunderabad,1,321.19
C04176,New,36-45,Male,Jubilee Hills,0,0.0
C04177,New,18-25,Female,Kukatpally,0,0.0
C04178,New,26-35,Male,Jubilee Hills,0,0.0
C04179,Returning,18-25,Male,Hitech City,8,177.09
C04180,Returning,36-45,Female,Begumpet,37,479.25
C04181,Returning,36-45,Female,Jubilee Hills,39,463.74
C04182,Returning,36-45,Female,Gachibowli,11,516.38
C04183,New,26-35,Female,Banjara Hills,0,0.0
C04184,Returning,26-35,Unknown,Banjara Hills,24,254.86
C04185,New,46-55,Unknown,Manikonda,0,0.0
C04186,Returning,18-25,Male,Jubilee Hills,20,527.02
C04187,Returning,36-45,Female,Madhapur,5,447.91
C04188,Returning,36-45,Male,Banjara Hills,38,710.04
C04189,New,26-35,Female,Banjara Hills,0,0.0
C04190,Returning,36-45,Male,Manikonda,9,623.26
C04191,Returning,36-45,Female,Kondapur,11,408.01
C04192,Returning,18-25,Male,Jubilee Hills,26,120.0
C04193,Returning,56+,Male,Hitech City,9,274.28
C04194,Returning,46-55,Female,Begumpet,4,120.0
C04195,New,26-35,Female,Kondapur,0,0.0
C04196,New,56+,Female,Banjara Hills,0,0.0
C04197,Returning,26-35,Female,Ameerpet,8,202.83
C04198,Returning,26-35,Male,Secunderabad,38,520.33
C04199,Returning,36-45,Female,Jubilee Hills,37,389.56
C04200,Returning,46-55,Male,Jubilee Hills,29,544.5
C04201,Returning,26-35,Male,Jubilee Hills,6,474.97
C04202,New,18-25,Female,Begumpet,0,0.0
C04203,Returning,36-45,Female,Banjara Hills,1,501.64
C04204,Returning,26-35,Female,Manikonda,39,421.33
C04205,Returning,26-35,Male,Begumpet,23,543.54
C04206,New,26-35,Male,Jubilee Hills,0,0.0
C04207,Returning,46-55,Male,Hitech City,28,400.64
C04208,Returning,26-35,Female,Hitech City,23,640.57
C04209,Returning,36-45,Female,Kukatpally,23,413.86
C04210,New,36-45,Female,Begumpet,0,0.0
C04211,Returning,18-25,Male,Secunderabad,39,451.35
C04212,Returning,26-35,Male,Hitech City,23,339.01
C04213,Returning,26-35,Female,Begumpet,25,443.75
C04214,Returning,18-25,Male,Mehdipatnam,9,368.43
C04215,Returning,18-25,Female,Hitech City,16,500.86
C04216,Returning,18-25,Male,Gachibowli,17,288.78
C04217,Returning,26-35,Male,Jubilee Hills,37,301.0
C04218,Returning,36-45,Female,Madhapur,30,540.73
C04219,Returning,26-35,Male,Secunderabad,26,497.23
C04220,New,46-55,Male,Manikonda,0,0.0
C04221,Returning,18-25,Female,Ameerpet,34,501.24
C04222,New,26-35,Male,Manikonda,0,0.0
C04223,New,18-25,Female,Mehdipatnam,0,0.0
C04224,New,56+,Male,Secunderabad,0,0.0
C04225,Returning,18-25,Unknown,Mehdipatnam,32,326.11
C04226,Returning,46-55,Female,Madhapur,5,494.8
C04227,Returning,26-35,Female,Hitech City,6,331.08
C04228,Returning,26-35,Female,Banjara Hills,4,265.9
C04229,Returning,26-35,Female,Kondapur,29,398.12
C04230,New,18-25,Male,Jubilee Hills,0,0.0
C04231,Returning,26-35,Male,Jubilee Hills,37,430.36
C04232,Returning,36-45,Female,Gachibowli,20,660.68
C04233,New,26-35,Male,Kukatpally,0,0.0
C04234,Returning,36-45,Male,Madhapur,13,483.61
C04235,New,36-45,Female,Ameerpet,0,0.0
C04236,Returning,36-45,Female,Mehdipatnam,8,252.56
C04237,Returning,36-45,Unknown,Kondapur,4,434.92
C04238,Returning,26-35,Unknown,Hitech City,29,431.28
C04239,Returning,18-25,Male,Banjara Hills,2,656.23
C04240,New,26-35,Male,Gachibowli,0,0.0
C04241,Returning,26-35,Female,Hitech City,24,411.81
C04242,Returning,18-25,Male,Ameerpet,32,333.78
C04243,Returning,36-45,Female,Banjara Hills,10,447.72
C04244,New,26-35,Female,Jubilee Hills,0,0.0
C04245,Returning,36-45,Male,Manikonda,17,466.92
C04246,Returning,18-25,Female,Jubilee Hills,25,429.97
C04247,New,18-25,Female,Hitech City,0,0.0
C04248,Returning,18-25,Male,Banjara Hills,11,771.68
C04249,Returning,46-55,Female,Mehdipatnam,29,417.35
C04250,New,36-45,Unknown,Manikonda,0,0.0
C04251,Returning,26-35,Male,Gachibowli,36,425.66
C04252,Returning,18-25,Unknown,Ameerpet,18,570.22
C04253,New,26-35,Male,Banjara Hills,0,0.0
C04254,Returning,36-45,Female,Kondapur,23,649.84
C04255,Returning,46-55,Female,Madhapur,6,471.83
C04256,Returning,18-25,Female,Hitech City,23,262.04
C04257,Returning,46-55,Unknown,Manikonda,30,484.84
C04258,Returning,18-25,Male,Ameerpet,36,211.84
C04259,New,18-25,Male,Kukatpally,0,0.0
C04260,New,18-25,Female,Manikonda,0,0.0
C04261,Returning,18-25,Male,Secunderabad,22,282.75
C04262,New,26-35,Male,Jubilee Hills,0,0.0
C04263,Returning,36-45,Female,Banjara Hills,12,380.29
C04264,Returning,26-35,Male,Mehdipatnam,31,330.92
C04265,Returning,36-45,Male,Secunderabad,18,476.74
C04266,Returning,18-25,Female,Manikonda,7,331.67
C04267,Returning,36-45,Female,Kondapur,33,595.93
C04268,Returning,18-25,Female,Ameerpet,31,510.72
C04269,Returning,26-35,Male,Hitech City,27,370.73
C04270,Returning,46-55,Female,Ameerpet,23,485.16
C04271,Returning,36-45,Male,Gachibowli,32,338.2
C04272,Returning,36-45,Female,Kondapur,11,345.03
C04273,Returning,36-45,Male,Kondapur,33,561.46
C04274,Returning,26-35,Male,Kukatpally,30,217.9
C04275,New,36-45,Unknown,Ameerpet,0,0.0
C04276,Returning,26-35,Female,Begumpet,5,678.91
C04277,Returning,36-45,Female,Hitech City,13,135.7
C04278,Returning,36-45,Female,Madhapur,2,741.75
C04279,New,46-55,Male,Kukatpally,0,0.0
C04280,Returning,36-45,Male,Gachibowli,11,132.01
C04281,Returning,36-45,Unknown,Kukatpally,21,149.28
C04282,Returning,18-25,Female,Begumpet,20,273.32
C04283,Returning,18-25,Male,Begumpet,30,348.07
C04284,Returning,26-35,Female,Banjara Hills,25,175.36
C04285,Returning,46-55,Female,Ameerpet,20,399.34
C04286,Returning,26-35,Female,Hitech City,13,532.53
C04287,Returning,26-35,Male,Begumpet,27,323.19
C04288,New,36-45,Unknown,Hitech City,0,0.0
C04289,Returning,36-45,Female,Jubilee Hills,25,506.57
C04290,Returning,18-25,Female,Kondapur,39,653.57
C04291,Returning,26-35,Male,Madhapur,3,413.59
C04292,New,46-55,Female,Jubilee Hills,0,0.0
C04293,Returning,36-45,Male,Kukatpally,37,492.87
C04294,Returning,18-25,Male,Kukatpally,29,432.09
C04295,Returning,56+,Male,Manikonda,21,380.11
C04296,Returning,26-35,Female,Madhapur,12,472.92
C04297,New,26-35,Male,Ameerpet,0,0.0
C04298,Returning,26-35,Male,Jubilee Hills,19,250.89
C04299,Returning,46-55,Male,Secunderabad,17,375.72
C04300,New,46-55,Female,Begumpet,0,0.0
C04301,Returning,26-35,Male,Madhapur,19,464.38
C04302,New,36-45,Male,Gachibowli,0,0.0
C04303,New,18-25,Male,Secunderabad,0,0.0
C04304,Returning,36-45,Unknown,Manikonda,38,563.78
C04305,Returning,18-25,Male,Begumpet,32,258.8
C04306,Returning,36-45,Male,Gachibowli,16,634.29
C04307,Returning,26-35,Female,Banjara Hills,13,331.62
C04308,Returning,18-25,Male,Kukatpally,14,314.92
C04309,Returning,18-25,Female,Kukatpally,23,567.67
C04310,Returning,56+,Male,Begumpet,14,381.1
C04311,Returning,18-25,Male,Mehdipatnam,30,200.79
C04312,Returning,26-35,Female,Mehdipatnam,31,506.66
C04313,Returning,18-25,Male,Ameerpet,14,483.92
C04314,Returning,26-35,Male,Mehdipatnam,38,495.71
C04315,New,36-45,Male,Hitech City,0,0.0
C04316,Returning,26-35,Female,Jubilee Hills,22,530.79
C04317,Returning,36-45,Male,Secunderabad,26,342.12
C04318,Returning,26-35,Male,Mehdipatnam,18,543.62
C04319,Returning,18-25,Male,Hitech City,9,259.05
C04320,New,36-45,Female,Gachibowli,0,0.0
C04321,Returning,26-35,Female,Jubilee Hills,11,162.94
C04322,Returning,36-45,Female,Madhapur,17,320.6
C04323,New,56+,Male,Gachibowli,0,0.0
C04324,Returning,36-45,Unknown,Gachibowli,23,454.97
C04325,Returning,26-35,Male,Begumpet,36,348.32
C04326,Returning,26-35,Female,Begumpet,8,605.48
C04327,Returning,36-45,Female,Madhapur,27,451.2
C04328,Returning,18-25,Female,Madhapur,4,525.79
C04329,Returning,56+,Female,Madhapur,18,468.41
C04330,New,18-25,Male,Kondapur,0,0.0
C04331,Returning,18-25,Female,Banjara Hills,23,441.69
C04332,New,26-35,Male,Madhapur,0,0.0
C04333,Returning,26-35,Unknown,Ameerpet,30,573.75
C04334,Returning,18-25,Female,Secunderabad,6,503.48
C04335,Returning,26-35,Female,Begumpet,4,540.8
C04336,Returning,26-35,Unknown,Begumpet,38,275.6
C04337,Returning,36-45,Female,Kukatpally,18,173.51
C04338,Returning,26-35,Male,Kondapur,28,465.19
C04339,New,26-35,Unknown,Jubilee Hills,0,0.0
C04340,Returning,18-25,Unknown,Kondapur,16,481.4
C04341,Returning,46-55,Male,Gachibowli,6,289.42
C04342,Returning,26-35,Male,Mehdipatnam,39,441.76
C04343,Returning,26-35,Male,Begumpet,14,281.68
C04344,Returning,36-45,Female,Kukatpally,5,434.05
C04345,Returning,26-35,Female,Secunderabad,37,412.8
C04346,New,26-35,Male,Banjara Hills,0,0.0
C04347,Returning,36-45,Female,Manikonda,6,463.78
C04348,Returning,36-45,Female,Begumpet,35,356.24
C04349,Returning,18-25,Female,Manikonda,4,419.61
C04350,Returning,26-35,Male,Begumpet,38,515.24
C04351,Returning,18-25,Male,Kukatpally,39,623.14
C04352,New,18-25,Male,Hitech City,0,0.0
C04353,New,36-45,Female,Begumpet,0,0.0
C04354,Returning,56+,Male,Gachibowli,8,499.92
C04355,New,26-35,Male,Kondapur,0,0.0
C04356,Returning,46-55,Male,Banjara Hills,23,700.78
C04357,Returning,26-35,Female,Secunderabad,11,337.8
C04358,Returning,46-55,Male,Manikonda,3,514.42
C04359,Returning,18-25,Female,Hitech City,29,462.58
C04360,New,26-35,Female,Banjara Hills,0,0.0
C04361,New,46-55,Female,Begumpet,0,0.0
C04362,Returning,46-55,Male,Gachibowli,34,336.89
C04363,New,36-45,Male,Kukatpally,0,0.0
C04364,New,36-45,Female,Banjara Hills,0,0.0
C04365,Returning,26-35,Female,Hitech City,22,459.69
C04366,Returning,56+,Male,Begumpet,4,511.04
C04367,Returning,26-35,Male,Madhapur,10,477.37
C04368,Returning,36-45,Male,Jubilee Hills,5,460.17
C04369,Returning,26-35,Male,Gachibowli,7,477.4
C04370,Returning,46-55,Female,Jubilee Hills,28,367.53
C04371,Returning,36-45,Male,Mehdipatnam,32,151.63
C04372,New,36-45,Male,Jubilee Hills,0,0.0
C04373,New,18-25,Female,Begumpet,0,0.0
C04374,Returning,26-35,Male,Jubilee Hills,9,347.53
C04375,Returning,18-25,Male,Madhapur,23,342.19
C04376,New,26-35,Male,Mehdipatnam,0,0.0
C04377,Returning,26-35,Male,Hitech City,20,324.26
C04378,Returning,26-35,Female,Jubilee Hills,38,282.2
C04379,Returning,18-25,Male,Mehdipatnam,38,510.53
C04380,New,26-35,Female,Secunderabad,0,0.0
C04381,Returning,36-45,Male,Manikonda,8,250.62
C04382,Returning,26-35,Male,Banjara Hills,3,290.9
C04383,Returning,36-45,Female,Ameerpet,25,282.76
C04384,Returning,26-35,Male,Mehdipatnam,26,473.15
C04385,Returning,26-35,Female,Hitech City,34,496.5
C04386,Returning,26-35,Male,Kondapur,5,609.58
C04387,Returning,18-25,Unknown,Kondapur,21,414.86
C04388,Returning,36-45,Unknown,Banjara Hills,22,389.15
C04389,New,26-35,Male,Begumpet,0,0.0
C04390,Returning,36-45,Unknown,Manikonda,10,571.88
C04391,New,36-45,Female,Banjara Hills,0,0.0
C04392,Returning,36-45,Female,Kukatpally,2,311.87
C04393,New,26-35,Female,Kukatpally,0,0.0
C04394,New,26-35,Male,Madhapur,0,0.0
C04395,Returning,18-25,Male,Madhapur,34,474.65
C04396,Returning,26-35,Male,Hitech City,30,338.25
C04397,Returning,26-35,Female,Banjara Hills,37,653.67
C04398,Returning,46-55,Male,Jubilee Hills,13,676.18
C04399,New,56+,Female,Banjara Hills,0,0.0
C04400,Returning,36-45,Female,Hitech City,7,440.57
C04401,Returning,26-35,Female,Madhapur,9,287.79
C04402,Returning,26-35,Female,Manikonda,39,384.43
C04403,New,26-35,Male,Madhapur,0,0.0
C04404,New,26-35,Female,Kondapur,0,0.0
C04405,Returning,46-55,Male,Hitech City,33,457.27
C04406,Returning,18-25,Female,Manikonda,10,443.91
C04407,Returning,26-35,Male,Begumpet,7,243.16
C04408,Returning,18-25,Male,Banjara Hills,15,155.25
C04409,Returning,18-25,Female,Gachibowli,32,175.69
C04410,New,36-45,Male,Ameerpet,0,0.0
C04411,New,18-25,Female,Kukatpally,0,0.0
C04412,Returning,26-35,Female,Begumpet,10,430.82
C04413,Returning,18-25,Female,Hitech City,38,614.14
C04414,Returning,46-55,Male,Hitech City,37,288.34
C04415,New,46-55,Male,Begumpet,0,0.0
C04416,Returning,26-35,Male,Kukatpally,4,331.68
C04417,Returning,46-55,Female,Kukatpally,34,446.23
C04418,Returning,18-25,Unknown,Ameerpet,33,171.38
C04419,Returning,26-35,Male,Ameerpet,19,367.68
C04420,Returning,26-35,Male,Banjara Hills,21,411.52
C04421,New,18-25,Male,Jubilee Hills,0,0.0
C04422,Returning,46-55,Unknown,Jubilee Hills,2,230.52
C04423,Returning,56+,Male,Madhapur,15,388.13
C04424,Returning,18-25,Male,Hitech City,6,538.5
C04425,New,26-35,Male,Banjara Hills,0,0.0
C04426,New,26-35,Male,Manikonda,0,0.0
C04427,New,56+,Male,Banjara Hills,0,0.0
C04428,New,56+,Female,Mehdipatnam,0,0.0
C04429,Returning,18-25,Male,Banjara Hills,15,371.95
C04430,New,56+,Male,Kukatpally,0,0.0
C04431,Returning,36-45,Female,Ameerpet,1,296.97
C04432,Returning,26-35,Unknown,Begumpet,12,509.22
C04433,Returning,26-35,Male,Hitech City,18,463.93
C04434,Returning,46-55,Male,Madhapur,37,578.74
C04435,Returning,18-25,Male,Kukatpally,20,720.27
C04436,New,26-35,Male,Kukatpally,0,0.0
C04437,Returning,18-25,Male,Hitech City,18,496.3
C04438,Returning,26-35,Male,Begumpet,26,446.4
C04439,Returning,36-45,Male,Ameerpet,16,534.1
C04440,Returning,36-45,Female,Manikonda,37,604.43
C04441,New,18-25,Male,Kondapur,0,0.0
C04442,Returning,26-35,Unknown,Secunderabad,10,252.65
C04443,New,36-45,Female,Gachibowli,0,0.0
C04444,Returning,18-25,Female,Kukatpally,13,553.46
C04445,Returning,18-25,Male,Manikonda,24,483.07
C04446,Returning,46-55,Female,Mehdipatnam,33,492.34
C04447,Returning,18-25,Male,Secunderabad,35,197.69
C04448,Returning,46-55,Male,Kondapur,18,346.15
C04449,Returning,26-35,Female,Begumpet,11,214.01
C04450,Returning,26-35,Male,Begumpet,18,268.86
C04451,Returning,26-35,Male,Banjara Hills,8,345.27
C04452,Returning,26-35,Male,Ameerpet,32,329.83
C04453,Returning,46-55,Female,Manikonda,38,631.53
C04454,Returning,26-35,Male,Madhapur,39,252.0
C04455,Returning,18-25,Female,Secunderabad,11,338.31
C04456,New,26-35,Male,Mehdipatnam,0,0.0
C04457,Returning,26-35,Male,Manikonda,39,430.49
C04458,Returning,46-55,Male,Manikonda,31,517.98
C04459,Returning,18-25,Female,Banjara Hills,24,314.01
C04460,Returning,26-35,Unknown,Jubilee Hills,18,198.85
C04461,Returning,18-25,Male,Madhapur,15,363.81
C04462,New,26-35,Female,Gachibowli,0,0.0
C04463,Returning,36-45,Male,Secunderabad,12,276.08
C04464,Returning,26-35,Male,Manikonda,9,549.95
C04465,New,46-55,Male,Jubilee Hills,0,0.0
C04466,Returning,18-25,Male,Kukatpally,10,334.82
C04467,Returning,26-35,Male,Madhapur,6,360.57
C04468,Returning,18-25,Male,Banjara Hills,8,675.15
C04469,Returning,36-45,Female,Mehdipatnam,36,524.71
C04470,Returning,18-25,Male,Hitech City,27,467.7
C04471,New,46-55,Male,Mehdipatnam,0,0.0
C04472,New,26-35,Male,Jubilee Hills,0,0.0
C04473,Returning,26-35,Female,Hitech City,21,327.45
C04474,New,26-35,Female,Mehdipatnam,0,0.0
C04475,New,26-35,Male,Manikonda,0,0.0
C04476,Returning,46-55,Female,Hitech City,11,439.94
C04477,Returning,36-45,Female,Kondapur,2,326.64
C04478,New,26-35,Female,Manikonda,0,0.0
C04479,Returning,36-45,Male,Kukatpally,32,359.92
C04480,Returning,26-35,Male,Jubilee Hills,14,489.84
C04481,New,18-25,Female,Begumpet,0,0.0
C04482,Returning,18-25,Male,Secunderabad,33,472.58
C04483,Returning,26-35,Female,Jubilee Hills,2,326.87
C04484,Returning,26-35,Male,Mehdipatnam,19,488.47
C04485,New,18-25,Male,Ameerpet,0,0.0
C04486,Returning,36-45,Male,Kukatpally,10,537.33
C04487,Returning,18-25,Female,Begumpet,14,454.32
C04488,New,36-45,Male,Gachibowli,0,0.0
C04489,Returning,26-35,Male,Begumpet,30,464.82
C04490,Returning,36-45,Male,Kukatpally,4,357.72
C04491,Returning,46-55,Male,Kondapur,4,577.22
C04492,Returning,36-45,Male,Hitech City,15,282.53
C04493,Returning,26-35,Unknown,Manikonda,5,509.66
C04494,Returning,36-45,Unknown,Manikonda,14,361.89
C04495,New,26-35,Female,Mehdipatnam,0,0.0
C04496,New,56+,Female,Manikonda,0,0.0
C04497,New,36-45,Unknown,Kukatpally,0,0.0
C04498,Returning,18-25,Male,Madhapur,26,285.11
C04499,New,18-25,Female,Manikonda,0,0.0
C04500,Returning,26-35,Female,Kondapur,37,271.16
C04501,Returning,46-55,Unknown,Madhapur,26,424.26
C04502,Returning,18-25,Female,Gachibowli,32,462.59
C04503,Returning,18-25,Male,Mehdipatnam,37,409.48
C04504,Returning,56+,Male,Jubilee Hills,23,214.45
C04505,Returning,36-45,Male,Secunderabad,12,438.46
C04506,Returning,26-35,Female,Gachibowli,15,546.22
C04507,Returning,18-25,Female,Kukatpally,1,269.6
C04508,Returning,18-25,Male,Jubilee Hills,7,301.32
C04509,New,26-35,Male,Hitech City,0,0.0
C04510,Returning,18-25,Unknown,Kondapur,24,398.43
C04511,Returning,46-55,Female,Hitech City,4,563.94
C04512,New,26-35,Unknown,Jubilee Hills,0,0.0
C04513,Returning,26-35,Female,Begumpet,5,230.72
C04514,Returning,26-35,Unknown,Hitech City,3,415.51
C04515,Returning,26-35,Male,Manikonda,35,413.68
C04516,New,18-25,Male,Manikonda,0,0.0
C04517,Returning,36-45,Female,Manikonda,25,308.36
C04518,Returning,36-45,Female,Mehdipatnam,7,359.77
C04519,New,46-55,Male,Secunderabad,0,0.0
C04520,Returning,26-35,Female,Mehdipatnam,34,347.14
C04521,New,18-25,Male,Ameerpet,0,0.0
C04522,Returning,56+,Male,Madhapur,27,271.9
C04523,Returning,18-25,Unknown,Begumpet,19,451.25
C04524,Returning,18-25,Female,Jubilee Hills,21,470.12
C04525,Returning,36-45,Male,Ameerpet,28,536.28
C04526,Returning,46-55,Female,Begumpet,37,420.33
C04527,Returning,46-55,Female,Madhapur,16,335.17
C04528,Returning,26-35,Female,Ameerpet,6,434.88
C04529,Returning,26-35,Female,Ameerpet,35,224.98
C04530,Returning,18-25,Female,Kondapur,13,120.0
C04531,Returning,36-45,Male,Kondapur,37,216.59
C04532,Returning,36-45,Unknown,Secunderabad,20,628.62
C04533,Returning,18-25,Female,Mehdipatnam,11,531.45
C04534,Returning,36-45,Female,Begumpet,38,665.15
C04535,Returning,46-55,Male,Madhapur,7,486.17
C04536,Returning,18-25,Male,Gachibowli,4,227.08
C04537,Returning,26-35,Female,Kukatpally,10,289.8
C04538,New,26-35,Male,Begumpet,0,0.0
C04539,Returning,26-35,Female,Banjara Hills,30,310.76
C04540,Returning,18-25,Male,Hitech City,36,295.4
C04541,Returning,46-55,Male,Manikonda,27,277.66
C04542,Returning,26-35,Male,Begumpet,6,320.14
C04543,Returning,36-45,Male,Madhapur,21,168.93
C04544,Returning,18-25,Female,Manikonda,28,476.65
C04545,Returning,18-25,Female,Ameerpet,34,325.59
C04546,Returning,56+,Male,Kukatpally,27,587.52
C04547,Returning,26-35,Male,Kukatpally,32,639.29
C04548,New,56+,Female,Mehdipatnam,0,0.0
C04549,New,46-55,Male,Manikonda,0,0.0
C04550,Returning,26-35,Female,Hitech City,21,565.85
C04551,Returning,26-35,Female,Madhapur,9,448.28
C04552,Returning,18-25,Female,Banjara Hills,37,397.28
C04553,Returning,36-45,Male,Kondapur,29,589.63
C04554,Returning,36-45,Female,Ameerpet,19,507.92
C04555,Returning,26-35,Female,Banjara Hills,17,396.87
C04556,Returning,36-45,Female,Banjara Hills,18,354.6
C04557,Returning,26-35,Female,Jubilee Hills,1,421.23
C04558,Returning,26-35,Male,Mehdipatnam,23,544.21
C04559,Returning,36-45,Male,Secunderabad,34,511.46
C04560,Returning,26-35,Male,Secunderabad,2,342.92
C04561,Returning,26-35,Male,Banjara Hills,39,400.85
C04562,Returning,18-25,Male,Hitech City,32,442.57
C04563,New,18-25,Unknown,Jubilee Hills,0,0.0
C04564,Returning,18-25,Female,Jubilee Hills,2,409.37
C04565,Returning,36-45,Male,Kondapur,29,292.34
C04566,Returning,56+,Female,Secunderabad,39,314.62
C04567,Returning,56+,Male,Hitech City,15,458.65
C04568,Returning,26-35,Male,Hitech City,38,452.17
C04569,Returning,36-45,Male,Banjara Hills,39,380.86
C04570,Returning,18-25,Male,Kukatpally,32,705.59
C04571,Returning,26-35,Male,Kukatpally,36,398.7
C04572,Returning,46-55,Female,Jubilee Hills,35,512.85
C04573,Returning,26-35,Male,Manikonda,1,457.63
C04574,Returning,18-25,Male,Hitech City,25,359.04
C04575,Returning,26-35,Female,Ameerpet,1,510.89
C04576,Returning,36-45,Unknown,Ameerpet,12,565.2
C04577,Returning,56+,Female,Kukatpally,5,422.86
C04578,Returning,18-25,Male,Kondapur,24,486.94
C04579,Returning,36-45,Male,Kukatpally,29,793.42
C04580,Returning,46-55,Male,Banjara Hills,27,305.58
C04581,Returning,36-45,Male,Hitech City,10,394.74
C04582,Returning,46-55,Female,Manikonda,6,496.4
C04583,Returning,36-45,Female,Madhapur,3,421.82
C04584,Returning,46-55,Male,Kondapur,31,314.89
C04585,Returning,26-35,Male,Secunderabad,22,358.39
C04586,Returning,26-35,Female,Jubilee Hills,12,391.44
C04587,New,26-35,Female,Mehdipatnam,0,0.0
C04588,New,26-35,Male,Manikonda,0,0.0
C04589,Returning,26-35,Female,Ameerpet,15,629.4
C04590,Returning,36-45,Unknown,Kondapur,11,451.48
C04591,Returning,18-25,Female,Ameerpet,13,372.83
C04592,Returning,36-45,Male,Gachibowli,12,512.39
C04593,Returning,36-45,Female,Jubilee Hills,38,506.46
C04594,Returning,18-25,Unknown,Jubilee Hills,35,282.64
C04595,Returning,26-35,Unknown,Madhapur,27,342.64
C04596,Returning,46-55,Female,Hitech City,31,279.32
C04597,Returning,26-35,Male,Madhapur,4,465.69
C04598,Returning,46-55,Male,Jubilee Hills,3,534.52
C04599,Returning,26-35,Female,Hitech City,7,393.38
C04600,Returning,56+,Female,Mehdipatnam,31,583.49
C04601,Returning,26-35,Female,Kondapur,33,347.67
C04602,Returning,56+,Male,Kondapur,37,380.74
C04603,Returning,26-35,Male,Ameerpet,4,413.54
C04604,Returning,26-35,Female,Secunderabad,28,446.35
C04605,Returning,18-25,Male,Kukatpally,1,638.74
C04606,Returning,36-45,Male,Banjara Hills,27,277.72
C04607,Returning,18-25,Female,Kondapur,11,495.83
C04608,Returning,36-45,Male,Kukatpally,11,432.78
C04609,Returning,26-35,Female,Jubilee Hills,6,576.26
C04610,Returning,46-55,Male,Gachibowli,28,248.78
C04611,Returning,36-45,Male,Gachibowli,28,271.84
C04612,New,46-55,Male,Manikonda,0,0.0
C04613,Returning,26-35,Female,Gachibowli,8,586.6
C04614,Returning,18-25,Male,Ameerpet,36,563.23
C04615,Returning,46-55,Unknown,Ameerpet,12,406.84
C04616,Returning,46-55,Female,Gachibowli,28,560.98
C04617,New,46-55,Male,Kondapur,0,0.0
C04618,Returning,26-35,Male,Gachibowli,13,281.37
C04619,Returning,26-35,Female,Ameerpet,17,404.98
C04620,Returning,18-25,Male,Kukatpally,35,388.24
C04621,Returning,36-45,Male,Madhapur,13,287.68
C04622,Returning,36-45,Male,Banjara Hills,31,348.11
C04623,New,26-35,Male,Secunderabad,0,0.0
C04624,Returning,26-35,Male,Begumpet,8,490.54
C04625,New,36-45,Female,Gachibowli,0,0.0
C04626,Returning,18-25,Female,Kondapur,9,567.83
C04627,Returning,18-25,Male,Hitech City,3,565.3
C04628,Returning,18-25,Female,Banjara Hills,1,283.85
C04629,Returning,56+,Male,Hitech City,17,497.18
C04630,Returning,18-25,Male,Mehdipatnam,31,528.37
C04631,Returning,56+,Female,Mehdipatnam,10,476.31
C04632,Returning,18-25,Female,Ameerpet,4,300.04
C04633,Returning,36-45,Unknown,Manikonda,17,120.0
C04634,Returning,26-35,Male,Gachibowli,11,442.98
C04635,Returning,26-35,Unknown,Kukatpally,8,314.56
C04636,Returning,18-25,Male,Kondapur,29,539.1
C04637,Returning,26-35,Female,Jubilee Hills,3,230.73
C04638,Returning,26-35,Female,Jubilee Hills,12,493.4
C04639,Returning,36-45,Unknown,Kondapur,33,365.93
C04640,Returning,36-45,Male,Gachibowli,12,249.65
C04641,Returning,36-45,Female,Kukatpally,17,363.61
C04642,New,18-25,Unknown,Kondapur,0,0.0
C04643,Returning,46-55,Female,Mehdipatnam,6,530.33
C04644,Returning,26-35,Unknown,Hitech City,2,526.1
C04645,Returning,46-55,Unknown,Manikonda,20,583.15
C04646,New,46-55,Male,Ameerpet,0,0.0
C04647,New,18-25,Female,Ameerpet,0,0.0
C04648,Returning,26-35,Male,Madhapur,6,365.03
C04649,Returning,26-35,Female,Begumpet,9,442.8
C04650,New,26-35,Male,Ameerpet,0,0.0
C04651,New,46-55,Female,Kondapur,0,0.0
C04652,New,18-25,Male,Kondapur,0,0.0
C04653,Returning,26-35,Male,Ameerpet,39,520.72
C04654,New,26-35,Female,Ameerpet,0,0.0
C04655,New,18-25,Male,Hitech City,0,0.0
C04656,Returning,36-45,Female,Hitech City,8,355.46
C04657,Returning,36-45,Unknown,Mehdipatnam,19,557.14
C04658,Returning,18-25,Male,Kukatpally,36,440.95
C04659,Returning,18-25,Male,Kondapur,8,485.07
C04660,New,26-35,Female,Gachibowli,0,0.0
C04661,Returning,56+,Female,Kukatpally,34,565.44
C04662,Returning,36-45,Female,Begumpet,5,488.68
C04663,Returning,36-45,Male,Kukatpally,8,360.25
C04664,Returning,26-35,Female,Kondapur,3,408.11
C04665,Returning,56+,Female,Madhapur,25,391.65
C04666,Returning,26-35,Female,Manikonda,4,432.11
C04667,Returning,18-25,Female,Banjara Hills,9,451.09
C04668,New,26-35,Female,Hitech City,0,0.0
C04669,Returning,18-25,Male,Begumpet,39,346.47
C04670,New,46-55,Female,Madhapur,0,0.0
C04671,Returning,26-35,Male,Kondapur,29,190.71
C04672,Returning,36-45,Male,Mehdipatnam,25,474.32
C04673,Returning,46-55,Male,Madhapur,18,470.02
C04674,New,36-45,Female,Kondapur,0,0.0
C04675,Returning,36-45,Male,Hitech City,25,279.07
C04676,New,36-45,Female,Madhapur,0,0.0
C04677,New,26-35,Male,Secunderabad,0,0.0
C04678,Returning,18-25,Female,Jubilee Hills,24,478.24
C04679,Returning,26-35,Female,Mehdipatnam,8,549.55
C04680,Returning,36-45,Female,Kukatpally,5,482.73
C04681,Returning,26-35,Female,Manikonda,15,544.01
C04682,Returning,56+,Unknown,Ameerpet,31,407.6
C04683,Returning,26-35,Male,Gachibowli,20,532.33
C04684,New,36-45,Female,Manikonda,0,0.0
C04685,New,18-25,Male,Banjara Hills,0,0.0
C04686,Returning,26-35,Female,Mehdipatnam,27,432.42
C04687,Returning,36-45,Male,Secunderabad,9,204.45
C04688,Returning,46-55,Male,Gachibowli,10,245.09
C04689,Returning,18-25,Unknown,Banjara Hills,20,552.3
C04690,Returning,36-45,Female,Manikonda,9,556.01
C04691,Returning,56+,Male,Madhapur,36,314.29
C04692,Returning,18-25,Male,Mehdipatnam,39,221.52
C04693,Returning,36-45,Male,Jubilee Hills,35,162.71
C04694,New,18-25,Female,Mehdipatnam,0,0.0
C04695,Returning,36-45,Female,Hitech City,27,465.33
C04696,Returning,56+,Female,Banjara Hills,30,669.47
C04697,Returning,18-25,Female,Manikonda,23,586.07
C04698,New,36-45,Female,Madhapur,0,0.0
C04699,Returning,18-25,Male,Kondapur,6,528.94
C04700,Returning,26-35,Female,Hitech City,18,347.52
C04701,Returning,26-35,Male,Begumpet,26,376.32
C04702,New,26-35,Female,Secunderabad,0,0.0
C04703,Returning,36-45,Male,Secunderabad,27,234.67
C04704,Returning,18-25,Male,Kondapur,27,494.63
C04705,New,26-35,Female,Hitech City,0,0.0
C04706,Returning,18-25,Male,Secunderabad,18,588.14
C04707,Returning,26-35,Male,Jubilee Hills,16,347.74
C04708,Returning,18-25,Male,Madhapur,27,324.64
C04709,Returning,18-25,Male,Kondapur,8,545.0
C04710,Returning,36-45,Female,Jubilee Hills,4,120.0
C04711,New,36-45,Female,Kukatpally,0,0.0
C04712,Returning,18-25,Female,Ameerpet,16,458.38
C04713,Returning,36-45,Male,Gachibowli,6,342.0
C04714,Returning,36-45,Female,Madhapur,33,506.63
C04715,Returning,26-35,Female,Kondapur,26,356.93
C04716,Returning,26-35,Female,Banjara Hills,19,501.59
C04717,Returning,18-25,Female,Banjara Hills,19,431.87
C04718,Returning,26-35,Unknown,Jubilee Hills,22,518.69
C04719,New,18-25,Female,Jubilee Hills,0,0.0
C04720,New,26-35,Male,Kondapur,0,0.0
C04721,Returning,26-35,Female,Gachibowli,5,660.48
C04722,Returning,26-35,Female,Banjara Hills,37,460.17
C04723,Returning,36-45,Female,Gachibowli,38,396.17
C04724,Returning,18-25,Male,Ameerpet,8,301.66
C04725,Returning,26-35,Male,Manikonda,7,351.77
C04726,Returning,26-35,Female,Kukatpally,27,450.35
C04727,Returning,26-35,Male,Gachibowli,25,261.73
C04728,Returning,36-45,Female,Kondapur,18,413.91
C04729,Returning,18-25,Female,Kukatpally,33,385.87
C04730,New,46-55,Female,Kondapur,0,0.0
C04731,New,46-55,Male,Banjara Hills,0,0.0
C04732,New,18-25,Female,Manikonda,0,0.0
C04733,Returning,26-35,Male,Madhapur,35,362.71
C04734,Returning,26-35,Female,Secunderabad,24,391.57
C04735,New,26-35,Male,Gachibowli,0,0.0
C04736,Returning,18-25,Unknown,Kondapur,8,340.78
C04737,New,26-35,Female,Manikonda,0,0.0
C04738,New,36-45,Unknown,Mehdipatnam,0,0.0
C04739,Returning,18-25,Male,Manikonda,22,361.14
C04740,New,36-45,Female,Ameerpet,0,0.0
C04741,New,36-45,Female,Ameerpet,0,0.0
C04742,Returning,36-45,Female,Hitech City,16,433.69
C04743,Returning,46-55,Female,Madhapur,6,322.04
C04744,New,26-35,Female,Secunderabad,0,0.0
C04745,Returning,36-45,Male,Kondapur,8,626.9
C04746,New,56+,Female,Mehdipatnam,0,0.0
C04747,Returning,46-55,Female,Madhapur,34,187.35
C04748,Returning,26-35,Female,Begumpet,22,498.2
C04749,Returning,26-35,Female,Jubilee Hills,28,354.42
C04750,Returning,26-35,Female,Jubilee Hills,17,343.13
C04751,Returning,36-45,Male,Ameerpet,29,565.72
C04752,Returning,36-45,Male,Ameerpet,6,512.74
C04753,Returning,26-35,Male,Hitech City,29,308.65
C04754,New,36-45,Female,Banjara Hills,0,0.0
C04755,Returning,26-35,Female,Madhapur,37,502.46
C04756,New,18-25,Unknown,Manikonda,0,0.0
C04757,Returning,56+,Female,Ameerpet,23,473.41
C04758,New,46-55,Female,Secunderabad,0,0.0
C04759,Returning,26-35,Female,Ameerpet,24,587.95
C04760,Returning,26-35,Male,Kukatpally,27,608.88
C04761,Returning,18-25,Male,Hitech City,38,333.28
C04762,Returning,56+,Female,Gachibowli,11,234.1
C04763,Returning,26-35,Unknown,Jubilee Hills,23,357.78
C04764,New,26-35,Female,Kukatpally,0,0.0
C04765,New,18-25,Male,Kondapur,0,0.0
C04766,Returning,18-25,Male,Madhapur,22,412.27
C04767,Returning,26-35,Female,Kondapur,5,443.1
C04768,Returning,36-45,Male,Begumpet,3,226.48
C04769,Returning,56+,Male,Begumpet,29,413.69
C04770,Returning,36-45,Female,Kondapur,32,405.97
C04771,Returning,26-35,Male,Jubilee Hills,39,336.89
C04772,Returning,26-35,Male,Hitech City,15,522.69
C04773,Returning,26-35,Male,Gachibowli,7,333.85
C04774,Returning,26-35,Male,Kukatpally,9,335.94
C04775,Returning,36-45,Female,Madhapur,5,510.8
C04776,Returning,18-25,Male,Madhapur,9,502.09
C04777,Returning,26-35,Female,Manikonda,18,428.94
C04778,Returning,18-25,Female,Mehdipatnam,39,449.68
C04779,Returning,18-25,Male,Begumpet,10,470.55
C04780,New,26-35,Male,Kondapur,0,0.0
C04781,Returning,26-35,Male,Begumpet,14,291.64
C04782,Returning,26-35,Female,Begumpet,19,528.56
C04783,New,26-35,Female,Gachibowli,0,0.0
C04784,Returning,18-25,Male,Mehdipatnam,11,469.97
C04785,Returning,46-55,Unknown,Kukatpally,34,385.28
C04786,Returning,18-25,Female,Kukatpally,28,573.01
C04787,Returning,18-25,Female,Secunderabad,9,501.75
C04788,Returning,18-25,Male,Banjara Hills,3,321.93
C04789,Returning,36-45,Female,Ameerpet,1,407.26
C04790,Returning,26-35,Female,Madhapur,34,344.77
C04791,Returning,46-55,Male,Jubilee Hills,6,553.72
C04792,Returning,26-35,Female,Banjara Hills,1,248.55
C04793,Returning,26-35,Male,Banjara Hills,31,583.54
C04794,Returning,36-45,Male,Kukatpally,2,331.39
C04795,Returning,46-55,Male,Begumpet,22,458.75
C04796,Returning,46-55,Male,Ameerpet,14,362.99
C04797,Returning,26-35,Male,Banjara Hills,25,469.89
C04798,Returning,36-45,Male,Kondapur,18,571.4
C04799,Returning,18-25,Female,Jubilee Hills,24,501.87
C04800,Returning,26-35,Unknown,Secunderabad,1,261.19
C04801,Returning,36-45,Male,Madhapur,18,386.2
C04802,New,26-35,Female,Manikonda,0,0.0
C04803,Returning,36-45,Female,Mehdipatnam,31,665.54
C04804,Returning,26-35,Female,Ameerpet,39,353.02
C04805,Returning,36-45,Female,Jubilee Hills,14,367.61
C04806,Returning,18-25,Female,Kondapur,31,318.86
C04807,Returning,26-35,Male,Ameerpet,9,413.07
C04808,Returning,56+,Male,Banjara Hills,3,506.19
C04809,Returning,36-45,Male,Kukatpally,29,290.57
C04810,Returning,46-55,Male,Kondapur,35,603.25
C04811,Returning,46-55,Male,Jubilee Hills,35,584.73
C04812,Returning,36-45,Male,Mehdipatnam,19,525.12
C04813,Returning,36-45,Female,Hitech City,35,501.53
C04814,Returning,36-45,Male,Jubilee Hills,39,739.3
C04815,Returning,26-35,Female,Banjara Hills,5,281.66
C04816,New,36-45,Female,Madhapur,0,0.0
C04817,Returning,36-45,Female,Hitech City,3,701.23
C04818,Returning,46-55,Male,Gachibowli,13,259.77
C04819,Returning,18-25,Male,Jubilee Hills,12,461.05
C04820,Returning,18-25,Female,Manikonda,27,397.56
C04821,Returning,26-35,Female,Madhapur,35,297.73
C04822,Returning,36-45,Female,Kukatpally,20,296.1
C04823,Returning,26-35,Male,Kukatpally,2,391.95
C04824,Returning,26-35,Male,Banjara Hills,11,455.37
C04825,Returning,18-25,Male,Hitech City,23,484.32
C04826,Returning,26-35,Male,Mehdipatnam,21,497.49
C04827,Returning,56+,Male,Secunderabad,23,429.08
C04828,Returning,26-35,Female,Ameerpet,25,424.14
C04829,New,26-35,Unknown,Banjara Hills,0,0.0
C04830,New,36-45,Male,Kukatpally,0,0.0
C04831,New,26-35,Unknown,Ameerpet,0,0.0
C04832,Returning,26-35,Male,Jubilee Hills,33,529.49
C04833,Returning,18-25,Male,Jubilee Hills,39,148.06
C04834,Returning,36-45,Female,Begumpet,30,493.0
C04835,New,18-25,Female,Kondapur,0,0.0
C04836,New,46-55,Male,Hitech City,0,0.0
C04837,Returning,18-25,Unknown,Gachibowli,35,128.13
C04838,Returning,36-45,Unknown,Madhapur,26,308.18
C04839,Returning,26-35,Male,Ameerpet,35,459.96
C04840,Returning,26-35,Male,Hitech City,9,293.18
C04841,Returning,26-35,Female,Gachibowli,32,554.79
C04842,Returning,18-25,Male,Manikonda,28,503.9
C04843,Returning,18-25,Female,Hitech City,15,290.32
C04844,Returning,36-45,Female,Hitech City,7,520.13
C04845,Returning,46-55,Female,Mehdipatnam,14,231.26
C04846,Returning,18-25,Male,Kondapur,6,360.33
C04847,Returning,26-35,Male,Manikonda,25,449.47
C04848,Returning,56+,Female,Secunderabad,20,593.25
C04849,Returning,36-45,Unknown,Madhapur,15,523.17
C04850,Returning,46-55,Male,Manikonda,7,615.94
C04851,Returning,26-35,Male,Madhapur,19,229.77
C04852,Returning,36-45,Female,Hitech City,5,840.27
C04853,Returning,36-45,Male,Begumpet,26,304.09
C04854,Returning,36-45,Male,Kukatpally,24,455.93
C04855,Returning,26-35,Male,Madhapur,25,624.67
C04856,New,26-35,Male,Manikonda,0,0.0
C04857,Returning,26-35,Female,Begumpet,7,577.87
C04858,Returning,18-25,Female,Ameerpet,3,258.7
C04859,Returning,18-25,Male,Mehdipatnam,1,272.05
C04860,Returning,26-35,Female,Banjara Hills,18,361.49
C04861,Returning,46-55,Male,Madhapur,6,345.42
C04862,Returning,26-35,Male,Ameerpet,4,434.2
C04863,Returning,26-35,Male,Kondapur,31,376.82
C04864,New,36-45,Male,Ameerpet,0,0.0
C04865,Returning,18-25,Male,Kukatpally,19,448.68
C04866,Returning,26-35,Male,Secunderabad,23,234.95
C04867,New,26-35,Male,Begumpet,0,0.0
C04868,Returning,36-45,Female,Manikonda,20,461.15
C04869,Returning,46-55,Female,Madhapur,22,301.48
C04870,New,18-25,Male,Hitech City,0,0.0
C04871,Returning,26-35,Male,Madhapur,36,505.16
C04872,Returning,18-25,Male,Mehdipatnam,28,614.42
C04873,Returning,26-35,Male,Jubilee Hills,28,577.39
C04874,Returning,26-35,Unknown,Jubilee Hills,20,535.68
C04875,New,26-35,Unknown,Jubilee Hills,0,0.0
C04876,Returning,26-35,Male,Jubilee Hills,23,254.11
C04877,Returning,26-35,Female,Secunderabad,7,306.86
C04878,Returning,26-35,Female,Begumpet,27,304.51
C04879,Returning,26-35,Unknown,Ameerpet,5,347.66
C04880,New,26-35,Female,Mehdipatnam,0,0.0
C04881,New,18-25,Female,Banjara Hills,0,0.0
C04882,Returning,26-35,Female,Banjara Hills,17,361.6
C04883,Returning,36-45,Female,Kukatpally,7,565.53
C04884,Returning,18-25,Female,Begumpet,36,361.03
C04885,Returning,56+,Female,Ameerpet,34,164.23
C04886,Returning,18-25,Male,Ameerpet,7,381.52
C04887,Returning,36-45,Female,Mehdipatnam,10,399.38
C04888,New,26-35,Female,Kukatpally,0,0.0
C04889,Returning,18-25,Unknown,Mehdipatnam,29,699.81
C04890,Returning,36-45,Male,Mehdipatnam,7,540.7
C04891,Returning,26-35,Female,Banjara Hills,38,641.42
C04892,Returning,26-35,Male,Hitech City,15,337.79
C04893,New,26-35,Female,Madhapur,0,0.0
C04894,Returning,46-55,Male,Secunderabad,36,451.04
C04895,Returning,36-45,Female,Madhapur,5,406.97
C04896,Returning,26-35,Male,Gachibowli,39,308.41
C04897,Returning,18-25,Female,Manikonda,14,446.5
C04898,Returning,26-35,Male,Manikonda,19,163.55
C04899,Returning,18-25,Unknown,Hitech City,4,543.9
C04900,New,18-25,Female,Banjara Hills,0,0.0
C04901,Returning,36-45,Female,Gachibowli,32,613.34
C04902,Returning,36-45,Female,Kukatpally,13,142.66
C04903,Returning,18-25,Unknown,Mehdipatnam,37,443.06
C04904,Returning,26-35,Female,Kondapur,36,318.91
C04905,Returning,26-35,Male,Manikonda,21,336.89
C04906,Returning,36-45,Male,Secunderabad,18,382.09
C04907,Returning,26-35,Female,Secunderabad,7,571.61
C04908,Returning,18-25,Male,Kondapur,8,513.16
C04909,New,46-55,Female,Hitech City,0,0.0
C04910,New,18-25,Male,Hitech City,0,0.0
C04911,Returning,36-45,Female,Mehdipatnam,1,437.59
C04912,Returning,26-35,Male,Kukatpally,20,684.36
C04913,New,26-35,Male,Kondapur,0,0.0
C04914,Returning,18-25,Female,Hitech City,17,401.69
C04915,New,46-55,Male,Kondapur,0,0.0
C04916,Returning,26-35,Male,Jubilee Hills,36,412.85
C04917,New,36-45,Female,Mehdipatnam,0,0.0
C04918,New,36-45,Male,Kukatpally,0,0.0
C04919,Returning,26-35,Unknown,Madhapur,21,402.23
C04920,Returning,26-35,Male,Secunderabad,1,338.26
C04921,Returning,18-25,Female,Jubilee Hills,27,300.64
C04922,New,26-35,Female,Secunderabad,0,0.0
C04923,Returning,26-35,Female,Kondapur,26,342.4
C04924,Returning,46-55,Male,Kondapur,18,294.72
C04925,Returning,26-35,Male,Kukatpally,14,384.07
C04926,Returning,18-25,Female,Jubilee Hills,8,419.3
C04927,New,26-35,Female,Manikonda,0,0.0
C04928,Returning,36-45,Female,Hitech City,36,188.79
C04929,Returning,18-25,Unknown,Jubilee Hills,10,362.42
C04930,Returning,18-25,Female,Jubilee Hills,17,569.84
C04931,Returning,56+,Unknown,Jubilee Hills,30,227.26
C04932,Returning,26-35,Unknown,Madhapur,27,432.66
C04933,Returning,36-45,Female,Gachibowli,22,351.57
C04934,Returning,26-35,Female,Hitech City,30,557.52
C04935,Returning,18-25,Male,Mehdipatnam,39,575.75
C04936,Returning,36-45,Unknown,Banjara Hills,8,450.38
C04937,New,26-35,Female,Kukatpally,0,0.0
C04938,New,26-35,Female,Madhapur,0,0.0
C04939,Returning,18-25,Female,Kukatpally,10,346.53
C04940,Returning,46-55,Female,Mehdipatnam,22,305.73
C04941,Returning,26-35,Male,Manikonda,34,420.66
C04942,Returning,36-45,Female,Begumpet,3,617.64
C04943,Returning,18-25,Female,Secunderabad,26,663.89
C04944,Returning,26-35,Male,Jubilee Hills,21,455.73
C04945,New,26-35,Male,Banjara Hills,0,0.0
C04946,Returning,18-25,Female,Secunderabad,1,398.85
C04947,Returning,26-35,Male,Ameerpet,26,454.97
C04948,Returning,18-25,Female,Ameerpet,39,389.68
C04949,Returning,26-35,Unknown,Mehdipatnam,32,644.63
C04950,New,26-35,Male,Kukatpally,0,0.0
C04951,Returning,46-55,Male,Ameerpet,5,431.55
C04952,Returning,18-25,Male,Gachibowli,15,336.43
C04953,Returning,26-35,Male,Madhapur,13,539.43
C04954,Returning,56+,Female,Secunderabad,32,651.19
C04955,Returning,26-35,Male,Kukatpally,25,503.02
C04956,Returning,18-25,Male,Begumpet,31,442.45
C04957,Returning,36-45,Female,Banjara Hills,15,424.06
C04958,Returning,18-25,Male,Hitech City,28,492.23
C04959,Returning,36-45,Male,Jubilee Hills,15,356.88
C04960,New,26-35,Unknown,Manikonda,0,0.0
C04961,New,46-55,Unknown,Manikonda,0,0.0
C04962,Returning,26-35,Female,Banjara Hills,4,549.04
C04963,Returning,36-45,Female,Madhapur,35,524.29
C04964,Returning,26-35,Male,Jubilee Hills,34,366.46
C04965,Returning,56+,Male,Madhapur,14,655.65
C04966,Returning,18-25,Female,Begumpet,35,239.94
C04967,Returning,36-45,Female,Banjara Hills,12,325.38
C04968,Returning,36-45,Male,Kondapur,14,694.25
C04969,Returning,26-35,Male,Banjara Hills,7,366.17
C04970,New,26-35,Female,Begumpet,0,0.0
C04971,Returning,18-25,Male,Ameerpet,20,206.05
C04972,Returning,36-45,Female,Begumpet,16,554.27
C04973,New,18-25,Male,Secunderabad,0,0.0
C04974,Returning,46-55,Male,Jubilee Hills,11,447.89
C04975,New,46-55,Male,Secunderabad,0,0.0
C04976,Returning,18-25,Male,Kukatpally,37,409.72
C04977,Returning,26-35,Male,Begumpet,15,319.65
C04978,Returning,36-45,Unknown,Kondapur,21,538.2
C04979,New,36-45,Female,Kukatpally,0,0.0
C04980,Returning,18-25,Male,Gachibowli,28,478.73
C04981,Returning,36-45,Male,Secunderabad,27,476.89
C04982,Returning,36-45,Female,Banjara Hills,24,621.66
C04983,Returning,36-45,Female,Hitech City,10,641.73
C04984,Returning,46-55,Male,Kukatpally,4,268.6
C04985,Returning,56+,Female,Kondapur,14,480.67
C04986,Returning,18-25,Female,Begumpet,3,270.95
C04987,Returning,46-55,Unknown,Madhapur,23,323.95
C04988,Returning,46-55,Unknown,Madhapur,6,570.41
C04989,Returning,26-35,Female,Hitech City,23,279.36
C04990,Returning,18-25,Female,Gachibowli,20,401.82
C04991,New,56+,Male,Banjara Hills,0,0.0
C04992,New,36-45,Male,Begumpet,0,0.0
C04993,New,26-35,Male,Secunderabad,0,0.0
C04994,Returning,26-35,Female,Kondapur,39,410.88
C04995,Returning,56+,Male,Gachibowli,9,394.59
C04996,Returning,18-25,Female,Madhapur,36,307.74
C04997,Returning,36-45,Unknown,Jubilee Hills,20,687.64
C04998,New,26-35,Female,Gachibowli,0,0.0
C04999,Returning,36-45,Male,Banjara Hills,16,431.52
C05000,Returning,36-45,Male,Secunderabad,15,557.83
