Delivery_ID,Order_ID,Assigned_Rider_ID,Estimated_Delivery_Min,Actual_Delivery_Min,Restaurant_Prep_Min,Pickup_Delay_Min,Delivery_Delay_Min
D000001,O000001,RIDER2302,29,26,38,2.5,0
D000002,O000002,RIDER0786,30,37,14,1.6,7
D000003,O000003,RIDER0235,43,70,14,4.4,27
D000004,O000004,RIDER2124,32,35,29,2.4,3
D000005,O000005,RIDER1547,35,64,29,0.7,29
D000006,O000006,RIDER0469,24,20,23,3.4,0
D000007,O000007,RIDER1671,32,51,24,6.3,19
D000008,O000008,RIDER1972,45,57,29,3.8,12
D000009,O000010,RIDER0489,20,20,31,5.6,0
D000010,O000011,RIDER1351,25,24,24,5.4,0
D000011,O000012,RIDER1664,31,51,28,1.8,20
D000012,O000013,RIDER1558,30,33,37,5.4,3
D000013,O000014,RIDER1558,36,38,33,2.2,2
D000014,O000015,RIDER0953,39,43,37,11.0,4
D000015,O000016,RIDER0027,27,25,19,2.3,0
D000016,O000017,RIDER1189,27,24,36,2.1,0
D000017,O000018,RIDER0752,39,42,29,4.8,3
D000018,O000019,RIDER2481,22,18,37,3.2,0
D000019,O000020,RIDER2154,37,42,32,6.4,5
D000020,O000021,RIDER1311,34,30,30,4.1,0
D000021,O000022,RIDER0498,35,39,15,4.2,4
D000022,O000023,RIDER1079,26,30,15,7.6,4
D000023,O000025,RIDER0426,23,40,33,3.6,17
D000024,O000026,RIDER0757,37,32,40,1.3,0
D000025,O000027,RIDER0032,60,77,34,1.2,17
D000026,O000028,RIDER1305,30,64,29,1.4,34
D000027,O000029,RIDER1353,45,53,15,1.1,8
D000028,O000030,RIDER1968,57,56,37,1.0,0
D000029,O000031,RIDER0146,34,67,24,0.6,33
D000030,O000032,RIDER0378,23,28,34,6.3,5
D000031,O000033,RIDER0225,55,70,25,0.9,15
D000032,O000034,RIDER1112,44,47,22,1.2,3
D000033,O000035,RIDER0959,28,28,27,3.8,0
D000034,O000036,RIDER1018,39,39,23,4.9,0
D000035,O000037,RIDER1695,63,59,21,3.1,0
D000036,O000038,RIDER0889,39,34,22,4.1,0
D000037,O000039,RIDER1233,24,23,15,1.0,0
D000038,O000040,RIDER1567,28,25,25,2.9,0
D000039,O000041,RIDER2345,27,26,16,5.8,0
D000040,O000042,RIDER0109,48,52,15,2.6,4
D000041,O000043,RIDER1211,24,21,42,1.4,0
D000042,O000044,RIDER2478,42,49,23,3.2,7
D000043,O000045,RIDER2457,36,33,16,2.9,0
D000044,O000046,RIDER2024,21,22,24,1.1,1
D000045,O000047,RIDER0446,35,31,16,9.6,0
D000046,O000048,RIDER0733,36,67,19,2.1,31
D000047,O000049,RIDER0287,32,29,34,4.5,0
D000048,O000050,RIDER0445,46,52,33,2.1,6
D000049,O000051,RIDER1295,48,53,37,0.9,5
D000050,O000052,RIDER1936,40,57,29,2.3,17
D000051,O000053,RIDER0430,25,20,38,7.4,0
D000052,O000054,RIDER1808,56,87,40,0.6,31
D000053,O000055,RIDER1334,35,42,22,4.4,7
D000054,O000056,RIDER0390,37,44,25,0.8,7
D000055,O000057,RIDER1576,20,21,21,3.9,1
D000056,O000058,RIDER2246,18,51,22,0.5,33
D000057,O000059,RIDER0959,45,48,34,3.4,3
D000058,O000060,RIDER2075,31,28,33,3.6,0
D000059,O000061,RIDER1155,45,67,37,5.6,22
D000060,O000062,RIDER1169,44,67,21,3.1,23
D000061,O000063,RIDER1444,26,44,32,2.7,18
D000062,O000064,RIDER0254,41,42,17,1.5,1
D000063,O000065,RIDER1322,31,32,22,9.9,1
D000064,O000066,RIDER1524,26,29,21,4.8,3
D000065,O000067,RIDER0084,36,37,34,1.0,1
D000066,O000068,RIDER0074,22,43,38,3.7,21
D000067,O000069,RIDER0666,28,36,24,6.1,8
D000068,O000070,RIDER1798,44,49,28,1.1,5
D000069,O000071,RIDER0868,30,28,30,2.9,0
D000070,O000072,RIDER1183,33,67,27,2.0,34
D000071,O000073,RIDER1067,35,39,14,1.8,4
D000072,O000074,RIDER2225,27,43,34,2.1,16
D000073,O000075,RIDER0707,35,56,27,2.0,21
D000074,O000076,RIDER1443,22,39,21,8.1,17
D000075,O000077,RIDER1700,47,54,22,3.3,7
D000076,O000078,RIDER2091,29,24,39,4.1,0
D000077,O000079,RIDER1003,36,59,16,1.2,23
D000078,O000080,RIDER1499,21,18,42,0.6,0
D000079,O000081,RIDER1277,29,48,32,2.2,19
D000080,O000082,RIDER0517,19,33,15,6.5,14
D000081,O000083,RIDER0160,32,61,36,1.9,29
D000082,O000084,RIDER1556,33,30,19,1.5,0
D000083,O000085,RIDER2153,36,38,40,2.9,2
D000084,O000086,RIDER1689,25,22,23,3.9,0
D000085,O000088,RIDER0057,29,41,24,2.3,12
D000086,O000089,RIDER1553,27,60,18,5.3,33
D000087,O000090,RIDER0717,33,60,42,0.9,27
D000088,O000091,RIDER2189,35,41,14,7.7,6
D000089,O000092,RIDER0349,19,19,27,1.5,0
D000090,O000093,RIDER1620,27,24,33,3.5,0
D000091,O000094,RIDER2190,33,64,25,2.5,31
D000092,O000095,RIDER0658,24,53,25,1.3,29
D000093,O000096,RIDER1147,39,42,37,1.7,3
D000094,O000097,RIDER2318,56,68,40,1.7,12
D000095,O000098,RIDER1622,46,42,20,3.4,0
D000096,O000099,RIDER2272,34,48,39,2.2,14
D000097,O000100,RIDER1682,28,29,37,1.6,1
D000098,O000101,RIDER0759,27,30,29,5.3,3
D000099,O000102,RIDER2017,26,29,23,0.5,3
D000100,O000103,RIDER0857,20,24,15,4.9,4
D000101,O000105,RIDER1971,24,46,31,14.4,22
D000102,O000106,RIDER0846,33,52,14,2.7,19
D000103,O000107,RIDER1188,25,27,30,0.3,2
D000104,O000108,RIDER1966,33,30,18,7.9,0
D000105,O000109,RIDER0899,70,93,18,1.7,23
D000106,O000111,RIDER2057,64,68,34,0.7,4
D000107,O000112,RIDER1723,38,69,38,4.9,31
D000108,O000113,RIDER0038,31,37,15,8.5,6
D000109,O000114,RIDER1904,31,30,27,2.6,0
D000110,O000115,RIDER2150,38,37,25,3.3,0
D000111,O000116,RIDER1215,24,41,24,11.0,17
D000112,O000117,RIDER1650,23,33,24,1.4,10
D000113,O000118,RIDER2455,22,27,16,1.0,5
D000114,O000119,RIDER1463,32,27,31,2.5,0
D000115,O000120,RIDER1709,69,86,37,1.1,17
D000116,O000122,RIDER0443,25,49,30,1.8,24
D000117,O000123,RIDER2243,33,63,24,2.5,30
D000118,O000124,RIDER1362,52,62,31,4.5,10
D000119,O000126,RIDER1577,25,29,18,2.4,4
D000120,O000127,RIDER2440,39,50,38,4.9,11
D000121,O000128,RIDER2004,34,30,36,11.0,0
D000122,O000129,RIDER0012,21,17,42,7.3,0
D000123,O000130,RIDER0905,37,39,37,0.3,2
D000124,O000131,RIDER1596,31,57,38,6.7,26
D000125,O000132,RIDER2149,20,24,32,3.1,4
D000126,O000133,RIDER0741,28,25,14,3.8,0
D000127,O000134,RIDER1064,34,62,32,1.3,28
D000128,O000135,RIDER1839,28,24,33,2.9,0
D000129,O000136,RIDER0721,21,25,38,4.5,4
D000130,O000137,RIDER2106,22,25,32,0.6,3
D000131,O000138,RIDER1004,30,34,22,1.7,4
D000132,O000139,RIDER1782,27,30,29,1.4,3
D000133,O000140,RIDER2313,22,25,31,1.2,3
D000134,O000141,RIDER1572,22,39,42,1.2,17
D000135,O000142,RIDER0570,25,22,41,5.1,0
D000136,O000143,RIDER0829,44,40,33,1.9,0
D000137,O000144,RIDER2396,32,49,33,0.5,17
D000138,O000145,RIDER0467,27,41,19,4.0,14
D000139,O000146,RIDER0547,33,62,21,0.6,29
D000140,O000147,RIDER0781,25,26,38,1.9,1
D000141,O000148,RIDER0092,17,28,37,1.2,11
D000142,O000149,RIDER0841,28,42,31,6.9,14
D000143,O000150,RIDER0519,35,30,42,3.6,0
D000144,O000151,RIDER0352,29,30,38,4.1,1
D000145,O000152,RIDER1976,41,39,42,2.7,0
D000146,O000153,RIDER0413,27,23,40,2.9,0
D000147,O000154,RIDER2393,70,65,31,1.7,0
D000148,O000155,RIDER2211,37,38,36,0.7,1
D000149,O000156,RIDER0615,30,64,42,2.5,34
D000150,O000157,RIDER1636,36,35,14,3.9,0
D000151,O000158,RIDER2367,30,34,15,0.9,4
D000152,O000159,RIDER0097,26,55,25,3.3,29
D000153,O000160,RIDER0472,25,31,22,0.7,6
D000154,O000161,RIDER1954,33,52,32,3.2,19
D000155,O000162,RIDER1692,26,31,28,7.6,5
D000156,O000163,RIDER0017,32,36,27,6.9,4
D000157,O000164,RIDER2298,24,25,18,0.9,1
D000158,O000165,RIDER2025,28,25,34,2.7,0
D000159,O000166,RIDER2172,59,56,31,5.2,0
D000160,O000167,RIDER1587,33,39,29,1.8,6
D000161,O000168,RIDER2033,27,40,19,1.1,13
D000162,O000169,RIDER1659,36,39,22,0.8,3
D000163,O000170,RIDER2487,21,19,38,4.2,0
D000164,O000171,RIDER0709,19,14,37,5.7,0
D000165,O000172,RIDER1429,35,30,41,1.3,0
D000166,O000173,RIDER0484,48,75,33,2.5,27
D000167,O000174,RIDER0252,26,35,29,9.2,9
D000168,O000175,RIDER1062,55,84,37,0.6,29
D000169,O000176,RIDER0434,45,79,35,6.3,34
D000170,O000177,RIDER1800,32,38,14,7.4,6
D000171,O000178,RIDER0059,39,36,19,1.1,0
D000172,O000179,RIDER1291,60,88,21,6.1,28
D000173,O000180,RIDER0907,48,54,36,0.2,6
D000174,O000181,RIDER2170,50,51,33,3.3,1
D000175,O000182,RIDER1327,22,21,39,3.1,0
D000176,O000183,RIDER0441,30,51,42,1.7,21
D000177,O000184,RIDER1684,26,26,17,6.5,0
D000178,O000185,RIDER0546,35,52,21,0.8,17
D000179,O000186,RIDER1465,29,31,31,2.3,2
D000180,O000187,RIDER0083,35,33,24,3.7,0
D000181,O000188,RIDER0324,28,34,16,6.5,6
D000182,O000189,RIDER1933,27,42,18,6.6,15
D000183,O000190,RIDER0707,36,43,38,7.3,7
D000184,O000192,RIDER0721,33,52,28,2.0,19
D000185,O000193,RIDER0441,23,24,18,2.9,1
D000186,O000194,RIDER0244,31,59,21,4.5,28
D000187,O000195,RIDER1289,32,39,28,1.1,7
D000188,O000197,RIDER0773,24,22,18,11.7,0
D000189,O000198,RIDER0182,24,53,32,5.2,29
D000190,O000199,RIDER0760,35,51,19,2.2,16
D000191,O000200,RIDER1542,29,34,30,1.5,5
D000192,O000201,RIDER2212,25,54,25,2.0,29
D000193,O000202,RIDER0598,40,46,21,3.8,6
D000194,O000203,RIDER0561,24,26,42,0.8,2
D000195,O000204,RIDER1479,35,34,16,11.3,0
D000196,O000205,RIDER1628,23,52,29,0.5,29
D000197,O000206,RIDER0898,45,46,15,4.3,1
D000198,O000207,RIDER1795,35,41,22,9.7,6
D000199,O000208,RIDER0085,42,45,32,0.2,3
D000200,O000209,RIDER1737,40,44,33,1.9,4
D000201,O000210,RIDER1126,44,43,41,0.2,0
D000202,O000211,RIDER0535,30,34,16,1.3,4
D000203,O000212,RIDER1534,34,40,38,3.7,6
D000204,O000213,RIDER2405,21,17,23,1.5,0
D000205,O000214,RIDER2308,22,39,27,2.7,17
D000206,O000215,RIDER1525,41,45,14,7.1,4
D000207,O000216,RIDER0711,36,46,33,0.4,10
D000208,O000217,RIDER1266,42,74,21,3.5,32
D000209,O000218,RIDER0412,27,48,31,10.5,21
D000210,O000219,RIDER0251,18,28,29,4.6,10
D000211,O000220,RIDER0436,29,25,40,5.3,0
D000212,O000223,RIDER0335,38,36,16,0.5,0
D000213,O000225,RIDER2412,22,25,33,1.5,3
D000214,O000227,RIDER2308,52,59,37,3.6,7
D000215,O000228,RIDER2084,34,36,14,7.6,2
D000216,O000230,RIDER1413,27,34,42,1.0,7
D000217,O000231,RIDER0859,62,66,29,2.4,4
D000218,O000232,RIDER0028,25,48,42,3.7,23
D000219,O000233,RIDER1623,23,28,34,1.6,5
D000220,O000234,RIDER2027,32,32,14,3.7,0
D000221,O000235,RIDER1542,25,26,42,1.5,1
D000222,O000236,RIDER0675,31,29,15,2.7,0
D000223,O000237,RIDER0691,49,65,25,7.6,16
D000224,O000238,RIDER1689,46,51,37,12.7,5
D000225,O000239,RIDER1074,35,54,18,0.9,19
D000226,O000240,RIDER0930,28,28,30,2.6,0
D000227,O000241,RIDER1259,27,55,27,6.3,28
D000228,O000242,RIDER2358,34,49,16,1.4,15
D000229,O000243,RIDER0324,31,29,21,0.8,0
D000230,O000244,RIDER0713,25,30,18,5.7,5
D000231,O000245,RIDER2461,21,55,36,0.6,34
D000232,O000246,RIDER1866,28,25,23,0.8,0
D000233,O000247,RIDER1100,42,54,28,1.8,12
D000234,O000248,RIDER2187,49,49,19,3.0,0
D000235,O000249,RIDER0098,39,46,31,0.7,7
D000236,O000250,RIDER1730,46,62,32,1.0,16
D000237,O000251,RIDER0701,32,32,36,2.4,0
D000238,O000253,RIDER1963,43,48,16,6.1,5
D000239,O000254,RIDER2329,29,29,40,4.8,0
D000240,O000255,RIDER1909,20,27,26,4.7,7
D000241,O000256,RIDER1382,61,67,21,1.1,6
D000242,O000257,RIDER1414,18,21,21,2.4,3
D000243,O000258,RIDER1485,70,65,18,7.0,0
D000244,O000259,RIDER1770,18,25,41,7.4,7
D000245,O000260,RIDER1911,34,34,39,0.5,0
D000246,O000261,RIDER0347,23,28,30,1.0,5
D000247,O000262,RIDER1471,39,52,33,0.8,13
D000248,O000263,RIDER0467,29,60,25,6.5,31
D000249,O000264,RIDER0557,37,38,31,2.6,1
D000250,O000265,RIDER2069,18,17,28,5.3,0
D000251,O000266,RIDER0014,29,52,14,0.8,23
D000252,O000267,RIDER0328,28,24,33,4.9,0
D000253,O000268,RIDER2177,42,47,42,1.2,5
D000254,O000269,RIDER0619,30,29,15,4.7,0
D000255,O000270,RIDER1323,47,77,32,1.5,30
D000256,O000271,RIDER1587,29,32,22,1.7,3
D000257,O000272,RIDER1868,22,17,35,3.6,0
D000258,O000273,RIDER2366,44,57,41,0.5,13
D000259,O000274,RIDER1728,25,37,34,1.2,12
D000260,O000275,RIDER1508,24,41,25,3.5,17
D000261,O000276,RIDER2023,23,21,30,8.7,0
D000262,O000277,RIDER1301,26,43,40,3.0,17
D000263,O000278,RIDER1326,27,60,31,1.2,33
D000264,O000279,RIDER1571,29,29,23,3.8,0
D000265,O000280,RIDER1930,26,43,18,2.2,17
D000266,O000281,RIDER1856,35,35,21,0.1,0
D000267,O000282,RIDER0037,33,38,15,0.5,5
D000268,O000283,RIDER1629,32,66,21,1.1,34
D000269,O000284,RIDER1702,39,37,29,4.8,0
D000270,O000285,RIDER2490,37,45,14,4.8,8
D000271,O000287,RIDER1536,25,22,40,1.1,0
D000272,O000288,RIDER0914,39,38,24,8.9,0
D000273,O000289,RIDER2353,20,37,36,2.2,17
D000274,O000290,RIDER0789,41,75,38,3.4,34
D000275,O000291,RIDER0941,31,50,25,8.9,19
D000276,O000292,RIDER1833,30,26,19,1.6,0
D000277,O000293,RIDER1946,31,54,29,5.0,23
D000278,O000294,RIDER2047,36,67,40,0.5,31
D000279,O000295,RIDER1207,38,61,31,0.2,23
D000280,O000296,RIDER1101,31,41,35,12.1,10
D000281,O000297,RIDER0801,35,63,18,9.9,28
D000282,O000298,RIDER0199,27,30,24,4.1,3
D000283,O000299,RIDER2362,31,37,14,1.7,6
D000284,O000300,RIDER0811,23,19,31,0.4,0
D000285,O000301,RIDER1061,32,35,31,0.9,3
D000286,O000302,RIDER1118,47,66,32,7.4,19
D000287,O000303,RIDER2287,25,58,36,8.7,33
D000288,O000304,RIDER1738,29,29,14,0.4,0
D000289,O000305,RIDER0760,24,43,42,7.1,19
D000290,O000306,RIDER0607,38,68,38,1.3,30
D000291,O000307,RIDER0605,24,31,39,1.2,7
D000292,O000308,RIDER1304,33,36,42,7.8,3
D000293,O000309,RIDER1367,26,48,34,1.9,22
D000294,O000310,RIDER1592,26,29,17,1.4,3
D000295,O000311,RIDER1534,27,29,20,3.9,2
D000296,O000312,RIDER0736,25,23,28,1.2,0
D000297,O000313,RIDER0175,33,39,33,4.0,6
D000298,O000314,RIDER0407,25,36,38,1.3,11
D000299,O000315,RIDER0659,27,26,25,3.4,0
D000300,O000316,RIDER1275,28,28,17,1.1,0
D000301,O000317,RIDER1768,24,58,14,3.1,34
D000302,O000318,RIDER1326,40,66,29,6.3,26
D000303,O000319,RIDER0904,20,24,32,1.5,4
D000304,O000320,RIDER0636,39,38,14,4.5,0
D000305,O000321,RIDER0615,34,35,31,1.8,1
D000306,O000322,RIDER1176,23,30,32,3.1,7
D000307,O000323,RIDER0182,29,32,25,9.1,3
D000308,O000325,RIDER0519,46,72,20,4.3,26
D000309,O000326,RIDER0466,23,18,32,3.1,0
D000310,O000327,RIDER0468,39,54,35,3.6,15
D000311,O000328,RIDER0959,24,22,32,1.7,0
D000312,O000329,RIDER1789,46,42,33,2.2,0
D000313,O000330,RIDER1173,38,53,24,0.9,15
D000314,O000331,RIDER1821,28,29,42,3.8,1
D000315,O000333,RIDER1470,40,42,19,2.6,2
D000316,O000334,RIDER1767,21,28,18,0.2,7
D000317,O000335,RIDER1343,27,39,16,5.1,12
D000318,O000336,RIDER0255,37,63,29,9.5,26
D000319,O000337,RIDER1656,28,31,41,7.4,3
D000320,O000338,RIDER0423,70,78,27,1.4,8
D000321,O000339,RIDER1173,48,52,27,1.8,4
D000322,O000340,RIDER0275,20,21,27,0.7,1
D000323,O000341,RIDER2296,30,25,21,3.6,0
D000324,O000342,RIDER1582,39,49,37,13.0,10
D000325,O000343,RIDER0373,20,26,15,1.7,6
D000326,O000344,RIDER2149,19,22,31,2.1,3
D000327,O000345,RIDER1743,32,49,22,1.5,17
D000328,O000346,RIDER0672,37,51,17,7.4,14
D000329,O000347,RIDER1116,48,45,21,0.5,0
D000330,O000348,RIDER0614,36,35,37,4.4,0
D000331,O000349,RIDER2271,24,31,15,1.8,7
D000332,O000350,RIDER0040,29,40,36,7.2,11
D000333,O000351,RIDER1662,50,48,39,3.4,0
D000334,O000352,RIDER2198,38,48,32,3.4,10
D000335,O000353,RIDER0863,35,40,14,6.3,5
D000336,O000354,RIDER0746,43,41,21,2.4,0
D000337,O000355,RIDER2351,26,31,39,1.0,5
D000338,O000356,RIDER0415,35,33,17,9.8,0
D000339,O000357,RIDER0059,31,27,15,0.4,0
D000340,O000358,RIDER2472,28,31,24,7.7,3
D000341,O000359,RIDER1830,23,24,37,1.4,1
D000342,O000360,RIDER0616,28,27,29,2.7,0
D000343,O000361,RIDER0390,32,33,24,0.9,1
D000344,O000363,RIDER1664,24,22,36,2.0,0
D000345,O000364,RIDER1801,18,14,34,2.6,0
D000346,O000365,RIDER1083,48,68,39,3.4,20
D000347,O000366,RIDER1674,38,62,19,1.7,24
D000348,O000367,RIDER0845,39,59,36,1.0,20
D000349,O000368,RIDER0187,32,37,15,3.7,5
D000350,O000369,RIDER2284,30,34,23,1.8,4
D000351,O000370,RIDER0261,25,25,14,1.4,0
D000352,O000371,RIDER2106,20,22,18,0.7,2
D000353,O000372,RIDER0314,27,43,14,5.0,16
D000354,O000373,RIDER1573,47,61,31,1.6,14
D000355,O000374,RIDER1359,27,25,33,1.1,0
D000356,O000375,RIDER0800,48,51,14,1.4,3
D000357,O000376,RIDER0704,31,26,24,1.7,0
D000358,O000377,RIDER0618,27,49,30,5.9,22
D000359,O000378,RIDER2415,25,32,14,2.4,7
D000360,O000379,RIDER0076,29,47,33,2.7,18
D000361,O000380,RIDER1716,34,36,28,5.6,2
D000362,O000381,RIDER1089,21,55,40,3.0,34
D000363,O000382,RIDER0438,24,37,14,0.8,13
D000364,O000383,RIDER0264,36,33,37,0.9,0
D000365,O000384,RIDER0579,31,37,29,2.6,6
D000366,O000385,RIDER0501,46,67,40,2.3,21
D000367,O000386,RIDER1996,18,32,14,3.8,14
D000368,O000387,RIDER0133,31,31,21,1.6,0
D000369,O000388,RIDER0238,35,33,27,0.8,0
D000370,O000389,RIDER1045,31,52,16,2.5,21
D000371,O000390,RIDER1172,34,67,18,5.7,33
D000372,O000391,RIDER0472,28,23,42,7.3,0
D000373,O000392,RIDER0285,45,44,31,6.5,0
D000374,O000393,RIDER2082,24,20,26,3.7,0
D000375,O000395,RIDER0642,31,38,22,5.9,7
D000376,O000396,RIDER0072,29,34,24,4.8,5
D000377,O000397,RIDER0138,27,42,33,0.3,15
D000378,O000398,RIDER1091,24,25,29,3.7,1
D000379,O000399,RIDER0835,37,33,35,2.4,0
D000380,O000400,RIDER0807,26,32,24,0.3,6
D000381,O000401,RIDER1086,31,29,30,7.2,0
D000382,O000403,RIDER0990,20,19,33,1.7,0
D000383,O000404,RIDER0339,31,31,31,0.5,0
D000384,O000405,RIDER1474,39,40,36,4.1,1
D000385,O000406,RIDER0988,29,28,30,0.9,0
D000386,O000407,RIDER0240,23,54,20,2.7,31
D000387,O000408,RIDER1945,45,47,25,8.0,2
D000388,O000409,RIDER1684,27,33,23,1.8,6
D000389,O000410,RIDER1712,34,36,36,6.6,2
D000390,O000411,RIDER2105,35,38,34,2.8,3
D000391,O000412,RIDER0406,38,61,27,1.2,23
D000392,O000413,RIDER2139,22,27,24,1.0,5
D000393,O000414,RIDER2234,30,35,42,2.5,5
D000394,O000415,RIDER2242,17,17,22,1.1,0
D000395,O000416,RIDER0648,26,30,16,0.3,4
D000396,O000418,RIDER0250,29,57,29,0.5,28
D000397,O000419,RIDER0968,31,37,29,2.0,6
D000398,O000420,RIDER0470,23,25,40,1.6,2
D000399,O000421,RIDER2161,46,41,27,0.9,0
D000400,O000422,RIDER0096,22,54,42,4.3,32
D000401,O000423,RIDER1958,35,48,32,6.9,13
D000402,O000424,RIDER2313,42,54,15,2.7,12
D000403,O000425,RIDER0587,32,66,14,1.8,34
D000404,O000426,RIDER2309,38,57,21,3.4,19
D000405,O000427,RIDER0387,45,57,14,3.0,12
D000406,O000428,RIDER1111,36,49,24,5.2,13
D000407,O000429,RIDER0635,27,23,29,1.9,0
D000408,O000430,RIDER0909,27,55,31,1.5,28
D000409,O000431,RIDER1302,35,33,18,0.3,0
D000410,O000432,RIDER0033,21,23,25,2.0,2
D000411,O000433,RIDER0207,30,36,16,5.4,6
D000412,O000434,RIDER1951,38,38,29,1.5,0
D000413,O000435,RIDER1264,22,55,31,7.4,33
D000414,O000437,RIDER1616,24,26,21,1.6,2
D000415,O000438,RIDER2280,22,50,15,2.8,28
D000416,O000439,RIDER0495,60,62,16,5.7,2
D000417,O000440,RIDER2321,44,47,32,4.3,3
D000418,O000441,RIDER1130,25,46,40,5.1,21
D000419,O000442,RIDER1766,31,33,19,1.5,2
D000420,O000443,RIDER2009,24,53,27,0.3,29
D000421,O000444,RIDER0366,22,43,17,2.3,21
D000422,O000445,RIDER0944,48,44,15,2.5,0
D000423,O000446,RIDER1820,22,37,38,2.1,15
D000424,O000447,RIDER1058,32,37,39,1.4,5
D000425,O000448,RIDER1235,29,54,38,1.6,25
D000426,O000449,RIDER1546,36,40,36,1.8,4
D000427,O000450,RIDER2323,53,64,34,0.5,11
D000428,O000451,RIDER0501,32,32,29,1.9,0
D000429,O000452,RIDER0209,36,39,27,1.1,3
D000430,O000453,RIDER2222,27,30,37,3.4,3
D000431,O000454,RIDER1476,37,56,22,0.5,19
D000432,O000455,RIDER0779,35,36,30,1.9,1
D000433,O000456,RIDER2387,28,27,38,4.5,0
D000434,O000457,RIDER2109,29,27,14,2.6,0
D000435,O000458,RIDER1003,26,21,19,1.9,0
D000436,O000459,RIDER2190,33,53,21,10.5,20
D000437,O000460,RIDER0165,32,28,21,0.0,0
D000438,O000461,RIDER2463,32,38,42,0.7,6
D000439,O000462,RIDER1950,48,72,25,0.8,24
D000440,O000463,RIDER2169,34,30,21,4.4,0
D000441,O000464,RIDER1175,43,46,24,1.7,3
D000442,O000465,RIDER1360,39,70,24,1.3,31
D000443,O000466,RIDER0650,33,36,37,2.2,3
D000444,O000467,RIDER0863,35,31,37,2.2,0
D000445,O000468,RIDER1443,33,40,27,2.5,7
D000446,O000469,RIDER0983,53,72,28,4.0,19
D000447,O000472,RIDER1098,30,44,35,1.6,14
D000448,O000474,RIDER1901,44,46,31,5.9,2
D000449,O000475,RIDER1250,43,50,18,6.1,7
D000450,O000476,RIDER0157,30,34,39,1.8,4
D000451,O000477,RIDER1138,35,37,16,0.5,2
D000452,O000478,RIDER2047,25,41,21,1.2,16
D000453,O000479,RIDER1780,41,65,16,1.8,24
D000454,O000480,RIDER1310,44,61,40,1.9,17
D000455,O000481,RIDER2336,27,27,21,9.8,0
D000456,O000482,RIDER1359,32,58,17,7.0,26
D000457,O000483,RIDER1383,26,27,25,0.6,1
D000458,O000484,RIDER2111,40,69,14,6.9,29
D000459,O000486,RIDER0593,29,33,24,1.6,4
D000460,O000487,RIDER0422,25,40,33,1.9,15
D000461,O000488,RIDER0619,20,54,20,1.7,34
D000462,O000489,RIDER1755,28,47,31,1.6,19
D000463,O000490,RIDER0537,30,29,14,7.2,0
D000464,O000491,RIDER2163,32,28,18,0.4,0
D000465,O000493,RIDER1273,22,21,35,0.4,0
D000466,O000494,RIDER0126,21,26,23,2.2,5
D000467,O000495,RIDER1303,40,63,14,3.5,23
D000468,O000496,RIDER0646,61,67,22,0.2,6
D000469,O000497,RIDER0560,29,32,36,5.5,3
D000470,O000498,RIDER2500,53,50,32,1.1,0
D000471,O000499,RIDER2319,34,61,40,4.7,27
D000472,O000500,RIDER0085,26,37,18,1.5,11
D000473,O000501,RIDER0044,33,35,21,4.2,2
D000474,O000502,RIDER2252,23,49,21,0.6,26
D000475,O000503,RIDER1771,32,29,32,0.4,0
D000476,O000504,RIDER1572,26,53,40,4.6,27
D000477,O000505,RIDER0718,26,24,25,1.1,0
D000478,O000506,RIDER1860,31,51,29,8.6,20
D000479,O000507,RIDER1492,26,21,41,3.2,0
D000480,O000508,RIDER2195,50,49,32,2.4,0
D000481,O000510,RIDER2294,22,54,14,1.2,32
D000482,O000511,RIDER1986,27,30,33,10.6,3
D000483,O000512,RIDER0955,28,48,18,1.0,20
D000484,O000513,RIDER1381,35,54,38,3.2,19
D000485,O000514,RIDER0598,19,53,24,2.4,34
D000486,O000515,RIDER1280,37,33,14,3.2,0
D000487,O000516,RIDER1236,25,32,31,4.9,7
D000488,O000517,RIDER2497,28,30,14,10.3,2
D000489,O000518,RIDER2061,37,44,40,1.4,7
D000490,O000519,RIDER0543,43,49,42,3.8,6
D000491,O000520,RIDER1365,33,32,21,1.4,0
D000492,O000521,RIDER1219,25,40,14,4.6,15
D000493,O000522,RIDER1730,38,40,22,2.7,2
D000494,O000524,RIDER0082,31,29,25,4.7,0
D000495,O000525,RIDER1149,51,80,38,1.4,29
D000496,O000526,RIDER2151,30,36,29,3.8,6
D000497,O000527,RIDER0702,34,30,31,5.3,0
D000498,O000528,RIDER2085,29,25,25,0.3,0
D000499,O000529,RIDER0430,34,33,29,3.5,0
D000500,O000531,RIDER0111,37,33,39,1.8,0
D000501,O000532,RIDER1212,35,32,37,0.9,0
D000502,O000533,RIDER1346,41,49,27,1.8,8
D000503,O000534,RIDER1475,32,35,41,0.7,3
D000504,O000536,RIDER1412,33,66,28,0.9,33
D000505,O000537,RIDER2177,36,40,23,11.5,4
D000506,O000538,RIDER1968,27,24,21,8.4,0
D000507,O000539,RIDER0121,24,55,22,1.8,31
D000508,O000540,RIDER2266,36,34,23,1.7,0
D000509,O000541,RIDER1591,33,39,28,3.2,6
D000510,O000542,RIDER0938,50,47,42,1.3,0
D000511,O000543,RIDER0757,24,30,30,1.1,6
D000512,O000545,RIDER1237,36,59,35,1.5,23
D000513,O000546,RIDER0870,36,36,22,3.7,0
D000514,O000547,RIDER1722,28,31,36,0.9,3
D000515,O000548,RIDER0574,38,38,32,4.7,0
D000516,O000549,RIDER0192,33,40,14,2.9,7
D000517,O000550,RIDER2279,28,49,14,0.9,21
D000518,O000551,RIDER1663,19,18,17,6.7,0
D000519,O000553,RIDER0966,30,63,28,4.4,33
D000520,O000554,RIDER1913,40,45,14,0.6,5
D000521,O000556,RIDER1066,36,36,21,6.8,0
D000522,O000557,RIDER2246,33,29,17,1.2,0
D000523,O000558,RIDER1485,33,29,14,7.8,0
D000524,O000559,RIDER2343,29,25,29,3.7,0
D000525,O000560,RIDER0914,25,38,42,3.9,13
D000526,O000561,RIDER2122,28,26,28,6.8,0
D000527,O000562,RIDER1488,47,54,33,0.5,7
D000528,O000563,RIDER2217,22,27,14,3.2,5
D000529,O000565,RIDER1608,63,72,21,3.5,9
D000530,O000566,RIDER0735,30,64,30,3.6,34
D000531,O000567,RIDER0847,28,57,30,5.8,29
D000532,O000568,RIDER2158,28,27,16,4.9,0
D000533,O000569,RIDER0903,43,62,21,3.7,19
D000534,O000570,RIDER1027,21,41,27,2.8,20
D000535,O000571,RIDER2164,28,27,31,4.2,0
D000536,O000572,RIDER0207,23,24,36,3.1,1
D000537,O000573,RIDER0608,30,27,27,1.0,0
D000538,O000574,RIDER2115,50,68,15,5.1,18
D000539,O000575,RIDER1818,29,63,31,5.8,34
D000540,O000576,RIDER0272,23,25,37,0.6,2
D000541,O000577,RIDER0114,44,71,15,0.2,27
D000542,O000578,RIDER1971,32,36,28,4.8,4
D000543,O000579,RIDER1622,30,27,41,7.5,0
D000544,O000580,RIDER1996,27,41,36,2.7,14
D000545,O000581,RIDER0850,28,33,41,3.8,5
D000546,O000582,RIDER1439,27,59,29,2.8,32
D000547,O000583,RIDER2225,38,44,37,6.4,6
D000548,O000584,RIDER0091,32,32,23,1.1,0
D000549,O000585,RIDER2365,32,60,33,0.5,28
D000550,O000586,RIDER1902,30,26,30,1.3,0
D000551,O000587,RIDER1667,35,38,31,0.4,3
D000552,O000588,RIDER2203,24,32,17,1.0,8
D000553,O000589,RIDER1979,32,31,37,2.6,0
D000554,O000590,RIDER1744,44,72,25,3.9,28
D000555,O000591,RIDER0607,27,33,31,2.9,6
D000556,O000594,RIDER0264,19,18,29,0.4,0
D000557,O000595,RIDER1348,19,31,16,4.7,12
D000558,O000596,RIDER0160,34,29,27,2.7,0
D000559,O000597,RIDER0639,28,23,16,3.7,0
D000560,O000598,RIDER0051,25,43,34,0.1,18
D000561,O000599,RIDER1553,28,49,23,5.0,21
D000562,O000600,RIDER0144,42,57,28,1.2,15
D000563,O000601,RIDER0188,50,70,31,1.1,20
D000564,O000602,RIDER2435,23,28,15,0.9,5
D000565,O000603,RIDER1283,56,57,35,0.9,1
D000566,O000604,RIDER0519,27,27,22,4.0,0
D000567,O000605,RIDER0421,50,70,22,0.7,20
D000568,O000606,RIDER2111,31,32,14,0.7,1
D000569,O000607,RIDER2032,37,34,42,1.0,0
D000570,O000609,RIDER1304,27,49,28,1.9,22
D000571,O000610,RIDER0476,17,45,24,2.3,28
D000572,O000613,RIDER1680,28,34,25,5.7,6
D000573,O000614,RIDER0917,28,48,16,5.1,20
D000574,O000615,RIDER1612,22,19,35,7.6,0
D000575,O000616,RIDER0669,21,47,14,4.8,26
D000576,O000617,RIDER0716,33,40,18,5.4,7
D000577,O000618,RIDER0133,30,33,36,2.6,3
D000578,O000619,RIDER2129,24,28,19,3.3,4
D000579,O000620,RIDER2402,18,25,21,0.5,7
D000580,O000621,RIDER0907,23,32,30,3.5,9
D000581,O000622,RIDER0666,29,30,14,1.7,1
D000582,O000623,RIDER1397,33,64,22,4.2,31
D000583,O000624,RIDER0866,26,51,28,5.7,25
D000584,O000625,RIDER0099,33,42,27,6.1,9
D000585,O000626,RIDER0353,22,43,33,4.4,21
D000586,O000627,RIDER2332,22,18,25,1.2,0
D000587,O000628,RIDER2022,29,24,18,0.9,0
D000588,O000629,RIDER0831,30,25,28,1.8,0
D000589,O000630,RIDER0705,22,50,28,5.3,28
D000590,O000631,RIDER0005,27,22,42,1.2,0
D000591,O000632,RIDER0069,32,32,15,3.4,0
D000592,O000633,RIDER1439,28,32,35,0.5,4
D000593,O000634,RIDER2384,30,47,34,2.5,17
D000594,O000635,RIDER0922,24,51,22,5.1,27
D000595,O000636,RIDER0884,40,45,28,8.2,5
D000596,O000637,RIDER2286,26,34,15,9.4,8
D000597,O000638,RIDER2461,39,70,37,3.7,31
D000598,O000639,RIDER0724,27,27,36,2.1,0
D000599,O000640,RIDER1234,40,45,21,0.8,5
D000600,O000642,RIDER1964,30,37,39,1.7,7
D000601,O000643,RIDER0502,36,33,37,5.8,0
D000602,O000644,RIDER0541,34,31,41,1.0,0
D000603,O000645,RIDER1532,37,38,31,3.5,1
D000604,O000646,RIDER1614,30,26,31,0.6,0
D000605,O000647,RIDER1563,25,22,19,2.6,0
D000606,O000648,RIDER0888,33,56,14,3.4,23
D000607,O000649,RIDER2480,23,25,42,1.7,2
D000608,O000650,RIDER0368,29,32,37,1.5,3
D000609,O000651,RIDER2319,43,60,21,4.7,17
D000610,O000652,RIDER2458,41,47,21,5.7,6
D000611,O000653,RIDER0767,43,39,16,1.2,0
D000612,O000654,RIDER0124,44,40,25,1.6,0
D000613,O000655,RIDER1375,34,30,14,0.4,0
D000614,O000656,RIDER1087,25,53,29,0.8,28
D000615,O000657,RIDER0772,26,21,21,0.6,0
D000616,O000658,RIDER2400,36,35,42,1.6,0
D000617,O000659,RIDER2477,30,35,18,6.4,5
D000618,O000660,RIDER0642,60,90,19,0.9,30
D000619,O000661,RIDER1871,31,32,38,2.1,1
D000620,O000663,RIDER1669,28,24,19,0.4,0
D000621,O000665,RIDER1237,28,25,38,1.4,0
D000622,O000666,RIDER1604,53,75,16,1.4,22
D000623,O000667,RIDER0860,30,27,16,4.1,0
D000624,O000669,RIDER2058,33,31,31,4.9,0
D000625,O000670,RIDER2112,20,26,16,3.9,6
D000626,O000671,RIDER0823,31,62,14,0.1,31
D000627,O000672,RIDER2338,28,34,29,0.9,6
D000628,O000673,RIDER2088,29,29,34,0.6,0
D000629,O000674,RIDER1679,29,36,39,5.7,7
D000630,O000675,RIDER1066,53,67,24,1.6,14
D000631,O000676,RIDER1274,43,41,26,4.2,0
D000632,O000678,RIDER0639,70,82,14,9.4,12
D000633,O000679,RIDER0346,31,29,34,2.0,0
D000634,O000680,RIDER1715,48,58,32,3.8,10
D000635,O000681,RIDER0303,25,32,38,2.2,7
D000636,O000682,RIDER0320,20,44,19,2.2,24
D000637,O000683,RIDER1545,29,27,24,2.2,0
D000638,O000684,RIDER2008,40,47,29,1.4,7
D000639,O000685,RIDER0303,42,62,21,6.6,20
D000640,O000687,RIDER1596,42,48,33,3.3,6
D000641,O000688,RIDER2314,25,20,27,9.9,0
D000642,O000689,RIDER2021,42,40,14,6.4,0
D000643,O000690,RIDER0376,31,34,19,0.8,3
D000644,O000691,RIDER0158,32,41,27,10.3,9
D000645,O000692,RIDER2198,58,77,22,2.8,19
D000646,O000693,RIDER1619,30,37,28,3.6,7
D000647,O000694,RIDER1956,34,48,40,1.2,14
D000648,O000695,RIDER1827,49,54,21,2.1,5
D000649,O000696,RIDER0721,41,48,39,1.6,7
D000650,O000697,RIDER2382,30,47,37,1.5,17
D000651,O000698,RIDER0788,31,28,36,2.5,0
D000652,O000699,RIDER1439,41,40,18,5.5,0
D000653,O000700,RIDER1102,38,37,27,5.5,0
D000654,O000701,RIDER0090,30,29,35,13.6,0
D000655,O000702,RIDER0946,27,27,30,3.8,0
D000656,O000703,RIDER1931,30,51,33,7.5,21
D000657,O000704,RIDER1711,47,46,19,3.1,0
D000658,O000705,RIDER1801,40,35,24,3.1,0
D000659,O000706,RIDER1390,39,36,30,0.5,0
D000660,O000707,RIDER0892,25,30,25,6.7,5
D000661,O000708,RIDER0416,26,58,18,4.2,32
D000662,O000709,RIDER1701,25,32,39,0.1,7
D000663,O000710,RIDER1306,38,39,14,1.5,1
D000664,O000711,RIDER1772,19,50,37,1.9,31
D000665,O000712,RIDER2372,47,45,28,7.3,0
D000666,O000713,RIDER1739,42,38,31,0.5,0
D000667,O000714,RIDER1435,31,52,23,1.4,21
D000668,O000715,RIDER1742,21,21,32,2.7,0
D000669,O000716,RIDER1623,41,36,36,2.3,0
D000670,O000718,RIDER0693,24,19,21,0.5,0
D000671,O000719,RIDER2142,27,30,40,2.9,3
D000672,O000720,RIDER1811,44,49,17,5.7,5
D000673,O000721,RIDER2047,27,26,34,0.9,0
D000674,O000722,RIDER2018,46,48,40,2.4,2
D000675,O000723,RIDER1768,33,36,15,4.6,3
D000676,O000724,RIDER2458,43,38,24,6.0,0
D000677,O000725,RIDER0331,30,31,40,3.4,1
D000678,O000726,RIDER1689,48,72,33,0.4,24
D000679,O000727,RIDER2292,22,28,38,4.2,6
D000680,O000730,RIDER0139,29,25,30,1.1,0
D000681,O000731,RIDER1102,44,67,34,3.7,23
D000682,O000732,RIDER1970,25,26,42,3.3,1
D000683,O000733,RIDER1573,35,36,28,2.0,1
D000684,O000734,RIDER0597,47,43,14,3.4,0
D000685,O000735,RIDER1035,30,36,37,4.8,6
D000686,O000736,RIDER1874,27,32,33,1.8,5
D000687,O000737,RIDER1115,38,41,37,1.2,3
D000688,O000738,RIDER0745,41,40,28,2.8,0
D000689,O000739,RIDER1181,50,67,17,1.1,17
D000690,O000740,RIDER1105,32,43,29,3.6,11
D000691,O000741,RIDER0454,22,47,36,0.4,25
D000692,O000742,RIDER1172,31,28,27,5.4,0
D000693,O000743,RIDER1885,36,32,31,1.7,0
D000694,O000744,RIDER0311,39,35,30,3.7,0
D000695,O000745,RIDER0266,38,56,31,0.4,18
D000696,O000746,RIDER1520,36,43,29,6.7,7
D000697,O000747,RIDER0146,70,92,41,1.2,22
D000698,O000748,RIDER0620,21,25,40,1.1,4
D000699,O000749,RIDER1156,35,46,15,1.0,11
D000700,O000750,RIDER0488,42,44,16,7.1,2
D000701,O000751,RIDER0575,31,28,15,1.1,0
D000702,O000752,RIDER1960,22,21,29,2.0,0
D000703,O000753,RIDER0661,21,21,37,0.2,0
D000704,O000754,RIDER1418,26,41,26,2.1,15
D000705,O000755,RIDER1621,31,46,17,1.1,15
D000706,O000756,RIDER0921,23,27,20,1.2,4
D000707,O000757,RIDER1411,27,31,19,0.9,4
D000708,O000758,RIDER0871,35,34,34,1.3,0
D000709,O000759,RIDER0296,27,51,33,6.3,24
D000710,O000760,RIDER0430,28,31,22,2.0,3
D000711,O000761,RIDER0570,28,56,14,3.4,28
D000712,O000762,RIDER0207,32,37,26,0.6,5
D000713,O000763,RIDER1226,27,29,31,4.3,2
D000714,O000764,RIDER2077,34,30,36,4.5,0
D000715,O000765,RIDER2457,27,24,33,2.1,0
D000716,O000766,RIDER2348,24,39,15,2.5,15
D000717,O000767,RIDER2135,31,49,30,14.0,18
D000718,O000768,RIDER2426,30,29,29,2.1,0
D000719,O000769,RIDER2288,30,29,20,0.8,0
D000720,O000770,RIDER1701,23,20,16,3.0,0
D000721,O000771,RIDER1013,41,42,29,1.6,1
D000722,O000772,RIDER1870,22,44,25,1.7,22
D000723,O000773,RIDER0377,30,48,21,4.4,18
D000724,O000774,RIDER1882,61,87,37,1.2,26
D000725,O000775,RIDER1225,33,43,33,2.2,10
D000726,O000776,RIDER2309,49,51,15,9.0,2
D000727,O000778,RIDER0538,35,44,14,6.1,9
D000728,O000779,RIDER0929,38,34,30,5.4,0
D000729,O000780,RIDER0164,43,40,30,3.1,0
D000730,O000781,RIDER0699,27,27,37,5.8,0
D000731,O000782,RIDER1924,54,58,19,5.7,4
D000732,O000783,RIDER0963,56,78,41,4.2,22
D000733,O000784,RIDER0345,45,46,15,3.7,1
D000734,O000785,RIDER2033,55,57,21,0.9,2
D000735,O000786,RIDER1052,28,35,34,1.9,7
D000736,O000787,RIDER0457,26,28,35,2.7,2
D000737,O000788,RIDER1698,49,54,20,6.2,5
D000738,O000789,RIDER0203,26,31,31,0.3,5
D000739,O000790,RIDER2027,41,48,18,1.4,7
D000740,O000791,RIDER2317,28,50,42,2.2,22
D000741,O000792,RIDER0979,19,37,27,11.9,18
D000742,O000794,RIDER1480,49,47,24,1.1,0
D000743,O000795,RIDER1365,24,23,33,4.6,0
D000744,O000796,RIDER0430,28,29,18,1.4,1
D000745,O000797,RIDER0636,35,41,23,2.6,6
D000746,O000798,RIDER2453,28,27,29,11.4,0
D000747,O000799,RIDER0808,31,34,31,1.7,3
D000748,O000800,RIDER1550,29,39,33,4.2,10
D000749,O000801,RIDER2142,25,55,31,3.6,30
D000750,O000802,RIDER2370,32,50,14,3.9,18
D000751,O000803,RIDER0085,56,74,14,2.0,18
D000752,O000804,RIDER1603,35,31,15,1.5,0
D000753,O000805,RIDER1511,32,35,41,3.6,3
D000754,O000806,RIDER1519,44,64,39,1.0,20
D000755,O000807,RIDER2270,70,66,40,2.7,0
D000756,O000808,RIDER2394,26,21,34,4.0,0
D000757,O000809,RIDER0659,27,25,22,7.0,0
D000758,O000810,RIDER0958,40,44,16,1.4,4
D000759,O000811,RIDER2116,28,34,31,1.8,6
D000760,O000812,RIDER1612,42,53,31,2.5,11
D000761,O000813,RIDER1371,27,28,30,1.8,1
D000762,O000814,RIDER0778,42,38,22,1.8,0
D000763,O000815,RIDER1927,39,36,29,2.4,0
D000764,O000816,RIDER1822,27,22,18,0.8,0
D000765,O000817,RIDER0964,33,39,27,2.1,6
D000766,O000818,RIDER1113,22,17,31,2.7,0
D000767,O000819,RIDER0905,34,38,29,1.4,4
D000768,O000820,RIDER2018,19,32,15,2.1,13
D000769,O000821,RIDER1576,34,37,16,2.5,3
D000770,O000822,RIDER2373,34,36,39,1.6,2
D000771,O000823,RIDER0717,31,28,31,0.4,0
D000772,O000824,RIDER0730,29,31,19,4.9,2
D000773,O000825,RIDER1534,36,33,37,0.9,0
D000774,O000826,RIDER0178,31,48,26,4.6,17
D000775,O000827,RIDER1584,32,62,41,2.1,30
D000776,O000828,RIDER1564,38,71,23,0.4,33
D000777,O000829,RIDER0404,48,43,29,0.5,0
D000778,O000830,RIDER1612,19,25,38,1.7,6
D000779,O000831,RIDER1506,27,23,32,7.9,0
D000780,O000832,RIDER1037,25,23,14,3.8,0
D000781,O000833,RIDER2476,28,34,21,7.5,6
D000782,O000834,RIDER0320,41,42,32,2.4,1
D000783,O000835,RIDER0340,30,29,33,2.2,0
D000784,O000836,RIDER1979,29,28,22,2.0,0
D000785,O000837,RIDER0046,43,48,28,2.9,5
D000786,O000838,RIDER0269,37,33,21,1.4,0
D000787,O000839,RIDER0339,37,32,33,4.1,0
D000788,O000840,RIDER2056,52,72,15,1.9,20
D000789,O000841,RIDER1422,36,55,18,1.4,19
D000790,O000842,RIDER0267,29,51,30,4.3,22
D000791,O000843,RIDER1268,23,41,23,4.6,18
D000792,O000844,RIDER1096,30,29,24,3.5,0
D000793,O000845,RIDER0093,28,30,37,5.7,2
D000794,O000846,RIDER2403,47,46,32,1.9,0
D000795,O000847,RIDER1650,36,58,21,5.3,22
D000796,O000848,RIDER1061,26,33,15,1.9,7
D000797,O000849,RIDER1686,28,35,14,0.6,7
D000798,O000850,RIDER1866,31,51,28,6.2,20
D000799,O000851,RIDER1625,31,29,27,3.9,0
D000800,O000852,RIDER2312,30,54,33,2.1,24
D000801,O000853,RIDER1478,25,24,22,0.6,0
D000802,O000854,RIDER2015,29,35,25,3.5,6
D000803,O000855,RIDER2434,41,36,24,2.5,0
D000804,O000856,RIDER0448,41,39,19,0.7,0
D000805,O000857,RIDER2182,27,43,42,0.4,16
D000806,O000858,RIDER2238,34,39,22,3.9,5
D000807,O000859,RIDER2436,23,51,39,1.6,28
D000808,O000860,RIDER2122,43,40,22,2.7,0
D000809,O000861,RIDER2392,25,30,14,5.0,5
D000810,O000862,RIDER1858,37,60,23,4.8,23
D000811,O000863,RIDER0236,42,61,31,5.4,19
D000812,O000864,RIDER1472,33,33,25,3.1,0
D000813,O000865,RIDER0972,26,28,31,4.9,2
D000814,O000866,RIDER1481,28,34,32,1.9,6
D000815,O000867,RIDER1035,27,31,32,3.1,4
D000816,O000868,RIDER1496,32,33,34,5.4,1
D000817,O000869,RIDER1975,33,30,16,2.4,0
D000818,O000870,RIDER0620,35,36,16,0.8,1
D000819,O000871,RIDER0480,28,24,39,0.7,0
D000820,O000872,RIDER0909,27,52,29,4.5,25
D000821,O000873,RIDER0571,42,65,25,2.0,23
D000822,O000874,RIDER1401,23,22,40,8.6,0
D000823,O000875,RIDER0781,42,41,31,1.3,0
D000824,O000876,RIDER0805,23,23,14,1.6,0
D000825,O000877,RIDER0345,22,37,31,3.6,15
D000826,O000878,RIDER0384,22,26,15,0.3,4
D000827,O000879,RIDER2394,22,24,23,0.9,2
D000828,O000880,RIDER0936,30,55,25,7.2,25
D000829,O000881,RIDER0410,48,78,15,1.2,30
D000830,O000882,RIDER1680,53,62,22,2.0,9
D000831,O000883,RIDER0335,22,22,17,8.9,0
D000832,O000884,RIDER0984,23,18,17,2.7,0
D000833,O000885,RIDER0253,27,31,41,5.8,4
D000834,O000886,RIDER1324,40,42,16,1.6,2
D000835,O000887,RIDER1440,44,47,14,2.3,3
D000836,O000888,RIDER0865,48,74,28,3.6,26
D000837,O000889,RIDER1839,33,36,19,1.7,3
D000838,O000890,RIDER1194,24,37,14,2.1,13
D000839,O000891,RIDER2436,33,34,30,2.0,1
D000840,O000892,RIDER0564,31,27,38,2.3,0
D000841,O000893,RIDER2234,36,39,21,0.9,3
D000842,O000894,RIDER1595,27,52,37,1.8,25
D000843,O000895,RIDER2297,31,37,31,1.8,6
D000844,O000896,RIDER0110,36,42,18,5.4,6
D000845,O000897,RIDER1009,29,49,36,2.8,20
D000846,O000898,RIDER0990,24,31,25,2.6,7
D000847,O000899,RIDER0139,34,40,39,1.8,6
D000848,O000900,RIDER1165,22,26,25,0.3,4
D000849,O000901,RIDER1606,34,37,30,18.4,3
D000850,O000903,RIDER1842,40,51,21,0.4,11
D000851,O000904,RIDER2495,38,35,31,1.8,0
D000852,O000906,RIDER1542,25,27,42,5.1,2
D000853,O000907,RIDER1501,20,19,39,2.3,0
D000854,O000908,RIDER1170,26,56,23,2.4,30
D000855,O000909,RIDER2497,30,33,14,1.5,3
D000856,O000910,RIDER0575,49,74,31,3.9,25
D000857,O000911,RIDER0201,55,78,27,3.0,23
D000858,O000912,RIDER1519,39,69,29,1.6,30
D000859,O000913,RIDER1944,21,19,34,1.6,0
D000860,O000914,RIDER1714,35,41,40,6.0,6
D000861,O000915,RIDER2342,30,41,37,9.3,11
D000862,O000916,RIDER1970,37,53,21,11.9,16
D000863,O000917,RIDER0338,26,28,35,4.9,2
D000864,O000918,RIDER0761,19,24,23,0.6,5
D000865,O000919,RIDER1415,22,27,37,2.4,5
D000866,O000920,RIDER2297,25,27,26,5.7,2
D000867,O000921,RIDER1740,40,43,23,2.6,3
D000868,O000922,RIDER1752,42,65,29,8.6,23
D000869,O000923,RIDER1440,36,34,29,1.4,0
D000870,O000924,RIDER0051,33,46,27,1.4,13
D000871,O000925,RIDER1456,28,44,31,3.2,16
D000872,O000926,RIDER1389,25,52,21,3.5,27
D000873,O000927,RIDER2298,41,46,21,0.5,5
D000874,O000929,RIDER1748,25,30,14,9.3,5
D000875,O000930,RIDER1484,42,39,32,3.8,0
D000876,O000931,RIDER2183,34,35,19,2.0,1
D000877,O000932,RIDER0638,25,32,33,0.8,7
D000878,O000933,RIDER1737,70,68,30,1.2,0
D000879,O000934,RIDER0641,46,42,14,0.4,0
D000880,O000935,RIDER2407,30,58,18,6.6,28
D000881,O000936,RIDER1333,25,24,22,5.7,0
D000882,O000937,RIDER0540,50,73,33,4.1,23
D000883,O000938,RIDER1302,25,33,29,3.2,8
D000884,O000939,RIDER0656,38,54,36,3.5,16
D000885,O000940,RIDER1346,22,22,16,3.9,0
D000886,O000941,RIDER0766,26,41,32,2.7,15
D000887,O000942,RIDER0327,27,24,32,2.0,0
D000888,O000943,RIDER0631,45,49,25,10.4,4
D000889,O000945,RIDER1633,46,52,18,3.9,6
D000890,O000946,RIDER2307,18,32,31,1.3,14
D000891,O000947,RIDER0942,29,33,31,1.0,4
D000892,O000948,RIDER0461,21,19,28,4.4,0
D000893,O000949,RIDER2372,46,53,39,0.6,7
D000894,O000950,RIDER1946,27,30,18,4.8,3
D000895,O000951,RIDER2073,39,37,18,2.3,0
D000896,O000952,RIDER1968,21,20,37,10.3,0
D000897,O000953,RIDER2366,35,34,40,3.3,0
D000898,O000954,RIDER1635,37,35,15,1.8,0
D000899,O000955,RIDER1615,34,41,18,2.4,7
D000900,O000956,RIDER0648,33,33,15,1.4,0
D000901,O000957,RIDER1084,27,25,15,5.6,0
D000902,O000958,RIDER0875,29,34,41,4.6,5
D000903,O000959,RIDER0703,30,41,38,4.3,11
D000904,O000960,RIDER1776,50,55,16,5.6,5
D000905,O000961,RIDER0340,24,31,42,3.6,7
D000906,O000962,RIDER0168,68,64,18,4.6,0
D000907,O000963,RIDER1511,61,69,15,4.5,8
D000908,O000964,RIDER1424,28,42,27,2.9,14
D000909,O000965,RIDER0985,25,25,36,5.3,0
D000910,O000966,RIDER1148,36,43,31,13.2,7
D000911,O000967,RIDER2442,21,19,24,1.9,0
D000912,O000968,RIDER2492,24,26,21,1.9,2
D000913,O000969,RIDER1727,30,26,31,0.6,0
D000914,O000970,RIDER2460,39,66,25,2.2,27
D000915,O000971,RIDER0941,55,87,18,4.2,32
D000916,O000972,RIDER0155,40,40,28,4.7,0
D000917,O000973,RIDER0237,26,25,33,2.2,0
D000918,O000974,RIDER1825,38,43,19,4.4,5
D000919,O000975,RIDER0294,53,55,23,8.4,2
D000920,O000976,RIDER0618,21,16,31,0.6,0
D000921,O000977,RIDER0917,30,43,19,1.0,13
D000922,O000979,RIDER1931,25,44,21,1.8,19
D000923,O000980,RIDER2323,26,28,14,3.0,2
D000924,O000981,RIDER1124,29,26,21,2.5,0
D000925,O000982,RIDER1537,27,23,36,2.5,0
D000926,O000983,RIDER1667,33,28,23,1.6,0
D000927,O000984,RIDER1678,24,29,38,7.2,5
D000928,O000985,RIDER1670,32,37,40,5.4,5
D000929,O000986,RIDER0375,28,31,18,2.4,3
D000930,O000987,RIDER0963,31,33,17,4.2,2
D000931,O000988,RIDER2454,32,55,24,6.4,23
D000932,O000989,RIDER0394,43,76,31,0.7,33
D000933,O000990,RIDER0185,24,26,15,5.1,2
D000934,O000991,RIDER0652,24,21,22,0.8,0
D000935,O000992,RIDER0144,21,28,27,11.1,7
D000936,O000993,RIDER1828,28,39,14,3.4,11
D000937,O000994,RIDER0769,23,40,21,2.4,17
D000938,O000995,RIDER0613,29,34,25,6.1,5
D000939,O000996,RIDER1936,54,68,31,1.6,14
D000940,O000997,RIDER1480,32,27,25,6.9,0
D000941,O000998,RIDER2206,23,20,31,2.4,0
D000942,O000999,RIDER1552,47,48,41,4.2,1
D000943,O001000,RIDER1682,42,43,27,2.1,1
D000944,O001001,RIDER2240,38,36,15,2.9,0
D000945,O001002,RIDER0871,41,38,35,2.5,0
D000946,O001003,RIDER2452,30,33,31,4.0,3
D000947,O001004,RIDER1509,21,27,19,8.7,6
D000948,O001005,RIDER1022,41,69,25,5.4,28
D000949,O001006,RIDER0378,23,52,21,0.0,29
D000950,O001007,RIDER0964,25,29,36,1.1,4
D000951,O001008,RIDER0353,25,38,17,2.4,13
D000952,O001009,RIDER1957,21,36,28,3.4,15
D000953,O001010,RIDER2107,32,27,14,2.4,0
D000954,O001011,RIDER1380,41,41,37,4.1,0
D000955,O001012,RIDER2265,25,58,35,2.8,33
D000956,O001013,RIDER2248,28,35,32,7.2,7
D000957,O001014,RIDER2295,26,24,38,2.5,0
D000958,O001015,RIDER0143,54,67,35,2.1,13
D000959,O001016,RIDER2173,27,27,40,2.4,0
D000960,O001017,RIDER0993,20,16,19,8.0,0
D000961,O001018,RIDER2148,22,29,19,2.0,7
D000962,O001019,RIDER0073,63,68,17,0.7,5
D000963,O001020,RIDER2158,25,29,30,2.2,4
D000964,O001021,RIDER2208,25,23,14,1.2,0
D000965,O001022,RIDER1823,36,67,35,2.9,31
D000966,O001024,RIDER0003,43,44,24,1.2,1
D000967,O001025,RIDER0955,30,41,27,2.2,11
D000968,O001026,RIDER1222,21,27,15,4.7,6
D000969,O001027,RIDER1026,26,27,36,2.0,1
D000970,O001029,RIDER1561,38,34,23,1.6,0
D000971,O001030,RIDER1584,34,60,39,1.3,26
D000972,O001031,RIDER1826,32,27,22,5.4,0
D000973,O001032,RIDER1885,25,30,14,1.5,5
D000974,O001033,RIDER1651,19,39,38,3.4,20
D000975,O001034,RIDER0616,44,45,15,3.7,1
D000976,O001035,RIDER1718,34,35,21,2.1,1
D000977,O001036,RIDER1517,32,66,34,0.4,34
D000978,O001037,RIDER0929,44,43,35,3.7,0
D000979,O001038,RIDER0479,23,52,37,1.9,29
D000980,O001039,RIDER1918,37,39,36,0.2,2
D000981,O001040,RIDER0022,59,67,25,0.8,8
D000982,O001041,RIDER1412,28,23,33,2.8,0
D000983,O001042,RIDER0076,51,48,14,0.7,0
D000984,O001043,RIDER1110,24,23,15,5.0,0
D000985,O001044,RIDER0704,35,31,22,3.7,0
D000986,O001045,RIDER0417,34,42,25,4.5,8
D000987,O001046,RIDER0855,22,51,31,1.8,29
D000988,O001047,RIDER1505,55,64,29,3.1,9
D000989,O001049,RIDER0423,32,57,16,6.6,25
D000990,O001050,RIDER0644,70,91,16,2.8,21
D000991,O001051,RIDER0284,20,15,22,1.2,0
D000992,O001052,RIDER1461,39,36,28,0.7,0
D000993,O001053,RIDER2464,25,52,24,7.2,27
D000994,O001054,RIDER0197,36,61,28,2.3,25
D000995,O001055,RIDER2286,32,28,14,2.1,0
D000996,O001056,RIDER1213,37,38,19,6.3,1
D000997,O001057,RIDER2407,54,54,16,1.0,0
D000998,O001059,RIDER1029,26,32,40,1.5,6
D000999,O001060,RIDER1980,43,50,40,3.4,7
D001000,O001062,RIDER0555,24,49,37,1.0,25
D001001,O001063,RIDER1492,33,28,41,3.1,0
D001002,O001064,RIDER2433,41,42,36,3.3,1
D001003,O001065,RIDER1167,44,42,28,1.3,0
D001004,O001066,RIDER2355,24,29,37,9.8,5
D001005,O001067,RIDER0917,30,30,25,1.8,0
D001006,O001068,RIDER2236,23,18,32,8.2,0
D001007,O001069,RIDER0127,28,27,31,8.8,0
D001008,O001070,RIDER0240,24,50,41,3.0,26
D001009,O001071,RIDER1021,31,38,15,0.9,7
D001010,O001072,RIDER0591,42,76,14,1.1,34
D001011,O001073,RIDER1360,34,32,14,3.1,0
D001012,O001074,RIDER2442,38,55,22,2.3,17
D001013,O001075,RIDER0430,46,44,24,4.6,0
D001014,O001076,RIDER2171,24,19,30,2.1,0
D001015,O001077,RIDER2351,27,32,31,3.7,5
D001016,O001078,RIDER1532,53,55,25,0.9,2
D001017,O001079,RIDER1470,32,36,33,0.9,4
D001018,O001080,RIDER1278,32,32,28,3.6,0
D001019,O001081,RIDER1545,30,25,16,5.0,0
D001020,O001082,RIDER1319,35,51,42,0.9,16
D001021,O001083,RIDER2154,60,68,19,0.3,8
D001022,O001084,RIDER1054,29,28,27,1.4,0
D001023,O001085,RIDER2398,40,36,18,0.4,0
D001024,O001087,RIDER1874,29,28,30,4.8,0
D001025,O001088,RIDER1315,30,47,37,3.3,17
D001026,O001089,RIDER1483,26,31,16,3.9,5
D001027,O001090,RIDER1821,35,50,42,6.4,15
D001028,O001091,RIDER1742,20,17,31,1.9,0
D001029,O001093,RIDER0979,32,62,16,2.5,30
D001030,O001094,RIDER1450,29,49,31,0.6,20
D001031,O001095,RIDER0103,27,28,37,5.6,1
D001032,O001096,RIDER0693,28,25,38,2.8,0
D001033,O001097,RIDER2191,38,67,15,2.9,29
D001034,O001099,RIDER1867,35,39,20,2.4,4
D001035,O001100,RIDER1617,36,67,37,2.9,31
D001036,O001101,RIDER0488,24,19,27,3.1,0
D001037,O001102,RIDER0283,29,31,21,9.7,2
D001038,O001103,RIDER0768,30,32,22,0.4,2
D001039,O001104,RIDER1105,40,69,24,1.6,29
D001040,O001105,RIDER2335,33,55,35,4.7,22
D001041,O001106,RIDER0632,53,59,38,0.1,6
D001042,O001107,RIDER2123,25,27,17,4.2,2
D001043,O001108,RIDER0119,43,69,20,8.9,26
D001044,O001109,RIDER2348,33,63,36,0.9,30
D001045,O001110,RIDER0465,26,30,14,2.4,4
D001046,O001111,RIDER2490,25,42,38,0.8,17
D001047,O001112,RIDER0299,26,27,23,0.2,1
D001048,O001113,RIDER2150,26,28,30,9.0,2
D001049,O001114,RIDER0709,27,33,33,2.2,6
D001050,O001115,RIDER1426,25,58,32,5.1,33
D001051,O001116,RIDER0827,30,32,22,4.0,2
D001052,O001117,RIDER1583,46,44,23,1.5,0
D001053,O001118,RIDER1476,67,82,19,2.4,15
D001054,O001119,RIDER1947,36,43,21,2.1,7
D001055,O001120,RIDER0521,24,20,27,0.3,0
D001056,O001121,RIDER0198,42,56,17,2.9,14
D001057,O001122,RIDER0535,33,44,24,0.4,11
D001058,O001123,RIDER0993,29,48,14,2.4,19
D001059,O001124,RIDER1862,33,32,19,1.2,0
D001060,O001125,RIDER0869,32,29,37,2.2,0
D001061,O001126,RIDER2093,37,58,31,1.9,21
D001062,O001127,RIDER0816,36,41,26,4.5,5
D001063,O001128,RIDER0581,32,45,42,4.9,13
D001064,O001129,RIDER0946,49,55,14,0.8,6
D001065,O001130,RIDER2334,40,58,18,2.5,18
D001066,O001131,RIDER0130,28,29,31,5.5,1
D001067,O001132,RIDER0210,30,26,14,0.5,0
D001068,O001133,RIDER0369,24,20,31,0.4,0
D001069,O001134,RIDER1667,38,43,31,4.8,5
D001070,O001135,RIDER0477,68,78,39,4.2,10
D001071,O001136,RIDER1407,43,44,19,2.0,1
D001072,O001137,RIDER1236,24,36,28,5.1,12
D001073,O001138,RIDER1520,25,29,14,1.8,4
D001074,O001139,RIDER1350,46,52,36,4.2,6
D001075,O001140,RIDER0232,41,40,41,2.4,0
D001076,O001141,RIDER1942,28,33,28,5.0,5
D001077,O001142,RIDER0318,28,24,35,1.3,0
D001078,O001143,RIDER2430,23,24,22,0.9,1
D001079,O001144,RIDER2248,28,24,33,1.3,0
D001080,O001145,RIDER1626,37,67,32,0.7,30
D001081,O001146,RIDER0035,47,78,31,1.3,31
D001082,O001147,RIDER1196,35,60,32,3.3,25
D001083,O001148,RIDER0863,36,51,21,4.1,15
D001084,O001149,RIDER1524,68,93,32,2.6,25
D001085,O001150,RIDER2308,28,28,30,8.1,0
D001086,O001151,RIDER1539,49,52,29,3.8,3
D001087,O001152,RIDER2045,28,26,30,6.6,0
D001088,O001153,RIDER1050,30,52,20,1.3,22
D001089,O001154,RIDER0788,33,36,15,2.0,3
D001090,O001155,RIDER1120,41,73,28,0.8,32
D001091,O001157,RIDER1723,23,27,35,5.5,4
D001092,O001158,RIDER1895,39,43,31,1.9,4
D001093,O001159,RIDER1427,30,33,24,4.2,3
D001094,O001160,RIDER0129,32,60,16,1.9,28
D001095,O001162,RIDER0633,36,36,18,4.5,0
D001096,O001163,RIDER2407,36,68,40,2.9,32
D001097,O001165,RIDER1333,34,56,36,1.4,22
D001098,O001166,RIDER0218,45,71,40,3.8,26
D001099,O001167,RIDER1873,27,27,35,3.9,0
D001100,O001169,RIDER0050,44,62,32,3.3,18
D001101,O001170,RIDER0343,24,43,19,0.7,19
D001102,O001171,RIDER2478,48,45,14,5.8,0
D001103,O001172,RIDER0455,41,41,18,5.7,0
D001104,O001173,RIDER1644,44,60,24,10.7,16
D001105,O001174,RIDER2443,47,74,38,1.0,27
D001106,O001175,RIDER0039,51,48,34,4.2,0
D001107,O001176,RIDER1099,33,53,37,4.4,20
D001108,O001177,RIDER1215,39,34,16,3.9,0
D001109,O001178,RIDER0033,30,44,29,5.0,14
D001110,O001179,RIDER2106,40,43,14,2.9,3
D001111,O001180,RIDER0148,35,35,39,2.4,0
D001112,O001181,RIDER1380,33,37,27,1.2,4
D001113,O001182,RIDER0131,61,66,30,0.2,5
D001114,O001183,RIDER1974,30,34,31,1.2,4
D001115,O001184,RIDER0476,31,52,29,2.1,21
D001116,O001185,RIDER1440,38,35,22,2.1,0
D001117,O001186,RIDER0937,20,31,18,4.0,11
D001118,O001187,RIDER1647,35,39,18,1.8,4
D001119,O001188,RIDER2290,34,36,14,1.5,2
D001120,O001189,RIDER0100,27,61,24,3.0,34
D001121,O001190,RIDER2108,30,26,37,9.7,0
D001122,O001191,RIDER0524,39,38,29,0.8,0
D001123,O001192,RIDER1823,22,26,36,3.2,4
D001124,O001193,RIDER0195,43,38,33,1.5,0
D001125,O001194,RIDER1832,25,30,14,1.0,5
D001126,O001195,RIDER0019,26,23,24,1.1,0
D001127,O001196,RIDER1456,27,49,14,2.5,22
D001128,O001197,RIDER0959,49,49,15,5.5,0
D001129,O001198,RIDER1423,27,28,37,3.5,1
D001130,O001199,RIDER0448,31,38,38,5.6,7
D001131,O001200,RIDER1944,31,33,33,4.0,2
D001132,O001201,RIDER1095,31,30,40,5.2,0
D001133,O001202,RIDER2004,26,29,14,2.2,3
D001134,O001203,RIDER1817,21,31,30,3.0,10
D001135,O001204,RIDER1964,23,19,15,5.1,0
D001136,O001206,RIDER1924,20,19,27,3.6,0
D001137,O001207,RIDER0636,33,66,37,1.5,33
D001138,O001208,RIDER1129,22,18,37,0.4,0
D001139,O001209,RIDER1640,30,36,36,2.1,6
D001140,O001210,RIDER1427,24,42,24,2.7,18
D001141,O001211,RIDER1363,57,65,30,2.3,8
D001142,O001212,RIDER1682,34,36,21,7.0,2
D001143,O001213,RIDER0488,21,40,35,1.0,19
D001144,O001214,RIDER0453,31,56,42,3.7,25
D001145,O001215,RIDER1561,33,56,20,6.2,23
D001146,O001216,RIDER0291,31,53,16,1.7,22
D001147,O001217,RIDER0268,20,24,31,3.4,4
D001148,O001218,RIDER0860,38,41,29,2.0,3
D001149,O001219,RIDER1677,27,26,40,0.9,0
D001150,O001220,RIDER0110,36,37,31,5.5,1
D001151,O001221,RIDER1082,34,35,32,3.9,1
D001152,O001222,RIDER0579,22,29,31,0.5,7
D001153,O001223,RIDER2305,30,25,28,7.7,0
D001154,O001224,RIDER1026,53,82,24,2.0,29
D001155,O001225,RIDER2465,31,41,32,0.9,10
D001156,O001226,RIDER0299,38,36,28,4.5,0
D001157,O001227,RIDER1355,23,26,33,4.1,3
D001158,O001228,RIDER1454,21,27,14,2.4,6
D001159,O001229,RIDER0139,35,40,14,0.5,5
D001160,O001230,RIDER0244,23,22,35,1.3,0
D001161,O001233,RIDER0005,51,80,30,0.8,29
D001162,O001234,RIDER0961,70,79,40,0.4,9
D001163,O001235,RIDER0388,39,70,39,1.9,31
D001164,O001236,RIDER0913,54,79,36,1.4,25
D001165,O001237,RIDER1931,70,70,42,3.7,0
D001166,O001238,RIDER2002,39,34,27,1.9,0
D001167,O001239,RIDER0828,26,28,35,2.9,2
D001168,O001240,RIDER0260,28,59,29,3.1,31
D001169,O001241,RIDER1664,43,49,30,3.3,6
D001170,O001243,RIDER0679,29,25,36,2.2,0
D001171,O001244,RIDER2499,31,32,27,1.9,1
D001172,O001245,RIDER0749,29,42,26,4.5,13
D001173,O001246,RIDER0396,22,19,36,3.6,0
D001174,O001247,RIDER2257,38,38,38,2.9,0
D001175,O001248,RIDER1958,31,28,16,3.5,0
D001176,O001249,RIDER1993,36,31,40,2.1,0
D001177,O001250,RIDER2013,26,36,18,7.8,10
D001178,O001251,RIDER0560,30,37,31,9.7,7
D001179,O001252,RIDER1795,51,68,28,1.8,17
D001180,O001253,RIDER0717,33,36,21,6.7,3
D001181,O001254,RIDER2070,30,57,33,2.6,27
D001182,O001255,RIDER1094,35,37,23,6.0,2
D001183,O001256,RIDER0711,41,70,35,0.8,29
D001184,O001257,RIDER2027,42,70,32,2.0,28
D001185,O001258,RIDER0839,29,31,16,2.1,2
D001186,O001259,RIDER0019,37,42,31,0.2,5
D001187,O001260,RIDER0324,25,27,15,3.6,2
D001188,O001261,RIDER2483,25,54,36,1.7,29
D001189,O001262,RIDER0366,22,20,38,5.7,0
D001190,O001263,RIDER1820,31,37,14,5.0,6
D001191,O001264,RIDER0816,35,32,28,1.3,0
D001192,O001265,RIDER1176,42,63,19,0.9,21
D001193,O001266,RIDER1803,31,57,31,1.2,26
D001194,O001267,RIDER1507,26,51,33,2.1,25
D001195,O001268,RIDER1344,57,57,14,1.6,0
D001196,O001269,RIDER1846,49,81,22,7.2,32
D001197,O001270,RIDER1907,26,23,23,1.3,0
D001198,O001271,RIDER1884,40,48,25,2.3,8
D001199,O001272,RIDER2182,37,34,31,0.8,0
D001200,O001274,RIDER0745,33,38,24,2.6,5
D001201,O001275,RIDER0368,27,56,27,7.6,29
D001202,O001276,RIDER0683,43,71,33,1.0,28
D001203,O001277,RIDER1073,23,21,17,1.2,0
D001204,O001278,RIDER0462,27,33,22,1.9,6
D001205,O001279,RIDER0842,49,75,27,0.3,26
D001206,O001280,RIDER1856,30,43,24,3.0,13
D001207,O001281,RIDER0464,39,65,31,8.9,26
D001208,O001282,RIDER2226,19,16,18,0.5,0
D001209,O001283,RIDER1477,22,38,21,6.6,16
D001210,O001284,RIDER0631,38,43,33,2.9,5
D001211,O001285,RIDER2055,37,40,28,3.8,3
D001212,O001286,RIDER0239,51,55,14,4.9,4
D001213,O001287,RIDER0432,60,93,23,2.7,33
D001214,O001288,RIDER1833,23,38,15,5.9,15
D001215,O001289,RIDER0790,29,27,37,5.9,0
D001216,O001290,RIDER1742,47,72,37,3.2,25
D001217,O001291,RIDER0426,30,29,31,6.3,0
D001218,O001292,RIDER1123,22,47,38,5.5,25
D001219,O001293,RIDER1448,47,42,14,0.6,0
D001220,O001294,RIDER0017,61,90,24,5.8,29
D001221,O001295,RIDER1913,42,49,27,1.4,7
D001222,O001297,RIDER1707,27,52,16,5.5,25
D001223,O001298,RIDER0995,24,21,16,2.8,0
D001224,O001299,RIDER0767,48,53,33,2.8,5
D001225,O001300,RIDER1627,34,33,29,2.0,0
D001226,O001301,RIDER0361,49,61,25,2.5,12
D001227,O001302,RIDER2171,31,54,19,5.3,23
D001228,O001303,RIDER2271,23,48,15,2.8,25
D001229,O001304,RIDER1764,41,37,20,2.6,0
D001230,O001305,RIDER1769,33,45,24,0.3,12
D001231,O001306,RIDER0108,27,53,28,5.5,26
D001232,O001307,RIDER0049,34,35,38,4.2,1
D001233,O001308,RIDER1943,21,18,41,6.9,0
D001234,O001309,RIDER1260,44,54,38,2.1,10
D001235,O001310,RIDER0906,21,27,37,4.7,6
D001236,O001311,RIDER0181,33,67,22,1.2,34
D001237,O001312,RIDER2093,23,27,30,2.7,4
D001238,O001313,RIDER1355,49,50,28,0.3,1
D001239,O001314,RIDER2192,41,57,17,0.4,16
D001240,O001315,RIDER0595,42,51,21,0.3,9
D001241,O001316,RIDER0898,37,53,40,3.2,16
D001242,O001317,RIDER0728,23,57,35,0.6,34
D001243,O001318,RIDER0054,24,19,24,1.8,0
D001244,O001319,RIDER1021,26,33,31,7.5,7
D001245,O001320,RIDER1676,49,73,25,3.6,24
D001246,O001321,RIDER0931,23,18,35,0.9,0
D001247,O001322,RIDER0271,23,27,21,3.0,4
D001248,O001323,RIDER1437,23,26,36,1.0,3
D001249,O001324,RIDER0829,41,39,29,4.9,0
D001250,O001325,RIDER2169,63,77,42,1.6,14
D001251,O001326,RIDER1624,32,28,21,2.1,0
D001252,O001327,RIDER2291,22,21,34,0.2,0
D001253,O001328,RIDER2385,31,31,29,2.4,0
D001254,O001329,RIDER1412,27,38,39,2.8,11
D001255,O001330,RIDER2104,24,48,23,2.2,24
D001256,O001331,RIDER0082,27,23,23,2.6,0
D001257,O001332,RIDER0950,33,47,25,0.6,14
D001258,O001333,RIDER0474,33,36,23,1.0,3
D001259,O001334,RIDER0212,30,34,38,3.8,4
D001260,O001335,RIDER0033,24,21,25,1.2,0
D001261,O001336,RIDER1020,36,44,21,5.1,8
D001262,O001337,RIDER0815,41,63,33,8.4,22
D001263,O001338,RIDER0412,30,33,33,1.1,3
D001264,O001339,RIDER1123,50,47,14,4.1,0
D001265,O001341,RIDER0175,41,73,31,2.2,32
D001266,O001342,RIDER2479,47,49,37,1.5,2
D001267,O001343,RIDER2404,33,35,40,2.3,2
D001268,O001344,RIDER1010,31,37,15,4.3,6
D001269,O001345,RIDER1323,38,37,24,2.6,0
D001270,O001346,RIDER0038,28,27,28,5.4,0
D001271,O001347,RIDER0859,37,46,29,6.8,9
D001272,O001348,RIDER1420,25,30,14,0.8,5
D001273,O001349,RIDER0055,28,30,18,2.2,2
D001274,O001350,RIDER2454,21,42,24,2.4,21
D001275,O001351,RIDER0939,26,47,14,0.8,21
D001276,O001352,RIDER2214,28,23,22,1.1,0
D001277,O001353,RIDER0438,28,26,19,5.7,0
D001278,O001354,RIDER1396,45,48,29,3.5,3
D001279,O001355,RIDER1497,32,33,42,2.3,1
D001280,O001356,RIDER1312,25,28,35,1.3,3
D001281,O001357,RIDER0450,33,30,41,3.1,0
D001282,O001358,RIDER0970,22,32,25,1.4,10
D001283,O001359,RIDER0775,40,70,29,2.3,30
D001284,O001360,RIDER0079,31,33,25,0.1,2
D001285,O001361,RIDER1240,17,26,17,1.5,9
D001286,O001362,RIDER0502,30,56,17,2.4,26
D001287,O001363,RIDER1391,28,37,27,9.9,9
D001288,O001364,RIDER2329,30,29,20,7.8,0
D001289,O001365,RIDER2137,24,57,23,2.6,33
D001290,O001366,RIDER0100,26,22,18,11.3,0
D001291,O001368,RIDER1377,29,30,31,0.4,1
D001292,O001369,RIDER1219,31,57,18,2.3,26
D001293,O001370,RIDER0321,30,30,14,3.5,0
D001294,O001372,RIDER0850,29,50,39,1.4,21
D001295,O001373,RIDER2341,45,42,21,2.6,0
D001296,O001374,RIDER0528,24,31,27,0.6,7
D001297,O001375,RIDER0395,28,28,40,1.3,0
D001298,O001376,RIDER2100,33,59,31,1.5,26
D001299,O001377,RIDER1586,35,49,36,0.6,14
D001300,O001378,RIDER1449,39,61,14,5.5,22
D001301,O001379,RIDER1719,39,39,36,2.0,0
D001302,O001380,RIDER0961,40,38,34,6.2,0
D001303,O001381,RIDER1089,19,15,35,2.7,0
D001304,O001382,RIDER0370,26,23,15,2.2,0
D001305,O001383,RIDER1598,24,23,40,0.4,0
D001306,O001384,RIDER1093,24,27,37,5.4,3
D001307,O001385,RIDER2126,27,25,27,1.4,0
D001308,O001386,RIDER0179,24,41,30,2.0,17
D001309,O001388,RIDER1040,28,32,39,7.0,4
D001310,O001389,RIDER1230,34,37,33,1.2,3
D001311,O001390,RIDER1452,45,61,36,6.9,16
D001312,O001391,RIDER2207,29,25,14,2.5,0
D001313,O001392,RIDER0855,25,27,15,2.3,2
D001314,O001394,RIDER2056,27,24,36,1.3,0
D001315,O001395,RIDER1794,52,80,35,0.2,28
D001316,O001396,RIDER1928,33,29,29,0.5,0
D001317,O001397,RIDER1957,26,40,36,10.0,14
D001318,O001398,RIDER0130,37,64,22,5.4,27
D001319,O001399,RIDER0595,51,57,25,2.8,6
D001320,O001401,RIDER2003,26,26,38,2.5,0
D001321,O001402,RIDER0406,26,29,26,0.9,3
D001322,O001403,RIDER0286,36,38,25,1.8,2
D001323,O001404,RIDER2247,33,30,41,4.1,0
D001324,O001405,RIDER0178,57,71,15,1.2,14
D001325,O001406,RIDER2469,33,44,25,6.5,11
D001326,O001407,RIDER0993,32,37,29,3.5,5
D001327,O001409,RIDER1861,21,17,15,1.6,0
D001328,O001410,RIDER0517,28,34,19,4.8,6
D001329,O001411,RIDER1464,33,31,17,4.2,0
D001330,O001412,RIDER1721,32,31,31,5.7,0
D001331,O001413,RIDER2268,26,23,17,2.7,0
D001332,O001414,RIDER1933,26,32,36,1.1,6
D001333,O001415,RIDER1605,25,31,23,4.3,6
D001334,O001416,RIDER1017,40,35,38,1.4,0
D001335,O001417,RIDER1590,23,30,31,5.5,7
D001336,O001418,RIDER2294,44,58,37,6.9,14
D001337,O001420,RIDER1290,42,42,19,3.8,0
D001338,O001421,RIDER2041,33,65,22,0.5,32
D001339,O001422,RIDER0639,55,73,15,0.8,18
D001340,O001423,RIDER0390,32,54,31,4.3,22
D001341,O001424,RIDER0590,18,24,29,1.8,6
D001342,O001425,RIDER0941,42,49,27,0.7,7
D001343,O001426,RIDER1337,26,22,30,0.8,0
D001344,O001428,RIDER0534,27,23,28,1.8,0
D001345,O001430,RIDER1261,38,45,18,3.2,7
D001346,O001432,RIDER1126,23,28,30,0.6,5
D001347,O001433,RIDER2429,21,16,35,9.7,0
D001348,O001434,RIDER2004,36,32,29,2.8,0
D001349,O001435,RIDER1265,26,27,16,0.4,1
D001350,O001436,RIDER2397,23,22,38,8.4,0
D001351,O001437,RIDER0290,27,33,18,1.5,6
D001352,O001438,RIDER1848,61,56,19,2.5,0
D001353,O001439,RIDER0129,32,42,38,2.5,10
D001354,O001440,RIDER1915,47,77,24,3.1,30
D001355,O001441,RIDER0310,52,86,16,10.3,34
D001356,O001442,RIDER1742,44,40,29,6.2,0
D001357,O001443,RIDER0732,31,35,21,3.3,4
D001358,O001445,RIDER1003,17,24,15,2.7,7
D001359,O001446,RIDER0273,31,39,29,2.3,8
D001360,O001447,RIDER1238,29,34,16,1.5,5
D001361,O001448,RIDER1959,38,40,31,0.6,2
D001362,O001449,RIDER2347,25,26,37,3.5,1
D001363,O001451,RIDER1342,25,26,35,2.7,1
D001364,O001453,RIDER0830,26,54,30,8.4,28
D001365,O001454,RIDER1920,30,56,14,2.7,26
D001366,O001455,RIDER1913,38,38,27,6.6,0
D001367,O001457,RIDER2033,29,26,28,2.2,0
D001368,O001458,RIDER1677,42,49,15,3.5,7
D001369,O001459,RIDER0829,25,59,33,6.8,34
D001370,O001462,RIDER0674,19,17,25,2.2,0
D001371,O001463,RIDER1685,43,74,18,5.4,31
D001372,O001464,RIDER0035,23,52,37,0.8,29
D001373,O001465,RIDER1461,37,34,14,5.1,0
D001374,O001466,RIDER0135,58,67,15,3.4,9
D001375,O001468,RIDER0612,33,40,39,0.6,7
D001376,O001469,RIDER2376,31,27,38,4.3,0
D001377,O001470,RIDER1931,36,39,15,1.5,3
D001378,O001471,RIDER2350,38,67,22,3.8,29
D001379,O001472,RIDER0158,22,19,38,3.1,0
D001380,O001473,RIDER1117,55,61,15,4.7,6
D001381,O001474,RIDER1310,42,66,19,2.1,24
D001382,O001475,RIDER0486,28,28,14,7.4,0
D001383,O001476,RIDER1962,34,34,21,0.5,0
D001384,O001477,RIDER1131,28,41,14,2.0,13
D001385,O001478,RIDER2162,34,59,40,4.5,25
D001386,O001479,RIDER1431,33,30,37,1.2,0
D001387,O001480,RIDER0930,25,31,25,3.0,6
D001388,O001481,RIDER2453,32,36,35,1.5,4
D001389,O001482,RIDER0238,35,41,19,2.3,6
D001390,O001483,RIDER2277,29,35,38,4.3,6
D001391,O001484,RIDER1553,35,32,19,2.6,0
D001392,O001485,RIDER1655,43,61,22,0.8,18
D001393,O001486,RIDER0489,44,42,28,6.1,0
D001394,O001488,RIDER1519,39,56,22,7.6,17
D001395,O001489,RIDER1708,19,31,29,11.4,12
D001396,O001490,RIDER1459,34,40,31,2.2,6
D001397,O001491,RIDER0732,20,21,36,0.3,1
D001398,O001492,RIDER2297,35,32,41,1.3,0
D001399,O001493,RIDER1517,24,30,14,1.1,6
D001400,O001494,RIDER0807,38,35,23,8.0,0
D001401,O001495,RIDER1396,17,32,27,4.9,15
D001402,O001496,RIDER0409,21,21,33,3.5,0
D001403,O001497,RIDER0163,33,31,20,2.4,0
D001404,O001498,RIDER0552,31,47,16,4.3,16
D001405,O001499,RIDER1736,44,42,42,5.7,0
D001406,O001500,RIDER2180,33,47,30,4.3,14
D001407,O001501,RIDER0970,24,31,34,4.0,7
D001408,O001502,RIDER0667,38,35,21,5.9,0
D001409,O001503,RIDER2229,60,81,24,6.2,21
D001410,O001504,RIDER1033,27,24,14,6.2,0
D001411,O001505,RIDER0835,30,37,14,1.4,7
D001412,O001506,RIDER0558,22,44,35,0.1,22
D001413,O001507,RIDER0735,25,52,29,6.2,27
D001414,O001508,RIDER1996,25,20,35,5.2,0
D001415,O001510,RIDER0998,38,40,31,3.1,2
D001416,O001511,RIDER1811,21,23,14,1.5,2
D001417,O001512,RIDER0471,31,61,14,0.5,30
D001418,O001513,RIDER0878,33,37,20,2.4,4
D001419,O001514,RIDER1690,31,44,24,6.2,13
D001420,O001515,RIDER0425,47,57,23,6.2,10
D001421,O001516,RIDER1833,30,39,38,2.1,9
D001422,O001517,RIDER0963,22,25,30,2.4,3
D001423,O001518,RIDER0690,37,36,42,1.9,0
D001424,O001519,RIDER0382,23,23,29,4.0,0
D001425,O001520,RIDER0007,20,25,17,2.1,5
D001426,O001521,RIDER1843,24,51,31,3.2,27
D001427,O001522,RIDER0587,60,82,38,3.3,22
D001428,O001523,RIDER2368,24,19,24,1.3,0
D001429,O001525,RIDER2497,42,40,40,18.2,0
D001430,O001526,RIDER1235,20,27,21,1.3,7
D001431,O001527,RIDER0641,48,48,37,2.7,0
D001432,O001528,RIDER0250,38,42,16,4.3,4
D001433,O001529,RIDER0345,35,30,21,2.2,0
D001434,O001530,RIDER0229,20,30,24,4.1,10
D001435,O001531,RIDER1988,40,47,32,1.8,7
D001436,O001532,RIDER0608,33,47,42,0.3,14
D001437,O001533,RIDER0860,57,52,33,8.0,0
D001438,O001534,RIDER0014,37,37,41,1.9,0
D001439,O001535,RIDER0635,28,24,16,1.1,0
D001440,O001536,RIDER0128,24,30,27,1.7,6
D001441,O001537,RIDER0635,26,26,15,4.9,0
D001442,O001538,RIDER1214,39,46,38,3.0,7
D001443,O001539,RIDER0175,48,55,25,4.3,7
D001444,O001540,RIDER2200,27,30,25,2.5,3
D001445,O001541,RIDER2430,23,42,18,3.1,19
D001446,O001542,RIDER0923,22,30,15,1.5,8
D001447,O001543,RIDER1419,21,27,23,4.2,6
D001448,O001544,RIDER1564,28,56,16,0.6,28
D001449,O001545,RIDER0453,38,34,22,3.7,0
D001450,O001546,RIDER1383,45,46,30,3.2,1
D001451,O001547,RIDER1606,49,61,31,1.6,12
D001452,O001548,RIDER0751,32,32,19,2.7,0
D001453,O001549,RIDER0571,42,45,36,4.6,3
D001454,O001550,RIDER2038,46,61,15,5.1,15
D001455,O001551,RIDER0642,51,49,15,11.1,0
D001456,O001552,RIDER1494,39,43,40,4.2,4
D001457,O001553,RIDER1882,28,26,31,0.7,0
D001458,O001554,RIDER1004,32,33,14,6.5,1
D001459,O001555,RIDER2258,30,40,30,0.9,10
D001460,O001556,RIDER0695,37,54,30,2.3,17
D001461,O001557,RIDER0678,36,38,41,7.0,2
D001462,O001558,RIDER2119,26,27,31,1.3,1
D001463,O001559,RIDER1325,31,35,36,2.8,4
D001464,O001560,RIDER1476,30,64,27,1.8,34
D001465,O001561,RIDER1153,37,42,29,0.7,5
D001466,O001562,RIDER0738,32,49,29,1.5,17
D001467,O001563,RIDER1243,33,34,37,0.2,1
D001468,O001564,RIDER1690,41,47,31,2.0,6
D001469,O001565,RIDER0433,29,29,23,1.5,0
D001470,O001566,RIDER0065,51,79,42,3.8,28
D001471,O001567,RIDER2469,24,23,35,2.5,0
D001472,O001570,RIDER2454,42,38,23,2.0,0
D001473,O001571,RIDER0268,25,23,23,4.1,0
D001474,O001572,RIDER2054,38,57,27,6.4,19
D001475,O001573,RIDER1065,24,30,31,1.0,6
D001476,O001574,RIDER2260,54,50,18,1.4,0
D001477,O001575,RIDER1830,22,23,37,1.7,1
D001478,O001576,RIDER2466,25,30,15,2.0,5
D001479,O001577,RIDER1817,22,27,14,4.8,5
D001480,O001578,RIDER1630,37,36,33,12.0,0
D001481,O001579,RIDER1265,26,23,24,1.3,0
D001482,O001580,RIDER0838,27,25,37,0.7,0
D001483,O001581,RIDER0546,25,23,30,3.0,0
D001484,O001582,RIDER0571,31,29,40,4.9,0
D001485,O001583,RIDER2375,39,45,41,1.1,6
D001486,O001584,RIDER0920,24,34,15,9.3,10
D001487,O001585,RIDER0644,34,30,33,0.6,0
D001488,O001586,RIDER0852,27,59,30,6.6,32
D001489,O001587,RIDER1726,33,39,23,1.6,6
D001490,O001588,RIDER1659,39,37,21,6.4,0
D001491,O001589,RIDER2369,43,60,21,11.0,17
D001492,O001590,RIDER0421,51,46,14,3.6,0
D001493,O001591,RIDER2456,35,34,18,1.6,0
D001494,O001592,RIDER1415,21,50,30,0.2,29
D001495,O001593,RIDER0846,50,51,25,5.4,1
D001496,O001594,RIDER0253,27,41,16,2.2,14
D001497,O001595,RIDER2430,38,53,27,2.4,15
D001498,O001596,RIDER0736,33,52,31,3.6,19
D001499,O001598,RIDER1262,28,34,38,2.9,6
D001500,O001599,RIDER0037,23,23,37,4.2,0
D001501,O001600,RIDER1865,59,88,19,3.3,29
D001502,O001601,RIDER0974,51,49,23,4.2,0
D001503,O001602,RIDER0676,25,27,25,6.6,2
D001504,O001603,RIDER1769,40,43,20,6.1,3
D001505,O001604,RIDER2199,22,17,20,3.3,0
D001506,O001605,RIDER1141,70,91,42,2.3,21
D001507,O001606,RIDER0947,35,54,17,3.3,19
D001508,O001607,RIDER0607,34,46,14,3.4,12
D001509,O001608,RIDER2143,33,48,23,0.9,15
D001510,O001609,RIDER1506,28,26,27,1.4,0
D001511,O001611,RIDER1843,39,70,30,1.9,31
D001512,O001612,RIDER1777,27,28,40,3.9,1
D001513,O001613,RIDER0133,47,73,25,3.9,26
D001514,O001614,RIDER2426,33,58,18,0.7,25
D001515,O001615,RIDER0111,43,40,41,3.2,0
D001516,O001616,RIDER1803,42,48,36,4.2,6
D001517,O001617,RIDER2367,31,36,22,3.5,5
D001518,O001618,RIDER1525,27,45,22,1.6,18
D001519,O001619,RIDER0851,24,25,29,5.2,1
D001520,O001620,RIDER0170,41,39,19,5.0,0
D001521,O001621,RIDER1102,22,18,36,4.8,0
D001522,O001622,RIDER1171,54,85,32,3.3,31
D001523,O001623,RIDER0644,23,21,40,5.4,0
D001524,O001624,RIDER1586,24,35,28,0.3,11
D001525,O001625,RIDER1838,70,76,25,1.4,6
D001526,O001626,RIDER0266,26,26,36,5.7,0
D001527,O001627,RIDER2087,38,62,19,2.9,24
D001528,O001628,RIDER1337,28,27,30,3.3,0
D001529,O001629,RIDER0258,28,27,18,0.6,0
D001530,O001630,RIDER1217,26,51,20,2.1,25
D001531,O001631,RIDER0345,48,62,29,6.1,14
D001532,O001632,RIDER0289,37,66,32,0.7,29
D001533,O001633,RIDER0447,21,24,16,2.1,3
D001534,O001634,RIDER0729,30,30,38,4.8,0
D001535,O001635,RIDER1354,32,34,18,2.9,2
D001536,O001636,RIDER0825,25,31,27,1.5,6
D001537,O001637,RIDER0212,33,51,37,4.8,18
D001538,O001638,RIDER1872,23,36,31,2.6,13
D001539,O001639,RIDER1205,29,36,40,12.5,7
D001540,O001641,RIDER0092,27,29,27,1.6,2
D001541,O001642,RIDER1993,34,34,29,3.2,0
D001542,O001643,RIDER2155,28,32,17,1.5,4
D001543,O001644,RIDER1801,31,46,15,5.3,15
D001544,O001645,RIDER1486,30,33,35,4.7,3
D001545,O001646,RIDER2210,63,68,35,1.4,5
D001546,O001647,RIDER1021,25,25,37,4.0,0
D001547,O001648,RIDER0515,38,43,41,2.2,5
D001548,O001649,RIDER2406,43,50,40,1.4,7
D001549,O001650,RIDER1485,26,26,14,6.7,0
D001550,O001651,RIDER0072,37,46,29,0.6,9
D001551,O001652,RIDER0829,38,41,25,3.3,3
D001552,O001653,RIDER1633,37,39,21,9.0,2
D001553,O001654,RIDER1498,36,34,30,6.0,0
D001554,O001655,RIDER0106,28,31,30,8.9,3
D001555,O001656,RIDER2467,37,43,37,0.2,6
D001556,O001657,RIDER1395,21,40,21,3.2,19
D001557,O001658,RIDER1036,24,22,17,1.9,0
D001558,O001660,RIDER1496,48,52,25,3.5,4
D001559,O001661,RIDER1464,24,35,14,3.2,11
D001560,O001662,RIDER1635,31,37,14,8.1,6
D001561,O001663,RIDER0603,20,25,39,7.9,5
D001562,O001664,RIDER2185,24,24,14,2.2,0
D001563,O001665,RIDER1255,31,37,33,0.4,6
D001564,O001666,RIDER2191,34,64,14,2.5,30
D001565,O001667,RIDER1334,32,64,31,1.1,32
D001566,O001668,RIDER0777,32,50,37,1.5,18
D001567,O001669,RIDER2250,29,28,37,2.6,0
D001568,O001670,RIDER1817,23,19,37,3.6,0
D001569,O001672,RIDER1576,43,47,39,0.9,4
D001570,O001673,RIDER1216,30,31,37,4.8,1
D001571,O001674,RIDER0695,32,27,38,0.9,0
D001572,O001675,RIDER0902,19,42,29,1.6,23
D001573,O001676,RIDER1683,39,70,21,0.5,31
D001574,O001677,RIDER0449,22,41,31,2.2,19
D001575,O001678,RIDER0097,53,71,25,0.6,18
D001576,O001679,RIDER1095,51,53,31,4.9,2
D001577,O001680,RIDER1366,38,37,37,6.7,0
D001578,O001681,RIDER1685,24,26,14,0.2,2
D001579,O001682,RIDER1755,31,40,22,7.7,9
D001580,O001683,RIDER0618,31,57,16,1.9,26
D001581,O001684,RIDER2278,23,28,21,5.4,5
D001582,O001685,RIDER1517,24,22,23,3.3,0
D001583,O001686,RIDER2136,27,44,36,5.6,17
D001584,O001687,RIDER0619,37,33,16,3.0,0
D001585,O001688,RIDER0830,23,21,17,0.8,0
D001586,O001689,RIDER1065,40,70,36,1.9,30
D001587,O001690,RIDER2211,30,31,28,0.7,1
D001588,O001691,RIDER0076,34,34,42,0.7,0
D001589,O001692,RIDER2078,29,60,38,1.7,31
D001590,O001693,RIDER0625,37,36,41,6.1,0
D001591,O001694,RIDER0374,45,52,16,1.0,7
D001592,O001695,RIDER1471,31,27,36,3.0,0
D001593,O001696,RIDER0323,53,51,32,11.7,0
D001594,O001697,RIDER1190,34,35,30,2.0,1
D001595,O001698,RIDER0409,26,25,39,1.0,0
D001596,O001699,RIDER1861,43,39,30,0.1,0
D001597,O001700,RIDER2477,60,67,27,4.3,7
D001598,O001701,RIDER1723,25,25,30,1.0,0
D001599,O001702,RIDER1623,46,51,41,1.5,5
D001600,O001703,RIDER1955,39,63,24,2.9,24
D001601,O001704,RIDER0661,27,28,26,0.4,1
D001602,O001705,RIDER0045,30,31,40,5.2,1
D001603,O001706,RIDER1880,27,23,35,1.6,0
D001604,O001707,RIDER0895,24,28,14,2.3,4
D001605,O001708,RIDER0921,26,55,34,4.8,29
D001606,O001709,RIDER1684,28,34,35,6.0,6
D001607,O001710,RIDER0015,33,59,31,0.4,26
D001608,O001711,RIDER0056,27,35,27,0.7,8
D001609,O001712,RIDER0817,26,21,14,0.7,0
D001610,O001713,RIDER1854,20,17,20,2.3,0
D001611,O001714,RIDER1789,27,28,21,7.9,1
D001612,O001715,RIDER0134,30,29,16,6.8,0
D001613,O001717,RIDER0422,33,67,18,0.2,34
D001614,O001719,RIDER0325,31,63,38,2.0,32
D001615,O001720,RIDER0839,61,71,36,11.6,10
D001616,O001721,RIDER0111,45,42,16,5.6,0
D001617,O001722,RIDER1846,31,42,21,1.5,11
D001618,O001723,RIDER0927,19,32,40,3.8,13
D001619,O001724,RIDER2369,40,51,32,1.6,11
D001620,O001725,RIDER0331,25,43,25,3.0,18
D001621,O001726,RIDER2274,36,65,16,3.2,29
D001622,O001727,RIDER1836,60,62,16,3.8,2
D001623,O001730,RIDER0890,27,22,21,2.5,0
D001624,O001731,RIDER1075,34,33,38,2.3,0
D001625,O001732,RIDER2014,24,23,29,4.1,0
D001626,O001733,RIDER1978,29,34,14,1.5,5
D001627,O001734,RIDER1326,32,37,25,1.8,5
D001628,O001735,RIDER2394,40,43,31,2.7,3
D001629,O001736,RIDER0913,47,46,28,2.7,0
D001630,O001737,RIDER0199,51,73,39,5.2,22
D001631,O001738,RIDER1242,25,25,40,2.8,0
D001632,O001739,RIDER0981,25,26,29,2.7,1
D001633,O001740,RIDER0864,25,45,19,2.6,20
D001634,O001743,RIDER1379,22,25,32,3.5,3
D001635,O001744,RIDER0654,38,68,21,2.2,30
D001636,O001745,RIDER0218,39,65,30,0.9,26
D001637,O001746,RIDER1942,23,54,40,4.7,31
D001638,O001747,RIDER1048,33,38,32,5.8,5
D001639,O001748,RIDER1628,41,38,14,9.6,0
D001640,O001749,RIDER0467,37,41,19,0.9,4
D001641,O001750,RIDER1072,24,36,14,3.0,12
D001642,O001751,RIDER1780,30,33,18,3.5,3
D001643,O001752,RIDER1549,28,38,17,6.6,10
D001644,O001753,RIDER2327,54,55,14,11.7,1
D001645,O001754,RIDER0138,34,29,16,1.2,0
D001646,O001756,RIDER0399,20,26,19,3.2,6
D001647,O001757,RIDER2069,61,58,14,5.7,0
D001648,O001758,RIDER1741,27,35,41,1.9,8
D001649,O001759,RIDER1509,33,58,27,1.9,25
D001650,O001760,RIDER0577,32,61,22,3.4,29
D001651,O001761,RIDER0091,27,30,15,5.5,3
D001652,O001762,RIDER0777,30,37,30,0.6,7
D001653,O001763,RIDER1372,26,27,27,4.2,1
D001654,O001764,RIDER1668,26,27,28,0.1,1
D001655,O001765,RIDER0957,49,65,19,2.4,16
D001656,O001766,RIDER0556,39,45,23,6.0,6
D001657,O001767,RIDER1869,35,36,36,2.9,1
D001658,O001768,RIDER0376,33,39,32,1.6,6
D001659,O001769,RIDER1539,25,44,42,0.6,19
D001660,O001770,RIDER2168,41,59,18,1.7,18
D001661,O001771,RIDER1537,66,82,27,1.1,16
D001662,O001772,RIDER0138,23,25,16,2.3,2
D001663,O001773,RIDER0803,25,30,35,0.4,5
D001664,O001774,RIDER1774,20,27,21,4.3,7
D001665,O001775,RIDER1161,39,66,19,2.0,27
D001666,O001777,RIDER2219,36,31,39,3.9,0
D001667,O001778,RIDER1580,38,33,38,1.1,0
D001668,O001779,RIDER2263,22,23,36,3.2,1
D001669,O001780,RIDER2063,24,30,18,10.2,6
D001670,O001781,RIDER1632,49,79,31,3.5,30
D001671,O001782,RIDER1227,21,26,22,5.1,5
D001672,O001784,RIDER1364,33,33,22,4.4,0
D001673,O001786,RIDER0107,27,28,19,4.3,1
D001674,O001787,RIDER0873,40,37,33,2.6,0
D001675,O001788,RIDER1092,30,62,36,2.6,32
D001676,O001789,RIDER1070,28,62,33,0.6,34
D001677,O001790,RIDER0867,29,30,31,2.0,1
D001678,O001791,RIDER2214,32,29,18,4.0,0
D001679,O001792,RIDER0938,33,35,19,3.6,2
D001680,O001793,RIDER0128,27,29,17,1.8,2
D001681,O001794,RIDER0243,31,38,19,3.4,7
D001682,O001795,RIDER0406,33,38,15,2.0,5
D001683,O001796,RIDER1959,43,73,16,6.3,30
D001684,O001797,RIDER2055,23,20,31,3.1,0
D001685,O001798,RIDER0788,26,53,27,1.9,27
D001686,O001799,RIDER1670,26,55,35,2.6,29
D001687,O001800,RIDER2196,43,54,28,5.5,11
D001688,O001801,RIDER2240,39,37,17,8.9,0
D001689,O001802,RIDER2467,28,34,31,2.0,6
D001690,O001803,RIDER1350,25,23,30,1.5,0
D001691,O001805,RIDER0050,31,35,34,3.0,4
D001692,O001806,RIDER0810,53,48,21,6.7,0
D001693,O001807,RIDER2069,29,36,37,5.3,7
D001694,O001808,RIDER1637,35,51,40,2.1,16
D001695,O001809,RIDER0380,22,48,25,0.7,26
D001696,O001810,RIDER2463,40,41,27,2.5,1
D001697,O001811,RIDER0923,26,33,27,1.4,7
D001698,O001812,RIDER1392,24,22,14,0.5,0
D001699,O001813,RIDER1243,45,65,30,4.0,20
D001700,O001814,RIDER1923,57,64,31,4.9,7
D001701,O001815,RIDER1713,36,31,38,2.0,0
D001702,O001816,RIDER1073,30,31,18,2.2,1
D001703,O001817,RIDER1113,19,20,23,2.3,1
D001704,O001818,RIDER0994,23,47,20,0.2,24
D001705,O001819,RIDER2242,38,38,17,10.3,0
D001706,O001820,RIDER0149,17,22,30,1.1,5
D001707,O001821,RIDER1395,34,32,18,2.6,0
D001708,O001822,RIDER0952,23,29,29,6.6,6
D001709,O001823,RIDER1136,34,54,40,0.5,20
D001710,O001824,RIDER1676,43,39,38,2.5,0
D001711,O001825,RIDER2352,30,33,30,1.8,3
D001712,O001826,RIDER0939,21,18,38,2.3,0
D001713,O001827,RIDER1361,31,27,18,1.8,0
D001714,O001828,RIDER0047,28,44,14,3.6,16
D001715,O001829,RIDER1755,44,50,38,2.3,6
D001716,O001830,RIDER1206,21,28,39,0.8,7
D001717,O001831,RIDER2191,35,38,37,2.7,3
D001718,O001832,RIDER0577,35,36,41,2.4,1
D001719,O001833,RIDER1460,33,28,40,5.5,0
D001720,O001834,RIDER1633,21,25,32,0.7,4
D001721,O001835,RIDER0150,18,25,31,0.1,7
D001722,O001836,RIDER1871,35,48,33,1.6,13
D001723,O001837,RIDER1368,19,14,33,7.4,0
D001724,O001838,RIDER0775,37,32,25,2.1,0
D001725,O001839,RIDER0525,41,42,23,4.1,1
D001726,O001840,RIDER1348,31,43,36,7.4,12
D001727,O001841,RIDER1241,23,56,22,1.9,33
D001728,O001842,RIDER0184,38,33,28,3.8,0
D001729,O001843,RIDER1381,34,36,26,2.8,2
D001730,O001844,RIDER1160,32,50,31,1.8,18
D001731,O001845,RIDER2044,35,38,33,2.9,3
D001732,O001846,RIDER2183,34,30,18,2.5,0
D001733,O001847,RIDER1291,38,36,16,5.4,0
D001734,O001848,RIDER0319,27,55,25,2.1,28
D001735,O001849,RIDER0311,46,43,21,8.3,0
D001736,O001850,RIDER0656,49,71,15,3.9,22
D001737,O001851,RIDER2278,31,31,38,1.2,0
D001738,O001852,RIDER1975,43,57,25,4.1,14
D001739,O001854,RIDER0035,32,56,21,9.5,24
D001740,O001857,RIDER0253,34,38,28,0.4,4
D001741,O001858,RIDER2245,34,34,34,9.7,0
D001742,O001859,RIDER0830,28,47,28,11.0,19
D001743,O001860,RIDER0670,34,45,29,1.1,11
D001744,O001861,RIDER2382,30,28,37,0.4,0
D001745,O001862,RIDER2445,29,42,38,2.2,13
D001746,O001863,RIDER2209,27,24,21,3.1,0
D001747,O001864,RIDER0100,23,26,21,0.7,3
D001748,O001865,RIDER2155,27,28,32,1.5,1
D001749,O001866,RIDER0575,28,24,39,1.8,0
D001750,O001867,RIDER1873,31,36,25,2.0,5
D001751,O001868,RIDER1365,32,33,18,3.6,1
D001752,O001869,RIDER1255,21,25,29,0.8,4
D001753,O001870,RIDER1956,41,59,20,4.3,18
D001754,O001871,RIDER0172,44,43,17,2.9,0
D001755,O001872,RIDER1461,27,33,31,3.0,6
D001756,O001873,RIDER1223,51,52,23,1.6,1
D001757,O001874,RIDER2203,45,43,28,2.2,0
D001758,O001875,RIDER1056,24,52,37,0.7,28
D001759,O001876,RIDER0555,30,57,33,7.2,27
D001760,O001877,RIDER1272,28,28,36,4.2,0
D001761,O001878,RIDER1250,36,33,35,1.2,0
D001762,O001879,RIDER0488,32,30,15,5.3,0
D001763,O001880,RIDER0965,30,25,38,2.3,0
D001764,O001881,RIDER0941,24,30,23,1.5,6
D001765,O001882,RIDER1796,19,50,26,0.9,31
D001766,O001883,RIDER0793,29,35,18,5.4,6
D001767,O001884,RIDER0438,31,48,34,0.7,17
D001768,O001885,RIDER2290,37,69,35,5.4,32
D001769,O001886,RIDER1055,24,22,40,2.9,0
D001770,O001887,RIDER2281,22,29,20,1.5,7
D001771,O001888,RIDER1658,28,27,31,0.3,0
D001772,O001889,RIDER2407,26,31,24,4.8,5
D001773,O001890,RIDER1233,51,70,16,1.4,19
D001774,O001891,RIDER0398,26,37,36,0.3,11
D001775,O001892,RIDER0299,26,33,22,3.8,7
D001776,O001893,RIDER1212,35,36,32,0.4,1
D001777,O001895,RIDER0379,28,25,15,1.3,0
D001778,O001896,RIDER1428,33,37,19,6.5,4
D001779,O001897,RIDER2110,23,19,35,1.3,0
D001780,O001898,RIDER1126,39,46,19,5.2,7
D001781,O001899,RIDER1714,27,33,31,1.4,6
D001782,O001900,RIDER2176,20,25,33,1.6,5
D001783,O001902,RIDER2410,25,29,28,3.1,4
D001784,O001903,RIDER0787,34,32,19,2.4,0
D001785,O001904,RIDER1789,26,25,41,12.4,0
D001786,O001906,RIDER2002,38,44,16,0.5,6
D001787,O001907,RIDER2478,32,53,29,5.3,21
D001788,O001908,RIDER1997,18,23,41,1.5,5
D001789,O001909,RIDER0595,31,30,38,4.4,0
D001790,O001910,RIDER2331,35,35,29,2.3,0
D001791,O001911,RIDER0690,26,33,37,1.5,7
D001792,O001913,RIDER2070,25,34,32,3.6,9
D001793,O001914,RIDER2473,42,73,32,3.1,31
D001794,O001915,RIDER2302,52,60,32,4.3,8
D001795,O001916,RIDER1068,40,52,30,3.7,12
D001796,O001917,RIDER2185,35,67,42,3.7,32
D001797,O001918,RIDER1940,28,48,16,0.3,20
D001798,O001919,RIDER0698,43,47,41,6.6,4
D001799,O001921,RIDER1303,40,39,21,5.4,0
D001800,O001922,RIDER0802,20,15,40,0.9,0
D001801,O001923,RIDER0950,49,83,14,3.4,34
D001802,O001924,RIDER0135,68,63,31,2.5,0
D001803,O001925,RIDER1562,23,27,41,1.0,4
D001804,O001926,RIDER2229,22,25,36,4.9,3
D001805,O001927,RIDER2168,66,68,19,2.4,2
D001806,O001928,RIDER2386,58,80,39,0.1,22
D001807,O001929,RIDER1034,30,25,32,5.6,0
D001808,O001930,RIDER0782,22,27,18,0.8,5
D001809,O001931,RIDER1686,29,32,32,1.2,3
D001810,O001932,RIDER0495,33,39,35,1.8,6
D001811,O001933,RIDER1548,27,32,15,2.9,5
D001812,O001934,RIDER0652,46,65,17,4.2,19
D001813,O001935,RIDER0816,33,30,16,3.1,0
D001814,O001936,RIDER2429,36,61,21,3.8,25
D001815,O001937,RIDER0653,24,31,15,1.8,7
D001816,O001938,RIDER0100,46,58,14,1.8,12
D001817,O001939,RIDER1650,47,42,42,0.3,0
D001818,O001940,RIDER2184,37,37,37,1.8,0
D001819,O001942,RIDER0522,28,33,25,2.7,5
D001820,O001943,RIDER0111,41,57,42,4.8,16
D001821,O001944,RIDER2416,19,23,15,0.9,4
D001822,O001946,RIDER0045,36,50,17,1.8,14
D001823,O001947,RIDER0116,28,24,25,2.3,0
D001824,O001948,RIDER0219,42,47,35,2.2,5
D001825,O001949,RIDER1174,41,41,40,2.9,0
D001826,O001950,RIDER2293,52,52,35,0.6,0
D001827,O001951,RIDER0867,41,37,33,2.4,0
D001828,O001952,RIDER0736,34,30,36,1.7,0
D001829,O001953,RIDER0486,23,31,25,2.5,8
D001830,O001954,RIDER0442,29,25,27,6.5,0
D001831,O001955,RIDER1353,27,29,37,1.6,2
D001832,O001956,RIDER0252,35,57,17,1.0,22
D001833,O001957,RIDER2129,52,73,34,4.9,21
D001834,O001959,RIDER1924,25,29,14,4.5,4
D001835,O001960,RIDER2236,26,30,25,1.0,4
D001836,O001961,RIDER1108,22,18,16,4.9,0
D001837,O001962,RIDER2093,42,48,14,1.0,6
D001838,O001963,RIDER1322,40,44,36,5.0,4
D001839,O001964,RIDER1831,40,37,34,0.9,0
D001840,O001966,RIDER2254,29,35,27,5.5,6
D001841,O001967,RIDER0685,41,36,27,10.5,0
D001842,O001968,RIDER0126,32,44,37,2.8,12
D001843,O001969,RIDER1549,35,40,14,2.0,5
D001844,O001970,RIDER0495,31,34,39,1.2,3
D001845,O001971,RIDER1301,21,17,22,0.0,0
D001846,O001972,RIDER2105,34,60,28,1.3,26
D001847,O001973,RIDER0256,60,64,38,1.3,4
D001848,O001974,RIDER0065,19,28,15,3.4,9
D001849,O001975,RIDER1369,43,64,24,2.9,21
D001850,O001976,RIDER0049,31,35,23,0.4,4
D001851,O001977,RIDER0900,36,42,41,1.6,6
D001852,O001979,RIDER1020,24,24,33,8.1,0
D001853,O001980,RIDER0028,20,26,36,2.5,6
D001854,O001981,RIDER0391,50,65,20,3.4,15
D001855,O001982,RIDER0087,34,55,25,1.8,21
D001856,O001983,RIDER2044,45,44,34,4.9,0
D001857,O001984,RIDER1507,29,46,15,3.3,17
D001858,O001985,RIDER1163,44,60,16,3.0,16
D001859,O001986,RIDER1528,30,41,25,7.3,11
D001860,O001987,RIDER0134,32,30,18,3.7,0
D001861,O001988,RIDER2385,32,60,28,1.4,28
D001862,O001989,RIDER2108,33,34,33,1.0,1
D001863,O001990,RIDER2117,37,53,38,1.0,16
D001864,O001991,RIDER2134,29,35,41,3.1,6
D001865,O001992,RIDER0553,37,46,21,1.1,9
D001866,O001993,RIDER0905,17,13,30,1.7,0
D001867,O001994,RIDER2352,40,57,15,0.9,17
D001868,O001995,RIDER0597,31,32,39,0.5,1
D001869,O001996,RIDER0617,32,28,25,0.1,0
D001870,O001997,RIDER1008,28,31,27,2.1,3
D001871,O001998,RIDER0433,31,60,38,4.7,29
D001872,O001999,RIDER0493,32,36,18,1.1,4
D001873,O002000,RIDER0349,32,53,14,1.0,21
D001874,O002001,RIDER1377,57,62,42,2.1,5
D001875,O002002,RIDER1613,34,29,36,1.8,0
D001876,O002003,RIDER2352,29,30,38,3.7,1
D001877,O002004,RIDER1592,23,25,35,3.5,2
D001878,O002005,RIDER2168,33,30,33,6.4,0
D001879,O002006,RIDER0705,31,27,24,1.8,0
D001880,O002007,RIDER1474,28,33,14,4.5,5
D001881,O002008,RIDER1454,30,57,15,0.8,27
D001882,O002009,RIDER2193,29,30,19,0.9,1
D001883,O002010,RIDER0538,31,45,27,0.5,14
D001884,O002011,RIDER2415,50,82,29,0.6,32
D001885,O002012,RIDER0591,34,30,38,0.7,0
D001886,O002013,RIDER1424,38,69,42,1.3,31
D001887,O002014,RIDER2220,48,71,26,0.9,23
D001888,O002015,RIDER1107,27,26,30,3.6,0
D001889,O002016,RIDER0653,34,37,14,6.0,3
D001890,O002017,RIDER1404,40,55,39,1.3,15
D001891,O002018,RIDER1487,33,39,30,2.0,6
D001892,O002019,RIDER2270,42,43,21,0.2,1
D001893,O002020,RIDER1114,22,34,17,0.5,12
D001894,O002021,RIDER2463,19,22,25,0.7,3
D001895,O002022,RIDER1827,23,24,22,8.3,1
D001896,O002023,RIDER1946,34,49,21,1.7,15
D001897,O002024,RIDER0629,22,26,40,4.1,4
D001898,O002025,RIDER0886,38,42,40,0.6,4
D001899,O002026,RIDER0742,21,18,20,4.1,0
D001900,O002027,RIDER1446,35,43,14,2.2,8
D001901,O002028,RIDER0014,24,48,29,2.5,24
D001902,O002029,RIDER0537,25,24,21,1.5,0
D001903,O002030,RIDER0745,24,27,40,0.2,3
D001904,O002031,RIDER0483,32,41,19,1.9,9
D001905,O002032,RIDER2196,28,23,37,0.5,0
D001906,O002033,RIDER0959,27,27,29,2.2,0
D001907,O002034,RIDER1186,27,36,24,3.8,9
D001908,O002035,RIDER0149,25,26,38,0.9,1
D001909,O002036,RIDER0534,29,28,22,1.6,0
D001910,O002037,RIDER1077,20,15,31,2.7,0
D001911,O002038,RIDER1433,27,27,30,6.3,0
D001912,O002039,RIDER1745,32,56,37,1.9,24
D001913,O002040,RIDER2351,38,58,36,3.5,20
D001914,O002041,RIDER0816,32,36,37,4.4,4
D001915,O002042,RIDER2347,29,26,21,3.4,0
D001916,O002043,RIDER2378,40,44,35,3.3,4
D001917,O002044,RIDER0149,39,58,33,1.3,19
D001918,O002045,RIDER2088,29,31,22,1.1,2
D001919,O002046,RIDER1407,28,25,22,1.9,0
D001920,O002047,RIDER2355,18,25,36,2.6,7
D001921,O002048,RIDER0638,31,31,15,2.8,0
D001922,O002050,RIDER1269,40,67,22,0.4,27
D001923,O002051,RIDER1414,32,40,17,1.1,8
D001924,O002052,RIDER1429,45,44,19,5.4,0
D001925,O002053,RIDER0573,37,33,19,11.7,0
D001926,O002054,RIDER0561,34,31,24,2.0,0
D001927,O002055,RIDER0773,47,78,21,2.7,31
D001928,O002056,RIDER1717,33,28,28,2.3,0
D001929,O002057,RIDER1847,27,35,17,3.1,8
D001930,O002058,RIDER2390,30,34,33,1.6,4
D001931,O002059,RIDER2397,32,34,36,1.2,2
D001932,O002060,RIDER2080,36,56,18,0.3,20
D001933,O002061,RIDER0444,46,46,37,1.6,0
D001934,O002062,RIDER1786,43,44,18,3.3,1
D001935,O002063,RIDER1456,28,31,15,5.2,3
D001936,O002064,RIDER1163,45,48,33,1.3,3
D001937,O002065,RIDER1725,36,56,20,0.8,20
D001938,O002066,RIDER1069,51,79,23,0.8,28
D001939,O002067,RIDER1970,52,64,40,5.5,12
D001940,O002068,RIDER0862,35,37,30,10.6,2
D001941,O002069,RIDER0907,31,60,37,7.6,29
D001942,O002070,RIDER0173,25,23,30,1.7,0
D001943,O002071,RIDER1876,27,29,36,2.9,2
D001944,O002072,RIDER1157,63,61,27,1.5,0
D001945,O002073,RIDER1152,43,41,32,11.5,0
D001946,O002074,RIDER1873,50,48,42,1.1,0
D001947,O002075,RIDER1344,36,37,24,0.8,1
D001948,O002076,RIDER2363,35,36,14,6.8,1
D001949,O002077,RIDER1322,48,76,31,0.3,28
D001950,O002078,RIDER1000,35,38,21,2.0,3
D001951,O002079,RIDER0520,35,39,30,4.3,4
D001952,O002080,RIDER0333,55,53,15,2.0,0
D001953,O002081,RIDER1456,27,28,41,2.6,1
D001954,O002082,RIDER2242,34,52,34,2.8,18
D001955,O002083,RIDER1377,31,30,15,0.0,0
D001956,O002084,RIDER0485,54,79,37,1.1,25
D001957,O002085,RIDER1302,22,33,42,0.4,11
D001958,O002086,RIDER2362,31,31,40,2.5,0
D001959,O002087,RIDER1358,29,26,21,1.4,0
D001960,O002088,RIDER1952,24,22,14,1.5,0
D001961,O002089,RIDER1157,55,50,29,2.8,0
D001962,O002090,RIDER0438,35,39,21,4.0,4
D001963,O002091,RIDER0910,28,28,14,0.6,0
D001964,O002092,RIDER2051,21,16,19,2.8,0
D001965,O002093,RIDER1316,58,57,30,5.5,0
D001966,O002094,RIDER1746,30,55,29,0.8,25
D001967,O002095,RIDER0972,55,51,34,8.6,0
D001968,O002096,RIDER1616,24,19,38,1.1,0
D001969,O002097,RIDER2067,24,36,27,5.3,12
D001970,O002098,RIDER0600,67,95,15,1.7,28
D001971,O002100,RIDER0730,40,48,38,2.1,8
D001972,O002102,RIDER1788,30,27,42,5.1,0
D001973,O002103,RIDER0641,62,59,18,8.4,0
D001974,O002104,RIDER2381,42,48,15,2.9,6
D001975,O002105,RIDER2310,27,36,37,5.5,9
D001976,O002106,RIDER1062,25,59,16,4.3,34
D001977,O002107,RIDER0361,33,55,14,1.6,22
D001978,O002109,RIDER0095,26,31,37,4.1,5
D001979,O002110,RIDER0054,32,60,34,3.6,28
D001980,O002112,RIDER1163,37,41,37,2.9,4
D001981,O002113,RIDER1431,42,42,38,2.7,0
D001982,O002114,RIDER1521,37,55,25,2.8,18
D001983,O002115,RIDER0314,31,26,31,3.7,0
D001984,O002116,RIDER0456,35,48,18,1.6,13
D001985,O002117,RIDER2190,41,63,31,3.2,22
D001986,O002118,RIDER2389,25,22,25,4.1,0
D001987,O002119,RIDER1004,47,73,28,8.7,26
D001988,O002120,RIDER1919,22,22,36,0.4,0
D001989,O002121,RIDER1721,37,40,16,15.9,3
D001990,O002122,RIDER1295,26,28,37,6.7,2
D001991,O002123,RIDER0432,21,16,29,2.7,0
D001992,O002124,RIDER1359,37,35,20,4.7,0
D001993,O002125,RIDER1842,31,61,31,3.0,30
D001994,O002126,RIDER0135,34,34,18,3.9,0
D001995,O002127,RIDER1377,35,48,39,5.5,13
D001996,O002128,RIDER0812,25,53,28,5.8,28
D001997,O002129,RIDER1094,28,25,37,1.2,0
D001998,O002131,RIDER0679,31,52,33,3.0,21
D001999,O002132,RIDER0331,31,27,36,1.4,0
D002000,O002133,RIDER0366,49,71,18,11.0,22
D002001,O002134,RIDER2129,35,38,25,1.5,3
D002002,O002135,RIDER1294,31,27,15,5.2,0
D002003,O002136,RIDER0710,18,21,30,0.7,3
D002004,O002137,RIDER2036,35,51,22,3.0,16
D002005,O002138,RIDER1254,33,39,29,1.3,6
D002006,O002139,RIDER2331,43,44,14,4.7,1
D002007,O002140,RIDER0721,27,34,42,9.5,7
D002008,O002141,RIDER2134,33,38,16,5.3,5
D002009,O002142,RIDER0070,35,31,33,2.0,0
D002010,O002143,RIDER1053,20,18,40,2.4,0
D002011,O002144,RIDER0074,31,64,38,4.6,33
D002012,O002145,RIDER2421,24,29,15,0.4,5
D002013,O002147,RIDER0788,38,61,15,1.1,23
D002014,O002148,RIDER0340,31,31,31,5.1,0
D002015,O002149,RIDER1682,42,49,31,1.1,7
D002016,O002150,RIDER1099,34,31,31,4.3,0
D002017,O002151,RIDER0265,22,53,15,3.0,31
D002018,O002152,RIDER0467,29,39,14,1.5,10
D002019,O002154,RIDER1284,28,33,31,6.4,5
D002020,O002155,RIDER1394,29,24,18,3.5,0
D002021,O002156,RIDER2057,32,36,16,2.0,4
D002022,O002157,RIDER0076,33,32,33,5.6,0
D002023,O002158,RIDER1573,29,30,31,3.0,1
D002024,O002159,RIDER1985,61,62,35,7.2,1
D002025,O002160,RIDER0764,23,42,31,0.5,19
D002026,O002161,RIDER1059,29,60,17,4.9,31
D002027,O002163,RIDER1979,28,35,30,5.2,7
D002028,O002164,RIDER1443,36,44,36,7.8,8
D002029,O002165,RIDER1978,23,20,26,4.6,0
D002030,O002166,RIDER1914,27,46,37,16.4,19
D002031,O002167,RIDER0221,58,77,15,3.5,19
D002032,O002168,RIDER1377,47,67,22,5.5,20
D002033,O002169,RIDER0123,43,41,14,2.8,0
D002034,O002170,RIDER1021,24,57,17,1.1,33
D002035,O002171,RIDER1241,44,66,30,0.4,22
D002036,O002172,RIDER1287,24,23,17,2.2,0
D002037,O002173,RIDER1762,38,40,21,4.0,2
D002038,O002174,RIDER2205,35,46,39,1.0,11
D002039,O002175,RIDER1370,32,36,38,2.8,4
D002040,O002176,RIDER1914,39,37,27,3.6,0
D002041,O002178,RIDER0011,40,49,38,0.5,9
D002042,O002179,RIDER1662,48,82,29,2.1,34
D002043,O002180,RIDER2295,66,77,29,1.0,11
D002044,O002182,RIDER1842,30,28,37,3.1,0
D002045,O002184,RIDER1424,37,37,30,6.2,0
D002046,O002185,RIDER1989,70,97,33,2.2,27
D002047,O002186,RIDER0871,26,23,38,2.5,0
D002048,O002187,RIDER0115,47,42,15,1.5,0
D002049,O002188,RIDER0603,36,38,15,8.6,2
D002050,O002189,RIDER0580,26,26,14,3.2,0
D002051,O002191,RIDER1917,50,51,36,7.8,1
D002052,O002192,RIDER0524,34,30,30,2.8,0
D002053,O002193,RIDER0074,42,48,35,3.8,6
D002054,O002194,RIDER0440,21,28,34,3.3,7
D002055,O002195,RIDER0150,32,35,33,2.4,3
D002056,O002196,RIDER1827,42,40,29,0.6,0
D002057,O002197,RIDER0418,18,37,42,3.9,19
D002058,O002199,RIDER1887,27,26,33,1.3,0
D002059,O002200,RIDER0053,46,46,29,1.4,0
D002060,O002201,RIDER1245,42,49,37,3.0,7
D002061,O002202,RIDER1094,25,40,21,0.4,15
D002062,O002203,RIDER2171,19,16,14,3.4,0
D002063,O002204,RIDER0727,47,63,42,1.3,16
D002064,O002205,RIDER1604,28,23,37,1.4,0
D002065,O002206,RIDER0523,26,59,35,3.6,33
D002066,O002208,RIDER0995,29,58,15,0.5,29
D002067,O002209,RIDER2360,24,25,31,0.8,1
D002068,O002210,RIDER1584,35,36,15,2.7,1
D002069,O002211,RIDER1461,34,58,35,3.2,24
D002070,O002212,RIDER1415,42,52,21,4.9,10
D002071,O002213,RIDER0995,33,66,18,3.9,33
D002072,O002214,RIDER1718,28,25,30,1.1,0
D002073,O002215,RIDER0892,31,38,23,0.5,7
D002074,O002216,RIDER2373,49,60,29,5.3,11
D002075,O002217,RIDER1637,41,41,16,2.7,0
D002076,O002218,RIDER1340,30,36,31,3.5,6
D002077,O002219,RIDER1745,36,41,33,7.4,5
D002078,O002221,RIDER0732,30,50,21,5.5,20
D002079,O002223,RIDER2079,22,55,33,1.5,33
D002080,O002224,RIDER2378,23,22,24,2.1,0
D002081,O002225,RIDER0851,38,38,24,5.0,0
D002082,O002226,RIDER0530,43,49,15,0.9,6
D002083,O002227,RIDER2372,39,57,31,2.8,18
D002084,O002228,RIDER1971,46,72,40,3.4,26
D002085,O002229,RIDER1983,23,25,35,0.2,2
D002086,O002230,RIDER2300,24,21,41,1.3,0
D002087,O002231,RIDER0493,44,57,30,2.9,13
D002088,O002232,RIDER2287,21,26,15,10.7,5
D002089,O002233,RIDER2111,40,73,28,1.3,33
D002090,O002234,RIDER1045,32,29,38,2.7,0
D002091,O002235,RIDER1899,29,34,18,1.1,5
D002092,O002236,RIDER1898,39,62,15,0.8,23
D002093,O002237,RIDER1455,49,50,15,1.7,1
D002094,O002238,RIDER2496,38,69,14,1.7,31
D002095,O002239,RIDER0383,61,66,14,11.4,5
D002096,O002240,RIDER2472,40,47,25,3.7,7
D002097,O002241,RIDER0582,44,43,20,4.3,0
D002098,O002242,RIDER1660,34,60,17,0.5,26
D002099,O002243,RIDER1665,43,53,33,3.0,10
D002100,O002244,RIDER1839,38,53,36,2.5,15
D002101,O002245,RIDER2091,27,29,37,4.4,2
D002102,O002246,RIDER1542,31,34,14,2.9,3
D002103,O002247,RIDER2346,36,59,21,10.0,23
D002104,O002248,RIDER1271,26,56,28,4.1,30
D002105,O002249,RIDER0917,35,34,28,2.9,0
D002106,O002251,RIDER0500,23,26,37,1.0,3
D002107,O002252,RIDER0192,46,69,42,0.5,23
D002108,O002253,RIDER1549,24,50,24,6.6,26
D002109,O002254,RIDER2049,27,25,37,0.5,0
D002110,O002255,RIDER0567,26,26,15,0.5,0
D002111,O002256,RIDER1454,29,36,21,2.6,7
D002112,O002257,RIDER0362,42,39,26,5.9,0
D002113,O002258,RIDER1973,27,24,25,0.3,0
D002114,O002259,RIDER0175,27,31,40,1.3,4
D002115,O002263,RIDER2043,30,40,14,0.6,10
D002116,O002264,RIDER1154,39,34,39,2.0,0
D002117,O002265,RIDER0190,27,32,22,2.3,5
D002118,O002266,RIDER1739,37,67,19,3.9,30
D002119,O002267,RIDER2025,32,31,21,10.1,0
D002120,O002268,RIDER1102,28,35,31,6.2,7
D002121,O002269,RIDER2272,44,68,23,2.8,24
D002122,O002270,RIDER0755,46,53,20,4.9,7
D002123,O002271,RIDER2026,26,26,36,2.8,0
D002124,O002272,RIDER1839,36,37,16,2.7,1
D002125,O002273,RIDER1236,47,54,31,2.1,7
D002126,O002274,RIDER1728,39,36,31,4.5,0
D002127,O002275,RIDER2301,38,52,22,5.9,14
D002128,O002276,RIDER2168,23,30,16,0.5,7
D002129,O002277,RIDER0909,37,70,38,1.6,33
D002130,O002279,RIDER1257,49,44,41,2.9,0
D002131,O002280,RIDER2398,34,40,34,5.3,6
D002132,O002281,RIDER0122,28,29,40,2.5,1
D002133,O002282,RIDER1001,40,56,33,7.4,16
D002134,O002283,RIDER2096,29,35,25,2.7,6
D002135,O002284,RIDER2166,47,71,37,8.6,24
D002136,O002285,RIDER2250,36,56,33,5.4,20
D002137,O002286,RIDER0966,22,24,29,1.0,2
D002138,O002288,RIDER1648,47,45,37,1.1,0
D002139,O002289,RIDER1474,42,40,36,1.2,0
D002140,O002290,RIDER0797,27,27,41,0.5,0
D002141,O002291,RIDER0800,28,26,41,2.2,0
D002142,O002292,RIDER2099,31,49,14,1.3,18
D002143,O002293,RIDER2184,29,28,14,9.0,0
D002144,O002294,RIDER1657,34,45,17,2.2,11
D002145,O002295,RIDER0745,31,62,31,2.0,31
D002146,O002296,RIDER0750,34,38,18,0.9,4
D002147,O002297,RIDER1794,30,64,37,1.8,34
D002148,O002298,RIDER0666,31,34,33,2.1,3
D002149,O002299,RIDER1933,43,52,24,0.3,9
D002150,O002300,RIDER2020,26,56,30,4.2,30
D002151,O002301,RIDER2037,34,51,21,1.8,17
D002152,O002302,RIDER2271,24,20,31,0.8,0
D002153,O002303,RIDER1150,32,35,36,6.7,3
D002154,O002304,RIDER2135,27,33,31,0.1,6
D002155,O002305,RIDER1695,41,45,27,2.1,4
D002156,O002306,RIDER0463,29,41,19,2.5,12
D002157,O002307,RIDER1957,21,17,19,2.2,0
D002158,O002308,RIDER1146,23,27,36,1.0,4
D002159,O002311,RIDER2177,42,49,22,9.5,7
D002160,O002312,RIDER0596,38,72,35,6.2,34
D002161,O002313,RIDER0701,29,38,37,1.4,9
D002162,O002314,RIDER1021,32,32,28,1.0,0
D002163,O002315,RIDER0591,37,32,29,3.5,0
D002164,O002316,RIDER1385,57,81,34,3.3,24
D002165,O002317,RIDER1134,25,22,26,1.4,0
D002166,O002318,RIDER1425,27,31,15,5.0,4
D002167,O002319,RIDER1644,32,30,41,5.1,0
D002168,O002320,RIDER1156,27,30,16,0.9,3
D002169,O002322,RIDER0032,32,59,22,7.4,27
D002170,O002323,RIDER2266,26,30,23,0.7,4
D002171,O002324,RIDER1907,30,53,37,2.3,23
D002172,O002325,RIDER0880,36,58,36,1.2,22
D002173,O002326,RIDER2015,53,52,36,3.2,0
D002174,O002327,RIDER1036,25,27,37,2.9,2
D002175,O002328,RIDER1234,40,72,31,7.3,32
D002176,O002329,RIDER1107,39,45,33,0.8,6
D002177,O002330,RIDER0778,21,24,30,3.0,3
D002178,O002331,RIDER0853,33,34,23,4.8,1
D002179,O002332,RIDER2153,35,67,16,4.8,32
D002180,O002333,RIDER2326,41,71,24,1.4,30
D002181,O002334,RIDER1591,35,35,27,8.7,0
D002182,O002335,RIDER1687,42,40,38,0.3,0
D002183,O002336,RIDER1359,31,31,21,1.3,0
D002184,O002337,RIDER2429,30,27,15,2.4,0
D002185,O002338,RIDER0271,36,36,25,1.9,0
D002186,O002339,RIDER2370,33,38,42,0.5,5
D002187,O002340,RIDER0057,29,39,23,4.1,10
D002188,O002341,RIDER1044,46,48,14,1.5,2
D002189,O002342,RIDER0772,65,64,36,4.1,0
D002190,O002343,RIDER0640,37,44,14,2.6,7
D002191,O002344,RIDER1830,26,24,19,0.8,0
D002192,O002345,RIDER0054,39,39,16,1.4,0
D002193,O002346,RIDER1523,32,31,18,3.5,0
D002194,O002347,RIDER0490,59,85,30,1.7,26
D002195,O002348,RIDER0247,26,30,31,3.9,4
D002196,O002349,RIDER1654,33,29,24,1.5,0
D002197,O002350,RIDER1494,29,49,27,2.1,20
D002198,O002351,RIDER0647,32,38,31,0.9,6
D002199,O002352,RIDER0555,46,78,24,1.7,32
D002200,O002353,RIDER2464,27,26,36,8.1,0
D002201,O002354,RIDER1544,25,50,33,4.2,25
D002202,O002355,RIDER1500,52,57,20,2.1,5
D002203,O002356,RIDER1330,28,35,17,2.6,7
D002204,O002357,RIDER0973,25,32,27,2.9,7
D002205,O002358,RIDER0966,31,39,32,2.4,8
D002206,O002359,RIDER0129,26,33,41,2.9,7
D002207,O002360,RIDER0340,32,38,25,3.3,6
D002208,O002361,RIDER0920,25,25,15,0.7,0
D002209,O002362,RIDER0707,67,62,31,1.0,0
D002210,O002363,RIDER1192,23,45,23,1.1,22
D002211,O002364,RIDER2396,25,27,14,3.1,2
D002212,O002365,RIDER1141,41,69,24,0.3,28
D002213,O002366,RIDER1003,25,55,42,1.5,30
D002214,O002367,RIDER1800,60,55,30,3.7,0
D002215,O002368,RIDER2260,70,86,27,1.7,16
D002216,O002369,RIDER1633,47,49,42,4.7,2
D002217,O002370,RIDER1505,27,53,18,4.7,26
D002218,O002371,RIDER2490,37,41,28,1.8,4
D002219,O002372,RIDER1273,21,16,30,9.3,0
D002220,O002373,RIDER0658,33,40,15,6.0,7
D002221,O002374,RIDER1369,29,28,37,3.3,0
D002222,O002375,RIDER1489,25,32,41,4.3,7
D002223,O002376,RIDER0239,22,31,30,3.6,9
D002224,O002377,RIDER0651,42,48,35,9.4,6
D002225,O002378,RIDER1661,25,28,14,1.9,3
D002226,O002379,RIDER0421,43,40,32,7.0,0
D002227,O002380,RIDER1550,45,52,15,0.5,7
D002228,O002381,RIDER1085,40,37,16,2.8,0
D002229,O002382,RIDER2479,69,80,15,0.8,11
D002230,O002383,RIDER2405,23,26,15,1.4,3
D002231,O002384,RIDER1859,26,24,29,1.2,0
D002232,O002386,RIDER0930,33,55,33,4.9,22
D002233,O002387,RIDER0832,50,53,38,1.3,3
D002234,O002388,RIDER2343,35,32,38,1.3,0
D002235,O002389,RIDER1063,26,30,29,1.5,4
D002236,O002390,RIDER0186,46,41,39,5.4,0
D002237,O002391,RIDER1526,36,34,40,0.6,0
D002238,O002392,RIDER1203,31,38,33,2.2,7
D002239,O002393,RIDER0836,29,34,21,0.6,5
D002240,O002394,RIDER0944,41,36,27,2.0,0
D002241,O002395,RIDER0816,29,35,35,6.2,6
D002242,O002396,RIDER1499,32,33,15,5.2,1
D002243,O002397,RIDER1443,57,56,25,7.7,0
D002244,O002398,RIDER0331,31,29,32,1.2,0
D002245,O002399,RIDER0004,21,45,16,2.3,24
D002246,O002400,RIDER1556,46,77,42,1.5,31
D002247,O002401,RIDER0698,28,57,27,2.5,29
D002248,O002402,RIDER1604,26,49,22,3.4,23
D002249,O002403,RIDER1036,23,26,23,1.2,3
D002250,O002404,RIDER2493,37,61,25,5.3,24
D002251,O002405,RIDER1198,23,30,38,2.0,7
D002252,O002407,RIDER2081,41,63,16,0.7,22
D002253,O002408,RIDER0708,29,32,35,1.8,3
D002254,O002409,RIDER0717,42,46,16,2.8,4
D002255,O002410,RIDER0926,33,31,32,2.5,0
D002256,O002411,RIDER0599,28,51,29,0.2,23
D002257,O002412,RIDER0771,38,56,30,2.7,18
D002258,O002413,RIDER0039,33,35,14,3.0,2
D002259,O002415,RIDER2231,29,45,15,3.5,16
D002260,O002416,RIDER2101,19,17,31,3.1,0
D002261,O002417,RIDER0034,34,31,19,3.4,0
D002262,O002418,RIDER0135,24,20,19,3.5,0
D002263,O002419,RIDER0890,44,51,32,1.0,7
D002264,O002420,RIDER0822,61,72,24,4.0,11
D002265,O002421,RIDER1900,29,31,21,1.4,2
D002266,O002422,RIDER0172,45,44,39,1.8,0
D002267,O002423,RIDER0820,47,67,17,3.7,20
D002268,O002424,RIDER2018,55,50,28,6.0,0
D002269,O002426,RIDER0724,35,45,37,1.4,10
D002270,O002427,RIDER0595,30,54,15,1.5,24
D002271,O002428,RIDER1045,26,53,24,5.4,27
D002272,O002429,RIDER1732,30,29,30,4.4,0
D002273,O002430,RIDER0398,22,26,33,5.9,4
D002274,O002431,RIDER1615,21,24,23,3.6,3
D002275,O002432,RIDER0393,45,70,31,2.8,25
D002276,O002433,RIDER0989,29,53,21,1.6,24
D002277,O002434,RIDER0900,22,48,37,0.9,26
D002278,O002436,RIDER1660,27,34,27,2.4,7
D002279,O002437,RIDER2021,44,52,35,2.7,8
D002280,O002438,RIDER0643,22,27,24,5.5,5
D002281,O002440,RIDER1289,39,47,36,1.4,8
D002282,O002441,RIDER0479,40,50,16,1.7,10
D002283,O002443,RIDER1488,35,30,16,1.8,0
D002284,O002444,RIDER1080,27,25,27,8.8,0
D002285,O002445,RIDER2012,32,59,40,1.6,27
D002286,O002446,RIDER2252,29,54,38,1.2,25
D002287,O002447,RIDER2277,28,45,33,2.6,17
D002288,O002448,RIDER1357,27,34,36,2.1,7
D002289,O002449,RIDER1655,28,38,14,4.7,10
D002290,O002450,RIDER1919,30,50,16,2.8,20
D002291,O002451,RIDER1236,29,35,16,4.9,6
D002292,O002452,RIDER1506,36,53,32,0.9,17
D002293,O002453,RIDER0912,32,33,18,6.4,1
D002294,O002454,RIDER0871,49,50,21,3.7,1
D002295,O002455,RIDER1437,50,45,20,0.7,0
D002296,O002456,RIDER0524,33,38,32,7.5,5
D002297,O002457,RIDER0373,28,42,42,10.0,14
D002298,O002458,RIDER0463,32,30,38,1.0,0
D002299,O002459,RIDER1838,27,26,39,1.7,0
D002300,O002460,RIDER2339,42,66,41,1.9,24
D002301,O002461,RIDER1472,24,58,33,2.3,34
D002302,O002462,RIDER2385,37,40,38,6.2,3
D002303,O002463,RIDER2356,45,41,37,7.2,0
D002304,O002464,RIDER1667,31,28,23,1.7,0
D002305,O002465,RIDER1009,26,22,21,4.7,0
D002306,O002466,RIDER0585,32,34,25,1.5,2
D002307,O002467,RIDER0148,45,65,37,1.2,20
D002308,O002468,RIDER0386,29,35,21,3.0,6
D002309,O002469,RIDER1635,53,59,19,4.5,6
D002310,O002470,RIDER1959,23,24,27,7.8,1
D002311,O002471,RIDER1795,39,45,15,4.6,6
D002312,O002472,RIDER0496,36,43,33,8.3,7
D002313,O002473,RIDER0584,35,33,37,3.5,0
D002314,O002474,RIDER2020,26,43,21,2.2,17
D002315,O002475,RIDER2228,21,38,36,1.5,17
D002316,O002476,RIDER0807,31,29,15,1.3,0
D002317,O002478,RIDER1314,48,44,36,4.3,0
D002318,O002479,RIDER1774,25,23,15,0.3,0
D002319,O002480,RIDER0390,26,32,35,0.9,6
D002320,O002481,RIDER1699,38,36,16,0.4,0
D002321,O002482,RIDER0612,34,47,42,0.5,13
D002322,O002483,RIDER0517,33,28,22,0.6,0
D002323,O002484,RIDER1021,24,46,17,4.8,22
D002324,O002485,RIDER1915,32,35,23,0.2,3
D002325,O002486,RIDER2148,43,62,25,0.7,19
D002326,O002487,RIDER1289,28,57,15,2.6,29
D002327,O002488,RIDER1125,25,38,38,1.2,13
D002328,O002489,RIDER0459,33,41,36,0.8,8
D002329,O002490,RIDER0587,33,35,40,4.5,2
D002330,O002491,RIDER1868,34,29,35,5.5,0
D002331,O002492,RIDER1586,26,33,31,3.4,7
D002332,O002493,RIDER1836,23,19,33,7.2,0
D002333,O002494,RIDER0083,36,55,18,1.7,19
D002334,O002495,RIDER1102,42,62,33,0.8,20
D002335,O002496,RIDER0861,35,57,21,1.2,22
D002336,O002497,RIDER1603,37,45,29,1.8,8
D002337,O002498,RIDER1140,45,50,35,9.5,5
D002338,O002499,RIDER2301,20,53,30,4.1,33
D002339,O002500,RIDER0406,22,21,18,3.5,0
D002340,O002501,RIDER0029,40,37,38,5.0,0
D002341,O002502,RIDER1803,26,48,15,3.7,22
D002342,O002503,RIDER0989,18,24,22,5.9,6
D002343,O002504,RIDER0336,35,36,24,5.3,1
D002344,O002505,RIDER2192,25,43,14,4.1,18
D002345,O002506,RIDER1963,42,73,36,0.6,31
D002346,O002507,RIDER2103,21,25,16,2.0,4
D002347,O002508,RIDER2223,29,40,38,0.6,11
D002348,O002509,RIDER0217,17,31,36,6.5,14
D002349,O002510,RIDER2454,50,81,14,3.4,31
D002350,O002511,RIDER1902,29,36,36,2.0,7
D002351,O002512,RIDER0704,34,40,31,6.1,6
D002352,O002513,RIDER1853,41,42,22,2.3,1
D002353,O002514,RIDER2320,34,61,33,1.4,27
D002354,O002515,RIDER1590,31,55,34,0.2,24
D002355,O002516,RIDER1539,34,42,23,5.1,8
D002356,O002517,RIDER1056,39,43,21,5.4,4
D002357,O002518,RIDER1491,38,52,21,3.1,14
D002358,O002519,RIDER1641,35,31,21,1.9,0
D002359,O002520,RIDER1715,37,35,21,1.3,0
D002360,O002521,RIDER0389,37,42,23,5.2,5
D002361,O002522,RIDER1998,30,27,34,6.8,0
D002362,O002523,RIDER0031,31,59,15,2.5,28
D002363,O002524,RIDER0908,32,39,27,4.8,7
D002364,O002525,RIDER2123,28,40,38,5.3,12
D002365,O002526,RIDER2186,37,37,39,1.7,0
D002366,O002527,RIDER0724,45,45,37,2.6,0
D002367,O002528,RIDER1710,30,33,36,3.6,3
D002368,O002530,RIDER1512,27,25,25,4.0,0
D002369,O002531,RIDER0041,20,15,21,2.9,0
D002370,O002532,RIDER0138,24,27,14,0.2,3
D002371,O002533,RIDER2431,30,50,14,8.5,20
D002372,O002534,RIDER1252,55,87,18,0.6,32
D002373,O002535,RIDER2024,28,25,33,7.2,0
D002374,O002536,RIDER0758,27,25,22,6.7,0
D002375,O002537,RIDER1066,29,36,25,5.2,7
D002376,O002538,RIDER1974,33,30,42,5.6,0
D002377,O002540,RIDER0214,35,35,32,3.1,0
D002378,O002541,RIDER2264,34,41,37,5.4,7
D002379,O002542,RIDER1096,21,34,14,1.4,13
D002380,O002543,RIDER0532,21,34,21,0.7,13
D002381,O002544,RIDER1866,36,42,28,6.3,6
D002382,O002545,RIDER0448,55,74,21,7.2,19
D002383,O002546,RIDER0172,31,57,14,3.1,26
D002384,O002547,RIDER2244,31,37,25,0.3,6
D002385,O002548,RIDER0908,59,55,38,1.2,0
D002386,O002549,RIDER0321,57,57,14,5.2,0
D002387,O002550,RIDER0187,39,72,28,2.1,33
D002388,O002551,RIDER2071,20,16,18,3.5,0
D002389,O002552,RIDER0650,31,28,29,2.4,0
D002390,O002553,RIDER0266,38,70,38,1.8,32
D002391,O002554,RIDER0620,26,27,15,1.2,1
D002392,O002555,RIDER0519,24,27,19,1.4,3
D002393,O002556,RIDER1668,45,66,24,2.4,21
D002394,O002557,RIDER0912,28,25,30,2.8,0
D002395,O002558,RIDER1890,33,35,18,1.8,2
D002396,O002559,RIDER0267,32,44,29,4.9,12
D002397,O002560,RIDER1415,28,33,38,0.8,5
D002398,O002561,RIDER1477,28,27,25,2.0,0
D002399,O002562,RIDER0549,31,28,25,0.2,0
D002400,O002563,RIDER0078,34,57,37,1.6,23
D002401,O002564,RIDER1347,37,34,27,3.8,0
D002402,O002565,RIDER1630,39,39,42,5.1,0
D002403,O002566,RIDER1031,29,28,17,4.0,0
D002404,O002567,RIDER1983,31,38,42,2.4,7
D002405,O002568,RIDER0474,23,18,15,0.4,0
D002406,O002569,RIDER0975,27,34,37,5.1,7
D002407,O002570,RIDER1225,23,29,23,1.6,6
D002408,O002571,RIDER2277,25,25,27,3.5,0
D002409,O002572,RIDER0756,38,60,26,0.5,22
D002410,O002574,RIDER0229,35,55,26,6.4,20
D002411,O002575,RIDER0796,34,65,34,5.0,31
D002412,O002576,RIDER0765,47,46,27,0.9,0
D002413,O002577,RIDER1875,44,55,18,4.0,11
D002414,O002578,RIDER2278,70,103,19,3.7,33
D002415,O002579,RIDER0496,26,31,33,1.1,5
D002416,O002580,RIDER1960,36,58,28,1.0,22
D002417,O002581,RIDER1781,23,38,14,1.1,15
D002418,O002582,RIDER2487,40,44,31,4.5,4
D002419,O002583,RIDER1642,49,45,25,4.7,0
D002420,O002584,RIDER0630,38,33,39,1.2,0
D002421,O002585,RIDER0959,29,41,16,3.1,12
D002422,O002586,RIDER1352,34,59,22,1.4,25
D002423,O002587,RIDER2462,38,35,29,2.3,0
D002424,O002588,RIDER2218,42,61,30,2.2,19
D002425,O002590,RIDER1762,26,54,18,8.3,28
D002426,O002591,RIDER0745,32,39,39,2.5,7
D002427,O002592,RIDER0580,23,20,19,1.4,0
D002428,O002593,RIDER2387,25,46,28,2.9,21
D002429,O002594,RIDER0615,45,50,21,2.0,5
D002430,O002596,RIDER1989,39,53,18,2.1,14
D002431,O002597,RIDER1516,22,28,35,2.6,6
D002432,O002598,RIDER0741,34,33,29,5.8,0
D002433,O002599,RIDER0240,24,34,39,1.5,10
D002434,O002600,RIDER0991,24,22,14,1.3,0
D002435,O002601,RIDER2029,47,53,38,2.2,6
D002436,O002602,RIDER2012,26,21,22,1.3,0
D002437,O002603,RIDER0601,27,34,24,1.5,7
D002438,O002605,RIDER2051,33,38,21,0.8,5
D002439,O002606,RIDER2389,19,20,25,4.7,1
D002440,O002607,RIDER1410,24,24,24,3.7,0
D002441,O002608,RIDER1135,27,32,14,9.0,5
D002442,O002609,RIDER1905,28,42,32,7.3,14
D002443,O002610,RIDER1982,28,43,24,7.1,15
D002444,O002611,RIDER2476,19,18,31,2.4,0
D002445,O002612,RIDER2436,26,50,21,1.9,24
D002446,O002613,RIDER1142,35,51,36,1.7,16
D002447,O002614,RIDER2374,27,26,28,7.8,0
D002448,O002615,RIDER1322,36,67,15,2.5,31
D002449,O002616,RIDER2168,41,47,36,2.8,6
D002450,O002617,RIDER0883,50,50,27,4.5,0
D002451,O002618,RIDER2072,28,30,21,1.0,2
D002452,O002619,RIDER1303,30,25,41,1.6,0
D002453,O002620,RIDER0607,45,64,40,0.4,19
D002454,O002621,RIDER2291,37,50,25,1.4,13
D002455,O002622,RIDER0476,52,64,34,0.6,12
D002456,O002624,RIDER2367,43,44,35,3.1,1
D002457,O002625,RIDER0292,31,32,19,4.9,1
D002458,O002626,RIDER1251,30,37,25,6.2,7
D002459,O002627,RIDER2150,25,20,15,0.8,0
D002460,O002628,RIDER0925,33,47,33,1.3,14
D002461,O002629,RIDER2284,29,56,35,6.1,27
D002462,O002630,RIDER1274,30,29,35,2.5,0
D002463,O002631,RIDER1496,45,49,25,4.0,4
D002464,O002632,RIDER0746,55,71,22,0.8,16
D002465,O002633,RIDER0597,44,40,22,0.2,0
D002466,O002634,RIDER0834,43,48,16,2.9,5
D002467,O002635,RIDER1659,38,45,31,0.5,7
D002468,O002636,RIDER1047,34,36,27,5.9,2
D002469,O002637,RIDER0464,32,27,15,3.4,0
D002470,O002638,RIDER0834,32,29,29,1.5,0
D002471,O002639,RIDER0256,29,30,14,4.8,1
D002472,O002641,RIDER0901,33,33,18,3.8,0
D002473,O002642,RIDER1871,30,37,40,1.6,7
D002474,O002643,RIDER2178,64,63,38,3.3,0
D002475,O002644,RIDER0717,33,66,38,1.4,33
D002476,O002645,RIDER0583,34,51,24,3.8,17
D002477,O002646,RIDER1547,31,44,30,0.3,13
D002478,O002647,RIDER1530,24,25,21,2.1,1
D002479,O002648,RIDER0094,42,43,25,0.9,1
D002480,O002649,RIDER0764,28,35,39,2.7,7
D002481,O002650,RIDER0256,23,28,15,3.1,5
D002482,O002651,RIDER1946,30,27,38,0.7,0
D002483,O002652,RIDER1018,26,25,16,7.0,0
D002484,O002653,RIDER2476,41,61,19,2.8,20
D002485,O002654,RIDER1308,23,21,21,1.3,0
D002486,O002656,RIDER0027,39,70,21,6.2,31
D002487,O002657,RIDER1950,28,26,23,2.4,0
D002488,O002658,RIDER0981,33,34,15,8.5,1
D002489,O002659,RIDER0056,28,25,23,5.9,0
D002490,O002660,RIDER2270,37,42,15,0.9,5
D002491,O002661,RIDER2055,30,60,14,1.4,30
D002492,O002662,RIDER2416,58,73,39,4.0,15
D002493,O002663,RIDER1911,30,31,22,7.8,1
D002494,O002664,RIDER0356,29,60,36,0.8,31
D002495,O002665,RIDER2164,52,47,34,2.9,0
D002496,O002666,RIDER1764,30,37,40,1.0,7
D002497,O002667,RIDER1229,29,33,14,3.3,4
D002498,O002668,RIDER2346,28,43,30,3.7,15
D002499,O002669,RIDER2287,41,62,25,4.7,21
D002500,O002670,RIDER0384,32,30,21,15.6,0
D002501,O002671,RIDER2288,24,29,14,4.5,5
D002502,O002672,RIDER0609,30,52,38,0.4,22
D002503,O002673,RIDER2471,21,24,17,0.7,3
D002504,O002674,RIDER0070,32,33,28,10.1,1
D002505,O002675,RIDER0952,35,39,30,5.9,4
D002506,O002676,RIDER2069,45,45,29,0.9,0
D002507,O002677,RIDER2275,42,49,15,4.3,7
D002508,O002678,RIDER1857,24,53,35,1.4,29
D002509,O002680,RIDER1058,39,36,20,2.4,0
D002510,O002681,RIDER0962,45,48,31,2.6,3
D002511,O002682,RIDER0225,33,38,25,0.1,5
D002512,O002683,RIDER2012,23,26,37,2.4,3
D002513,O002684,RIDER1958,24,56,18,4.3,32
D002514,O002685,RIDER0396,25,28,40,3.4,3
D002515,O002686,RIDER1656,35,53,27,1.4,18
D002516,O002687,RIDER0315,45,70,39,0.8,25
D002517,O002688,RIDER2266,48,54,15,4.4,6
D002518,O002689,RIDER0939,31,26,40,1.6,0
D002519,O002690,RIDER1012,28,45,15,3.4,17
D002520,O002691,RIDER0338,35,41,37,3.9,6
D002521,O002692,RIDER1188,29,41,16,6.1,12
D002522,O002693,RIDER0204,27,42,35,1.3,15
D002523,O002694,RIDER1889,29,24,23,1.9,0
D002524,O002695,RIDER1866,35,30,31,2.2,0
D002525,O002697,RIDER0944,35,56,34,1.9,21
D002526,O002698,RIDER0254,35,36,14,2.3,1
D002527,O002699,RIDER2237,26,49,15,4.6,23
D002528,O002700,RIDER0925,45,65,27,4.7,20
D002529,O002701,RIDER2332,33,34,22,1.2,1
D002530,O002702,RIDER1948,25,30,38,1.8,5
D002531,O002703,RIDER2358,48,52,33,2.4,4
D002532,O002704,RIDER1617,41,43,40,0.8,2
D002533,O002705,RIDER1184,32,44,25,2.8,12
D002534,O002707,RIDER0316,42,76,25,1.8,34
D002535,O002708,RIDER1925,26,33,25,1.5,7
D002536,O002711,RIDER1013,26,42,26,2.3,16
D002537,O002712,RIDER1366,28,25,20,2.0,0
D002538,O002713,RIDER1910,53,51,32,2.3,0
D002539,O002714,RIDER2251,25,26,40,1.2,1
D002540,O002716,RIDER0660,25,45,37,1.8,20
D002541,O002717,RIDER1074,41,44,42,0.5,3
D002542,O002718,RIDER1645,49,64,40,9.5,15
D002543,O002719,RIDER0653,27,34,15,1.2,7
D002544,O002720,RIDER0169,44,53,18,3.0,9
D002545,O002721,RIDER1606,38,41,21,1.5,3
D002546,O002722,RIDER0085,26,30,14,5.4,4
D002547,O002723,RIDER1016,27,48,33,2.0,21
D002548,O002724,RIDER1563,43,48,15,8.1,5
D002549,O002725,RIDER1456,22,18,21,0.2,0
D002550,O002726,RIDER0408,23,45,21,1.3,22
D002551,O002727,RIDER0765,32,32,16,3.1,0
D002552,O002728,RIDER0682,41,48,29,4.7,7
D002553,O002729,RIDER2112,38,35,16,1.1,0
D002554,O002731,RIDER0349,29,28,33,2.0,0
D002555,O002732,RIDER1943,65,81,41,0.2,16
D002556,O002733,RIDER0441,39,45,29,6.4,6
D002557,O002735,RIDER1469,37,40,34,2.1,3
D002558,O002736,RIDER0636,32,63,39,0.9,31
D002559,O002737,RIDER0405,30,50,24,2.4,20
D002560,O002738,RIDER0470,28,25,28,0.2,0
D002561,O002739,RIDER0607,39,45,21,2.6,6
D002562,O002740,RIDER0930,22,48,14,4.0,26
D002563,O002741,RIDER1360,29,33,30,5.0,4
D002564,O002742,RIDER1782,31,42,34,1.0,11
D002565,O002743,RIDER0942,34,55,24,3.0,21
D002566,O002744,RIDER0738,31,33,17,3.8,2
D002567,O002745,RIDER2399,41,42,22,4.1,1
D002568,O002746,RIDER2217,26,30,31,2.3,4
D002569,O002747,RIDER0318,31,33,36,4.1,2
D002570,O002748,RIDER1062,27,28,36,3.5,1
D002571,O002749,RIDER2130,33,33,31,4.1,0
D002572,O002750,RIDER1291,42,70,20,0.1,28
D002573,O002751,RIDER1592,36,38,30,1.8,2
D002574,O002752,RIDER1769,29,33,28,3.3,4
D002575,O002753,RIDER1936,36,62,30,1.3,26
D002576,O002754,RIDER1087,58,83,16,1.3,25
D002577,O002755,RIDER1684,37,59,41,4.7,22
D002578,O002756,RIDER2035,58,74,25,4.0,16
D002579,O002757,RIDER2402,52,58,27,1.9,6
D002580,O002758,RIDER0198,28,61,21,3.6,33
D002581,O002759,RIDER1166,61,66,17,1.4,5
D002582,O002760,RIDER0103,37,59,14,0.7,22
D002583,O002761,RIDER0354,28,30,21,0.2,2
D002584,O002762,RIDER0860,26,54,24,1.0,28
D002585,O002763,RIDER2322,28,30,21,2.1,2
D002586,O002765,RIDER0365,38,46,37,1.0,8
D002587,O002766,RIDER0506,52,54,23,1.7,2
D002588,O002767,RIDER2055,66,93,37,3.6,27
D002589,O002768,RIDER0171,45,41,19,1.3,0
D002590,O002769,RIDER0649,30,27,35,1.0,0
D002591,O002770,RIDER1138,22,44,31,1.1,22
D002592,O002771,RIDER1352,26,53,23,1.0,27
D002593,O002772,RIDER1914,29,31,42,0.2,2
D002594,O002773,RIDER1211,33,33,19,2.4,0
D002595,O002774,RIDER1144,52,47,22,4.2,0
D002596,O002775,RIDER1646,31,29,20,6.5,0
D002597,O002776,RIDER1433,28,27,25,6.1,0
D002598,O002777,RIDER1703,31,36,33,2.0,5
D002599,O002778,RIDER1388,42,61,15,1.1,19
D002600,O002779,RIDER1314,26,23,14,1.8,0
D002601,O002780,RIDER1861,33,39,15,2.7,6
D002602,O002781,RIDER2286,24,20,38,4.0,0
D002603,O002782,RIDER2329,38,37,32,1.1,0
D002604,O002783,RIDER1913,25,25,40,4.3,0
D002605,O002784,RIDER1974,31,29,31,0.3,0
D002606,O002786,RIDER0953,20,51,28,7.3,31
D002607,O002787,RIDER1792,37,66,40,6.5,29
D002608,O002788,RIDER1390,29,46,31,2.0,17
D002609,O002789,RIDER1665,34,37,29,3.4,3
D002610,O002790,RIDER0891,32,41,24,2.7,9
D002611,O002791,RIDER1765,26,23,30,0.8,0
D002612,O002792,RIDER1514,27,56,40,5.9,29
D002613,O002793,RIDER1746,21,28,29,0.2,7
D002614,O002794,RIDER2063,36,61,21,1.9,25
D002615,O002795,RIDER1613,29,28,32,0.9,0
D002616,O002796,RIDER1723,21,22,14,1.9,1
D002617,O002797,RIDER1880,36,53,37,2.7,17
D002618,O002799,RIDER1539,53,52,15,3.6,0
D002619,O002800,RIDER2204,28,26,23,4.5,0
D002620,O002801,RIDER0989,27,23,41,4.2,0
D002621,O002802,RIDER2175,50,45,29,1.7,0
D002622,O002803,RIDER1043,35,32,19,0.7,0
D002623,O002805,RIDER0787,31,31,18,4.9,0
D002624,O002806,RIDER2099,36,38,34,6.3,2
D002625,O002807,RIDER1936,58,59,27,0.6,1
D002626,O002808,RIDER0323,36,39,31,4.7,3
D002627,O002809,RIDER1666,45,48,35,2.1,3
D002628,O002811,RIDER1634,46,65,24,1.3,19
D002629,O002812,RIDER1626,41,74,16,1.1,33
D002630,O002813,RIDER0040,35,32,18,6.1,0
D002631,O002814,RIDER0012,44,56,27,0.5,12
D002632,O002815,RIDER2080,39,35,35,0.5,0
D002633,O002816,RIDER2162,41,39,29,1.2,0
D002634,O002817,RIDER1199,24,58,14,1.3,34
D002635,O002818,RIDER1304,21,17,36,3.7,0
D002636,O002820,RIDER1751,34,29,40,0.7,0
D002637,O002821,RIDER1566,42,48,16,3.6,6
D002638,O002822,RIDER0430,33,42,25,5.8,9
D002639,O002823,RIDER0119,30,29,24,3.0,0
D002640,O002824,RIDER1590,31,49,31,1.5,18
D002641,O002825,RIDER0939,23,23,15,9.5,0
D002642,O002826,RIDER0227,30,32,25,1.2,2
D002643,O002827,RIDER0847,22,18,25,3.5,0
D002644,O002828,RIDER1630,23,29,19,1.5,6
D002645,O002829,RIDER2427,46,58,28,1.0,12
D002646,O002831,RIDER2149,38,35,14,0.2,0
D002647,O002832,RIDER1394,50,53,30,1.4,3
D002648,O002833,RIDER2021,30,35,14,1.1,5
D002649,O002834,RIDER0498,38,37,23,0.5,0
D002650,O002835,RIDER1484,31,50,21,1.6,19
D002651,O002836,RIDER0692,45,44,22,1.1,0
D002652,O002837,RIDER0409,24,30,25,1.8,6
D002653,O002838,RIDER0982,43,45,42,3.1,2
D002654,O002840,RIDER0472,30,43,37,3.6,13
D002655,O002841,RIDER1612,44,51,31,5.7,7
D002656,O002842,RIDER0005,33,31,37,5.0,0
D002657,O002843,RIDER2173,26,26,21,2.6,0
D002658,O002844,RIDER0007,20,23,41,2.1,3
D002659,O002845,RIDER2456,48,55,35,4.3,7
D002660,O002846,RIDER1400,32,61,29,5.4,29
D002661,O002848,RIDER0649,46,77,30,4.7,31
D002662,O002849,RIDER1061,33,36,41,3.2,3
D002663,O002850,RIDER1753,58,80,14,0.1,22
D002664,O002851,RIDER2170,32,39,28,7.5,7
D002665,O002852,RIDER0377,33,38,18,3.1,5
D002666,O002853,RIDER1709,44,57,29,6.0,13
D002667,O002854,RIDER1566,25,39,15,1.7,14
D002668,O002855,RIDER1324,46,41,40,5.2,0
D002669,O002856,RIDER2415,24,23,38,2.8,0
D002670,O002857,RIDER1761,26,40,19,5.2,14
D002671,O002858,RIDER0985,25,32,29,4.5,7
D002672,O002859,RIDER1197,50,54,37,7.1,4
D002673,O002860,RIDER2226,19,39,25,2.9,20
D002674,O002861,RIDER1876,17,17,15,0.0,0
D002675,O002863,RIDER2106,34,41,25,0.7,7
D002676,O002864,RIDER2401,25,25,24,2.8,0
D002677,O002865,RIDER2146,31,38,21,4.8,7
D002678,O002866,RIDER0890,29,51,24,3.6,22
D002679,O002867,RIDER0877,34,36,25,1.0,2
D002680,O002869,RIDER0507,26,26,40,4.2,0
D002681,O002871,RIDER2473,30,37,38,1.7,7
D002682,O002872,RIDER1160,27,32,15,2.3,5
D002683,O002873,RIDER0793,39,72,19,5.6,33
D002684,O002874,RIDER0821,28,31,36,5.5,3
D002685,O002875,RIDER0367,35,41,41,0.8,6
D002686,O002876,RIDER2069,41,39,37,2.9,0
D002687,O002877,RIDER2433,59,87,24,0.8,28
D002688,O002878,RIDER1265,36,36,16,5.3,0
D002689,O002879,RIDER0188,29,29,14,3.0,0
D002690,O002880,RIDER1041,24,31,36,3.3,7
D002691,O002881,RIDER0901,43,55,30,3.1,12
D002692,O002882,RIDER0829,28,52,38,2.6,24
D002693,O002883,RIDER1230,19,26,38,3.9,7
D002694,O002884,RIDER0755,45,40,18,0.5,0
D002695,O002885,RIDER0777,52,57,32,5.0,5
D002696,O002886,RIDER1385,36,33,14,2.7,0
D002697,O002887,RIDER2224,33,37,16,14.2,4
D002698,O002888,RIDER0706,35,39,31,6.4,4
D002699,O002889,RIDER0304,42,53,37,0.6,11
D002700,O002890,RIDER2306,43,50,30,2.2,7
D002701,O002891,RIDER1114,30,35,30,5.7,5
D002702,O002892,RIDER2160,43,73,29,1.9,30
D002703,O002893,RIDER0566,37,33,16,3.9,0
D002704,O002894,RIDER1748,27,46,22,0.2,19
D002705,O002896,RIDER0797,46,80,40,0.4,34
D002706,O002897,RIDER0523,39,49,32,1.3,10
D002707,O002898,RIDER2000,17,43,19,3.5,26
D002708,O002899,RIDER0315,31,34,21,6.2,3
D002709,O002900,RIDER1521,33,46,42,2.6,13
D002710,O002901,RIDER0191,31,28,32,1.4,0
D002711,O002902,RIDER0436,28,31,22,5.9,3
D002712,O002904,RIDER1160,40,72,15,7.3,32
D002713,O002905,RIDER0468,26,29,24,3.2,3
D002714,O002906,RIDER2162,26,27,27,3.1,1
D002715,O002907,RIDER1617,68,83,36,0.6,15
D002716,O002908,RIDER0649,30,29,42,5.4,0
D002717,O002909,RIDER0986,36,43,21,2.3,7
D002718,O002910,RIDER0623,31,27,33,2.0,0
D002719,O002911,RIDER0349,44,65,19,1.0,21
D002720,O002914,RIDER1153,60,92,29,8.8,32
D002721,O002916,RIDER0628,45,48,15,1.8,3
D002722,O002917,RIDER0233,30,51,15,5.3,21
D002723,O002918,RIDER1001,33,28,31,9.9,0
D002724,O002919,RIDER1777,36,38,14,3.1,2
D002725,O002920,RIDER0810,40,65,30,6.8,25
D002726,O002921,RIDER2082,22,21,36,0.3,0
D002727,O002922,RIDER2343,37,46,35,6.3,9
D002728,O002923,RIDER0409,27,25,21,1.5,0
D002729,O002924,RIDER0058,25,40,14,7.4,15
D002730,O002925,RIDER0278,36,57,37,1.0,21
D002731,O002926,RIDER1809,33,50,33,9.3,17
D002732,O002927,RIDER0739,29,36,42,3.9,7
D002733,O002928,RIDER1642,34,35,42,2.9,1
D002734,O002929,RIDER0261,44,47,24,6.2,3
D002735,O002930,RIDER1659,35,43,25,0.9,8
D002736,O002931,RIDER0647,41,48,16,1.8,7
D002737,O002932,RIDER1144,28,44,14,2.6,16
D002738,O002933,RIDER1388,25,31,37,2.3,6
D002739,O002934,RIDER0956,33,40,19,3.2,7
D002740,O002935,RIDER1841,29,24,42,5.5,0
D002741,O002936,RIDER2334,27,57,40,1.6,30
D002742,O002937,RIDER0330,25,45,24,7.0,20
D002743,O002938,RIDER2004,41,39,27,3.2,0
D002744,O002939,RIDER0899,37,63,18,6.9,26
D002745,O002940,RIDER1183,29,24,14,5.1,0
D002746,O002941,RIDER0199,44,44,33,3.2,0
D002747,O002942,RIDER0113,40,59,18,2.6,19
D002748,O002943,RIDER1928,20,19,39,1.4,0
D002749,O002944,RIDER2133,30,26,41,4.5,0
D002750,O002945,RIDER0869,26,26,35,2.9,0
D002751,O002948,RIDER0876,45,42,38,1.9,0
D002752,O002949,RIDER2453,34,46,18,9.2,12
D002753,O002951,RIDER2006,39,68,19,6.7,29
D002754,O002952,RIDER0932,35,47,37,3.0,12
D002755,O002953,RIDER1469,59,60,27,1.1,1
D002756,O002954,RIDER0274,43,47,19,1.9,4
D002757,O002955,RIDER0787,25,27,15,0.7,2
D002758,O002956,RIDER0836,46,56,16,3.1,10
D002759,O002957,RIDER1490,23,26,16,1.6,3
D002760,O002959,RIDER1297,28,33,25,2.4,5
D002761,O002960,RIDER0916,25,34,36,2.3,9
D002762,O002961,RIDER1075,24,39,31,4.3,15
D002763,O002962,RIDER0340,43,41,25,1.1,0
D002764,O002963,RIDER1569,31,55,30,1.3,24
D002765,O002964,RIDER1936,22,26,30,4.4,4
D002766,O002965,RIDER0719,41,52,19,4.5,11
D002767,O002966,RIDER1768,49,68,14,4.3,19
D002768,O002967,RIDER0466,31,59,31,4.1,28
D002769,O002968,RIDER2208,30,33,28,6.1,3
D002770,O002969,RIDER2067,30,26,33,3.3,0
D002771,O002970,RIDER2345,41,54,18,3.9,13
D002772,O002971,RIDER0455,25,24,14,5.6,0
D002773,O002972,RIDER1721,28,34,14,1.5,6
D002774,O002973,RIDER0390,30,33,33,0.6,3
D002775,O002974,RIDER0993,43,55,14,0.3,12
D002776,O002975,RIDER0931,39,68,37,0.9,29
D002777,O002976,RIDER0739,48,65,27,1.9,17
D002778,O002977,RIDER1179,32,31,32,2.2,0
D002779,O002978,RIDER2484,24,56,18,0.1,32
D002780,O002979,RIDER0351,33,32,36,7.9,0
D002781,O002980,RIDER1424,39,48,30,4.7,9
D002782,O002981,RIDER1501,32,52,33,1.6,20
D002783,O002982,RIDER2108,26,24,37,3.7,0
D002784,O002983,RIDER0457,21,18,37,2.1,0
D002785,O002984,RIDER0389,27,30,39,1.0,3
D002786,O002985,RIDER0529,24,35,18,2.6,11
D002787,O002986,RIDER2040,41,43,27,2.7,2
D002788,O002987,RIDER0843,53,56,39,7.2,3
D002789,O002988,RIDER0454,46,55,24,1.2,9
D002790,O002989,RIDER2436,27,47,27,1.6,20
D002791,O002990,RIDER0141,49,57,22,4.4,8
D002792,O002991,RIDER0792,65,83,25,8.2,18
D002793,O002992,RIDER1235,23,36,31,1.3,13
D002794,O002993,RIDER0831,27,28,31,1.9,1
D002795,O002994,RIDER0619,32,32,42,3.6,0
D002796,O002995,RIDER0093,22,25,16,1.4,3
D002797,O002996,RIDER1763,27,53,36,3.5,26
D002798,O002997,RIDER2016,61,64,34,1.2,3
D002799,O002998,RIDER0905,52,61,19,0.8,9
D002800,O002999,RIDER1613,52,51,15,1.1,0
D002801,O003000,RIDER0678,30,31,33,1.7,1
D002802,O003001,RIDER0118,27,33,15,0.9,6
D002803,O003002,RIDER1443,28,55,40,2.9,27
D002804,O003003,RIDER1052,29,31,29,9.7,2
D002805,O003004,RIDER1539,23,20,31,7.4,0
D002806,O003005,RIDER1328,28,27,22,0.4,0
D002807,O003006,RIDER0587,28,42,15,3.7,14
D002808,O003007,RIDER0269,27,29,41,4.0,2
D002809,O003008,RIDER1389,28,24,16,2.4,0
D002810,O003009,RIDER1168,31,28,20,3.7,0
D002811,O003010,RIDER1990,27,60,30,0.9,33
D002812,O003011,RIDER2267,27,38,23,2.0,11
D002813,O003013,RIDER0963,24,20,35,3.4,0
D002814,O003014,RIDER0040,34,41,32,0.9,7
D002815,O003015,RIDER2499,42,49,38,5.2,7
D002816,O003016,RIDER0837,27,33,34,5.5,6
D002817,O003017,RIDER0976,42,51,18,3.2,9
D002818,O003018,RIDER1934,25,25,36,12.5,0
D002819,O003019,RIDER2419,29,39,32,0.6,10
D002820,O003020,RIDER0863,40,38,30,2.0,0
D002821,O003021,RIDER1007,32,37,29,2.9,5
D002822,O003022,RIDER1069,21,41,30,1.4,20
D002823,O003023,RIDER0898,35,36,21,1.7,1
D002824,O003024,RIDER0729,39,42,31,4.6,3
D002825,O003025,RIDER2135,19,32,14,1.1,13
D002826,O003027,RIDER0061,34,37,35,2.7,3
D002827,O003028,RIDER0027,36,45,36,2.6,9
D002828,O003029,RIDER1792,29,40,42,4.6,11
D002829,O003030,RIDER1010,35,52,31,1.7,17
D002830,O003031,RIDER2216,35,65,31,2.5,30
D002831,O003032,RIDER0486,56,55,19,6.3,0
D002832,O003033,RIDER1184,33,33,23,1.8,0
D002833,O003034,RIDER1034,26,33,39,2.7,7
D002834,O003036,RIDER1016,40,35,15,8.8,0
D002835,O003037,RIDER0554,38,66,33,1.0,28
D002836,O003038,RIDER0799,35,34,22,0.5,0
D002837,O003040,RIDER2411,39,52,31,1.6,13
D002838,O003041,RIDER1818,50,73,21,2.6,23
D002839,O003042,RIDER0198,24,20,37,3.5,0
D002840,O003043,RIDER0146,43,63,27,7.9,20
D002841,O003044,RIDER0821,30,47,14,9.9,17
D002842,O003045,RIDER0274,50,62,38,2.0,12
D002843,O003046,RIDER2100,35,52,36,1.0,17
D002844,O003047,RIDER0337,24,20,14,0.9,0
D002845,O003048,RIDER0471,32,60,37,9.1,28
D002846,O003049,RIDER1107,21,53,24,1.2,32
D002847,O003050,RIDER2439,26,32,30,0.6,6
D002848,O003051,RIDER0654,29,33,38,3.5,4
D002849,O003052,RIDER1620,35,33,15,6.5,0
D002850,O003053,RIDER0081,67,64,16,1.9,0
D002851,O003054,RIDER2335,34,39,25,0.6,5
D002852,O003055,RIDER1532,28,31,39,3.4,3
D002853,O003056,RIDER1698,39,46,29,2.1,7
D002854,O003057,RIDER0693,43,46,14,2.3,3
D002855,O003058,RIDER2216,22,51,22,1.0,29
D002856,O003060,RIDER0302,51,50,33,0.5,0
D002857,O003061,RIDER1965,25,28,38,5.8,3
D002858,O003062,RIDER1950,35,33,28,2.4,0
D002859,O003063,RIDER0665,38,39,21,2.6,1
D002860,O003064,RIDER2206,36,52,21,3.1,16
D002861,O003065,RIDER0114,39,42,37,0.8,3
D002862,O003066,RIDER0964,32,33,31,0.8,1
D002863,O003067,RIDER0264,34,52,15,2.8,18
D002864,O003068,RIDER0552,47,45,16,2.8,0
D002865,O003069,RIDER1300,26,38,21,13.5,12
D002866,O003070,RIDER2284,21,33,28,0.2,12
D002867,O003071,RIDER0682,25,22,28,2.7,0
D002868,O003072,RIDER0895,25,21,15,4.2,0
D002869,O003073,RIDER1623,32,37,25,0.8,5
D002870,O003074,RIDER0615,37,35,37,3.5,0
D002871,O003075,RIDER1854,34,33,22,1.8,0
D002872,O003076,RIDER1242,38,44,35,3.1,6
D002873,O003077,RIDER2145,24,25,37,1.1,1
D002874,O003078,RIDER0162,23,21,37,1.8,0
D002875,O003079,RIDER0914,43,71,17,0.9,28
D002876,O003080,RIDER0633,24,58,25,2.7,34
D002877,O003081,RIDER0640,30,57,33,0.9,27
D002878,O003082,RIDER1037,50,66,31,0.6,16
D002879,O003083,RIDER1089,35,42,29,0.7,7
D002880,O003084,RIDER0907,36,38,31,2.4,2
D002881,O003085,RIDER1157,24,22,19,2.8,0
D002882,O003086,RIDER0079,28,53,31,1.0,25
D002883,O003087,RIDER1563,36,62,19,4.7,26
D002884,O003088,RIDER0412,31,55,22,0.3,24
D002885,O003089,RIDER0806,35,33,14,2.6,0
D002886,O003090,RIDER2143,26,38,25,1.4,12
D002887,O003091,RIDER0872,70,89,21,1.3,19
D002888,O003092,RIDER0743,41,62,36,1.0,21
D002889,O003093,RIDER0017,26,32,41,2.8,6
D002890,O003095,RIDER0883,25,29,32,3.2,4
D002891,O003096,RIDER1704,24,26,32,3.7,2
D002892,O003097,RIDER0690,23,35,34,0.0,12
D002893,O003098,RIDER1586,47,67,16,2.2,20
D002894,O003099,RIDER0182,30,28,20,3.4,0
D002895,O003100,RIDER1383,35,58,25,12.6,23
D002896,O003101,RIDER1702,24,28,29,4.0,4
D002897,O003102,RIDER1860,34,36,38,0.7,2
D002898,O003103,RIDER0052,33,40,16,0.7,7
D002899,O003104,RIDER2477,44,68,32,0.7,24
D002900,O003105,RIDER0123,48,46,14,4.5,0
D002901,O003106,RIDER0952,52,50,34,2.8,0
D002902,O003107,RIDER0328,39,59,40,2.2,20
D002903,O003108,RIDER2489,18,13,31,0.3,0
D002904,O003109,RIDER1469,26,35,32,3.9,9
D002905,O003110,RIDER0227,30,31,37,1.1,1
D002906,O003112,RIDER1803,34,46,17,6.4,12
D002907,O003113,RIDER2207,25,59,39,2.7,34
D002908,O003114,RIDER1921,27,46,34,5.4,19
D002909,O003115,RIDER0812,51,54,34,2.3,3
D002910,O003116,RIDER1843,42,71,19,2.1,29
D002911,O003118,RIDER0470,30,49,16,11.9,19
D002912,O003119,RIDER1285,45,52,37,3.7,7
D002913,O003120,RIDER0406,26,55,22,1.1,29
D002914,O003121,RIDER0807,27,22,40,1.1,0
D002915,O003122,RIDER2173,22,20,38,2.0,0
D002916,O003123,RIDER0953,23,37,21,4.7,14
D002917,O003124,RIDER1170,42,43,23,2.1,1
D002918,O003125,RIDER2206,36,67,24,6.0,31
D002919,O003126,RIDER1355,37,49,18,1.4,12
D002920,O003127,RIDER0875,27,34,18,0.3,7
D002921,O003128,RIDER2062,30,39,35,3.6,9
D002922,O003129,RIDER1572,31,38,30,2.1,7
D002923,O003131,RIDER0049,26,40,14,0.9,14
D002924,O003132,RIDER1501,55,52,21,6.3,0
D002925,O003133,RIDER2130,30,28,27,3.4,0
D002926,O003134,RIDER1967,28,47,21,2.7,19
D002927,O003135,RIDER0247,33,34,14,2.7,1
D002928,O003136,RIDER0054,31,28,41,2.4,0
D002929,O003138,RIDER0276,41,38,18,3.0,0
D002930,O003139,RIDER2020,26,33,27,3.1,7
D002931,O003140,RIDER0922,27,26,14,0.1,0
D002932,O003142,RIDER1521,28,48,36,1.1,20
D002933,O003143,RIDER1437,37,44,31,3.6,7
D002934,O003144,RIDER1046,30,31,31,3.1,1
D002935,O003145,RIDER1704,25,25,16,4.9,0
D002936,O003146,RIDER2169,32,28,37,5.1,0
D002937,O003147,RIDER0301,29,31,28,2.7,2
D002938,O003148,RIDER1245,53,54,35,3.7,1
D002939,O003149,RIDER1676,25,25,37,9.2,0
D002940,O003150,RIDER2446,46,69,17,3.2,23
D002941,O003151,RIDER1704,25,24,16,1.1,0
D002942,O003152,RIDER0566,23,33,29,4.0,10
D002943,O003153,RIDER2092,48,49,25,1.1,1
D002944,O003154,RIDER1125,42,70,28,11.4,28
D002945,O003155,RIDER0535,23,51,23,2.4,28
D002946,O003156,RIDER1127,48,67,35,8.4,19
D002947,O003157,RIDER0039,30,36,28,6.6,6
D002948,O003158,RIDER1106,31,32,23,8.0,1
D002949,O003159,RIDER0509,31,27,21,3.1,0
D002950,O003160,RIDER2085,29,30,39,4.1,1
D002951,O003161,RIDER1603,51,53,29,10.5,2
D002952,O003162,RIDER1062,20,19,15,2.8,0
D002953,O003163,RIDER1778,50,80,31,0.6,30
D002954,O003164,RIDER2468,32,41,37,4.7,9
D002955,O003165,RIDER0977,25,26,15,7.2,1
D002956,O003166,RIDER2244,33,30,27,0.5,0
D002957,O003167,RIDER1545,36,38,14,2.5,2
D002958,O003168,RIDER1332,26,38,32,1.6,12
D002959,O003169,RIDER2251,45,43,39,0.8,0
D002960,O003170,RIDER0456,29,39,35,5.2,10
D002961,O003171,RIDER1915,26,21,31,1.4,0
D002962,O003172,RIDER2384,45,74,17,2.0,29
D002963,O003173,RIDER0238,25,25,36,2.7,0
D002964,O003174,RIDER1966,49,47,41,2.0,0
D002965,O003175,RIDER0591,33,47,36,20.0,14
D002966,O003177,RIDER0134,27,26,30,1.9,0
D002967,O003178,RIDER1248,30,25,38,1.9,0
D002968,O003179,RIDER2132,31,34,16,0.8,3
D002969,O003180,RIDER0563,35,62,30,0.6,27
D002970,O003181,RIDER0218,29,47,31,2.1,18
D002971,O003182,RIDER2418,45,64,27,2.8,19
D002972,O003183,RIDER2371,47,56,28,2.1,9
D002973,O003186,RIDER0945,39,70,28,2.2,31
D002974,O003187,RIDER1222,26,25,15,13.1,0
D002975,O003188,RIDER1818,46,64,14,0.4,18
D002976,O003189,RIDER1057,43,59,16,5.4,16
D002977,O003190,RIDER2400,35,57,30,5.3,22
D002978,O003191,RIDER1860,30,37,17,0.1,7
D002979,O003192,RIDER1839,27,26,16,0.6,0
D002980,O003193,RIDER1254,37,58,14,2.3,21
D002981,O003194,RIDER1324,50,55,31,2.8,5
D002982,O003195,RIDER1150,22,24,14,2.5,2
D002983,O003196,RIDER1283,31,36,33,4.5,5
D002984,O003197,RIDER0078,34,32,22,0.5,0
D002985,O003198,RIDER0011,49,52,25,4.3,3
D002986,O003199,RIDER1864,30,54,38,2.4,24
D002987,O003202,RIDER2190,27,23,34,3.5,0
D002988,O003203,RIDER1216,34,31,42,4.2,0
D002989,O003204,RIDER0720,26,23,35,0.7,0
D002990,O003205,RIDER2036,43,44,34,0.8,1
D002991,O003206,RIDER0622,28,36,21,4.2,8
D002992,O003207,RIDER0827,54,86,40,3.9,32
D002993,O003208,RIDER2360,27,25,29,3.6,0
D002994,O003209,RIDER2202,24,29,14,2.2,5
D002995,O003210,RIDER0129,39,62,33,2.8,23
D002996,O003211,RIDER0377,30,27,31,3.7,0
D002997,O003212,RIDER2138,39,41,38,0.9,2
D002998,O003213,RIDER1732,34,51,33,0.2,17
D002999,O003214,RIDER2336,48,52,19,3.6,4
D003000,O003215,RIDER1924,29,55,32,1.3,26
D003001,O003216,RIDER0705,26,26,41,3.0,0
D003002,O003217,RIDER1533,29,31,27,0.5,2
D003003,O003218,RIDER0843,26,29,22,4.2,3
D003004,O003219,RIDER1741,21,55,42,4.9,34
D003005,O003220,RIDER0359,34,35,30,1.6,1
D003006,O003221,RIDER0528,30,28,40,2.2,0
D003007,O003222,RIDER2351,31,36,18,3.7,5
D003008,O003223,RIDER1901,27,58,27,4.8,31
D003009,O003224,RIDER0225,45,45,32,2.4,0
D003010,O003225,RIDER2283,30,36,25,4.3,6
D003011,O003226,RIDER1789,23,28,40,1.5,5
D003012,O003227,RIDER1298,37,33,15,2.5,0
D003013,O003228,RIDER1240,27,25,24,2.4,0
D003014,O003229,RIDER2229,18,19,36,0.4,1
D003015,O003230,RIDER0207,25,23,31,3.6,0
D003016,O003231,RIDER1951,33,30,23,6.3,0
D003017,O003232,RIDER2204,39,36,14,6.9,0
D003018,O003233,RIDER0225,28,25,18,5.6,0
D003019,O003234,RIDER0046,30,61,22,3.1,31
D003020,O003235,RIDER0151,62,71,37,4.7,9
D003021,O003236,RIDER0595,44,76,21,8.5,32
D003022,O003237,RIDER1286,39,43,31,3.9,4
D003023,O003239,RIDER2411,31,51,38,11.1,20
D003024,O003240,RIDER0189,26,22,19,6.8,0
D003025,O003241,RIDER0865,41,52,38,2.9,11
D003026,O003242,RIDER1914,45,71,14,2.6,26
D003027,O003243,RIDER0684,39,67,16,3.1,28
D003028,O003244,RIDER0041,26,28,36,2.6,2
D003029,O003245,RIDER2073,27,23,19,4.6,0
D003030,O003246,RIDER1519,65,75,30,1.0,10
D003031,O003247,RIDER1884,29,63,15,1.0,34
D003032,O003248,RIDER1427,28,55,16,1.9,27
D003033,O003250,RIDER1299,33,32,18,1.2,0
D003034,O003251,RIDER0363,35,68,35,16.8,33
D003035,O003252,RIDER0648,30,29,39,4.3,0
D003036,O003253,RIDER1655,32,46,34,3.4,14
D003037,O003254,RIDER1837,25,27,15,3.3,2
D003038,O003255,RIDER0665,25,35,28,2.0,10
D003039,O003256,RIDER1791,28,26,21,1.2,0
D003040,O003257,RIDER1538,40,39,34,5.0,0
D003041,O003258,RIDER1966,32,37,23,2.7,5
D003042,O003259,RIDER0017,34,33,38,4.3,0
D003043,O003260,RIDER1698,44,77,36,2.3,33
D003044,O003261,RIDER1139,27,34,27,1.8,7
D003045,O003262,RIDER2194,47,80,14,4.3,33
D003046,O003263,RIDER1745,26,24,14,5.0,0
D003047,O003264,RIDER0548,21,20,34,2.0,0
D003048,O003265,RIDER2329,26,42,14,8.9,16
D003049,O003266,RIDER1220,36,66,30,7.6,30
D003050,O003267,RIDER0391,24,20,14,2.0,0
D003051,O003268,RIDER0782,21,23,16,0.3,2
D003052,O003269,RIDER1367,29,39,23,3.7,10
D003053,O003270,RIDER1084,35,65,26,4.9,30
D003054,O003272,RIDER2406,20,26,35,7.3,6
D003055,O003273,RIDER0713,21,20,31,1.3,0
D003056,O003274,RIDER1152,33,36,29,2.2,3
D003057,O003275,RIDER2267,37,33,36,3.0,0
D003058,O003276,RIDER1066,31,39,42,1.4,8
D003059,O003277,RIDER1018,36,31,15,3.4,0
D003060,O003278,RIDER0856,44,53,17,0.3,9
D003061,O003279,RIDER0696,37,32,14,1.4,0
D003062,O003280,RIDER2457,37,43,26,3.4,6
D003063,O003282,RIDER2255,30,34,38,4.6,4
D003064,O003283,RIDER2152,24,58,36,5.9,34
D003065,O003284,RIDER0824,40,38,24,1.8,0
D003066,O003285,RIDER1447,32,27,15,2.8,0
D003067,O003286,RIDER2248,38,61,42,1.6,23
D003068,O003287,RIDER1248,34,36,31,1.6,2
D003069,O003288,RIDER0715,42,50,18,2.3,8
D003070,O003289,RIDER2009,48,55,38,2.5,7
D003071,O003290,RIDER2303,33,35,38,9.4,2
D003072,O003291,RIDER2165,49,53,18,1.1,4
D003073,O003292,RIDER1585,52,74,31,0.8,22
D003074,O003293,RIDER1369,40,54,24,0.4,14
D003075,O003294,RIDER2331,56,76,41,4.1,20
D003076,O003295,RIDER0734,28,32,34,1.4,4
D003077,O003296,RIDER2225,39,36,41,3.6,0
D003078,O003297,RIDER2438,31,31,22,6.7,0
D003079,O003298,RIDER1464,24,48,21,0.0,24
D003080,O003299,RIDER2328,41,44,32,5.2,3
D003081,O003300,RIDER1018,40,68,28,0.8,28
D003082,O003301,RIDER1232,25,31,36,0.8,6
D003083,O003302,RIDER1377,30,49,16,5.2,19
D003084,O003303,RIDER2467,34,56,29,7.7,22
D003085,O003304,RIDER0836,27,61,18,8.2,34
D003086,O003305,RIDER0365,58,64,27,0.4,6
D003087,O003306,RIDER1355,26,33,30,2.1,7
D003088,O003307,RIDER1321,33,30,21,3.2,0
D003089,O003308,RIDER0860,42,42,25,3.0,0
D003090,O003309,RIDER1831,31,36,29,4.9,5
D003091,O003310,RIDER2492,45,54,40,0.6,9
D003092,O003311,RIDER2484,30,50,18,2.8,20
D003093,O003312,RIDER0869,24,29,37,0.0,5
D003094,O003313,RIDER0451,28,31,32,2.0,3
D003095,O003314,RIDER2125,32,29,22,0.2,0
D003096,O003315,RIDER0910,29,32,38,3.1,3
D003097,O003316,RIDER1005,39,65,36,0.5,26
D003098,O003317,RIDER1628,48,53,37,3.1,5
D003099,O003318,RIDER2193,65,84,27,6.9,19
D003100,O003319,RIDER2183,38,33,29,0.5,0
D003101,O003320,RIDER1754,41,44,16,1.9,3
D003102,O003321,RIDER0850,34,37,15,1.8,3
D003103,O003322,RIDER1340,27,32,14,3.2,5
D003104,O003323,RIDER0866,25,47,32,4.2,22
D003105,O003324,RIDER0455,27,25,25,0.6,0
D003106,O003325,RIDER1102,24,35,15,1.6,11
D003107,O003326,RIDER0814,28,25,21,7.8,0
D003108,O003327,RIDER1123,23,50,19,2.8,27
D003109,O003328,RIDER0944,27,53,37,3.3,26
D003110,O003329,RIDER1743,33,66,37,5.4,33
D003111,O003331,RIDER0614,22,19,38,4.1,0
D003112,O003332,RIDER0249,17,43,29,0.2,26
D003113,O003333,RIDER0395,34,68,37,5.4,34
D003114,O003334,RIDER1477,32,35,31,1.7,3
D003115,O003335,RIDER0022,26,26,42,0.8,0
D003116,O003336,RIDER1988,37,69,19,5.0,32
D003117,O003337,RIDER0838,25,29,40,4.7,4
D003118,O003338,RIDER2433,19,27,17,3.2,8
D003119,O003339,RIDER1941,43,49,17,0.9,6
D003120,O003340,RIDER0449,28,24,23,2.0,0
D003121,O003341,RIDER0200,18,24,33,2.5,6
D003122,O003342,RIDER0629,30,31,18,5.5,1
D003123,O003343,RIDER1753,23,19,41,2.9,0
D003124,O003344,RIDER0083,53,52,25,3.5,0
D003125,O003345,RIDER1924,41,74,30,0.4,33
D003126,O003346,RIDER2223,35,69,32,11.8,34
D003127,O003347,RIDER1071,30,31,22,8.4,1
D003128,O003348,RIDER1107,37,44,18,2.7,7
D003129,O003349,RIDER1015,31,27,19,2.2,0
D003130,O003350,RIDER0123,32,37,15,2.6,5
D003131,O003351,RIDER1181,31,31,38,4.0,0
D003132,O003352,RIDER1112,38,41,30,5.0,3
D003133,O003353,RIDER1851,41,70,37,6.9,29
D003134,O003354,RIDER1174,41,42,41,2.9,1
D003135,O003355,RIDER1289,22,21,37,3.7,0
D003136,O003356,RIDER1298,40,72,21,3.1,32
D003137,O003357,RIDER1251,35,45,18,1.3,10
D003138,O003359,RIDER0996,46,72,33,4.1,26
D003139,O003360,RIDER0678,39,67,14,2.3,28
D003140,O003361,RIDER1474,39,41,28,2.8,2
D003141,O003362,RIDER1436,40,48,18,1.1,8
D003142,O003363,RIDER1030,26,55,22,2.9,29
D003143,O003364,RIDER1326,31,53,21,1.2,22
D003144,O003365,RIDER0280,32,65,36,6.4,33
D003145,O003366,RIDER1715,24,31,27,4.0,7
D003146,O003367,RIDER1443,64,59,15,8.7,0
D003147,O003368,RIDER2087,40,70,33,4.5,30
D003148,O003369,RIDER2121,40,43,39,0.4,3
D003149,O003370,RIDER2429,44,64,23,1.2,20
D003150,O003371,RIDER0551,31,37,20,1.1,6
D003151,O003372,RIDER2430,40,59,15,7.7,19
D003152,O003375,RIDER1169,26,23,29,0.1,0
D003153,O003376,RIDER0785,46,73,14,2.7,27
D003154,O003378,RIDER0905,40,36,41,2.1,0
D003155,O003379,RIDER1889,37,41,42,1.6,4
D003156,O003380,RIDER0117,20,16,15,2.2,0
D003157,O003381,RIDER0348,27,59,34,4.1,32
D003158,O003382,RIDER1668,41,38,19,0.9,0
D003159,O003383,RIDER1342,47,47,18,0.9,0
D003160,O003384,RIDER1131,24,21,37,3.2,0
D003161,O003385,RIDER0907,48,44,21,1.3,0
D003162,O003386,RIDER0487,31,31,19,1.0,0
D003163,O003387,RIDER1040,25,32,26,4.9,7
D003164,O003388,RIDER0136,39,61,30,2.1,22
D003165,O003389,RIDER2098,63,77,14,2.3,14
D003166,O003390,RIDER0219,19,25,15,4.5,6
D003167,O003391,RIDER0070,30,36,16,3.3,6
D003168,O003392,RIDER0575,25,28,37,8.8,3
D003169,O003393,RIDER1172,37,64,15,1.2,27
D003170,O003395,RIDER1594,23,30,30,4.2,7
D003171,O003396,RIDER1866,41,57,38,8.1,16
D003172,O003397,RIDER0435,30,30,31,0.8,0
D003173,O003398,RIDER1636,27,53,18,6.5,26
D003174,O003399,RIDER0784,22,38,16,2.4,16
D003175,O003400,RIDER0822,28,34,35,5.8,6
D003176,O003401,RIDER0357,29,45,25,4.9,16
D003177,O003402,RIDER0822,27,28,28,1.0,1
D003178,O003403,RIDER0396,35,50,15,2.9,15
D003179,O003404,RIDER1336,27,32,14,1.7,5
D003180,O003405,RIDER1256,18,36,33,1.7,18
D003181,O003406,RIDER0515,46,67,35,1.6,21
D003182,O003408,RIDER0248,31,65,42,3.7,34
D003183,O003409,RIDER2389,25,26,15,1.4,1
D003184,O003410,RIDER0669,26,33,33,6.1,7
D003185,O003411,RIDER1075,34,46,31,5.0,12
D003186,O003412,RIDER1595,64,69,30,5.0,5
D003187,O003413,RIDER1593,63,69,33,5.0,6
D003188,O003414,RIDER0302,23,30,40,4.7,7
D003189,O003415,RIDER0707,38,34,23,4.6,0
D003190,O003416,RIDER1286,57,58,40,2.6,1
D003191,O003417,RIDER0146,43,42,14,5.0,0
D003192,O003418,RIDER0109,21,22,40,0.7,1
D003193,O003419,RIDER1983,34,45,14,3.7,11
D003194,O003420,RIDER0706,28,35,15,6.0,7
D003195,O003421,RIDER0318,42,55,20,0.6,13
D003196,O003422,RIDER0234,50,56,22,1.2,6
D003197,O003423,RIDER1582,40,66,16,6.0,26
D003198,O003424,RIDER0513,31,34,21,4.2,3
D003199,O003425,RIDER0023,40,44,27,0.6,4
D003200,O003426,RIDER1185,40,61,31,1.5,21
D003201,O003427,RIDER0049,44,42,35,5.5,0
D003202,O003428,RIDER1043,26,54,38,2.8,28
D003203,O003429,RIDER0675,22,21,23,6.0,0
D003204,O003430,RIDER1949,28,26,22,5.1,0
D003205,O003431,RIDER1988,43,61,39,3.2,18
D003206,O003432,RIDER1617,24,25,23,5.3,1
D003207,O003433,RIDER0751,24,46,29,3.0,22
D003208,O003434,RIDER0092,32,39,16,1.3,7
D003209,O003435,RIDER0977,33,29,31,6.1,0
D003210,O003436,RIDER2479,69,97,26,7.4,28
D003211,O003438,RIDER0545,25,26,21,3.4,1
D003212,O003439,RIDER2000,51,48,33,3.5,0
D003213,O003440,RIDER1015,22,23,21,1.0,1
D003214,O003441,RIDER1944,31,54,30,3.7,23
D003215,O003442,RIDER1113,46,49,25,0.7,3
D003216,O003443,RIDER0774,31,33,40,3.9,2
D003217,O003444,RIDER0907,25,28,14,4.8,3
D003218,O003445,RIDER2320,26,26,14,0.5,0
D003219,O003446,RIDER2483,25,36,15,6.7,11
D003220,O003447,RIDER0076,38,47,29,1.6,9
D003221,O003448,RIDER2038,41,64,27,3.6,23
D003222,O003449,RIDER1914,25,57,19,2.7,32
D003223,O003450,RIDER1592,55,52,41,3.1,0
D003224,O003451,RIDER0399,28,24,27,1.0,0
D003225,O003452,RIDER2286,25,30,15,1.1,5
D003226,O003453,RIDER0061,34,32,22,1.9,0
D003227,O003454,RIDER0849,30,25,38,0.6,0
D003228,O003455,RIDER0669,34,30,25,1.4,0
D003229,O003456,RIDER1135,34,32,38,2.9,0
D003230,O003457,RIDER1930,44,41,42,2.2,0
D003231,O003458,RIDER2355,26,35,39,1.0,9
D003232,O003459,RIDER1994,39,45,15,2.6,6
D003233,O003460,RIDER2074,49,65,23,5.4,16
D003234,O003461,RIDER0070,22,42,38,4.0,20
D003235,O003462,RIDER0417,28,24,14,1.4,0
D003236,O003463,RIDER2067,25,27,38,7.8,2
D003237,O003464,RIDER0184,39,42,40,1.1,3
D003238,O003465,RIDER1921,27,31,34,0.5,4
D003239,O003466,RIDER1502,34,40,18,3.6,6
D003240,O003467,RIDER0780,32,60,20,4.1,28
D003241,O003468,RIDER0419,17,20,27,4.8,3
D003242,O003469,RIDER0957,29,24,32,2.7,0
D003243,O003470,RIDER0414,34,44,28,7.1,10
D003244,O003471,RIDER1394,47,71,31,12.4,24
D003245,O003472,RIDER2210,67,74,33,3.7,7
D003246,O003473,RIDER2474,45,46,25,0.3,1
D003247,O003474,RIDER0076,38,49,15,6.1,11
D003248,O003475,RIDER0714,27,40,24,0.6,13
D003249,O003476,RIDER1563,26,28,36,2.9,2
D003250,O003477,RIDER2029,44,46,24,1.2,2
D003251,O003478,RIDER0473,33,45,41,4.2,12
D003252,O003479,RIDER2328,28,27,31,0.8,0
D003253,O003480,RIDER1774,25,51,31,4.2,26
D003254,O003481,RIDER1477,20,17,32,1.4,0
D003255,O003482,RIDER1458,40,42,41,4.7,2
D003256,O003483,RIDER0240,27,61,14,3.4,34
D003257,O003484,RIDER2140,38,45,22,4.4,7
D003258,O003485,RIDER0324,27,34,14,1.7,7
D003259,O003486,RIDER0872,64,67,27,2.9,3
D003260,O003487,RIDER2292,30,37,37,3.9,7
D003261,O003488,RIDER2203,44,45,34,0.8,1
D003262,O003489,RIDER0294,22,19,28,0.1,0
D003263,O003491,RIDER0335,23,48,30,3.9,25
D003264,O003492,RIDER1843,32,33,15,1.7,1
D003265,O003493,RIDER0368,39,35,21,4.4,0
D003266,O003494,RIDER1946,31,29,15,5.1,0
D003267,O003495,RIDER1288,33,36,37,0.6,3
D003268,O003496,RIDER1112,40,62,23,1.3,22
D003269,O003497,RIDER0732,20,21,31,3.7,1
D003270,O003498,RIDER0017,27,32,35,5.8,5
D003271,O003499,RIDER0324,41,44,36,2.3,3
D003272,O003500,RIDER0971,49,73,36,3.7,24
D003273,O003501,RIDER2233,49,71,15,2.5,22
D003274,O003503,RIDER0211,36,34,27,7.0,0
D003275,O003504,RIDER1022,28,35,17,1.3,7
D003276,O003505,RIDER1833,33,30,41,1.7,0
D003277,O003506,RIDER0826,25,24,19,1.3,0
D003278,O003507,RIDER1575,32,32,25,4.2,0
D003279,O003508,RIDER2419,32,60,29,6.9,28
D003280,O003509,RIDER0711,43,72,15,0.6,29
D003281,O003510,RIDER2493,40,58,24,1.6,18
D003282,O003511,RIDER0808,42,42,14,2.2,0
D003283,O003512,RIDER1942,36,59,24,3.1,23
D003284,O003513,RIDER1610,26,23,22,0.4,0
D003285,O003514,RIDER1672,62,59,14,0.5,0
D003286,O003515,RIDER2454,36,61,28,6.2,25
D003287,O003516,RIDER1733,29,34,28,1.1,5
D003288,O003517,RIDER1567,20,19,16,10.3,0
D003289,O003520,RIDER0797,34,37,41,6.0,3
D003290,O003521,RIDER2419,29,27,16,4.9,0
D003291,O003523,RIDER0375,27,31,28,0.9,4
D003292,O003524,RIDER0186,26,55,33,0.5,29
D003293,O003525,RIDER1334,24,48,33,0.6,24
D003294,O003526,RIDER0451,30,35,38,0.6,5
D003295,O003527,RIDER0794,37,35,25,1.0,0
D003296,O003528,RIDER2347,30,25,21,2.3,0
D003297,O003529,RIDER0374,58,65,22,4.9,7
D003298,O003530,RIDER0637,26,30,24,8.4,4
D003299,O003531,RIDER0839,24,34,15,4.0,10
D003300,O003532,RIDER1897,60,84,40,1.0,24
D003301,O003533,RIDER0948,26,29,31,5.2,3
D003302,O003534,RIDER0254,24,25,31,3.3,1
D003303,O003535,RIDER0953,34,29,35,4.0,0
D003304,O003536,RIDER1899,32,61,32,1.1,29
D003305,O003538,RIDER0696,28,37,20,1.4,9
D003306,O003539,RIDER2340,46,53,16,2.9,7
D003307,O003540,RIDER1110,44,47,15,3.2,3
D003308,O003541,RIDER1537,39,42,29,4.8,3
D003309,O003542,RIDER1392,29,36,29,3.6,7
D003310,O003543,RIDER1009,27,48,39,4.3,21
D003311,O003544,RIDER0432,40,37,24,2.0,0
D003312,O003545,RIDER2272,28,56,36,3.2,28
D003313,O003546,RIDER0055,44,46,15,0.8,2
D003314,O003547,RIDER0893,23,27,27,0.9,4
D003315,O003548,RIDER2432,37,57,31,6.1,20
D003316,O003550,RIDER1089,30,31,32,0.2,1
D003317,O003551,RIDER0757,47,50,31,0.2,3
D003318,O003552,RIDER0710,31,51,35,6.5,20
D003319,O003553,RIDER0562,28,33,21,3.8,5
D003320,O003554,RIDER2010,30,27,31,2.8,0
D003321,O003555,RIDER1904,18,29,27,3.8,11
D003322,O003556,RIDER2045,31,28,38,5.7,0
D003323,O003558,RIDER2169,33,60,36,1.7,27
D003324,O003559,RIDER0236,29,27,31,6.0,0
D003325,O003561,RIDER1541,24,45,31,8.2,21
D003326,O003563,RIDER0909,63,70,16,1.1,7
D003327,O003564,RIDER0424,26,23,18,1.7,0
D003328,O003565,RIDER0984,38,36,28,2.1,0
D003329,O003566,RIDER0934,28,27,29,2.2,0
D003330,O003568,RIDER0893,24,53,39,3.5,29
D003331,O003569,RIDER0094,18,44,29,4.7,26
D003332,O003570,RIDER1261,23,29,42,7.6,6
D003333,O003571,RIDER0070,33,30,38,5.1,0
D003334,O003572,RIDER1502,49,50,14,1.6,1
D003335,O003573,RIDER1557,34,32,28,1.2,0
D003336,O003574,RIDER0573,32,32,36,3.0,0
D003337,O003575,RIDER1102,40,46,14,2.1,6
D003338,O003576,RIDER0197,29,40,17,3.9,11
D003339,O003578,RIDER1889,39,43,31,1.7,4
D003340,O003579,RIDER0896,39,43,28,2.4,4
D003341,O003580,RIDER0146,29,27,30,0.2,0
D003342,O003581,RIDER1501,44,62,14,3.0,18
D003343,O003582,RIDER0980,39,45,25,3.4,6
D003344,O003583,RIDER0779,45,47,36,4.5,2
D003345,O003584,RIDER2140,28,51,22,2.4,23
D003346,O003586,RIDER1526,54,56,29,0.9,2
D003347,O003587,RIDER1735,33,62,18,0.5,29
D003348,O003588,RIDER0912,32,27,37,6.6,0
D003349,O003589,RIDER1628,29,24,21,2.7,0
D003350,O003590,RIDER2329,24,20,42,8.1,0
D003351,O003591,RIDER1232,35,57,16,4.7,22
D003352,O003592,RIDER2094,41,71,18,1.5,30
D003353,O003593,RIDER1901,28,50,36,2.2,22
D003354,O003594,RIDER1191,42,48,34,3.8,6
D003355,O003595,RIDER0203,22,28,25,0.2,6
D003356,O003596,RIDER1644,41,44,29,3.0,3
D003357,O003597,RIDER0274,21,26,18,2.5,5
D003358,O003598,RIDER0519,32,38,17,1.0,6
D003359,O003599,RIDER2394,26,22,21,1.7,0
D003360,O003600,RIDER0867,28,52,25,0.3,24
D003361,O003601,RIDER0002,42,47,15,4.4,5
D003362,O003602,RIDER0499,26,27,41,2.2,1
D003363,O003603,RIDER1211,28,26,31,0.4,0
D003364,O003604,RIDER0794,26,35,39,1.8,9
D003365,O003605,RIDER2280,67,78,22,4.7,11
D003366,O003606,RIDER1599,39,60,21,1.4,21
D003367,O003607,RIDER0207,34,56,25,0.9,22
D003368,O003608,RIDER0414,33,57,35,6.3,24
D003369,O003609,RIDER1791,49,63,15,2.1,14
D003370,O003610,RIDER0333,35,59,19,3.4,24
D003371,O003611,RIDER1404,33,51,31,2.5,18
D003372,O003612,RIDER1255,35,32,24,1.9,0
D003373,O003613,RIDER2368,23,49,19,6.4,26
D003374,O003614,RIDER1403,34,67,35,0.8,33
D003375,O003615,RIDER1265,34,29,21,1.0,0
D003376,O003616,RIDER1629,36,43,14,1.1,7
D003377,O003618,RIDER1593,31,35,27,1.4,4
D003378,O003619,RIDER0315,26,47,27,5.6,21
D003379,O003620,RIDER0221,31,37,41,3.9,6
D003380,O003621,RIDER0735,46,45,14,3.7,0
D003381,O003622,RIDER0379,38,59,23,5.4,21
D003382,O003623,RIDER0196,31,27,36,5.7,0
D003383,O003624,RIDER1935,41,38,28,5.4,0
D003384,O003625,RIDER2117,33,40,22,3.2,7
D003385,O003626,RIDER0251,30,30,37,0.6,0
D003386,O003627,RIDER2120,30,37,21,2.6,7
D003387,O003628,RIDER0132,18,38,20,1.5,20
D003388,O003629,RIDER1871,53,60,37,2.8,7
D003389,O003630,RIDER0355,21,23,28,0.4,2
D003390,O003631,RIDER2220,34,38,26,2.6,4
D003391,O003632,RIDER2130,25,27,29,5.4,2
D003392,O003634,RIDER0174,33,39,18,5.6,6
D003393,O003635,RIDER1831,31,38,32,7.2,7
D003394,O003636,RIDER1087,29,34,20,5.3,5
D003395,O003637,RIDER1225,31,54,29,1.4,23
D003396,O003638,RIDER0410,24,26,37,4.3,2
D003397,O003639,RIDER1783,38,44,33,7.9,6
D003398,O003640,RIDER1832,26,29,38,0.3,3
D003399,O003641,RIDER1253,33,39,19,3.3,6
D003400,O003642,RIDER1438,32,30,16,1.9,0
D003401,O003643,RIDER1827,29,50,39,9.8,21
D003402,O003644,RIDER0623,45,75,25,0.6,30
D003403,O003645,RIDER1802,36,44,38,1.4,8
D003404,O003646,RIDER0218,35,58,31,2.1,23
D003405,O003647,RIDER1746,20,26,30,1.0,6
D003406,O003648,RIDER0430,20,53,31,6.5,33
D003407,O003649,RIDER2084,23,28,35,6.8,5
D003408,O003650,RIDER0152,29,32,28,1.6,3
D003409,O003651,RIDER2491,24,46,31,1.0,22
D003410,O003652,RIDER1462,24,27,16,1.9,3
D003411,O003653,RIDER1003,21,36,31,2.0,15
D003412,O003654,RIDER2168,36,32,32,8.3,0
D003413,O003655,RIDER0027,48,78,16,3.4,30
D003414,O003656,RIDER2085,41,68,19,0.4,27
D003415,O003657,RIDER0715,27,22,33,0.6,0
D003416,O003658,RIDER0516,34,31,15,0.7,0
D003417,O003659,RIDER0160,22,26,32,0.9,4
D003418,O003660,RIDER2480,33,36,37,4.5,3
D003419,O003661,RIDER0513,55,54,29,1.9,0
D003420,O003662,RIDER1357,20,43,25,5.7,23
D003421,O003663,RIDER1475,34,53,29,1.6,19
D003422,O003665,RIDER0939,22,39,24,2.1,17
D003423,O003666,RIDER1649,40,40,36,1.8,0
D003424,O003667,RIDER0025,23,20,29,3.1,0
D003425,O003668,RIDER0334,46,71,24,2.8,25
D003426,O003669,RIDER2097,22,28,27,1.5,6
D003427,O003670,RIDER0856,34,38,14,1.1,4
D003428,O003671,RIDER0288,35,35,16,1.8,0
D003429,O003672,RIDER2137,23,30,19,4.1,7
D003430,O003673,RIDER2170,40,44,15,0.6,4
D003431,O003674,RIDER2072,34,30,16,3.9,0
D003432,O003675,RIDER2165,37,36,38,4.8,0
D003433,O003676,RIDER1195,27,22,38,0.4,0
D003434,O003677,RIDER2249,30,32,38,2.5,2
D003435,O003678,RIDER1553,60,67,28,10.0,7
D003436,O003679,RIDER0317,23,22,37,9.5,0
D003437,O003680,RIDER0831,24,29,42,2.6,5
D003438,O003681,RIDER2233,44,45,15,2.7,1
D003439,O003682,RIDER0310,33,51,21,3.6,18
D003440,O003683,RIDER2004,28,57,24,5.3,29
D003441,O003684,RIDER0452,41,50,28,0.8,9
D003442,O003685,RIDER0462,28,32,37,2.2,4
D003443,O003686,RIDER2437,29,42,25,6.5,13
D003444,O003687,RIDER1838,31,35,33,1.3,4
D003445,O003688,RIDER0420,28,26,33,1.5,0
D003446,O003689,RIDER0078,22,28,41,2.2,6
D003447,O003690,RIDER0767,28,23,25,0.7,0
D003448,O003691,RIDER2329,29,32,36,0.7,3
D003449,O003692,RIDER0399,45,46,16,3.2,1
D003450,O003693,RIDER0115,59,66,25,2.3,7
D003451,O003694,RIDER0211,51,72,37,0.2,21
D003452,O003695,RIDER2115,23,47,21,6.4,24
D003453,O003696,RIDER1777,41,39,21,1.1,0
D003454,O003697,RIDER1169,28,50,32,5.9,22
D003455,O003698,RIDER1103,26,51,14,4.7,25
D003456,O003699,RIDER2325,20,21,16,3.2,1
D003457,O003700,RIDER1105,26,29,14,3.4,3
D003458,O003701,RIDER1139,23,24,33,8.2,1
D003459,O003702,RIDER2146,27,36,20,1.8,9
D003460,O003703,RIDER2482,41,39,22,4.1,0
D003461,O003704,RIDER2191,44,58,42,1.8,14
D003462,O003705,RIDER1950,41,46,19,1.0,5
D003463,O003706,RIDER0046,58,87,23,0.9,29
D003464,O003708,RIDER0694,49,62,19,4.5,13
D003465,O003709,RIDER1447,23,18,15,2.3,0
D003466,O003710,RIDER0550,41,61,31,1.3,20
D003467,O003711,RIDER1206,42,58,37,4.7,16
D003468,O003712,RIDER2498,25,29,34,6.3,4
D003469,O003713,RIDER1119,21,20,29,2.7,0
D003470,O003714,RIDER0332,62,58,38,0.7,0
D003471,O003715,RIDER1034,34,41,38,6.6,7
D003472,O003717,RIDER0849,52,76,17,1.2,24
D003473,O003718,RIDER2116,32,32,23,1.4,0
D003474,O003719,RIDER1998,24,25,22,5.4,1
D003475,O003720,RIDER1738,24,52,19,2.9,28
D003476,O003721,RIDER0512,32,39,29,0.3,7
D003477,O003722,RIDER2023,46,49,14,3.3,3
D003478,O003723,RIDER1637,26,27,39,3.6,1
D003479,O003724,RIDER2048,24,41,36,1.2,17
D003480,O003725,RIDER2050,34,54,36,4.0,20
D003481,O003726,RIDER0585,61,65,27,1.1,4
D003482,O003727,RIDER2118,49,74,27,9.1,25
D003483,O003728,RIDER2072,22,29,34,4.4,7
D003484,O003729,RIDER0146,28,24,18,2.8,0
D003485,O003731,RIDER2348,35,42,29,4.1,7
D003486,O003732,RIDER0799,29,55,33,1.1,26
D003487,O003733,RIDER0266,33,65,42,0.2,32
D003488,O003734,RIDER2136,26,23,35,1.4,0
D003489,O003735,RIDER0193,24,24,21,6.1,0
D003490,O003736,RIDER0911,32,36,29,3.9,4
D003491,O003737,RIDER0496,40,68,37,2.7,28
D003492,O003739,RIDER1297,28,59,24,4.1,31
D003493,O003740,RIDER0337,22,27,19,1.4,5
D003494,O003741,RIDER1630,36,38,17,2.8,2
D003495,O003742,RIDER1462,40,47,21,1.8,7
D003496,O003743,RIDER0779,45,40,35,6.7,0
D003497,O003744,RIDER0545,29,57,36,1.7,28
D003498,O003745,RIDER2066,35,38,25,3.4,3
D003499,O003746,RIDER0372,25,32,21,0.1,7
D003500,O003748,RIDER2213,29,28,30,1.0,0
D003501,O003749,RIDER2355,31,29,29,1.0,0
D003502,O003750,RIDER0899,33,30,37,0.9,0
D003503,O003751,RIDER0095,61,88,30,5.7,27
D003504,O003752,RIDER1326,20,21,25,3.4,1
D003505,O003753,RIDER1401,34,32,38,1.5,0
D003506,O003754,RIDER1299,33,60,41,2.0,27
D003507,O003755,RIDER1382,24,28,37,1.5,4
D003508,O003757,RIDER1805,51,77,14,3.5,26
D003509,O003758,RIDER0722,34,39,33,5.7,5
D003510,O003759,RIDER0837,28,26,40,6.1,0
D003511,O003760,RIDER0788,28,35,15,5.1,7
D003512,O003761,RIDER0697,34,48,31,1.0,14
D003513,O003762,RIDER1865,49,78,18,2.7,29
D003514,O003763,RIDER1414,38,58,25,6.9,20
D003515,O003764,RIDER0380,32,33,35,1.4,1
D003516,O003765,RIDER1720,35,40,40,3.7,5
D003517,O003766,RIDER1608,33,38,30,4.7,5
D003518,O003767,RIDER0333,46,72,36,4.3,26
D003519,O003768,RIDER2253,31,35,31,7.0,4
D003520,O003769,RIDER1761,64,90,33,0.9,26
D003521,O003770,RIDER0685,22,24,16,11.4,2
D003522,O003771,RIDER1323,33,37,15,6.3,4
D003523,O003772,RIDER1556,26,28,24,0.4,2
D003524,O003773,RIDER1612,43,48,25,3.1,5
D003525,O003774,RIDER1483,40,45,30,1.5,5
D003526,O003775,RIDER2473,27,39,23,0.8,12
D003527,O003776,RIDER1074,27,26,38,5.7,0
D003528,O003777,RIDER1703,38,33,38,2.5,0
D003529,O003778,RIDER0097,45,43,17,0.6,0
D003530,O003779,RIDER1321,49,54,18,4.7,5
D003531,O003780,RIDER1816,30,30,33,4.7,0
D003532,O003781,RIDER1262,36,54,15,2.7,18
D003533,O003782,RIDER0896,34,38,15,6.5,4
D003534,O003783,RIDER1974,24,20,14,6.3,0
D003535,O003784,RIDER2295,33,40,15,0.2,7
D003536,O003785,RIDER1993,25,49,30,3.8,24
D003537,O003786,RIDER1964,37,49,21,2.1,12
D003538,O003787,RIDER0583,30,26,33,1.3,0
D003539,O003788,RIDER0757,32,37,14,1.8,5
D003540,O003789,RIDER0033,29,27,38,4.8,0
D003541,O003790,RIDER1260,23,26,22,10.0,3
D003542,O003791,RIDER2326,48,61,33,4.7,13
D003543,O003792,RIDER2107,21,20,21,0.7,0
D003544,O003793,RIDER1941,38,46,15,0.9,8
D003545,O003794,RIDER0505,28,32,31,5.9,4
D003546,O003795,RIDER1521,20,25,16,4.0,5
D003547,O003796,RIDER0500,25,24,15,5.4,0
D003548,O003797,RIDER2126,26,29,24,1.3,3
D003549,O003798,RIDER2358,35,39,38,2.8,4
D003550,O003800,RIDER1168,26,25,14,1.5,0
D003551,O003801,RIDER0389,40,63,39,6.7,23
D003552,O003802,RIDER2122,39,72,41,0.5,33
D003553,O003803,RIDER2008,34,50,23,5.1,16
D003554,O003804,RIDER1841,28,26,30,1.8,0
D003555,O003805,RIDER1036,30,25,37,2.8,0
D003556,O003806,RIDER1002,27,55,25,1.1,28
D003557,O003807,RIDER1334,25,25,15,2.5,0
D003558,O003808,RIDER1589,36,36,34,5.2,0
D003559,O003809,RIDER0770,37,51,14,6.2,14
D003560,O003811,RIDER1994,32,55,41,5.2,23
D003561,O003812,RIDER0275,26,30,14,1.2,4
D003562,O003813,RIDER1332,29,50,25,4.9,21
D003563,O003814,RIDER0588,23,46,36,4.2,23
D003564,O003815,RIDER0551,22,18,38,2.5,0
D003565,O003816,RIDER1122,69,74,28,2.6,5
D003566,O003817,RIDER1314,29,28,31,6.1,0
D003567,O003818,RIDER1859,45,72,34,4.7,27
D003568,O003819,RIDER0581,21,17,37,1.2,0
D003569,O003820,RIDER1416,30,52,38,1.8,22
D003570,O003821,RIDER1031,29,25,14,3.5,0
D003571,O003822,RIDER1477,51,55,40,0.5,4
D003572,O003823,RIDER0202,29,46,15,3.4,17
D003573,O003824,RIDER0258,25,32,24,3.8,7
D003574,O003825,RIDER0402,33,38,20,2.5,5
D003575,O003826,RIDER0688,29,29,37,2.4,0
D003576,O003827,RIDER0791,26,31,21,0.3,5
D003577,O003828,RIDER1436,31,33,38,4.3,2
D003578,O003829,RIDER1694,26,24,29,0.2,0
D003579,O003830,RIDER1928,33,59,36,5.1,26
D003580,O003831,RIDER1693,48,54,23,3.2,6
D003581,O003832,RIDER1407,37,33,14,4.7,0
D003582,O003833,RIDER1766,39,45,14,2.8,6
D003583,O003834,RIDER1349,28,49,27,1.2,21
D003584,O003835,RIDER0794,24,50,37,4.1,26
D003585,O003836,RIDER2382,27,27,37,2.4,0
D003586,O003837,RIDER0728,36,40,38,2.0,4
D003587,O003838,RIDER1346,21,22,18,1.3,1
D003588,O003839,RIDER1128,34,31,17,4.4,0
D003589,O003840,RIDER1259,26,30,28,1.0,4
D003590,O003841,RIDER1105,38,33,42,4.0,0
D003591,O003842,RIDER2140,25,22,25,1.7,0
D003592,O003843,RIDER1900,24,22,30,6.8,0
D003593,O003845,RIDER1151,56,58,35,6.5,2
D003594,O003846,RIDER2315,26,27,27,3.6,1
D003595,O003847,RIDER0642,20,16,20,4.7,0
D003596,O003848,RIDER0522,28,24,23,2.6,0
D003597,O003849,RIDER0710,35,37,28,6.1,2
D003598,O003850,RIDER0350,31,31,17,5.6,0
D003599,O003851,RIDER1900,34,61,32,0.9,27
D003600,O003852,RIDER2394,28,23,30,2.6,0
D003601,O003853,RIDER0594,37,40,16,1.7,3
D003602,O003854,RIDER0622,25,48,33,5.7,23
D003603,O003855,RIDER1910,29,43,40,3.2,14
D003604,O003856,RIDER0970,44,62,38,7.4,18
D003605,O003857,RIDER2435,23,25,19,2.0,2
D003606,O003858,RIDER0664,47,47,31,0.2,0
D003607,O003859,RIDER2357,49,66,36,1.7,17
D003608,O003860,RIDER1934,33,34,24,2.1,1
D003609,O003861,RIDER1941,39,41,35,5.9,2
D003610,O003862,RIDER2464,46,56,24,8.1,10
D003611,O003863,RIDER1767,31,51,42,1.7,20
D003612,O003864,RIDER0382,48,78,15,8.4,30
D003613,O003865,RIDER0440,38,44,30,1.7,6
D003614,O003866,RIDER1006,26,56,14,0.3,30
D003615,O003867,RIDER0805,53,56,15,3.6,3
D003616,O003868,RIDER0547,38,71,16,1.6,33
D003617,O003870,RIDER0843,40,38,28,2.5,0
D003618,O003871,RIDER1660,26,50,14,3.2,24
D003619,O003872,RIDER1525,32,45,38,11.4,13
D003620,O003873,RIDER0892,32,64,30,5.8,32
D003621,O003874,RIDER1920,20,25,40,0.5,5
D003622,O003875,RIDER1944,24,30,41,2.7,6
D003623,O003876,RIDER1469,26,21,30,3.8,0
D003624,O003878,RIDER0782,29,36,31,2.4,7
D003625,O003879,RIDER0267,21,53,15,1.0,32
D003626,O003880,RIDER2296,38,35,40,2.9,0
D003627,O003881,RIDER0747,23,20,23,1.7,0
D003628,O003882,RIDER2150,33,39,18,1.2,6
D003629,O003883,RIDER2128,29,27,21,1.0,0
D003630,O003884,RIDER2152,43,69,27,5.4,26
D003631,O003885,RIDER2209,29,26,21,4.3,0
D003632,O003886,RIDER0915,32,29,23,3.0,0
D003633,O003887,RIDER0230,40,71,36,1.3,31
D003634,O003888,RIDER1806,24,29,16,0.6,5
D003635,O003889,RIDER2108,33,37,19,3.3,4
D003636,O003890,RIDER0679,29,24,29,2.2,0
D003637,O003891,RIDER0617,24,27,16,1.2,3
D003638,O003892,RIDER0535,31,30,37,5.1,0
D003639,O003893,RIDER2132,29,33,35,2.4,4
D003640,O003894,RIDER1647,39,45,21,1.4,6
D003641,O003895,RIDER1124,49,55,25,1.0,6
D003642,O003896,RIDER1350,32,39,24,2.4,7
D003643,O003897,RIDER1256,26,26,36,1.0,0
D003644,O003898,RIDER1696,22,26,17,0.8,4
D003645,O003899,RIDER1390,24,22,25,4.7,0
D003646,O003900,RIDER2209,39,36,28,2.1,0
D003647,O003901,RIDER0765,52,51,33,2.5,0
D003648,O003902,RIDER0224,31,29,14,4.4,0
D003649,O003903,RIDER2451,43,49,21,0.8,6
D003650,O003904,RIDER1801,40,60,15,0.9,20
D003651,O003905,RIDER0151,29,36,37,1.2,7
D003652,O003906,RIDER1285,20,16,22,3.9,0
D003653,O003907,RIDER0016,56,60,31,2.4,4
D003654,O003908,RIDER1656,25,20,32,0.2,0
D003655,O003909,RIDER2372,20,18,21,1.9,0
D003656,O003910,RIDER2231,30,43,29,5.1,13
D003657,O003911,RIDER0980,36,35,36,3.4,0
D003658,O003912,RIDER1403,48,57,35,3.1,9
D003659,O003913,RIDER2329,53,68,14,10.4,15
D003660,O003914,RIDER1232,36,37,41,5.3,1
D003661,O003915,RIDER1040,31,60,16,1.1,29
D003662,O003916,RIDER1848,21,19,36,9.8,0
D003663,O003917,RIDER2190,18,23,32,0.8,5
D003664,O003918,RIDER0861,32,32,41,1.5,0
D003665,O003919,RIDER1485,28,35,18,2.7,7
D003666,O003920,RIDER0318,25,38,32,2.7,13
D003667,O003921,RIDER1356,26,33,14,0.9,7
D003668,O003922,RIDER2078,31,27,18,1.6,0
D003669,O003923,RIDER2388,25,23,29,1.0,0
D003670,O003924,RIDER0750,22,52,37,3.5,30
D003671,O003925,RIDER0404,29,31,29,2.1,2
D003672,O003926,RIDER1949,28,37,36,4.4,9
D003673,O003927,RIDER1131,50,49,39,1.1,0
D003674,O003928,RIDER0357,32,56,14,4.7,24
D003675,O003929,RIDER0134,55,63,27,4.6,8
D003676,O003930,RIDER2042,27,30,31,1.6,3
D003677,O003931,RIDER0328,31,29,14,2.1,0
D003678,O003932,RIDER0716,32,32,18,0.6,0
D003679,O003933,RIDER0702,25,32,32,1.6,7
D003680,O003934,RIDER0594,35,32,42,0.9,0
D003681,O003935,RIDER1240,31,36,21,0.7,5
D003682,O003936,RIDER1938,26,33,35,2.7,7
D003683,O003937,RIDER0226,31,26,22,4.4,0
D003684,O003938,RIDER1138,26,46,37,1.6,20
D003685,O003939,RIDER0635,41,48,15,1.8,7
D003686,O003940,RIDER1011,39,51,22,2.1,12
D003687,O003941,RIDER2249,41,64,14,0.4,23
D003688,O003942,RIDER2214,50,45,28,0.6,0
D003689,O003943,RIDER1187,32,59,14,0.7,27
D003690,O003944,RIDER1714,38,44,25,2.0,6
D003691,O003945,RIDER1888,44,50,24,3.0,6
D003692,O003946,RIDER0116,22,25,25,5.3,3
D003693,O003947,RIDER0340,23,26,29,0.5,3
D003694,O003948,RIDER2159,46,70,18,8.7,24
D003695,O003949,RIDER1361,29,42,31,7.1,13
D003696,O003950,RIDER1177,51,79,14,1.3,28
D003697,O003951,RIDER2279,41,39,29,3.0,0
D003698,O003952,RIDER0067,34,37,37,1.2,3
D003699,O003953,RIDER0206,29,28,31,3.3,0
D003700,O003954,RIDER1436,38,34,16,0.3,0
D003701,O003955,RIDER1689,44,44,15,2.7,0
D003702,O003956,RIDER0554,45,67,37,4.5,22
D003703,O003957,RIDER0065,32,32,16,6.1,0
D003704,O003958,RIDER2479,31,29,40,1.0,0
D003705,O003959,RIDER0891,29,32,34,1.1,3
D003706,O003960,RIDER1060,32,35,31,1.2,3
D003707,O003961,RIDER0028,22,18,32,2.8,0
D003708,O003962,RIDER1485,29,29,19,1.8,0
D003709,O003963,RIDER1788,36,59,19,5.5,23
D003710,O003964,RIDER2338,26,43,28,6.6,17
D003711,O003965,RIDER1093,38,41,38,0.6,3
D003712,O003967,RIDER1416,37,55,24,2.4,18
D003713,O003968,RIDER0042,25,38,37,3.8,13
D003714,O003969,RIDER2358,42,45,19,4.1,3
D003715,O003970,RIDER1214,25,55,25,4.4,30
D003716,O003971,RIDER0263,31,29,42,1.7,0
D003717,O003972,RIDER1853,26,55,41,5.1,29
D003718,O003973,RIDER2270,33,29,14,1.0,0
D003719,O003974,RIDER1870,42,43,33,1.9,1
D003720,O003975,RIDER2226,24,21,31,4.1,0
D003721,O003976,RIDER1674,24,32,27,1.7,8
D003722,O003977,RIDER2186,26,45,24,0.8,19
D003723,O003978,RIDER1635,31,50,30,8.7,19
D003724,O003979,RIDER0607,36,61,30,1.6,25
D003725,O003980,RIDER2468,51,64,23,3.2,13
D003726,O003981,RIDER0803,29,29,19,1.6,0
D003727,O003982,RIDER0520,30,28,38,5.5,0
D003728,O003983,RIDER0324,30,28,33,5.7,0
D003729,O003984,RIDER0635,32,44,36,3.0,12
D003730,O003986,RIDER0354,29,27,37,0.7,0
D003731,O003987,RIDER1040,43,54,21,5.2,11
D003732,O003988,RIDER1620,48,51,31,1.4,3
D003733,O003990,RIDER0267,21,30,40,4.6,9
D003734,O003991,RIDER0038,34,38,36,5.7,4
D003735,O003992,RIDER0929,26,31,34,1.8,5
D003736,O003993,RIDER0159,52,52,29,4.4,0
D003737,O003995,RIDER0485,30,33,36,0.8,3
D003738,O003996,RIDER0731,49,45,18,6.3,0
D003739,O003997,RIDER1491,31,38,32,2.2,7
D003740,O003998,RIDER0311,37,37,32,8.2,0
D003741,O003999,RIDER0422,38,36,23,3.4,0
D003742,O004000,RIDER1094,31,37,15,6.5,6
D003743,O004001,RIDER1452,43,64,25,5.0,21
D003744,O004002,RIDER0773,62,62,31,1.9,0
D003745,O004003,RIDER1660,23,21,27,1.3,0
D003746,O004004,RIDER2038,34,66,23,4.8,32
D003747,O004006,RIDER2103,60,87,32,4.1,27
D003748,O004007,RIDER0152,34,33,25,0.3,0
D003749,O004008,RIDER1737,70,86,16,0.7,16
D003750,O004009,RIDER1027,34,33,22,6.7,0
D003751,O004010,RIDER0288,57,70,30,8.4,13
D003752,O004011,RIDER2478,26,26,37,5.1,0
D003753,O004012,RIDER0943,38,41,42,3.1,3
D003754,O004013,RIDER0739,56,72,33,2.0,16
D003755,O004014,RIDER2310,22,26,16,0.2,4
D003756,O004015,RIDER1826,26,28,40,1.3,2
D003757,O004016,RIDER1762,26,27,37,3.3,1
D003758,O004017,RIDER0725,27,26,15,3.8,0
D003759,O004018,RIDER2446,36,34,21,3.7,0
D003760,O004019,RIDER0552,55,57,24,1.7,2
D003761,O004020,RIDER1480,39,34,37,3.8,0
D003762,O004021,RIDER1546,31,26,34,2.3,0
D003763,O004023,RIDER2247,35,35,31,2.9,0
D003764,O004024,RIDER1291,35,30,28,1.3,0
D003765,O004025,RIDER2376,27,46,35,7.6,19
D003766,O004026,RIDER1438,25,21,37,1.8,0
D003767,O004027,RIDER0474,32,33,30,4.6,1
D003768,O004028,RIDER0280,26,32,34,5.5,6
D003769,O004029,RIDER0511,35,53,35,0.3,18
D003770,O004030,RIDER1222,27,26,31,2.3,0
D003771,O004031,RIDER1076,38,45,37,1.9,7
D003772,O004032,RIDER2427,60,94,27,7.3,34
D003773,O004033,RIDER2044,42,47,37,4.9,5
D003774,O004034,RIDER1501,37,60,20,3.5,23
D003775,O004035,RIDER1447,39,58,39,1.7,19
D003776,O004036,RIDER2475,45,50,22,0.8,5
D003777,O004037,RIDER2490,34,34,22,1.4,0
D003778,O004038,RIDER2477,32,56,28,1.2,24
D003779,O004039,RIDER2149,44,64,18,1.6,20
D003780,O004040,RIDER2254,32,29,31,7.2,0
D003781,O004041,RIDER1247,32,40,32,3.0,8
D003782,O004042,RIDER0616,66,83,24,2.1,17
D003783,O004043,RIDER1054,43,43,18,4.7,0
D003784,O004044,RIDER2383,37,44,22,1.3,7
D003785,O004045,RIDER1435,21,18,21,2.9,0
D003786,O004046,RIDER2004,26,42,30,5.2,16
D003787,O004048,RIDER1193,37,63,33,2.0,26
D003788,O004049,RIDER1316,30,37,30,0.5,7
D003789,O004050,RIDER2076,55,55,22,1.0,0
D003790,O004051,RIDER1803,40,46,33,0.2,6
D003791,O004052,RIDER0353,34,33,38,5.7,0
D003792,O004053,RIDER0160,41,43,16,2.7,2
D003793,O004054,RIDER0598,28,30,23,7.0,2
D003794,O004055,RIDER0873,31,31,33,5.6,0
D003795,O004056,RIDER1720,30,30,29,7.1,0
D003796,O004057,RIDER2137,19,24,36,8.8,5
D003797,O004058,RIDER1645,70,82,31,0.6,12
D003798,O004059,RIDER1250,46,48,22,3.5,2
D003799,O004060,RIDER2426,31,49,15,6.3,18
D003800,O004062,RIDER0931,45,47,31,4.4,2
D003801,O004063,RIDER1861,23,36,14,1.1,13
D003802,O004064,RIDER2115,51,52,37,3.2,1
D003803,O004065,RIDER2242,23,29,41,4.2,6
D003804,O004066,RIDER0335,27,33,21,0.5,6
D003805,O004067,RIDER1704,30,55,33,4.1,25
D003806,O004068,RIDER1249,42,57,33,2.3,15
D003807,O004069,RIDER1400,25,21,30,3.2,0
D003808,O004070,RIDER0983,29,32,37,1.5,3
D003809,O004071,RIDER2370,27,29,16,1.5,2
D003810,O004072,RIDER1295,36,41,19,3.0,5
D003811,O004073,RIDER0419,46,63,39,3.9,17
D003812,O004074,RIDER2106,31,41,25,1.4,10
D003813,O004075,RIDER1542,36,54,29,1.8,18
D003814,O004076,RIDER0407,32,63,14,5.8,31
D003815,O004078,RIDER2443,31,33,31,4.1,2
D003816,O004079,RIDER2226,30,25,42,4.5,0
D003817,O004080,RIDER1000,22,26,27,2.3,4
D003818,O004081,RIDER0868,64,85,35,6.8,21
D003819,O004082,RIDER1807,32,59,14,5.3,27
D003820,O004083,RIDER0828,28,36,31,4.5,8
D003821,O004084,RIDER0039,25,22,24,1.2,0
D003822,O004085,RIDER1448,39,63,16,1.7,24
D003823,O004086,RIDER0051,49,77,21,0.9,28
D003824,O004087,RIDER1961,28,25,33,5.3,0
D003825,O004088,RIDER1980,33,33,29,1.2,0
D003826,O004089,RIDER1051,32,48,32,11.5,16
D003827,O004090,RIDER2154,40,61,15,0.2,21
D003828,O004091,RIDER2257,28,44,21,2.1,16
D003829,O004092,RIDER0400,46,59,35,0.2,13
D003830,O004093,RIDER1055,27,24,32,1.3,0
D003831,O004095,RIDER1869,26,28,38,2.8,2
D003832,O004096,RIDER2044,45,54,21,0.6,9
D003833,O004097,RIDER1396,26,42,30,0.3,16
D003834,O004098,RIDER0437,28,28,24,2.7,0
D003835,O004099,RIDER1406,42,43,27,1.9,1
D003836,O004101,RIDER0985,26,22,18,1.0,0
D003837,O004102,RIDER0306,34,36,30,4.5,2
D003838,O004103,RIDER1421,32,59,41,1.9,27
D003839,O004104,RIDER1324,55,52,19,4.4,0
D003840,O004105,RIDER1911,33,40,24,2.1,7
D003841,O004106,RIDER1707,37,53,15,0.2,16
D003842,O004108,RIDER1360,40,35,24,7.9,0
D003843,O004109,RIDER0024,31,32,18,1.6,1
D003844,O004110,RIDER2267,21,23,21,6.6,2
D003845,O004111,RIDER1447,38,36,15,1.5,0
D003846,O004112,RIDER1799,42,50,36,1.3,8
D003847,O004113,RIDER1467,26,39,38,1.8,13
D003848,O004114,RIDER1971,29,24,18,1.3,0
D003849,O004117,RIDER1047,36,34,25,3.3,0
D003850,O004118,RIDER1845,30,27,14,2.9,0
D003851,O004120,RIDER2031,28,31,39,1.9,3
D003852,O004121,RIDER1300,34,50,27,2.6,16
D003853,O004122,RIDER1645,24,29,23,5.6,5
D003854,O004123,RIDER1018,35,33,22,0.3,0
D003855,O004124,RIDER0319,27,25,31,0.0,0
D003856,O004125,RIDER1524,34,32,36,2.3,0
D003857,O004126,RIDER0181,21,19,17,0.4,0
D003858,O004127,RIDER1260,30,41,40,6.6,11
D003859,O004129,RIDER0494,33,49,30,3.8,16
D003860,O004131,RIDER1696,34,64,22,1.5,30
D003861,O004133,RIDER1991,34,45,30,1.1,11
D003862,O004134,RIDER2216,33,35,24,0.7,2
D003863,O004135,RIDER0947,25,40,41,3.2,15
D003864,O004137,RIDER0500,25,28,36,2.7,3
D003865,O004138,RIDER0284,24,21,32,4.6,0
D003866,O004139,RIDER0506,23,21,39,3.9,0
D003867,O004140,RIDER0147,48,67,16,1.2,19
D003868,O004141,RIDER1453,22,21,42,0.6,0
D003869,O004142,RIDER1706,29,25,33,7.8,0
D003870,O004143,RIDER1069,36,37,30,1.6,1
D003871,O004144,RIDER2216,38,60,31,3.1,22
D003872,O004145,RIDER0716,27,30,29,2.9,3
D003873,O004146,RIDER0375,29,33,28,1.1,4
D003874,O004147,RIDER0647,36,56,39,1.2,20
D003875,O004148,RIDER0576,30,25,18,4.0,0
D003876,O004149,RIDER2061,45,61,31,6.2,16
D003877,O004150,RIDER1117,41,37,42,4.0,0
D003878,O004151,RIDER0028,28,34,32,4.3,6
D003879,O004153,RIDER0848,44,49,40,1.7,5
D003880,O004154,RIDER2342,26,46,21,12.3,20
D003881,O004155,RIDER2047,40,45,29,3.5,5
D003882,O004156,RIDER1535,24,21,15,0.6,0
D003883,O004157,RIDER0993,70,87,25,2.2,17
D003884,O004158,RIDER1331,28,36,37,3.4,8
D003885,O004159,RIDER0357,40,61,14,1.9,21
D003886,O004160,RIDER2038,25,24,22,2.2,0
D003887,O004161,RIDER2119,29,37,35,3.1,8
D003888,O004162,RIDER1636,34,44,14,2.6,10
D003889,O004163,RIDER0388,55,60,16,4.4,5
D003890,O004164,RIDER2292,30,32,18,5.2,2
D003891,O004165,RIDER1388,34,36,37,4.3,2
D003892,O004166,RIDER1003,30,26,29,2.3,0
D003893,O004167,RIDER0516,41,38,41,1.8,0
D003894,O004169,RIDER1864,31,43,37,4.9,12
D003895,O004170,RIDER0938,35,37,14,0.1,2
D003896,O004171,RIDER0715,38,60,35,1.6,22
D003897,O004172,RIDER0991,38,62,18,4.2,24
D003898,O004174,RIDER0340,46,50,29,6.1,4
D003899,O004175,RIDER1881,29,34,21,0.8,5
D003900,O004176,RIDER1690,49,74,22,3.3,25
D003901,O004177,RIDER2025,51,75,15,2.5,24
D003902,O004178,RIDER0819,32,60,24,4.1,28
D003903,O004179,RIDER1689,25,26,21,5.3,1
D003904,O004181,RIDER0742,38,62,14,0.9,24
D003905,O004183,RIDER0663,25,30,15,1.9,5
D003906,O004184,RIDER0646,20,25,21,3.9,5
D003907,O004185,RIDER1519,21,52,16,0.7,31
D003908,O004187,RIDER0162,38,42,28,2.1,4
D003909,O004188,RIDER1361,29,26,21,8.4,0
D003910,O004189,RIDER0408,33,67,19,4.7,34
D003911,O004190,RIDER0646,47,50,19,2.1,3
D003912,O004191,RIDER1090,34,55,14,2.6,21
D003913,O004193,RIDER0891,27,30,14,2.8,3
D003914,O004194,RIDER2130,33,39,38,1.3,6
D003915,O004195,RIDER0077,29,28,30,0.7,0
D003916,O004196,RIDER0902,38,45,15,3.8,7
D003917,O004197,RIDER0900,20,16,35,2.2,0
D003918,O004198,RIDER1567,46,48,38,2.6,2
D003919,O004199,RIDER1440,20,31,16,3.2,11
D003920,O004200,RIDER2484,35,39,28,0.3,4
D003921,O004201,RIDER0481,63,84,18,7.8,21
D003922,O004202,RIDER2145,29,43,38,9.1,14
D003923,O004203,RIDER1517,27,44,32,5.3,17
D003924,O004204,RIDER1138,33,53,28,0.3,20
D003925,O004205,RIDER0796,35,44,30,3.4,9
D003926,O004206,RIDER0685,33,38,30,0.3,5
D003927,O004208,RIDER1468,38,72,20,5.0,34
D003928,O004210,RIDER0504,24,31,32,6.4,7
D003929,O004211,RIDER2087,39,43,14,2.9,4
D003930,O004213,RIDER1214,21,43,27,0.8,22
D003931,O004214,RIDER2241,33,38,28,2.3,5
D003932,O004215,RIDER0794,59,61,25,2.5,2
D003933,O004216,RIDER0932,56,83,41,4.5,27
D003934,O004217,RIDER0517,37,32,26,8.6,0
D003935,O004218,RIDER1607,28,29,35,1.2,1
D003936,O004219,RIDER0926,32,29,15,0.8,0
D003937,O004220,RIDER2126,47,49,37,1.7,2
D003938,O004221,RIDER0071,30,31,23,1.1,1
D003939,O004222,RIDER2264,32,37,23,5.4,5
D003940,O004223,RIDER2072,25,30,28,2.4,5
D003941,O004224,RIDER2146,24,26,30,3.6,2
D003942,O004225,RIDER0200,31,32,23,2.0,1
D003943,O004227,RIDER2261,22,41,14,7.5,19
D003944,O004228,RIDER1462,25,25,17,3.6,0
D003945,O004229,RIDER0645,31,28,39,6.9,0
D003946,O004230,RIDER0951,25,36,23,0.6,11
D003947,O004231,RIDER1080,26,28,27,1.9,2
D003948,O004232,RIDER0746,22,20,39,2.0,0
D003949,O004234,RIDER2432,29,49,31,2.0,20
D003950,O004235,RIDER1420,44,44,41,5.9,0
D003951,O004236,RIDER0354,25,56,25,1.2,31
D003952,O004237,RIDER0657,27,34,41,1.5,7
D003953,O004238,RIDER2031,31,35,18,5.8,4
D003954,O004239,RIDER2353,28,29,23,3.7,1
D003955,O004240,RIDER0423,30,34,17,1.7,4
D003956,O004241,RIDER0634,50,61,32,1.5,11
D003957,O004242,RIDER1541,20,27,25,4.1,7
D003958,O004243,RIDER0006,42,67,21,3.0,25
D003959,O004244,RIDER1801,29,32,23,0.2,3
D003960,O004245,RIDER0849,47,53,39,7.8,6
D003961,O004246,RIDER0119,39,38,25,3.2,0
D003962,O004247,RIDER0109,32,56,22,2.0,24
D003963,O004249,RIDER0359,23,51,30,3.0,28
D003964,O004250,RIDER0096,30,57,19,6.8,27
D003965,O004251,RIDER2203,58,77,24,2.6,19
D003966,O004252,RIDER0982,59,73,24,1.6,14
D003967,O004253,RIDER1493,25,28,24,1.2,3
D003968,O004254,RIDER2335,46,53,22,6.7,7
D003969,O004255,RIDER1851,47,66,27,6.0,19
D003970,O004256,RIDER0388,22,41,24,2.4,19
D003971,O004257,RIDER0771,26,26,15,2.7,0
D003972,O004258,RIDER1731,24,38,32,1.2,14
D003973,O004259,RIDER0162,32,34,22,2.0,2
D003974,O004260,RIDER2094,23,18,23,6.0,0
D003975,O004261,RIDER1275,26,27,27,4.0,1
D003976,O004262,RIDER0428,34,37,21,4.8,3
D003977,O004263,RIDER0245,29,32,38,0.8,3
D003978,O004264,RIDER1210,45,56,15,7.0,11
D003979,O004265,RIDER0793,37,71,38,14.8,34
D003980,O004266,RIDER1844,35,62,41,9.8,27
D003981,O004267,RIDER1590,43,40,38,0.4,0
D003982,O004268,RIDER1754,27,32,18,0.6,5
D003983,O004269,RIDER0126,21,21,36,1.8,0
D003984,O004270,RIDER0767,28,44,27,1.5,16
D003985,O004271,RIDER1078,44,52,29,3.9,8
D003986,O004272,RIDER1049,25,29,29,1.0,4
D003987,O004273,RIDER1431,43,73,38,6.5,30
D003988,O004274,RIDER0351,22,18,18,4.0,0
D003989,O004275,RIDER0564,34,34,31,1.6,0
D003990,O004276,RIDER0502,43,39,40,0.2,0
D003991,O004277,RIDER0957,34,29,14,0.4,0
D003992,O004278,RIDER0537,26,32,21,2.7,6
D003993,O004279,RIDER2387,31,62,24,2.9,31
D003994,O004280,RIDER1354,39,64,33,9.6,25
D003995,O004281,RIDER0961,28,23,19,7.1,0
D003996,O004282,RIDER0374,24,30,21,1.2,6
D003997,O004283,RIDER0220,41,39,27,2.2,0
D003998,O004284,RIDER0334,23,24,16,0.6,1
D003999,O004285,RIDER1355,32,41,15,0.7,9
D004000,O004286,RIDER1865,34,33,37,3.0,0
D004001,O004287,RIDER1374,27,28,29,0.1,1
D004002,O004288,RIDER1029,47,66,17,2.4,19
D004003,O004289,RIDER0171,32,65,16,3.9,33
D004004,O004290,RIDER1824,29,28,35,4.5,0
D004005,O004291,RIDER0504,36,48,36,6.1,12
D004006,O004293,RIDER1022,28,23,33,1.2,0
D004007,O004294,RIDER1094,38,36,40,3.5,0
D004008,O004295,RIDER0323,57,63,32,1.5,6
D004009,O004296,RIDER1852,25,29,16,6.2,4
D004010,O004297,RIDER0257,35,37,27,7.3,2
D004011,O004298,RIDER0982,34,38,28,0.1,4
D004012,O004299,RIDER0842,36,38,28,3.5,2
D004013,O004300,RIDER1565,27,27,23,7.2,0
D004014,O004301,RIDER1418,23,18,21,3.5,0
D004015,O004302,RIDER1504,19,26,21,1.3,7
D004016,O004303,RIDER2291,24,57,31,1.0,33
D004017,O004304,RIDER2462,37,61,31,2.5,24
D004018,O004305,RIDER0762,39,52,36,3.1,13
D004019,O004306,RIDER1133,30,59,32,5.5,29
D004020,O004307,RIDER2142,29,41,31,4.9,12
D004021,O004308,RIDER1307,58,64,15,4.9,6
D004022,O004309,RIDER1792,20,22,33,0.1,2
D004023,O004310,RIDER0029,25,30,32,2.5,5
D004024,O004311,RIDER0566,25,35,21,5.2,10
D004025,O004312,RIDER0201,28,28,31,1.7,0
D004026,O004313,RIDER0560,36,41,39,4.7,5
D004027,O004314,RIDER2221,37,34,14,3.3,0
D004028,O004315,RIDER0842,29,53,29,13.0,24
D004029,O004316,RIDER0848,25,24,19,4.8,0
D004030,O004317,RIDER1476,22,22,25,1.6,0
D004031,O004318,RIDER1248,23,49,15,2.2,26
D004032,O004320,RIDER2234,23,18,40,3.9,0
D004033,O004321,RIDER1611,31,31,24,1.8,0
D004034,O004322,RIDER2280,28,35,37,0.9,7
D004035,O004323,RIDER0149,23,22,29,1.7,0
D004036,O004325,RIDER0003,28,25,28,5.9,0
D004037,O004326,RIDER0111,48,56,14,1.7,8
D004038,O004327,RIDER0218,20,19,35,1.7,0
D004039,O004328,RIDER1336,44,51,37,1.8,7
D004040,O004329,RIDER1700,35,65,21,4.1,30
D004041,O004330,RIDER1505,42,41,34,0.3,0
D004042,O004331,RIDER1089,22,18,38,0.3,0
D004043,O004332,RIDER1160,32,34,22,2.1,2
D004044,O004333,RIDER1563,32,39,19,8.1,7
D004045,O004334,RIDER2305,54,52,30,4.0,0
D004046,O004335,RIDER0256,31,32,28,5.0,1
D004047,O004336,RIDER1715,36,50,42,1.2,14
D004048,O004337,RIDER2346,29,42,39,1.8,13
D004049,O004338,RIDER0475,26,31,36,4.0,5
D004050,O004339,RIDER1310,40,36,21,2.7,0
D004051,O004340,RIDER0291,34,51,14,6.6,17
D004052,O004341,RIDER0646,22,19,29,3.7,0
D004053,O004342,RIDER2081,23,25,14,1.4,2
D004054,O004343,RIDER0575,21,25,21,6.1,4
D004055,O004344,RIDER1767,25,44,19,1.2,19
D004056,O004345,RIDER1461,46,48,32,2.5,2
D004057,O004346,RIDER0643,25,45,24,3.5,20
D004058,O004347,RIDER2067,32,32,27,1.4,0
D004059,O004348,RIDER1786,32,27,16,2.1,0
D004060,O004349,RIDER0602,30,61,39,2.3,31
D004061,O004350,RIDER0592,28,37,33,11.4,9
D004062,O004351,RIDER0552,27,31,14,2.2,4
D004063,O004352,RIDER0691,54,69,25,0.2,15
D004064,O004353,RIDER0391,32,37,18,4.3,5
D004065,O004354,RIDER0182,30,35,31,1.2,5
D004066,O004355,RIDER1718,51,67,21,1.6,16
D004067,O004356,RIDER1765,28,35,16,2.9,7
D004068,O004357,RIDER0812,25,32,25,4.4,7
D004069,O004358,RIDER0796,45,65,14,6.2,20
D004070,O004359,RIDER0329,62,65,14,2.3,3
D004071,O004361,RIDER1935,31,43,27,0.5,12
D004072,O004362,RIDER0828,39,46,28,4.7,7
D004073,O004363,RIDER0732,21,20,15,0.9,0
D004074,O004365,RIDER0615,26,24,24,1.7,0
D004075,O004366,RIDER1797,28,32,18,7.2,4
D004076,O004367,RIDER0940,24,30,37,2.2,6
D004077,O004368,RIDER0984,37,32,30,0.3,0
D004078,O004369,RIDER2345,47,54,20,3.9,7
D004079,O004370,RIDER2137,28,24,14,3.7,0
D004080,O004371,RIDER2339,33,38,32,2.6,5
D004081,O004372,RIDER0022,27,22,16,7.7,0
D004082,O004373,RIDER1811,24,27,30,4.5,3
D004083,O004374,RIDER1372,29,45,42,1.7,16
D004084,O004375,RIDER0079,29,24,35,0.7,0
D004085,O004376,RIDER2282,42,41,37,2.9,0
D004086,O004377,RIDER0216,21,22,17,1.5,1
D004087,O004378,RIDER1678,35,37,36,4.0,2
D004088,O004379,RIDER1675,23,27,24,2.8,4
D004089,O004380,RIDER2061,41,42,37,7.2,1
D004090,O004381,RIDER1914,31,36,39,7.1,5
D004091,O004382,RIDER1504,43,66,33,0.8,23
D004092,O004383,RIDER1825,25,43,30,2.5,18
D004093,O004384,RIDER0326,49,50,25,0.8,1
D004094,O004385,RIDER1855,47,47,18,2.0,0
D004095,O004386,RIDER1051,25,27,14,3.8,2
D004096,O004387,RIDER0170,26,21,29,1.5,0
D004097,O004388,RIDER1865,33,35,41,3.5,2
D004098,O004389,RIDER0547,35,41,22,0.2,6
D004099,O004390,RIDER0651,24,30,25,8.4,6
D004100,O004391,RIDER1466,26,36,38,3.0,10
D004101,O004392,RIDER2157,40,40,15,3.3,0
D004102,O004393,RIDER1518,40,44,14,1.5,4
D004103,O004394,RIDER1757,52,58,17,1.2,6
D004104,O004395,RIDER0397,41,45,14,5.9,4
D004105,O004396,RIDER1810,35,30,33,1.5,0
D004106,O004397,RIDER0276,35,40,29,3.2,5
D004107,O004398,RIDER2110,56,74,25,3.8,18
D004108,O004399,RIDER1835,25,43,29,3.8,18
D004109,O004400,RIDER0531,40,47,33,1.1,7
D004110,O004401,RIDER0965,25,30,29,9.8,5
D004111,O004402,RIDER0857,28,61,29,3.2,33
D004112,O004403,RIDER0092,27,23,25,3.1,0
D004113,O004404,RIDER1153,35,38,39,5.8,3
D004114,O004405,RIDER2441,31,56,24,6.2,25
D004115,O004406,RIDER2377,37,41,30,2.5,4
D004116,O004407,RIDER0495,31,45,28,0.4,14
D004117,O004408,RIDER0592,70,76,22,3.6,6
D004118,O004409,RIDER2478,39,35,39,3.2,0
D004119,O004410,RIDER1138,33,28,34,2.6,0
D004120,O004411,RIDER1283,27,33,22,5.3,6
D004121,O004412,RIDER0758,48,74,32,0.1,26
D004122,O004413,RIDER2064,29,36,30,2.0,7
D004123,O004414,RIDER1795,52,47,21,5.2,0
D004124,O004415,RIDER0060,27,23,36,3.8,0
D004125,O004416,RIDER0046,24,25,25,3.3,1
D004126,O004417,RIDER0106,36,41,15,8.1,5
D004127,O004418,RIDER1338,33,35,22,6.5,2
D004128,O004419,RIDER2093,30,36,37,2.3,6
D004129,O004420,RIDER1565,35,34,33,1.0,0
D004130,O004421,RIDER1989,36,45,24,3.6,9
D004131,O004422,RIDER0018,33,58,22,0.8,25
D004132,O004423,RIDER0131,33,31,31,2.1,0
D004133,O004424,RIDER1279,53,84,37,3.0,31
D004134,O004425,RIDER0885,41,71,28,4.7,30
D004135,O004426,RIDER2457,30,30,32,0.2,0
D004136,O004427,RIDER0703,40,65,30,1.7,25
D004137,O004428,RIDER0023,37,66,30,5.2,29
D004138,O004429,RIDER0710,36,36,22,3.1,0
D004139,O004430,RIDER1864,47,51,36,1.1,4
D004140,O004431,RIDER0897,34,38,14,1.6,4
D004141,O004432,RIDER1907,24,23,15,4.2,0
D004142,O004433,RIDER1594,24,26,28,3.4,2
D004143,O004434,RIDER1277,40,36,25,3.5,0
D004144,O004435,RIDER2235,26,27,42,1.7,1
D004145,O004436,RIDER0492,43,64,17,1.8,21
D004146,O004437,RIDER2327,42,65,26,2.9,23
D004147,O004438,RIDER0761,29,59,37,0.2,30
D004148,O004439,RIDER1411,26,32,35,1.7,6
D004149,O004440,RIDER1824,41,61,38,4.8,20
D004150,O004441,RIDER2087,25,40,23,8.0,15
D004151,O004442,RIDER0164,39,43,20,8.5,4
D004152,O004443,RIDER0040,19,18,18,0.9,0
D004153,O004444,RIDER0730,48,62,23,4.9,14
D004154,O004446,RIDER1906,29,26,41,4.1,0
D004155,O004447,RIDER1378,24,30,19,1.3,6
D004156,O004448,RIDER1025,52,47,16,2.9,0
D004157,O004449,RIDER2267,25,31,40,1.0,6
D004158,O004450,RIDER1650,38,36,30,2.6,0
D004159,O004451,RIDER1420,28,34,22,1.7,6
D004160,O004452,RIDER1858,36,43,36,4.4,7
D004161,O004453,RIDER1166,34,37,28,3.9,3
D004162,O004455,RIDER0071,35,36,29,4.3,1
D004163,O004456,RIDER1836,46,68,21,2.3,22
D004164,O004457,RIDER1498,26,33,24,1.9,7
D004165,O004458,RIDER0781,50,48,30,9.4,0
D004166,O004460,RIDER1238,22,22,16,1.5,0
D004167,O004461,RIDER0086,32,30,23,2.0,0
D004168,O004462,RIDER1754,43,50,36,0.5,7
D004169,O004463,RIDER2302,29,56,15,1.0,27
D004170,O004464,RIDER2096,26,27,21,2.7,1
D004171,O004465,RIDER0666,29,34,40,2.9,5
D004172,O004466,RIDER1761,22,27,18,0.8,5
D004173,O004467,RIDER1543,22,28,25,2.6,6
D004174,O004468,RIDER1243,34,43,39,5.2,9
D004175,O004469,RIDER0128,54,52,24,3.7,0
D004176,O004470,RIDER2168,69,77,15,8.1,8
D004177,O004471,RIDER0667,33,46,40,6.6,13
D004178,O004472,RIDER0707,34,66,14,4.2,32
D004179,O004473,RIDER1707,30,32,36,1.2,2
D004180,O004474,RIDER1728,29,27,19,0.5,0
D004181,O004475,RIDER1526,37,40,37,3.6,3
D004182,O004476,RIDER2155,48,45,31,4.1,0
D004183,O004477,RIDER0330,42,56,32,1.9,14
D004184,O004478,RIDER0745,24,23,14,0.7,0
D004185,O004479,RIDER2233,22,56,27,0.4,34
D004186,O004480,RIDER2216,22,27,31,1.7,5
D004187,O004481,RIDER1571,35,47,21,0.4,12
D004188,O004482,RIDER1835,31,46,20,2.9,15
D004189,O004483,RIDER2061,33,54,41,1.3,21
D004190,O004484,RIDER2066,37,38,38,3.8,1
D004191,O004485,RIDER2103,24,27,24,3.7,3
D004192,O004486,RIDER1719,46,43,21,0.3,0
D004193,O004487,RIDER1131,33,65,42,1.6,32
D004194,O004489,RIDER1786,30,54,20,2.0,24
D004195,O004491,RIDER0975,34,39,23,5.8,5
D004196,O004492,RIDER0981,24,44,40,3.6,20
D004197,O004494,RIDER0720,51,57,21,0.9,6
D004198,O004495,RIDER1086,33,41,20,4.3,8
D004199,O004496,RIDER0825,34,30,42,2.2,0
D004200,O004497,RIDER1439,33,36,33,3.7,3
D004201,O004498,RIDER0259,28,28,17,0.4,0
D004202,O004499,RIDER0785,30,34,28,0.5,4
D004203,O004500,RIDER2347,36,33,29,4.0,0
D004204,O004501,RIDER0875,30,37,27,1.2,7
D004205,O004502,RIDER2424,30,55,30,7.0,25
D004206,O004503,RIDER1387,34,37,31,2.9,3
D004207,O004504,RIDER1124,43,39,16,8.7,0
D004208,O004505,RIDER2340,35,51,38,1.9,16
D004209,O004506,RIDER1722,48,46,28,3.4,0
D004210,O004507,RIDER1576,27,25,33,2.1,0
D004211,O004508,RIDER1217,32,63,21,3.8,31
D004212,O004509,RIDER2193,35,45,36,2.5,10
D004213,O004510,RIDER1817,32,34,37,2.6,2
D004214,O004511,RIDER0434,40,40,22,1.8,0
D004215,O004512,RIDER1627,38,60,22,5.0,22
D004216,O004513,RIDER2004,43,72,41,4.4,29
D004217,O004514,RIDER0984,60,69,15,0.6,9
D004218,O004516,RIDER1170,20,26,24,2.4,6
D004219,O004517,RIDER0717,28,56,25,2.8,28
D004220,O004518,RIDER0482,28,56,36,0.2,28
D004221,O004519,RIDER0510,23,18,23,2.7,0
D004222,O004520,RIDER1424,31,28,32,2.3,0
D004223,O004521,RIDER0810,24,24,42,1.8,0
D004224,O004522,RIDER2229,34,58,14,2.7,24
D004225,O004523,RIDER1138,26,50,21,1.8,24
D004226,O004524,RIDER0177,40,37,16,9.0,0
D004227,O004525,RIDER1724,37,61,28,1.6,24
D004228,O004526,RIDER1878,48,48,33,4.6,0
D004229,O004528,RIDER0592,41,37,14,4.6,0
D004230,O004529,RIDER0405,56,80,16,2.6,24
D004231,O004530,RIDER0988,26,22,27,4.0,0
D004232,O004531,RIDER0191,21,50,14,5.1,29
D004233,O004532,RIDER1601,21,27,42,1.6,6
D004234,O004533,RIDER1668,24,21,16,20.0,0
D004235,O004534,RIDER2174,31,39,27,4.1,8
D004236,O004535,RIDER0139,32,34,34,0.3,2
D004237,O004536,RIDER2231,27,34,37,3.8,7
D004238,O004537,RIDER1490,38,44,21,3.7,6
D004239,O004538,RIDER0260,42,43,37,0.4,1
D004240,O004540,RIDER0348,36,42,17,3.9,6
D004241,O004541,RIDER1897,37,61,41,5.9,24
D004242,O004542,RIDER1832,57,62,29,2.4,5
D004243,O004543,RIDER0604,43,47,38,6.5,4
D004244,O004544,RIDER0348,31,32,39,2.5,1
D004245,O004545,RIDER2170,64,75,30,0.9,11
D004246,O004546,RIDER0276,33,36,32,6.4,3
D004247,O004547,RIDER0028,39,65,31,0.5,26
D004248,O004548,RIDER1823,39,62,33,0.6,23
D004249,O004549,RIDER2283,23,20,14,1.1,0
D004250,O004550,RIDER0087,35,32,21,3.4,0
D004251,O004551,RIDER1848,43,67,37,0.3,24
D004252,O004552,RIDER1367,25,46,27,0.3,21
D004253,O004553,RIDER2044,36,54,37,1.0,18
D004254,O004554,RIDER2393,46,50,29,0.7,4
D004255,O004555,RIDER2403,32,57,29,2.8,25
D004256,O004556,RIDER0431,44,48,37,2.1,4
D004257,O004557,RIDER1211,27,23,33,2.2,0
D004258,O004558,RIDER0595,29,26,40,4.0,0
D004259,O004559,RIDER1694,47,51,15,1.7,4
D004260,O004560,RIDER0610,27,23,42,3.1,0
D004261,O004561,RIDER1229,29,57,14,3.4,28
D004262,O004562,RIDER2228,28,29,16,3.0,1
D004263,O004563,RIDER1217,25,25,35,3.0,0
D004264,O004564,RIDER2467,24,24,31,0.6,0
D004265,O004565,RIDER0512,30,36,39,4.6,6
D004266,O004566,RIDER0877,22,26,34,1.5,4
D004267,O004567,RIDER1892,25,36,15,1.1,11
D004268,O004568,RIDER2060,53,55,42,0.6,2
D004269,O004569,RIDER2074,17,19,21,4.4,2
D004270,O004570,RIDER0496,26,21,30,4.1,0
D004271,O004571,RIDER1625,31,38,42,2.1,7
D004272,O004572,RIDER2457,40,35,22,0.4,0
D004273,O004573,RIDER2013,30,27,38,4.8,0
D004274,O004574,RIDER0664,21,16,19,4.6,0
D004275,O004575,RIDER1533,24,26,22,1.7,2
D004276,O004576,RIDER1419,37,36,21,4.0,0
D004277,O004577,RIDER0013,32,37,18,2.5,5
D004278,O004578,RIDER0916,35,56,22,4.2,21
D004279,O004579,RIDER0823,44,51,34,8.0,7
D004280,O004580,RIDER0822,34,38,33,5.2,4
D004281,O004581,RIDER0681,31,42,35,1.2,11
D004282,O004582,RIDER0572,34,36,22,2.8,2
D004283,O004583,RIDER2429,30,32,25,0.9,2
D004284,O004584,RIDER2426,28,27,39,4.6,0
D004285,O004585,RIDER1223,35,33,33,3.5,0
D004286,O004586,RIDER0826,25,27,23,4.7,2
D004287,O004587,RIDER2065,42,41,27,1.0,0
D004288,O004588,RIDER0145,35,43,17,6.7,8
D004289,O004589,RIDER1815,58,58,25,6.6,0
D004290,O004590,RIDER2362,41,42,25,5.9,1
D004291,O004591,RIDER1601,32,37,17,3.2,5
D004292,O004592,RIDER1736,29,51,31,1.0,22
D004293,O004593,RIDER1958,33,32,19,6.3,0
D004294,O004594,RIDER1576,46,74,21,0.8,28
D004295,O004595,RIDER0802,26,44,16,2.8,18
D004296,O004596,RIDER2216,36,39,25,7.3,3
D004297,O004597,RIDER1227,31,56,14,1.2,25
D004298,O004598,RIDER0092,59,62,16,0.9,3
D004299,O004599,RIDER1211,24,19,16,1.6,0
D004300,O004600,RIDER2163,55,59,22,4.2,4
D004301,O004601,RIDER0938,31,32,30,1.7,1
D004302,O004602,RIDER1737,31,39,30,0.7,8
D004303,O004603,RIDER1954,25,32,34,0.8,7
D004304,O004604,RIDER1251,43,58,24,3.8,15
D004305,O004605,RIDER2062,28,27,17,2.3,0
D004306,O004606,RIDER1639,28,35,19,7.2,7
D004307,O004607,RIDER2083,27,27,25,6.1,0
D004308,O004608,RIDER1773,26,22,17,2.4,0
D004309,O004609,RIDER1590,63,69,22,0.7,6
D004310,O004610,RIDER2488,27,24,15,4.2,0
D004311,O004611,RIDER1069,35,50,38,10.2,15
D004312,O004612,RIDER1503,39,38,28,3.9,0
D004313,O004613,RIDER2039,49,46,25,0.5,0
D004314,O004614,RIDER0091,32,27,15,4.2,0
D004315,O004615,RIDER2346,44,45,42,12.1,1
D004316,O004616,RIDER1914,30,37,34,3.5,7
D004317,O004617,RIDER2407,27,38,19,1.1,11
D004318,O004618,RIDER1809,23,28,25,1.8,5
D004319,O004620,RIDER1110,32,30,40,0.9,0
D004320,O004621,RIDER2087,43,39,28,3.0,0
D004321,O004622,RIDER1956,61,77,22,3.9,16
D004322,O004623,RIDER0786,25,23,33,3.5,0
D004323,O004624,RIDER0808,52,62,33,0.8,10
D004324,O004626,RIDER2084,22,17,23,0.8,0
D004325,O004627,RIDER1701,27,32,17,4.6,5
D004326,O004629,RIDER1759,35,36,35,3.1,1
D004327,O004630,RIDER1623,41,50,31,0.8,9
D004328,O004631,RIDER1523,23,25,21,6.2,2
D004329,O004632,RIDER1010,35,31,36,0.5,0
D004330,O004633,RIDER1743,30,26,14,2.2,0
D004331,O004634,RIDER1424,36,62,27,1.3,26
D004332,O004635,RIDER1330,25,50,25,1.0,25
D004333,O004636,RIDER2412,34,40,27,3.7,6
D004334,O004637,RIDER0521,23,23,40,1.4,0
D004335,O004638,RIDER1354,43,39,38,5.3,0
D004336,O004639,RIDER0729,29,57,35,3.2,28
D004337,O004640,RIDER2178,37,41,38,0.3,4
D004338,O004641,RIDER1906,24,27,14,2.4,3
D004339,O004642,RIDER2106,42,45,23,1.4,3
D004340,O004643,RIDER0342,45,73,41,1.3,28
D004341,O004644,RIDER1437,24,57,18,2.7,33
D004342,O004645,RIDER0154,47,67,31,1.2,20
D004343,O004646,RIDER1183,30,32,28,2.5,2
D004344,O004647,RIDER1180,24,25,18,1.8,1
D004345,O004648,RIDER1262,29,31,33,9.4,2
D004346,O004649,RIDER2382,28,41,36,0.9,13
D004347,O004650,RIDER1595,34,39,38,6.7,5
D004348,O004651,RIDER1510,36,61,37,0.7,25
D004349,O004652,RIDER0762,42,63,41,5.7,21
D004350,O004653,RIDER1574,25,49,30,5.0,24
D004351,O004654,RIDER0069,47,47,18,4.2,0
D004352,O004656,RIDER0600,37,38,37,0.7,1
D004353,O004657,RIDER1115,29,26,28,3.4,0
D004354,O004658,RIDER0253,29,63,31,1.5,34
D004355,O004659,RIDER1266,56,73,21,7.6,17
D004356,O004660,RIDER1827,33,35,15,1.2,2
D004357,O004661,RIDER2107,41,40,30,2.4,0
D004358,O004662,RIDER0530,43,70,38,0.8,27
D004359,O004663,RIDER2119,42,59,27,1.5,17
D004360,O004664,RIDER1696,69,92,27,9.4,23
D004361,O004665,RIDER0162,32,45,38,0.7,13
D004362,O004666,RIDER1055,19,48,38,1.9,29
D004363,O004667,RIDER0663,36,39,17,0.7,3
D004364,O004668,RIDER0993,28,61,25,1.0,33
D004365,O004669,RIDER1753,69,70,14,3.4,1
D004366,O004671,RIDER1332,23,28,21,2.8,5
D004367,O004672,RIDER0147,70,94,21,4.9,24
D004368,O004673,RIDER0856,26,26,24,7.7,0
D004369,O004674,RIDER0187,39,34,21,2.4,0
D004370,O004675,RIDER1655,25,30,33,1.0,5
D004371,O004676,RIDER0703,29,31,14,1.1,2
D004372,O004678,RIDER1708,33,51,14,1.2,18
D004373,O004679,RIDER0962,20,15,29,1.5,0
D004374,O004680,RIDER1992,34,38,32,4.8,4
D004375,O004682,RIDER1468,17,16,21,2.9,0
D004376,O004683,RIDER0877,22,55,25,5.3,33
D004377,O004684,RIDER1698,25,23,21,3.1,0
D004378,O004685,RIDER0926,32,37,15,0.9,5
D004379,O004686,RIDER0927,32,56,23,3.0,24
D004380,O004687,RIDER2038,27,34,24,0.3,7
D004381,O004688,RIDER0527,38,48,20,2.0,10
D004382,O004689,RIDER0735,41,48,39,7.4,7
D004383,O004690,RIDER2039,35,32,37,2.6,0
D004384,O004692,RIDER1896,30,47,39,1.4,17
D004385,O004693,RIDER0805,29,24,18,0.6,0
D004386,O004694,RIDER1173,23,22,22,1.7,0
D004387,O004695,RIDER0531,29,51,24,0.5,22
D004388,O004696,RIDER1682,37,35,30,5.1,0
D004389,O004697,RIDER2154,24,53,14,2.2,29
D004390,O004698,RIDER1139,36,43,15,5.9,7
D004391,O004699,RIDER0966,26,24,33,1.4,0
D004392,O004700,RIDER0166,20,19,19,2.4,0
D004393,O004702,RIDER0156,28,56,35,0.2,28
D004394,O004703,RIDER2414,27,43,16,2.9,16
D004395,O004704,RIDER0732,22,17,20,6.5,0
D004396,O004705,RIDER2459,26,60,24,1.7,34
D004397,O004706,RIDER0289,61,69,28,0.9,8
D004398,O004707,RIDER1977,33,30,38,0.9,0
D004399,O004708,RIDER1417,22,19,37,8.9,0
D004400,O004709,RIDER0765,29,27,36,4.9,0
D004401,O004710,RIDER1435,37,52,15,5.2,15
D004402,O004711,RIDER1968,29,31,21,10.9,2
D004403,O004712,RIDER0492,50,45,19,6.7,0
D004404,O004713,RIDER0202,38,40,21,1.7,2
D004405,O004714,RIDER2403,51,71,33,0.5,20
D004406,O004715,RIDER2195,29,26,15,0.2,0
D004407,O004716,RIDER0778,24,25,21,1.4,1
D004408,O004718,RIDER0557,40,41,23,3.7,1
D004409,O004719,RIDER1499,38,69,29,1.8,31
D004410,O004720,RIDER1394,32,36,31,0.8,4
D004411,O004721,RIDER0978,29,26,14,1.3,0
D004412,O004722,RIDER0962,29,29,36,0.8,0
D004413,O004723,RIDER2056,24,26,19,5.2,2
D004414,O004724,RIDER1994,43,42,28,1.5,0
D004415,O004725,RIDER0875,39,43,15,4.3,4
D004416,O004726,RIDER1222,57,85,42,5.1,28
D004417,O004727,RIDER2180,30,44,34,12.2,14
D004418,O004728,RIDER2137,30,29,21,17.2,0
D004419,O004729,RIDER1791,38,60,28,3.3,22
D004420,O004730,RIDER1496,26,45,38,0.9,19
D004421,O004731,RIDER2208,36,40,18,3.3,4
D004422,O004732,RIDER0891,51,84,38,2.3,33
D004423,O004733,RIDER1587,24,24,23,1.9,0
D004424,O004734,RIDER1620,27,28,25,0.8,1
D004425,O004735,RIDER0121,42,42,32,5.0,0
D004426,O004737,RIDER2063,31,50,29,3.8,19
D004427,O004738,RIDER1211,24,30,39,2.8,6
D004428,O004739,RIDER1907,29,46,30,3.1,17
D004429,O004740,RIDER0048,22,23,39,1.6,1
D004430,O004741,RIDER1457,22,22,20,5.9,0
D004431,O004742,RIDER1863,39,65,31,7.7,26
D004432,O004743,RIDER1278,35,31,15,7.5,0
D004433,O004744,RIDER2002,30,56,27,6.4,26
D004434,O004746,RIDER2181,24,19,15,1.2,0
D004435,O004747,RIDER1287,39,43,25,5.4,4
D004436,O004748,RIDER2382,29,46,31,5.0,17
D004437,O004749,RIDER1326,29,31,15,0.5,2
D004438,O004751,RIDER2209,33,39,24,0.7,6
D004439,O004752,RIDER0386,27,30,36,0.8,3
D004440,O004753,RIDER2153,24,20,15,0.2,0
D004441,O004754,RIDER0355,29,57,42,1.8,28
D004442,O004755,RIDER1126,19,24,19,1.4,5
D004443,O004757,RIDER1980,27,25,37,0.8,0
D004444,O004758,RIDER1984,40,36,39,0.8,0
D004445,O004759,RIDER2035,21,22,37,3.1,1
D004446,O004760,RIDER0710,41,50,38,4.1,9
D004447,O004761,RIDER0496,21,53,26,3.9,32
D004448,O004762,RIDER2415,26,28,21,2.3,2
D004449,O004763,RIDER0367,32,62,42,3.3,30
D004450,O004764,RIDER1305,26,24,42,0.7,0
D004451,O004765,RIDER2385,26,58,34,1.2,32
D004452,O004766,RIDER1281,32,54,19,2.1,22
D004453,O004769,RIDER0390,27,32,37,2.5,5
D004454,O004770,RIDER1582,28,57,16,4.0,29
D004455,O004771,RIDER0856,45,72,41,3.6,27
D004456,O004772,RIDER2191,32,27,40,1.1,0
D004457,O004773,RIDER1957,32,39,25,4.6,7
D004458,O004774,RIDER2262,56,63,40,4.9,7
D004459,O004775,RIDER2267,28,34,24,9.7,6
D004460,O004776,RIDER0915,23,23,21,7.4,0
D004461,O004777,RIDER1192,46,68,16,5.7,22
D004462,O004778,RIDER2259,34,32,31,0.4,0
D004463,O004779,RIDER1763,30,36,20,0.7,6
D004464,O004780,RIDER1949,25,38,28,2.6,13
D004465,O004781,RIDER1177,33,36,30,1.3,3
D004466,O004782,RIDER0029,36,36,37,1.4,0
D004467,O004783,RIDER0728,29,33,19,0.3,4
D004468,O004784,RIDER1636,38,39,24,1.3,1
D004469,O004785,RIDER1894,30,52,31,1.7,22
D004470,O004786,RIDER0531,27,25,22,1.5,0
D004471,O004787,RIDER0802,34,35,37,3.1,1
D004472,O004788,RIDER0602,29,30,34,1.7,1
D004473,O004789,RIDER0744,17,23,15,0.7,6
D004474,O004790,RIDER0597,35,33,17,6.1,0
D004475,O004791,RIDER2387,37,47,14,1.2,10
D004476,O004792,RIDER1843,53,57,28,0.3,4
D004477,O004793,RIDER2498,37,47,37,3.3,10
D004478,O004794,RIDER1994,19,30,33,1.1,11
D004479,O004795,RIDER0385,44,73,14,1.9,29
D004480,O004796,RIDER1394,38,60,37,3.8,22
D004481,O004797,RIDER0032,40,45,31,2.7,5
D004482,O004798,RIDER0182,23,32,36,3.5,9
D004483,O004799,RIDER2272,22,25,40,9.6,3
D004484,O004800,RIDER1477,31,28,31,1.5,0
D004485,O004802,RIDER0397,35,31,41,3.5,0
D004486,O004803,RIDER1166,52,61,30,5.3,9
D004487,O004804,RIDER0042,28,26,42,2.5,0
D004488,O004805,RIDER1990,24,29,15,2.8,5
D004489,O004806,RIDER0555,29,27,36,2.3,0
D004490,O004807,RIDER1595,30,36,35,2.6,6
D004491,O004808,RIDER0823,31,57,29,2.0,26
D004492,O004809,RIDER1730,39,48,41,4.1,9
D004493,O004810,RIDER1293,61,75,21,0.9,14
D004494,O004811,RIDER2267,44,49,28,0.1,5
D004495,O004812,RIDER1217,35,38,16,1.4,3
D004496,O004813,RIDER2319,48,75,16,1.6,27
D004497,O004814,RIDER1345,43,38,14,4.3,0
D004498,O004815,RIDER2020,30,32,25,0.5,2
D004499,O004816,RIDER0058,29,44,22,1.0,15
D004500,O004817,RIDER0862,31,35,33,4.9,4
D004501,O004818,RIDER2165,39,41,41,0.4,2
D004502,O004819,RIDER0168,33,38,18,4.5,5
D004503,O004820,RIDER1931,36,41,31,0.9,5
D004504,O004821,RIDER2096,29,26,14,3.9,0
D004505,O004822,RIDER1998,28,30,29,1.6,2
D004506,O004824,RIDER0465,40,43,21,0.5,3
D004507,O004825,RIDER0214,37,44,38,1.3,7
D004508,O004826,RIDER0251,36,63,35,1.1,27
D004509,O004827,RIDER2328,34,65,29,5.2,31
D004510,O004828,RIDER2330,28,47,14,2.8,19
D004511,O004829,RIDER2017,33,49,34,3.8,16
D004512,O004830,RIDER1725,61,66,41,1.7,5
D004513,O004831,RIDER0667,31,26,38,1.5,0
D004514,O004832,RIDER1383,26,28,32,1.1,2
D004515,O004833,RIDER0079,45,54,27,1.4,9
D004516,O004834,RIDER0765,23,28,15,4.5,5
D004517,O004835,RIDER2381,29,36,31,4.7,7
D004518,O004836,RIDER0418,32,29,40,3.5,0
D004519,O004837,RIDER0714,24,50,25,3.9,26
D004520,O004838,RIDER1537,33,62,18,1.5,29
D004521,O004839,RIDER0310,37,36,33,3.5,0
D004522,O004840,RIDER0743,41,45,23,7.2,4
D004523,O004841,RIDER1308,46,45,32,4.2,0
D004524,O004843,RIDER1128,22,28,18,1.3,6
D004525,O004844,RIDER2499,24,25,30,2.0,1
D004526,O004845,RIDER1635,53,58,27,3.7,5
D004527,O004846,RIDER1336,48,51,16,2.5,3
D004528,O004847,RIDER0176,33,29,14,1.8,0
D004529,O004848,RIDER1964,46,51,23,0.8,5
D004530,O004849,RIDER2016,36,35,16,4.8,0
D004531,O004850,RIDER2339,29,26,37,0.4,0
D004532,O004851,RIDER1172,39,44,18,2.5,5
D004533,O004853,RIDER0981,30,29,32,5.5,0
D004534,O004854,RIDER0775,61,77,25,0.9,16
D004535,O004855,RIDER0803,34,30,27,1.2,0
D004536,O004857,RIDER1934,24,19,29,3.4,0
D004537,O004858,RIDER2418,36,43,23,5.5,7
D004538,O004859,RIDER2237,29,28,34,2.1,0
D004539,O004860,RIDER0301,29,49,20,4.0,20
D004540,O004861,RIDER2267,49,69,31,0.1,20
D004541,O004862,RIDER2484,50,64,26,2.4,14
D004542,O004863,RIDER1852,21,53,30,0.7,32
D004543,O004865,RIDER0071,36,32,22,6.3,0
D004544,O004866,RIDER0313,26,33,39,3.5,7
D004545,O004867,RIDER0466,43,66,35,1.1,23
D004546,O004868,RIDER1594,51,66,15,3.3,15
D004547,O004869,RIDER2273,26,26,39,3.5,0
D004548,O004870,RIDER1077,29,24,28,1.8,0
D004549,O004871,RIDER0666,30,53,32,2.5,23
D004550,O004873,RIDER1678,34,35,29,5.5,1
D004551,O004874,RIDER1676,35,57,38,5.4,22
D004552,O004875,RIDER0545,47,73,24,0.6,26
D004553,O004876,RIDER1331,37,59,29,7.4,22
D004554,O004877,RIDER1219,28,23,29,1.7,0
D004555,O004878,RIDER0620,24,28,15,3.9,4
D004556,O004880,RIDER1450,38,34,40,0.4,0
D004557,O004881,RIDER0912,40,65,37,0.3,25
D004558,O004882,RIDER0729,32,28,28,0.1,0
D004559,O004883,RIDER0105,23,54,23,0.1,31
D004560,O004884,RIDER0585,39,34,31,7.5,0
D004561,O004885,RIDER1013,23,20,31,2.5,0
D004562,O004886,RIDER2119,25,20,19,3.5,0
D004563,O004887,RIDER1106,30,39,30,0.3,9
D004564,O004888,RIDER1062,47,47,22,1.6,0
D004565,O004890,RIDER0562,31,29,22,0.8,0
D004566,O004891,RIDER1805,25,27,17,4.0,2
D004567,O004892,RIDER2071,35,42,15,4.6,7
D004568,O004893,RIDER0420,24,21,29,1.5,0
D004569,O004894,RIDER0090,28,28,31,3.3,0
D004570,O004895,RIDER1504,25,28,21,1.4,3
D004571,O004896,RIDER1366,30,31,14,3.1,1
D004572,O004897,RIDER1142,27,34,31,2.2,7
D004573,O004898,RIDER1455,37,39,34,13.1,2
D004574,O004900,RIDER1635,35,44,41,4.7,9
D004575,O004901,RIDER0036,36,55,19,1.7,19
D004576,O004902,RIDER0210,30,33,14,2.0,3
D004577,O004903,RIDER0829,26,30,42,0.4,4
D004578,O004904,RIDER1608,35,44,38,1.7,9
D004579,O004905,RIDER2356,46,44,30,1.4,0
D004580,O004906,RIDER0315,31,51,24,0.6,20
D004581,O004907,RIDER1592,51,51,34,1.7,0
D004582,O004908,RIDER1693,43,44,35,2.6,1
D004583,O004909,RIDER0731,27,33,17,1.8,6
D004584,O004910,RIDER0657,30,34,15,3.9,4
D004585,O004911,RIDER2187,29,58,30,1.5,29
D004586,O004912,RIDER0717,24,20,14,1.5,0
D004587,O004913,RIDER0579,35,46,21,3.3,11
D004588,O004915,RIDER0024,25,41,40,1.3,16
D004589,O004916,RIDER1903,53,58,42,1.9,5
D004590,O004917,RIDER2078,70,65,24,1.8,0
D004591,O004918,RIDER0035,26,28,30,0.4,2
D004592,O004919,RIDER0630,19,22,29,3.7,3
D004593,O004921,RIDER2077,48,74,21,10.5,26
D004594,O004922,RIDER1853,27,25,31,3.3,0
D004595,O004923,RIDER0541,20,22,31,2.3,2
D004596,O004924,RIDER1204,26,29,34,1.8,3
D004597,O004925,RIDER2325,43,44,39,2.8,1
D004598,O004926,RIDER1887,28,25,42,4.2,0
D004599,O004927,RIDER0013,33,42,25,2.9,9
D004600,O004928,RIDER1003,19,21,23,2.1,2
D004601,O004929,RIDER0049,34,33,23,0.6,0
D004602,O004931,RIDER2181,41,36,14,3.0,0
D004603,O004932,RIDER0138,24,20,40,7.2,0
D004604,O004933,RIDER0023,52,60,33,4.2,8
D004605,O004934,RIDER0924,26,29,16,2.2,3
D004606,O004935,RIDER0478,67,101,21,1.9,34
D004607,O004936,RIDER1180,33,35,39,1.2,2
D004608,O004937,RIDER1510,31,61,16,2.1,30
D004609,O004938,RIDER0936,42,49,34,0.4,7
D004610,O004939,RIDER2015,19,26,37,3.5,7
D004611,O004940,RIDER1343,45,43,30,1.1,0
D004612,O004941,RIDER1813,40,69,33,1.4,29
D004613,O004942,RIDER1542,24,22,30,1.3,0
D004614,O004943,RIDER0412,36,39,27,1.5,3
D004615,O004944,RIDER1433,23,25,16,3.5,2
D004616,O004945,RIDER1702,30,27,24,0.9,0
D004617,O004946,RIDER2447,24,31,27,3.1,7
D004618,O004947,RIDER2225,23,39,24,2.1,16
D004619,O004948,RIDER1756,26,52,16,2.4,26
D004620,O004949,RIDER1904,26,48,31,2.2,22
D004621,O004950,RIDER2436,25,21,14,10.7,0
D004622,O004951,RIDER1374,39,56,25,2.6,17
D004623,O004952,RIDER2057,51,80,30,11.7,29
D004624,O004953,RIDER0171,31,28,35,4.8,0
D004625,O004954,RIDER0356,46,64,40,0.8,18
D004626,O004955,RIDER0278,24,19,15,4.1,0
D004627,O004956,RIDER0824,38,33,42,9.1,0
D004628,O004957,RIDER0566,28,38,42,7.2,10
D004629,O004958,RIDER2072,36,37,15,4.9,1
D004630,O004959,RIDER1548,25,25,37,1.9,0
D004631,O004960,RIDER1373,28,37,14,3.5,9
D004632,O004961,RIDER1635,55,52,36,3.9,0
D004633,O004963,RIDER2078,43,66,19,1.3,23
D004634,O004964,RIDER0751,63,73,33,1.1,10
D004635,O004965,RIDER0848,19,15,38,0.0,0
D004636,O004966,RIDER1773,30,28,15,0.6,0
D004637,O004967,RIDER1035,28,25,22,3.5,0
D004638,O004968,RIDER0713,44,40,18,5.6,0
D004639,O004969,RIDER0726,35,34,27,2.1,0
D004640,O004970,RIDER0533,28,31,37,5.4,3
D004641,O004971,RIDER2063,25,39,20,0.3,14
D004642,O004972,RIDER0621,34,52,17,5.8,18
D004643,O004973,RIDER2333,38,40,17,0.3,2
D004644,O004974,RIDER0533,32,33,35,1.3,1
D004645,O004975,RIDER0183,32,58,21,2.7,26
D004646,O004976,RIDER1971,29,25,19,0.9,0
D004647,O004978,RIDER0686,49,60,14,2.9,11
D004648,O004979,RIDER0092,36,60,15,0.6,24
D004649,O004980,RIDER0751,34,37,27,3.3,3
D004650,O004981,RIDER1365,47,48,31,1.1,1
D004651,O004982,RIDER2134,33,40,38,4.2,7
D004652,O004983,RIDER2280,28,43,33,4.4,15
D004653,O004984,RIDER0366,30,35,27,2.1,5
D004654,O004985,RIDER1687,38,42,31,7.2,4
D004655,O004986,RIDER1017,31,45,21,6.2,14
D004656,O004987,RIDER1309,33,50,16,2.9,17
D004657,O004988,RIDER2319,20,47,37,4.2,27
D004658,O004989,RIDER0824,25,25,34,3.6,0
D004659,O004990,RIDER1343,38,69,36,0.9,31
D004660,O004991,RIDER1639,46,43,15,0.4,0
D004661,O004992,RIDER2138,42,43,34,4.9,1
D004662,O004993,RIDER0073,58,72,29,2.3,14
D004663,O004994,RIDER0328,21,25,42,1.9,4
D004664,O004995,RIDER2147,38,68,33,6.1,30
D004665,O004996,RIDER1099,36,40,37,1.2,4
D004666,O004997,RIDER1197,68,83,25,0.6,15
D004667,O004998,RIDER2202,38,71,33,1.6,33
D004668,O004999,RIDER0140,20,22,17,0.2,2
D004669,O005000,RIDER0399,33,64,27,0.3,31
D004670,O005001,RIDER0160,25,32,31,1.0,7
D004671,O005002,RIDER1868,25,22,30,1.1,0
D004672,O005003,RIDER1447,34,40,14,3.2,6
D004673,O005004,RIDER1526,52,52,22,2.7,0
D004674,O005005,RIDER0948,26,25,17,0.5,0
D004675,O005006,RIDER0987,29,26,32,2.7,0
D004676,O005007,RIDER1667,36,39,24,6.5,3
D004677,O005008,RIDER1838,33,39,32,7.2,6
D004678,O005009,RIDER0531,21,16,38,8.1,0
D004679,O005010,RIDER0747,28,37,33,6.1,9
D004680,O005012,RIDER1181,23,30,21,10.6,7
D004681,O005013,RIDER2411,34,30,29,3.5,0
D004682,O005014,RIDER0035,28,50,24,3.7,22
D004683,O005015,RIDER0462,33,63,42,4.0,30
D004684,O005016,RIDER0725,21,16,31,4.8,0
D004685,O005017,RIDER1701,34,51,24,1.6,17
D004686,O005018,RIDER1911,25,23,16,0.4,0
D004687,O005019,RIDER0242,29,46,25,6.7,17
D004688,O005020,RIDER0077,28,25,42,2.3,0
D004689,O005021,RIDER0532,47,46,38,0.7,0
D004690,O005023,RIDER1943,36,42,25,0.6,6
D004691,O005025,RIDER1559,34,42,20,1.8,8
D004692,O005026,RIDER0505,25,56,37,2.2,31
D004693,O005027,RIDER1162,31,46,31,3.1,15
D004694,O005028,RIDER2151,30,36,32,2.3,6
D004695,O005029,RIDER0752,46,68,38,3.3,22
D004696,O005030,RIDER2233,35,35,22,1.4,0
D004697,O005031,RIDER2314,27,34,31,4.9,7
D004698,O005032,RIDER2373,22,26,37,0.6,4
D004699,O005033,RIDER2216,20,27,15,0.6,7
D004700,O005034,RIDER0852,21,19,23,4.7,0
D004701,O005035,RIDER0330,20,16,22,0.1,0
D004702,O005036,RIDER1425,39,42,25,2.4,3
D004703,O005037,RIDER0114,34,32,40,7.2,0
D004704,O005038,RIDER0644,24,31,14,6.4,7
D004705,O005039,RIDER0335,32,53,30,4.4,21
D004706,O005040,RIDER1562,28,28,15,2.3,0
D004707,O005041,RIDER0313,33,55,25,9.5,22
D004708,O005042,RIDER2167,29,25,18,2.3,0
D004709,O005043,RIDER1928,43,65,41,2.5,22
D004710,O005044,RIDER0325,45,48,41,1.4,3
D004711,O005045,RIDER0711,23,27,24,2.3,4
D004712,O005046,RIDER2196,26,25,34,0.8,0
D004713,O005047,RIDER0672,29,29,21,2.2,0
D004714,O005048,RIDER0926,30,37,19,3.2,7
D004715,O005049,RIDER0751,39,50,30,3.1,11
D004716,O005050,RIDER0675,30,40,25,0.8,10
D004717,O005051,RIDER0337,33,35,20,6.0,2
D004718,O005052,RIDER1351,34,30,31,8.7,0
D004719,O005053,RIDER1981,45,50,36,1.4,5
D004720,O005054,RIDER1994,24,31,38,1.0,7
D004721,O005055,RIDER1631,25,42,21,1.0,17
D004722,O005056,RIDER2382,22,24,25,6.4,2
D004723,O005057,RIDER0416,28,34,37,4.7,6
D004724,O005058,RIDER1451,29,32,25,4.8,3
D004725,O005059,RIDER0888,31,30,28,2.2,0
D004726,O005060,RIDER2336,44,46,25,5.9,2
D004727,O005061,RIDER0228,33,36,22,5.9,3
D004728,O005062,RIDER2387,36,35,26,0.9,0
D004729,O005063,RIDER0442,65,75,42,1.8,10
D004730,O005064,RIDER0950,44,51,41,1.2,7
D004731,O005065,RIDER1719,33,37,32,6.3,4
D004732,O005066,RIDER2115,19,16,30,3.1,0
D004733,O005067,RIDER1924,26,32,14,4.7,6
D004734,O005068,RIDER0284,44,39,38,3.0,0
D004735,O005069,RIDER0031,34,50,24,2.5,16
D004736,O005070,RIDER0702,28,27,14,8.8,0
D004737,O005071,RIDER0017,52,57,33,10.1,5
D004738,O005072,RIDER0642,31,38,24,1.0,7
D004739,O005073,RIDER1753,38,36,37,7.5,0
D004740,O005074,RIDER1035,26,22,25,0.6,0
D004741,O005076,RIDER1209,26,58,24,1.9,32
D004742,O005077,RIDER2004,25,31,38,0.6,6
D004743,O005078,RIDER0975,33,56,21,1.6,23
D004744,O005079,RIDER2201,19,39,15,3.3,20
D004745,O005080,RIDER1233,47,50,33,2.0,3
D004746,O005081,RIDER0170,28,35,23,3.4,7
D004747,O005082,RIDER1591,35,42,28,2.2,7
D004748,O005083,RIDER2018,22,29,36,3.0,7
D004749,O005085,RIDER2194,24,22,24,0.0,0
D004750,O005086,RIDER1714,38,43,24,5.3,5
D004751,O005087,RIDER1963,30,34,24,7.8,4
D004752,O005088,RIDER1075,28,32,21,5.2,4
D004753,O005089,RIDER0646,25,25,14,1.5,0
D004754,O005090,RIDER0787,42,38,28,1.0,0
D004755,O005091,RIDER0252,36,56,31,2.9,20
D004756,O005092,RIDER1336,26,53,31,1.1,27
D004757,O005093,RIDER2020,46,80,37,1.5,34
D004758,O005094,RIDER1826,30,60,41,0.2,30
D004759,O005095,RIDER0316,37,59,20,6.8,22
D004760,O005096,RIDER2435,39,55,38,3.9,16
D004761,O005097,RIDER0645,27,36,31,8.2,9
D004762,O005098,RIDER0249,42,63,28,3.5,21
D004763,O005099,RIDER0346,27,34,25,1.6,7
D004764,O005100,RIDER0749,32,36,16,2.1,4
D004765,O005101,RIDER2016,28,53,25,3.5,25
D004766,O005102,RIDER1425,47,43,38,0.3,0
D004767,O005104,RIDER1797,23,27,37,1.4,4
D004768,O005105,RIDER0127,39,36,36,4.2,0
D004769,O005106,RIDER0409,41,64,18,2.1,23
D004770,O005107,RIDER2268,23,31,36,8.6,8
D004771,O005108,RIDER1819,27,33,16,2.6,6
D004772,O005109,RIDER0486,35,35,19,2.8,0
D004773,O005110,RIDER1491,36,34,21,1.5,0
D004774,O005111,RIDER2013,36,34,29,5.6,0
D004775,O005112,RIDER1305,49,54,33,0.1,5
D004776,O005113,RIDER1084,23,18,27,3.0,0
D004777,O005114,RIDER1561,30,31,41,1.1,1
D004778,O005115,RIDER1161,34,33,20,4.2,0
D004779,O005116,RIDER2375,39,70,30,5.4,31
D004780,O005117,RIDER0920,24,19,15,4.6,0
D004781,O005119,RIDER0769,33,30,20,8.4,0
D004782,O005120,RIDER2366,40,35,19,0.8,0
D004783,O005121,RIDER1251,20,18,23,0.8,0
D004784,O005122,RIDER2124,20,44,38,3.9,24
D004785,O005123,RIDER2110,39,57,40,6.1,18
D004786,O005125,RIDER1085,36,47,14,3.1,11
D004787,O005126,RIDER2187,38,37,42,4.7,0
D004788,O005127,RIDER0768,21,35,33,1.2,14
D004789,O005128,RIDER1279,31,59,19,3.8,28
D004790,O005129,RIDER2331,45,66,30,2.2,21
D004791,O005131,RIDER2036,26,25,29,9.7,0
D004792,O005132,RIDER0920,38,37,41,0.8,0
D004793,O005133,RIDER0611,45,61,33,0.4,16
D004794,O005134,RIDER1433,47,73,36,3.4,26
D004795,O005135,RIDER0638,41,66,39,3.7,25
D004796,O005136,RIDER2339,31,28,29,3.9,0
D004797,O005137,RIDER2354,22,32,32,5.7,10
D004798,O005138,RIDER1837,33,32,30,2.7,0
D004799,O005139,RIDER2300,23,28,42,1.1,5
D004800,O005140,RIDER1342,30,60,21,1.0,30
D004801,O005141,RIDER1025,47,47,22,2.6,0
D004802,O005142,RIDER1013,70,83,32,4.3,13
D004803,O005143,RIDER0814,32,36,29,3.2,4
D004804,O005145,RIDER1311,46,44,21,2.4,0
D004805,O005146,RIDER0707,28,23,15,0.7,0
D004806,O005148,RIDER1585,19,18,38,3.2,0
D004807,O005149,RIDER0259,19,20,14,2.1,1
D004808,O005150,RIDER0875,28,29,31,3.5,1
D004809,O005151,RIDER1593,42,69,21,4.8,27
D004810,O005152,RIDER1935,31,37,27,1.2,6
D004811,O005153,RIDER0713,28,30,23,0.3,2
D004812,O005154,RIDER0510,17,21,31,3.9,4
D004813,O005156,RIDER1043,28,30,32,2.4,2
D004814,O005157,RIDER2030,23,18,20,1.5,0
D004815,O005158,RIDER1142,42,70,18,0.9,28
D004816,O005159,RIDER2079,50,83,17,0.8,33
D004817,O005160,RIDER0782,30,32,30,3.3,2
D004818,O005161,RIDER2418,45,54,15,0.8,9
D004819,O005162,RIDER0380,47,76,39,10.2,29
D004820,O005163,RIDER1884,27,23,19,7.3,0
D004821,O005164,RIDER0418,36,42,18,6.0,6
D004822,O005165,RIDER0019,40,44,19,4.5,4
D004823,O005166,RIDER1648,34,40,27,8.3,6
D004824,O005167,RIDER1687,24,30,39,3.9,6
D004825,O005168,RIDER1885,23,26,15,0.4,3
D004826,O005169,RIDER0866,32,38,24,5.0,6
D004827,O005170,RIDER2220,40,41,22,2.5,1
D004828,O005171,RIDER1285,22,24,42,3.6,2
D004829,O005172,RIDER0848,31,53,14,2.2,22
D004830,O005173,RIDER0487,37,33,30,4.2,0
D004831,O005174,RIDER0105,29,34,33,0.9,5
D004832,O005175,RIDER0183,20,36,23,3.6,16
D004833,O005176,RIDER0833,24,26,31,6.5,2
D004834,O005177,RIDER2176,24,32,37,7.1,8
D004835,O005178,RIDER2455,29,31,20,4.5,2
D004836,O005179,RIDER0495,35,53,31,8.9,18
D004837,O005180,RIDER0991,25,28,33,4.8,3
D004838,O005181,RIDER1500,25,58,31,1.4,33
D004839,O005182,RIDER1946,24,23,15,9.3,0
D004840,O005183,RIDER1017,28,40,28,1.7,12
D004841,O005184,RIDER2295,33,29,21,6.9,0
D004842,O005185,RIDER1909,28,59,31,1.4,31
D004843,O005186,RIDER2218,45,55,18,1.0,10
D004844,O005187,RIDER2300,47,77,14,0.5,30
D004845,O005188,RIDER0762,26,26,36,12.3,0
D004846,O005190,RIDER2339,47,57,38,1.4,10
D004847,O005191,RIDER2433,33,37,23,0.5,4
D004848,O005192,RIDER1254,41,47,18,2.1,6
D004849,O005193,RIDER1891,41,46,18,0.3,5
D004850,O005194,RIDER1748,52,69,21,4.0,17
D004851,O005195,RIDER1628,33,40,16,8.0,7
D004852,O005196,RIDER1155,31,33,42,4.1,2
D004853,O005197,RIDER1445,60,79,31,0.6,19
D004854,O005198,RIDER1427,19,15,33,4.4,0
D004855,O005199,RIDER2142,27,56,20,1.6,29
D004856,O005200,RIDER2352,48,52,32,1.5,4
D004857,O005201,RIDER2095,29,30,22,3.1,1
D004858,O005202,RIDER0884,49,53,15,2.7,4
D004859,O005204,RIDER1194,21,47,29,5.7,26
D004860,O005205,RIDER1717,29,29,22,0.8,0
D004861,O005206,RIDER2030,25,21,37,1.8,0
D004862,O005207,RIDER1458,26,23,42,2.2,0
D004863,O005208,RIDER2216,26,30,15,5.1,4
D004864,O005209,RIDER2263,44,49,42,4.1,5
D004865,O005210,RIDER1663,25,25,23,0.1,0
D004866,O005211,RIDER2024,30,37,36,4.2,7
D004867,O005212,RIDER0865,35,30,18,3.1,0
D004868,O005213,RIDER0855,24,40,41,0.4,16
D004869,O005214,RIDER2282,47,43,19,1.6,0
D004870,O005215,RIDER0582,34,34,15,5.9,0
D004871,O005216,RIDER1724,34,31,40,0.7,0
D004872,O005217,RIDER1427,23,31,31,1.2,8
D004873,O005218,RIDER2001,42,53,15,2.2,11
D004874,O005220,RIDER2133,30,36,32,6.5,6
D004875,O005221,RIDER0938,22,40,16,2.6,18
D004876,O005222,RIDER1205,38,42,39,0.6,4
D004877,O005223,RIDER2058,40,52,19,2.0,12
D004878,O005224,RIDER0575,38,39,38,2.6,1
D004879,O005225,RIDER0455,32,31,33,3.4,0
D004880,O005226,RIDER0181,42,41,22,0.5,0
D004881,O005227,RIDER0209,42,40,38,4.8,0
D004882,O005228,RIDER1701,33,38,22,4.3,5
D004883,O005229,RIDER1464,49,82,32,0.7,33
D004884,O005230,RIDER1291,36,42,30,9.0,6
D004885,O005231,RIDER1256,57,56,15,0.8,0
D004886,O005232,RIDER1460,32,34,31,2.6,2
D004887,O005233,RIDER1219,33,37,36,2.6,4
D004888,O005234,RIDER1897,21,28,23,1.6,7
D004889,O005235,RIDER1639,32,61,25,0.6,29
D004890,O005236,RIDER1421,50,58,18,0.6,8
D004891,O005237,RIDER1944,37,61,24,2.5,24
D004892,O005238,RIDER0628,36,39,31,1.2,3
D004893,O005239,RIDER0342,36,47,24,6.7,11
D004894,O005240,RIDER2142,22,17,35,2.9,0
D004895,O005241,RIDER2411,32,61,41,1.3,29
D004896,O005242,RIDER1103,35,64,25,0.2,29
D004897,O005243,RIDER1333,26,29,24,0.1,3
D004898,O005244,RIDER1905,23,19,18,3.0,0
D004899,O005245,RIDER0861,49,54,39,1.1,5
D004900,O005246,RIDER1850,23,26,41,1.6,3
D004901,O005247,RIDER1428,45,55,33,3.4,10
D004902,O005248,RIDER2360,35,54,21,1.4,19
D004903,O005249,RIDER0286,54,51,31,3.8,0
D004904,O005250,RIDER0963,31,27,38,3.1,0
D004905,O005251,RIDER0031,29,28,25,4.9,0
D004906,O005252,RIDER0201,20,26,25,10.4,6
D004907,O005253,RIDER1892,23,35,17,0.2,12
D004908,O005254,RIDER2498,21,26,21,5.4,5
D004909,O005255,RIDER1269,38,39,34,5.8,1
D004910,O005257,RIDER1060,33,36,33,7.1,3
D004911,O005258,RIDER0426,28,50,36,1.1,22
D004912,O005259,RIDER1448,57,73,15,1.9,16
D004913,O005260,RIDER0958,23,19,28,4.0,0
D004914,O005261,RIDER1365,27,27,23,5.2,0
D004915,O005262,RIDER1010,35,62,24,1.9,27
D004916,O005263,RIDER0994,36,66,16,4.1,30
D004917,O005264,RIDER1989,38,57,16,7.7,19
D004918,O005265,RIDER0608,27,29,32,1.1,2
D004919,O005266,RIDER0155,56,64,16,0.9,8
D004920,O005267,RIDER0680,25,24,41,4.6,0
D004921,O005268,RIDER0374,30,30,19,1.5,0
D004922,O005270,RIDER0222,28,33,29,9.8,5
D004923,O005271,RIDER2022,32,28,37,2.1,0
D004924,O005272,RIDER0724,54,83,30,5.1,29
D004925,O005273,RIDER0174,36,31,16,4.8,0
D004926,O005274,RIDER2240,22,28,39,0.6,6
D004927,O005275,RIDER1997,48,50,33,2.0,2
D004928,O005276,RIDER0435,41,63,42,2.0,22
D004929,O005277,RIDER0287,29,33,39,1.0,4
D004930,O005278,RIDER2020,32,33,40,2.9,1
D004931,O005279,RIDER2382,42,50,24,1.9,8
D004932,O005280,RIDER0633,46,44,21,6.5,0
D004933,O005281,RIDER0334,32,27,14,1.3,0
D004934,O005282,RIDER1887,19,25,21,0.7,6
D004935,O005283,RIDER1729,38,34,21,0.6,0
D004936,O005284,RIDER1226,20,17,33,3.7,0
D004937,O005285,RIDER1688,36,70,38,4.5,34
D004938,O005286,RIDER2152,32,61,22,3.4,29
D004939,O005287,RIDER1527,43,53,14,3.1,10
D004940,O005288,RIDER2421,29,28,31,2.2,0
D004941,O005289,RIDER2425,44,59,38,1.9,15
D004942,O005290,RIDER2094,30,29,25,4.6,0
D004943,O005291,RIDER0438,41,54,34,1.4,13
D004944,O005293,RIDER0696,21,25,30,4.6,4
D004945,O005294,RIDER2137,26,25,42,1.0,0
D004946,O005295,RIDER1048,34,47,36,1.0,13
D004947,O005296,RIDER0260,55,77,38,0.1,22
D004948,O005297,RIDER1434,32,38,26,2.2,6
D004949,O005298,RIDER1152,32,37,38,5.1,5
D004950,O005299,RIDER0722,32,37,31,1.4,5
D004951,O005300,RIDER2279,20,19,27,1.1,0
D004952,O005301,RIDER2133,53,58,33,5.2,5
D004953,O005302,RIDER1543,37,59,14,1.6,22
D004954,O005303,RIDER1255,41,58,18,4.7,17
D004955,O005304,RIDER1229,25,20,15,4.9,0
D004956,O005305,RIDER0745,33,37,15,0.7,4
D004957,O005306,RIDER1356,21,28,21,1.4,7
D004958,O005307,RIDER1679,64,65,15,17.2,1
D004959,O005308,RIDER1319,26,33,27,7.2,7
D004960,O005309,RIDER1411,26,28,37,5.2,2
D004961,O005310,RIDER1530,48,55,33,3.2,7
D004962,O005311,RIDER0186,29,33,38,2.6,4
D004963,O005312,RIDER0946,50,49,32,5.6,0
D004964,O005313,RIDER0037,31,57,16,1.7,26
D004965,O005314,RIDER2277,25,25,14,3.4,0
D004966,O005315,RIDER1354,29,52,42,1.5,23
D004967,O005316,RIDER2107,30,32,19,3.2,2
D004968,O005317,RIDER0423,52,57,14,0.9,5
D004969,O005318,RIDER0183,27,23,21,0.6,0
D004970,O005319,RIDER2308,35,31,35,5.4,0
D004971,O005320,RIDER0974,22,28,38,3.3,6
D004972,O005321,RIDER1394,24,20,39,4.7,0
D004973,O005322,RIDER1639,34,38,40,8.2,4
D004974,O005323,RIDER0512,34,41,41,1.0,7
D004975,O005324,RIDER0513,37,66,25,4.9,29
D004976,O005325,RIDER1710,37,56,18,0.1,19
D004977,O005326,RIDER0732,31,34,24,3.9,3
D004978,O005327,RIDER1469,34,61,37,0.3,27
D004979,O005328,RIDER0854,21,30,33,1.2,9
D004980,O005329,RIDER1833,31,26,18,2.8,0
D004981,O005330,RIDER0454,30,28,28,0.1,0
D004982,O005331,RIDER1090,26,22,19,8.8,0
D004983,O005332,RIDER1646,45,47,30,2.0,2
D004984,O005333,RIDER1785,23,18,37,2.7,0
D004985,O005334,RIDER0302,41,45,37,0.9,4
D004986,O005335,RIDER2224,28,54,31,8.0,26
D004987,O005336,RIDER0616,43,43,31,0.3,0
D004988,O005337,RIDER0331,20,30,28,8.1,10
D004989,O005338,RIDER0343,26,23,14,1.3,0
D004990,O005339,RIDER0065,21,23,38,2.5,2
D004991,O005340,RIDER0968,40,39,21,4.7,0
D004992,O005341,RIDER0178,28,42,22,2.0,14
D004993,O005343,RIDER2306,30,26,25,4.4,0
D004994,O005344,RIDER1117,38,43,35,9.4,5
D004995,O005345,RIDER0892,21,20,21,1.6,0
D004996,O005346,RIDER1617,37,36,23,5.1,0
D004997,O005347,RIDER0141,38,52,18,2.2,14
D004998,O005348,RIDER1985,28,58,23,8.1,30
D004999,O005349,RIDER0442,27,28,19,4.7,1
D005000,O005350,RIDER2055,26,22,23,4.3,0
D005001,O005351,RIDER2039,23,29,33,3.6,6
D005002,O005352,RIDER0763,28,25,14,1.5,0
D005003,O005353,RIDER0622,40,36,23,2.9,0
D005004,O005354,RIDER2397,25,38,25,1.7,13
D005005,O005355,RIDER1319,34,40,18,4.1,6
D005006,O005356,RIDER1854,19,15,14,0.6,0
D005007,O005357,RIDER2059,49,74,27,1.9,25
D005008,O005358,RIDER1532,27,28,30,6.8,1
D005009,O005360,RIDER1270,17,15,37,7.0,0
D005010,O005361,RIDER0077,22,25,27,0.6,3
D005011,O005362,RIDER1264,48,48,25,1.5,0
D005012,O005364,RIDER1860,37,40,31,4.1,3
D005013,O005365,RIDER2114,30,32,17,1.8,2
D005014,O005366,RIDER0233,34,32,28,1.4,0
D005015,O005368,RIDER2001,37,33,41,9.9,0
D005016,O005369,RIDER1735,49,67,15,2.5,18
D005017,O005370,RIDER0858,21,44,33,2.9,23
D005018,O005371,RIDER1416,28,38,37,2.3,10
D005019,O005373,RIDER2102,29,44,31,2.9,15
D005020,O005374,RIDER2463,43,47,32,3.1,4
D005021,O005376,RIDER2068,36,42,14,1.8,6
D005022,O005377,RIDER1106,29,33,31,1.0,4
D005023,O005378,RIDER1453,37,40,23,5.6,3
D005024,O005379,RIDER0402,34,41,38,1.8,7
D005025,O005380,RIDER0048,29,31,32,1.2,2
D005026,O005381,RIDER0745,20,20,18,0.2,0
D005027,O005382,RIDER1988,28,23,28,3.9,0
D005028,O005383,RIDER1290,24,49,35,1.4,25
D005029,O005384,RIDER0830,19,15,28,1.5,0
D005030,O005385,RIDER0198,36,59,24,2.9,23
D005031,O005386,RIDER0541,39,67,29,1.5,28
D005032,O005387,RIDER1550,19,19,21,2.6,0
D005033,O005388,RIDER2142,37,54,28,3.8,17
D005034,O005389,RIDER1581,27,23,28,8.2,0
D005035,O005390,RIDER1425,33,33,15,7.9,0
D005036,O005391,RIDER0076,40,46,29,1.1,6
D005037,O005392,RIDER2063,57,55,15,4.6,0
D005038,O005393,RIDER1057,45,78,35,3.0,33
D005039,O005395,RIDER1225,42,40,38,3.9,0
D005040,O005397,RIDER0254,24,21,31,4.8,0
D005041,O005398,RIDER1656,31,34,18,6.1,3
D005042,O005399,RIDER2204,26,27,23,2.2,1
D005043,O005400,RIDER0067,26,26,14,1.9,0
D005044,O005401,RIDER1812,29,25,38,3.1,0
D005045,O005402,RIDER0710,28,26,18,1.7,0
D005046,O005403,RIDER2309,32,39,14,5.5,7
D005047,O005404,RIDER0697,27,30,34,3.8,3
D005048,O005405,RIDER0666,41,57,28,2.9,16
D005049,O005406,RIDER1108,43,54,37,1.0,11
D005050,O005407,RIDER0346,23,27,28,1.0,4
D005051,O005408,RIDER0659,25,20,21,10.3,0
D005052,O005409,RIDER0902,24,23,37,4.5,0
D005053,O005410,RIDER0836,35,35,37,3.9,0
D005054,O005411,RIDER2198,43,48,27,2.7,5
D005055,O005412,RIDER2301,54,75,33,2.1,21
D005056,O005413,RIDER1596,38,72,14,0.9,34
D005057,O005414,RIDER1805,33,33,38,8.9,0
D005058,O005415,RIDER0361,31,55,31,0.2,24
D005059,O005416,RIDER0606,49,55,14,1.1,6
D005060,O005417,RIDER1965,35,30,19,0.6,0
D005061,O005418,RIDER2191,53,59,16,8.0,6
D005062,O005419,RIDER0398,31,38,23,3.2,7
D005063,O005421,RIDER1543,40,46,16,3.7,6
D005064,O005423,RIDER0663,32,32,36,4.9,0
D005065,O005424,RIDER0963,22,19,25,2.0,0
D005066,O005426,RIDER1153,28,53,37,6.5,25
D005067,O005427,RIDER1363,70,83,21,9.4,13
D005068,O005428,RIDER0504,26,23,34,6.4,0
D005069,O005429,RIDER2419,28,44,29,4.6,16
D005070,O005430,RIDER0261,45,77,16,0.9,32
D005071,O005431,RIDER1855,33,55,20,1.8,22
D005072,O005433,RIDER0302,33,31,21,3.6,0
D005073,O005434,RIDER1532,37,35,28,4.2,0
D005074,O005435,RIDER2500,28,31,24,1.3,3
D005075,O005436,RIDER1421,23,25,16,3.1,2
D005076,O005437,RIDER0489,38,35,30,2.7,0
D005077,O005438,RIDER0439,33,28,30,2.6,0
D005078,O005439,RIDER1986,21,52,21,6.1,31
D005079,O005440,RIDER0809,29,28,36,4.9,0
D005080,O005441,RIDER1594,37,35,27,2.6,0
D005081,O005442,RIDER1576,35,63,25,4.1,28
D005082,O005443,RIDER2352,36,45,14,1.6,9
D005083,O005444,RIDER0679,36,38,23,2.7,2
D005084,O005445,RIDER1172,28,58,19,9.9,30
D005085,O005446,RIDER0083,29,26,14,4.2,0
D005086,O005447,RIDER1486,19,18,40,1.9,0
D005087,O005448,RIDER2410,40,43,29,4.1,3
D005088,O005449,RIDER2231,45,45,21,5.9,0
D005089,O005450,RIDER0374,31,41,22,1.3,10
D005090,O005451,RIDER2363,28,29,38,2.1,1
D005091,O005452,RIDER1896,35,33,22,0.6,0
D005092,O005453,RIDER0543,35,41,40,3.3,6
D005093,O005455,RIDER0213,23,23,19,2.6,0
D005094,O005456,RIDER2483,24,19,36,0.8,0
D005095,O005457,RIDER1672,47,78,14,6.4,31
D005096,O005458,RIDER1628,28,30,40,7.0,2
D005097,O005459,RIDER1815,26,21,22,2.0,0
D005098,O005460,RIDER0809,35,63,37,4.7,28
D005099,O005461,RIDER0393,33,37,39,0.4,4
D005100,O005462,RIDER0583,18,25,26,3.1,7
D005101,O005463,RIDER0557,34,30,40,2.2,0
D005102,O005464,RIDER1919,37,51,41,3.8,14
D005103,O005465,RIDER2190,66,97,21,6.0,31
D005104,O005466,RIDER1537,38,44,28,2.1,6
D005105,O005467,RIDER0521,41,48,34,3.6,7
D005106,O005468,RIDER1926,35,36,40,2.4,1
D005107,O005469,RIDER0320,27,26,41,1.3,0
D005108,O005470,RIDER2060,25,27,21,1.4,2
D005109,O005471,RIDER2208,58,81,23,1.1,23
D005110,O005472,RIDER2459,41,39,28,4.4,0
D005111,O005473,RIDER2411,46,51,18,3.3,5
D005112,O005474,RIDER1270,26,48,18,0.8,22
D005113,O005475,RIDER1473,33,40,14,2.1,7
D005114,O005476,RIDER0438,23,28,19,0.9,5
D005115,O005477,RIDER2409,51,85,37,1.3,34
D005116,O005478,RIDER0430,34,64,37,8.1,30
D005117,O005479,RIDER1614,62,74,23,1.6,12
D005118,O005480,RIDER1392,24,26,36,1.4,2
D005119,O005481,RIDER2285,37,71,16,4.0,34
D005120,O005482,RIDER0734,43,47,21,6.8,4
D005121,O005483,RIDER0324,29,39,29,4.8,10
D005122,O005484,RIDER2480,52,63,42,1.5,11
D005123,O005485,RIDER1353,30,61,38,0.3,31
D005124,O005486,RIDER0884,27,25,42,2.1,0
D005125,O005487,RIDER2355,69,76,34,2.5,7
D005126,O005488,RIDER1568,21,35,25,3.3,14
D005127,O005489,RIDER0627,29,33,36,0.8,4
D005128,O005490,RIDER1450,35,35,33,4.4,0
D005129,O005491,RIDER1015,28,51,32,1.2,23
D005130,O005492,RIDER2318,51,70,22,4.4,19
D005131,O005493,RIDER0289,19,25,39,1.1,6
D005132,O005494,RIDER0140,31,37,27,0.9,6
D005133,O005495,RIDER1049,34,38,29,1.3,4
D005134,O005496,RIDER1209,31,32,19,5.1,1
D005135,O005497,RIDER1829,38,51,24,2.5,13
D005136,O005498,RIDER0025,20,38,28,0.6,18
D005137,O005499,RIDER1364,25,28,39,0.8,3
D005138,O005501,RIDER2082,26,35,36,4.1,9
D005139,O005502,RIDER0864,43,65,28,4.3,22
D005140,O005503,RIDER1183,20,23,40,1.3,3
D005141,O005504,RIDER2318,44,64,19,2.2,20
D005142,O005505,RIDER1238,27,30,35,2.0,3
D005143,O005506,RIDER2456,39,45,24,2.2,6
D005144,O005507,RIDER1676,39,57,39,11.0,18
D005145,O005508,RIDER0578,31,33,18,0.8,2
D005146,O005509,RIDER1120,36,41,29,2.5,5
D005147,O005510,RIDER0059,45,64,42,2.3,19
D005148,O005511,RIDER1221,50,54,33,1.0,4
D005149,O005512,RIDER0360,23,19,33,3.8,0
D005150,O005513,RIDER1843,55,55,24,2.8,0
D005151,O005514,RIDER1890,35,53,30,0.1,18
D005152,O005515,RIDER0849,32,30,15,0.4,0
D005153,O005516,RIDER1261,18,16,24,0.3,0
D005154,O005517,RIDER1587,31,43,21,3.4,12
D005155,O005518,RIDER1510,40,36,41,5.1,0
D005156,O005519,RIDER1463,46,74,18,4.6,28
D005157,O005520,RIDER1809,29,31,33,3.2,2
D005158,O005521,RIDER0188,23,26,14,3.3,3
D005159,O005522,RIDER1039,32,33,30,4.2,1
D005160,O005524,RIDER1385,32,30,15,3.4,0
D005161,O005525,RIDER1184,31,47,40,2.1,16
D005162,O005526,RIDER2120,37,52,21,5.5,15
D005163,O005527,RIDER0260,70,91,21,7.8,21
D005164,O005528,RIDER1114,45,50,31,2.7,5
D005165,O005529,RIDER2113,33,37,27,6.9,4
D005166,O005531,RIDER2018,23,24,27,5.4,1
D005167,O005532,RIDER0408,38,41,27,1.8,3
D005168,O005533,RIDER1372,27,35,24,5.2,8
D005169,O005534,RIDER2279,22,17,22,0.6,0
D005170,O005535,RIDER0695,32,34,24,0.7,2
D005171,O005536,RIDER2159,34,41,29,7.1,7
D005172,O005537,RIDER2376,24,25,39,1.5,1
D005173,O005538,RIDER1044,29,46,15,1.3,17
D005174,O005539,RIDER1245,36,33,42,3.2,0
D005175,O005540,RIDER0486,22,26,35,3.6,4
D005176,O005541,RIDER1458,26,40,36,2.3,14
D005177,O005542,RIDER1731,26,24,24,6.3,0
D005178,O005543,RIDER0878,27,33,40,1.9,6
D005179,O005544,RIDER2273,26,37,29,3.5,11
D005180,O005545,RIDER1118,40,46,36,4.4,6
D005181,O005547,RIDER0711,29,30,38,3.2,1
D005182,O005548,RIDER1685,30,27,30,0.0,0
D005183,O005549,RIDER0452,33,35,28,2.6,2
D005184,O005550,RIDER1449,35,40,16,4.9,5
D005185,O005551,RIDER2284,29,59,31,0.8,30
D005186,O005552,RIDER0265,32,28,22,0.5,0
D005187,O005553,RIDER1119,31,36,19,1.4,5
D005188,O005554,RIDER0622,47,50,18,2.6,3
D005189,O005556,RIDER2393,48,52,24,3.1,4
D005190,O005557,RIDER0753,39,68,37,2.9,29
D005191,O005558,RIDER0092,34,40,36,4.3,6
D005192,O005559,RIDER0405,54,54,29,2.5,0
D005193,O005560,RIDER2323,31,31,21,6.7,0
D005194,O005561,RIDER1475,25,23,37,4.8,0
D005195,O005562,RIDER1396,25,49,26,0.2,24
D005196,O005563,RIDER1727,49,83,14,4.5,34
D005197,O005564,RIDER2095,41,41,29,0.9,0
D005198,O005565,RIDER0761,36,43,28,5.3,7
D005199,O005566,RIDER0889,42,37,16,3.8,0
D005200,O005567,RIDER2230,25,27,31,2.5,2
D005201,O005568,RIDER2024,29,51,15,0.5,22
D005202,O005569,RIDER1711,35,33,21,0.7,0
D005203,O005570,RIDER0854,26,29,41,3.8,3
D005204,O005571,RIDER1021,44,40,24,2.4,0
D005205,O005572,RIDER1656,42,61,15,2.6,19
D005206,O005573,RIDER1869,22,18,33,6.4,0
D005207,O005574,RIDER2280,40,42,28,5.0,2
D005208,O005575,RIDER1346,44,39,15,3.7,0
D005209,O005576,RIDER1416,50,57,14,0.6,7
D005210,O005577,RIDER1302,30,30,21,5.7,0
D005211,O005578,RIDER1442,31,27,19,0.6,0
D005212,O005579,RIDER2428,24,27,24,3.0,3
D005213,O005580,RIDER1640,23,48,22,1.2,25
D005214,O005581,RIDER0749,29,26,32,5.7,0
D005215,O005582,RIDER1890,36,42,36,3.9,6
D005216,O005583,RIDER0517,57,87,14,6.0,30
D005217,O005584,RIDER0370,23,27,38,0.6,4
D005218,O005585,RIDER2457,22,30,32,0.7,8
D005219,O005586,RIDER1039,36,53,33,5.1,17
D005220,O005587,RIDER1807,21,30,21,0.2,9
D005221,O005588,RIDER0549,22,27,36,0.5,5
D005222,O005589,RIDER2115,28,29,31,0.9,1
D005223,O005590,RIDER0509,36,37,25,2.1,1
D005224,O005591,RIDER0516,38,41,16,1.3,3
D005225,O005592,RIDER0157,41,42,38,3.9,1
D005226,O005593,RIDER0855,31,34,21,2.9,3
D005227,O005595,RIDER1745,52,71,24,0.7,19
D005228,O005596,RIDER2197,47,59,16,3.2,12
D005229,O005597,RIDER0335,47,67,32,3.6,20
D005230,O005598,RIDER0239,21,42,28,3.2,21
D005231,O005599,RIDER1253,34,29,33,1.8,0
D005232,O005600,RIDER1344,43,48,35,6.3,5
D005233,O005601,RIDER0336,45,43,23,3.8,0
D005234,O005602,RIDER1813,26,27,27,1.9,1
D005235,O005603,RIDER0443,38,43,30,0.5,5
D005236,O005604,RIDER0160,52,52,14,0.0,0
D005237,O005606,RIDER2087,55,55,32,3.6,0
D005238,O005607,RIDER0855,41,70,25,0.3,29
D005239,O005608,RIDER0769,23,21,36,3.1,0
D005240,O005609,RIDER1671,42,40,16,4.0,0
D005241,O005610,RIDER2025,19,29,37,5.0,10
D005242,O005611,RIDER0654,23,23,33,0.3,0
D005243,O005612,RIDER0364,37,44,41,0.9,7
D005244,O005613,RIDER1056,50,53,15,1.1,3
D005245,O005614,RIDER1883,33,31,36,1.4,0
D005246,O005615,RIDER1723,48,77,14,0.8,29
D005247,O005616,RIDER0760,39,40,18,6.7,1
D005248,O005617,RIDER1067,70,96,42,2.1,26
D005249,O005618,RIDER2467,34,58,42,3.6,24
D005250,O005619,RIDER2471,33,33,23,6.3,0
D005251,O005620,RIDER1024,32,49,21,4.6,17
D005252,O005621,RIDER1135,33,30,30,5.1,0
D005253,O005622,RIDER2295,23,55,34,1.2,32
D005254,O005623,RIDER0434,29,55,23,2.3,26
D005255,O005624,RIDER1128,41,39,24,4.0,0
D005256,O005625,RIDER0719,24,22,42,7.1,0
D005257,O005626,RIDER1373,24,19,22,7.4,0
D005258,O005627,RIDER0317,34,33,30,0.5,0
D005259,O005628,RIDER1184,26,52,16,7.7,26
D005260,O005629,RIDER2145,30,27,35,2.3,0
D005261,O005630,RIDER0271,29,28,29,4.1,0
D005262,O005632,RIDER2229,40,42,37,5.7,2
D005263,O005633,RIDER0953,25,30,24,1.1,5
D005264,O005634,RIDER2005,23,25,28,4.7,2
D005265,O005635,RIDER1446,38,37,35,7.7,0
D005266,O005636,RIDER1266,37,42,17,3.2,5
D005267,O005637,RIDER1280,24,58,38,3.3,34
D005268,O005638,RIDER0523,24,29,24,3.0,5
D005269,O005639,RIDER2235,28,29,38,1.5,1
D005270,O005640,RIDER1376,43,38,21,3.2,0
D005271,O005641,RIDER0996,28,26,21,1.8,0
D005272,O005642,RIDER0344,44,75,22,4.3,31
D005273,O005643,RIDER2108,35,47,21,0.5,12
D005274,O005644,RIDER1976,28,33,29,2.6,5
D005275,O005646,RIDER0043,28,60,30,2.5,32
D005276,O005647,RIDER1758,32,32,42,1.6,0
D005277,O005648,RIDER0173,43,38,40,0.5,0
D005278,O005649,RIDER1933,28,51,29,2.2,23
D005279,O005650,RIDER0115,43,52,21,1.6,9
D005280,O005651,RIDER0154,51,74,33,1.2,23
D005281,O005652,RIDER1465,45,40,17,4.6,0
D005282,O005653,RIDER0946,34,47,25,6.0,13
D005283,O005654,RIDER2417,70,76,14,0.2,6
D005284,O005655,RIDER1898,29,38,23,0.8,9
D005285,O005656,RIDER0629,30,37,36,1.2,7
D005286,O005657,RIDER2291,36,31,24,3.8,0
D005287,O005658,RIDER1582,47,79,30,0.7,32
D005288,O005659,RIDER1688,21,25,33,4.3,4
D005289,O005660,RIDER0178,35,61,31,4.4,26
D005290,O005661,RIDER1453,29,33,35,0.1,4
D005291,O005662,RIDER0480,48,70,42,3.9,22
D005292,O005663,RIDER1965,18,52,40,0.7,34
D005293,O005664,RIDER1155,41,42,25,2.0,1
D005294,O005665,RIDER1787,25,31,26,1.9,6
D005295,O005666,RIDER0027,24,58,31,3.1,34
D005296,O005668,RIDER1437,38,39,23,1.2,1
D005297,O005669,RIDER0268,34,41,16,0.5,7
D005298,O005670,RIDER1654,38,57,28,2.0,19
D005299,O005671,RIDER1022,35,39,18,0.5,4
D005300,O005672,RIDER1348,18,23,18,3.1,5
D005301,O005673,RIDER1658,64,82,21,1.4,18
D005302,O005674,RIDER0342,35,35,32,3.2,0
D005303,O005675,RIDER0480,49,52,32,5.7,3
D005304,O005676,RIDER0991,29,25,27,2.1,0
D005305,O005677,RIDER1042,25,21,27,4.9,0
D005306,O005678,RIDER0438,30,38,18,2.5,8
D005307,O005679,RIDER0598,30,33,14,0.6,3
D005308,O005680,RIDER1745,25,32,31,0.5,7
D005309,O005681,RIDER1504,51,49,15,3.7,0
D005310,O005682,RIDER1795,32,64,27,0.4,32
D005311,O005683,RIDER0633,30,56,19,3.9,26
D005312,O005684,RIDER1948,34,37,21,4.0,3
D005313,O005685,RIDER1016,30,25,32,2.1,0
D005314,O005686,RIDER0379,35,30,30,0.5,0
D005315,O005687,RIDER1160,29,25,35,3.9,0
D005316,O005688,RIDER1477,44,76,26,0.6,32
D005317,O005689,RIDER1961,28,33,24,5.4,5
D005318,O005690,RIDER0941,20,16,39,0.9,0
D005319,O005691,RIDER1749,39,70,33,2.2,31
D005320,O005692,RIDER0677,22,50,21,5.0,28
D005321,O005693,RIDER0808,30,26,24,5.0,0
D005322,O005694,RIDER1022,22,18,28,4.2,0
D005323,O005695,RIDER0106,40,43,17,0.5,3
D005324,O005696,RIDER1775,29,29,30,3.2,0
D005325,O005697,RIDER2284,32,27,29,3.1,0
D005326,O005698,RIDER1596,64,66,36,0.8,2
D005327,O005699,RIDER0169,49,52,22,9.7,3
D005328,O005700,RIDER0317,28,32,29,7.8,4
D005329,O005701,RIDER0458,24,27,16,4.6,3
D005330,O005704,RIDER1439,52,47,36,3.2,0
D005331,O005705,RIDER2498,26,28,22,3.9,2
D005332,O005706,RIDER1335,29,34,27,6.1,5
D005333,O005707,RIDER0567,35,58,36,0.1,23
D005334,O005708,RIDER0296,23,27,14,7.7,4
D005335,O005709,RIDER0616,19,14,24,3.1,0
D005336,O005712,RIDER1600,46,60,21,3.3,14
D005337,O005713,RIDER1789,29,26,42,6.4,0
D005338,O005714,RIDER0040,31,26,24,1.5,0
D005339,O005715,RIDER1275,29,32,14,1.1,3
D005340,O005716,RIDER1411,35,33,21,1.5,0
D005341,O005717,RIDER0617,24,21,27,2.2,0
D005342,O005718,RIDER1434,30,25,18,1.8,0
D005343,O005719,RIDER2338,25,20,36,1.5,0
D005344,O005720,RIDER0745,25,24,15,1.1,0
D005345,O005721,RIDER0919,27,22,33,3.0,0
D005346,O005722,RIDER0860,31,51,15,1.2,20
D005347,O005723,RIDER2387,30,25,41,0.4,0
D005348,O005724,RIDER1894,43,41,21,1.1,0
D005349,O005725,RIDER1314,34,51,15,1.2,17
D005350,O005726,RIDER0676,40,37,35,2.4,0
D005351,O005727,RIDER1446,54,69,21,1.4,15
D005352,O005728,RIDER2484,33,28,22,6.1,0
D005353,O005730,RIDER1656,39,53,27,5.2,14
D005354,O005731,RIDER0312,23,33,31,1.5,10
D005355,O005732,RIDER1261,47,64,16,0.8,17
D005356,O005733,RIDER0217,56,61,40,5.5,5
D005357,O005734,RIDER0288,27,23,18,4.6,0
D005358,O005735,RIDER0420,26,25,26,2.1,0
D005359,O005736,RIDER0988,46,78,14,5.4,32
D005360,O005737,RIDER1042,28,25,14,0.5,0
D005361,O005738,RIDER0584,55,75,32,2.2,20
D005362,O005739,RIDER2253,40,47,34,1.9,7
D005363,O005740,RIDER0511,37,34,38,17.1,0
D005364,O005741,RIDER0650,31,45,24,2.8,14
D005365,O005742,RIDER1524,22,49,38,6.6,27
D005366,O005743,RIDER0337,33,36,14,3.7,3
D005367,O005744,RIDER1457,21,52,21,1.8,31
D005368,O005745,RIDER2232,36,35,18,6.4,0
D005369,O005746,RIDER1803,31,33,22,1.7,2
D005370,O005747,RIDER0923,23,24,23,0.2,1
D005371,O005748,RIDER2468,58,72,41,10.5,14
D005372,O005749,RIDER1725,45,65,31,4.3,20
D005373,O005750,RIDER0605,29,33,33,1.0,4
D005374,O005751,RIDER0006,27,27,15,1.0,0
D005375,O005752,RIDER0936,34,46,37,1.0,12
D005376,O005753,RIDER1608,29,28,21,2.7,0
D005377,O005754,RIDER1354,22,17,15,3.8,0
D005378,O005755,RIDER0073,49,49,21,3.4,0
D005379,O005756,RIDER0771,45,67,24,1.6,22
D005380,O005757,RIDER2266,22,44,28,0.7,22
D005381,O005758,RIDER2439,45,62,16,3.5,17
D005382,O005759,RIDER1981,26,27,32,2.0,1
D005383,O005760,RIDER2245,28,36,19,1.9,8
D005384,O005761,RIDER0442,26,33,18,4.1,7
D005385,O005762,RIDER0654,58,86,39,6.1,28
D005386,O005763,RIDER2394,30,37,37,4.2,7
D005387,O005764,RIDER0653,26,53,19,4.0,27
D005388,O005765,RIDER1771,32,30,25,1.8,0
D005389,O005766,RIDER2267,18,21,24,4.5,3
D005390,O005767,RIDER0891,38,39,19,1.4,1
D005391,O005768,RIDER2260,39,46,19,3.0,7
D005392,O005769,RIDER0674,27,33,20,2.5,6
D005393,O005773,RIDER0257,30,32,38,2.4,2
D005394,O005774,RIDER1841,27,33,31,1.8,6
D005395,O005775,RIDER2325,20,15,32,3.3,0
D005396,O005776,RIDER0161,27,25,41,6.1,0
D005397,O005777,RIDER1234,37,41,15,0.7,4
D005398,O005778,RIDER1662,34,43,17,5.1,9
D005399,O005780,RIDER1787,26,22,22,0.7,0
D005400,O005781,RIDER2012,38,43,25,1.5,5
D005401,O005782,RIDER1485,23,19,31,0.5,0
D005402,O005783,RIDER1805,26,24,24,4.7,0
D005403,O005784,RIDER0285,46,43,42,4.2,0
D005404,O005785,RIDER1818,36,38,25,3.7,2
D005405,O005786,RIDER0664,32,28,39,2.5,0
D005406,O005787,RIDER0707,27,57,37,3.0,30
D005407,O005788,RIDER0850,34,34,18,2.8,0
D005408,O005789,RIDER1921,28,24,27,1.6,0
D005409,O005790,RIDER0229,24,27,16,3.7,3
D005410,O005791,RIDER2241,42,46,31,1.2,4
D005411,O005792,RIDER0033,33,39,18,2.7,6
D005412,O005793,RIDER1359,49,72,39,2.5,23
D005413,O005794,RIDER1225,24,29,33,2.4,5
D005414,O005795,RIDER1575,28,28,37,2.1,0
D005415,O005796,RIDER1364,51,74,40,1.6,23
D005416,O005797,RIDER0500,28,28,17,6.5,0
D005417,O005798,RIDER2377,51,46,21,2.0,0
D005418,O005799,RIDER2266,32,46,15,0.7,14
D005419,O005800,RIDER2241,39,44,22,0.7,5
D005420,O005801,RIDER1825,31,35,30,1.4,4
D005421,O005802,RIDER1946,34,44,24,8.3,10
D005422,O005803,RIDER1957,29,32,22,1.2,3
D005423,O005804,RIDER1639,25,20,34,0.9,0
D005424,O005805,RIDER0358,30,36,25,2.1,6
D005425,O005806,RIDER0835,48,71,35,1.5,23
D005426,O005807,RIDER0550,33,36,42,1.5,3
D005427,O005808,RIDER1336,51,78,33,3.4,27
D005428,O005809,RIDER0754,40,35,30,2.3,0
D005429,O005811,RIDER0864,24,28,27,5.0,4
D005430,O005813,RIDER1563,23,20,35,2.4,0
D005431,O005814,RIDER1477,43,44,37,2.1,1
D005432,O005815,RIDER0086,29,24,15,3.4,0
D005433,O005816,RIDER0728,33,29,33,0.3,0
D005434,O005817,RIDER1030,24,31,15,1.3,7
D005435,O005818,RIDER0659,31,32,16,1.8,1
D005436,O005819,RIDER2099,33,62,14,0.6,29
D005437,O005820,RIDER0130,29,47,17,2.6,18
D005438,O005821,RIDER2442,27,29,34,1.5,2
D005439,O005822,RIDER0055,28,28,42,2.1,0
D005440,O005823,RIDER1897,47,46,34,0.1,0
D005441,O005824,RIDER1514,39,35,15,4.6,0
D005442,O005825,RIDER2363,31,36,23,6.4,5
D005443,O005826,RIDER1100,43,67,40,10.6,24
D005444,O005827,RIDER1780,20,18,27,6.8,0
D005445,O005828,RIDER2389,34,35,21,1.6,1
D005446,O005829,RIDER2262,47,50,23,8.5,3
D005447,O005830,RIDER0674,31,29,30,1.0,0
D005448,O005831,RIDER2009,40,56,38,0.1,16
D005449,O005832,RIDER0835,29,33,23,1.9,4
D005450,O005833,RIDER0172,37,34,14,2.3,0
D005451,O005834,RIDER0305,39,71,28,1.3,32
D005452,O005835,RIDER0592,20,23,40,4.6,3
D005453,O005836,RIDER1634,27,58,18,1.3,31
D005454,O005837,RIDER1384,26,44,31,3.3,18
D005455,O005838,RIDER0866,54,88,25,0.4,34
D005456,O005839,RIDER2133,42,50,40,5.9,8
D005457,O005840,RIDER1786,40,64,30,2.4,24
D005458,O005841,RIDER0537,22,25,18,6.5,3
D005459,O005842,RIDER0579,40,48,21,3.0,8
D005460,O005843,RIDER2160,38,43,19,1.4,5
D005461,O005844,RIDER2127,24,53,19,3.1,29
D005462,O005845,RIDER1965,36,46,27,6.7,10
D005463,O005846,RIDER0594,49,56,25,1.1,7
D005464,O005847,RIDER0133,25,31,32,2.5,6
D005465,O005848,RIDER1328,34,36,31,1.9,2
D005466,O005849,RIDER0258,45,68,23,5.8,23
D005467,O005850,RIDER2286,30,36,18,7.8,6
D005468,O005851,RIDER1014,26,22,29,1.4,0
D005469,O005852,RIDER1261,48,43,31,0.9,0
D005470,O005853,RIDER0035,35,42,21,7.4,7
D005471,O005854,RIDER1417,33,39,37,2.7,6
D005472,O005855,RIDER0991,40,44,22,4.1,4
D005473,O005856,RIDER0287,21,21,23,6.8,0
D005474,O005857,RIDER0485,44,73,30,3.9,29
D005475,O005858,RIDER0049,32,64,20,0.4,32
D005476,O005859,RIDER1440,40,42,33,2.0,2
D005477,O005860,RIDER0986,42,37,35,0.5,0
D005478,O005861,RIDER0118,53,54,36,1.1,1
D005479,O005862,RIDER0040,30,31,14,7.6,1
D005480,O005863,RIDER0557,31,29,36,0.8,0
D005481,O005864,RIDER1754,23,57,40,2.1,34
D005482,O005865,RIDER1675,62,70,15,8.3,8
D005483,O005866,RIDER0290,31,34,28,1.7,3
D005484,O005867,RIDER0468,26,31,31,8.7,5
D005485,O005868,RIDER2325,26,51,27,3.1,25
D005486,O005869,RIDER0957,25,26,21,2.4,1
D005487,O005870,RIDER1103,32,32,41,6.6,0
D005488,O005871,RIDER1151,36,68,34,6.9,32
D005489,O005872,RIDER2233,39,43,22,0.9,4
D005490,O005873,RIDER0481,44,76,14,3.6,32
D005491,O005874,RIDER0767,32,46,27,2.0,14
D005492,O005875,RIDER2426,35,42,24,1.5,7
D005493,O005876,RIDER2393,36,51,16,7.1,15
D005494,O005877,RIDER0995,31,44,28,9.0,13
D005495,O005878,RIDER1904,32,32,15,1.7,0
D005496,O005879,RIDER0351,32,37,37,1.6,5
D005497,O005880,RIDER0703,39,44,15,1.9,5
D005498,O005881,RIDER1040,38,33,39,2.6,0
D005499,O005882,RIDER0456,51,50,31,0.8,0
D005500,O005883,RIDER0808,33,36,35,3.8,3
D005501,O005884,RIDER1792,70,93,24,4.8,23
D005502,O005885,RIDER1230,21,25,33,1.2,4
D005503,O005886,RIDER1098,45,44,16,0.5,0
D005504,O005887,RIDER0183,22,24,29,2.2,2
D005505,O005888,RIDER1418,48,77,16,5.5,29
D005506,O005889,RIDER1823,34,38,15,2.0,4
D005507,O005891,RIDER0965,34,34,27,1.1,0
D005508,O005892,RIDER2252,35,35,38,5.7,0
D005509,O005893,RIDER1753,48,54,38,1.2,6
D005510,O005896,RIDER0435,44,47,16,1.1,3
D005511,O005897,RIDER1221,26,29,30,5.4,3
D005512,O005898,RIDER1276,28,32,31,1.1,4
D005513,O005899,RIDER0764,27,27,24,2.8,0
D005514,O005900,RIDER1696,31,40,31,1.6,9
D005515,O005901,RIDER1251,25,58,28,2.0,33
D005516,O005902,RIDER2416,21,29,38,2.8,8
D005517,O005903,RIDER1231,30,31,31,2.3,1
D005518,O005904,RIDER2092,32,36,24,10.3,4
D005519,O005905,RIDER1665,29,36,42,1.0,7
D005520,O005906,RIDER1666,34,48,39,0.9,14
D005521,O005907,RIDER0891,33,62,31,3.9,29
D005522,O005908,RIDER0151,41,40,15,3.9,0
D005523,O005909,RIDER0687,30,36,35,2.7,6
D005524,O005910,RIDER0736,47,54,16,7.5,7
D005525,O005911,RIDER1732,34,31,42,1.2,0
D005526,O005912,RIDER1499,28,30,38,2.0,2
D005527,O005913,RIDER1431,29,27,14,8.9,0
D005528,O005914,RIDER0517,19,18,23,6.9,0
D005529,O005916,RIDER1466,41,67,15,6.4,26
D005530,O005917,RIDER0074,30,25,15,2.8,0
D005531,O005918,RIDER0898,24,21,27,9.3,0
D005532,O005919,RIDER1851,36,38,20,0.7,2
D005533,O005920,RIDER1907,27,22,37,2.4,0
D005534,O005921,RIDER0168,51,69,28,4.3,18
D005535,O005922,RIDER0659,70,68,28,2.8,0
D005536,O005924,RIDER2381,54,83,22,4.8,29
D005537,O005925,RIDER0317,23,43,25,2.4,20
D005538,O005926,RIDER0345,23,30,32,4.6,7
D005539,O005927,RIDER0563,45,52,22,0.9,7
D005540,O005928,RIDER0104,47,45,14,4.4,0
D005541,O005929,RIDER0764,37,46,27,2.3,9
D005542,O005930,RIDER1151,36,36,20,7.9,0
D005543,O005931,RIDER1021,31,57,21,0.3,26
D005544,O005932,RIDER0551,29,38,41,1.3,9
D005545,O005933,RIDER0195,25,40,16,4.3,15
D005546,O005934,RIDER0111,32,34,21,2.5,2
D005547,O005935,RIDER0680,28,34,28,0.6,6
D005548,O005936,RIDER0898,39,43,24,16.5,4
D005549,O005937,RIDER0973,45,42,42,5.4,0
D005550,O005938,RIDER1870,43,39,18,1.5,0
D005551,O005939,RIDER1479,26,31,21,1.3,5
D005552,O005940,RIDER0941,21,19,14,1.7,0
D005553,O005941,RIDER0496,70,72,16,7.9,2
D005554,O005942,RIDER0376,29,27,18,4.2,0
D005555,O005943,RIDER0927,47,50,14,6.8,3
D005556,O005944,RIDER0905,31,30,24,4.5,0
D005557,O005945,RIDER2221,30,26,14,0.2,0
D005558,O005946,RIDER1275,29,24,19,3.4,0
D005559,O005947,RIDER1078,54,50,32,4.0,0
D005560,O005948,RIDER1090,32,42,25,0.9,10
D005561,O005949,RIDER1245,31,49,33,6.2,18
D005562,O005950,RIDER1760,51,60,31,8.2,9
D005563,O005951,RIDER1496,45,52,35,0.9,7
D005564,O005952,RIDER2314,32,36,21,2.1,4
D005565,O005953,RIDER1660,28,55,27,3.8,27
D005566,O005954,RIDER2347,33,46,16,1.5,13
D005567,O005955,RIDER0456,36,62,32,0.3,26
D005568,O005956,RIDER0531,55,65,27,1.9,10
D005569,O005957,RIDER0735,25,50,14,2.8,25
D005570,O005958,RIDER2469,47,52,15,2.4,5
D005571,O005959,RIDER1693,35,36,25,8.6,1
D005572,O005960,RIDER0212,29,33,23,4.1,4
D005573,O005961,RIDER0933,36,37,15,4.3,1
D005574,O005964,RIDER0947,31,50,23,0.3,19
D005575,O005965,RIDER1925,26,36,30,1.1,10
D005576,O005966,RIDER2167,39,39,15,6.9,0
D005577,O005967,RIDER1918,22,23,36,3.5,1
D005578,O005968,RIDER0427,34,35,28,4.4,1
D005579,O005969,RIDER1239,29,28,21,0.1,0
D005580,O005970,RIDER1510,38,44,24,4.1,6
D005581,O005971,RIDER1417,22,40,24,1.4,18
D005582,O005972,RIDER0789,22,27,27,0.7,5
D005583,O005973,RIDER2104,28,31,24,0.9,3
D005584,O005974,RIDER1756,46,77,17,2.4,31
D005585,O005975,RIDER2275,26,26,14,5.4,0
D005586,O005976,RIDER2296,34,39,42,1.5,5
D005587,O005977,RIDER1894,70,85,37,1.1,15
D005588,O005978,RIDER1883,28,37,23,1.7,9
D005589,O005979,RIDER1378,32,44,33,2.0,12
D005590,O005980,RIDER0064,47,48,24,1.4,1
D005591,O005981,RIDER2140,26,24,16,5.4,0
D005592,O005982,RIDER1680,40,45,18,0.2,5
D005593,O005983,RIDER0219,35,34,21,1.6,0
D005594,O005984,RIDER0075,29,27,27,0.2,0
D005595,O005985,RIDER1360,30,32,25,7.7,2
D005596,O005986,RIDER1851,24,28,15,2.9,4
D005597,O005987,RIDER1478,26,40,23,2.0,14
D005598,O005988,RIDER2079,36,33,35,4.7,0
D005599,O005989,RIDER2170,27,28,35,4.9,1
D005600,O005990,RIDER1732,32,28,21,1.5,0
D005601,O005991,RIDER0552,28,39,21,1.2,11
D005602,O005992,RIDER1997,33,47,28,5.2,14
D005603,O005993,RIDER0875,33,37,15,1.5,4
D005604,O005995,RIDER2017,34,34,30,8.3,0
D005605,O005996,RIDER2492,30,37,35,2.8,7
D005606,O005997,RIDER0738,41,40,31,0.7,0
D005607,O005998,RIDER1673,43,56,33,2.7,13
D005608,O005999,RIDER0737,36,43,27,1.2,7
D005609,O006000,RIDER0459,33,28,37,1.5,0
D005610,O006001,RIDER1738,32,62,28,2.9,30
D005611,O006002,RIDER1084,29,47,37,0.3,18
D005612,O006003,RIDER2425,39,35,37,2.6,0
D005613,O006004,RIDER2004,23,34,18,0.9,11
D005614,O006006,RIDER0360,27,31,29,4.7,4
D005615,O006007,RIDER2029,26,23,36,6.5,0
D005616,O006008,RIDER1192,63,91,24,1.5,28
D005617,O006009,RIDER0297,29,27,21,1.3,0
D005618,O006010,RIDER1662,35,31,38,3.4,0
D005619,O006011,RIDER1581,33,37,14,2.7,4
D005620,O006012,RIDER0589,29,39,21,2.5,10
D005621,O006013,RIDER1702,21,21,33,6.5,0
D005622,O006014,RIDER0461,34,45,30,2.1,11
D005623,O006015,RIDER1244,28,37,22,3.6,9
D005624,O006016,RIDER0890,28,34,18,2.1,6
D005625,O006017,RIDER1576,21,22,14,8.4,1
D005626,O006018,RIDER1297,22,18,16,4.2,0
D005627,O006019,RIDER0333,28,32,18,4.1,4
D005628,O006020,RIDER0347,45,65,41,3.6,20
D005629,O006021,RIDER1790,58,86,40,0.8,28
D005630,O006022,RIDER0713,24,21,30,6.0,0
D005631,O006023,RIDER1703,35,30,36,2.1,0
D005632,O006024,RIDER1806,18,16,42,4.1,0
D005633,O006026,RIDER2376,26,29,18,3.5,3
D005634,O006027,RIDER0279,25,30,18,2.0,5
D005635,O006028,RIDER0873,34,63,34,1.1,29
D005636,O006029,RIDER2455,25,22,14,1.2,0
D005637,O006030,RIDER2460,32,38,35,2.8,6
D005638,O006031,RIDER0938,46,47,14,1.4,1
D005639,O006032,RIDER2046,52,53,31,5.6,1
D005640,O006033,RIDER1135,26,50,24,0.8,24
D005641,O006034,RIDER1289,30,37,34,9.0,7
D005642,O006035,RIDER1275,25,23,19,2.0,0
D005643,O006036,RIDER0615,49,47,39,7.2,0
D005644,O006037,RIDER1183,32,34,40,3.5,2
D005645,O006038,RIDER1507,61,61,37,4.3,0
D005646,O006039,RIDER0133,25,31,38,1.0,6
D005647,O006040,RIDER2288,45,44,33,2.1,0
D005648,O006043,RIDER0882,23,45,33,8.6,22
D005649,O006044,RIDER1471,40,41,15,13.6,1
D005650,O006045,RIDER1581,28,38,36,7.5,10
D005651,O006046,RIDER0738,32,35,28,7.5,3
D005652,O006047,RIDER2158,28,34,15,3.4,6
D005653,O006048,RIDER0480,22,28,14,6.3,6
D005654,O006050,RIDER1655,42,37,15,7.3,0
D005655,O006051,RIDER1134,54,58,15,4.6,4
D005656,O006052,RIDER2050,38,64,14,3.4,26
D005657,O006053,RIDER0729,31,53,27,2.2,22
D005658,O006054,RIDER0705,26,32,24,2.0,6
D005659,O006056,RIDER2036,31,28,30,5.6,0
D005660,O006057,RIDER1929,38,34,18,3.4,0
D005661,O006058,RIDER0252,36,31,24,1.4,0
D005662,O006059,RIDER0086,28,23,18,3.8,0
D005663,O006060,RIDER1016,30,28,37,4.0,0
D005664,O006061,RIDER0876,70,75,29,1.3,5
D005665,O006062,RIDER1469,44,44,14,1.2,0
D005666,O006063,RIDER0101,46,71,34,3.1,25
D005667,O006064,RIDER2324,25,20,25,9.4,0
D005668,O006065,RIDER0066,19,32,33,4.4,13
D005669,O006066,RIDER0926,39,35,32,1.1,0
D005670,O006067,RIDER0057,28,30,31,1.7,2
D005671,O006068,RIDER2318,22,32,31,3.0,10
D005672,O006069,RIDER1408,35,38,15,9.1,3
D005673,O006070,RIDER0862,23,20,27,6.3,0
D005674,O006071,RIDER1955,38,37,25,3.2,0
D005675,O006072,RIDER2484,30,31,30,0.3,1
D005676,O006073,RIDER0065,28,23,33,9.7,0
D005677,O006074,RIDER0226,26,44,37,3.2,18
D005678,O006076,RIDER1847,32,29,14,0.6,0
D005679,O006078,RIDER0332,28,43,14,0.3,15
D005680,O006079,RIDER0019,33,33,23,0.6,0
D005681,O006080,RIDER1380,27,54,23,3.2,27
D005682,O006081,RIDER2347,27,31,33,0.6,4
D005683,O006082,RIDER0012,34,36,33,1.8,2
D005684,O006083,RIDER1765,36,42,25,0.6,6
D005685,O006085,RIDER0659,22,22,41,9.4,0
D005686,O006086,RIDER1510,30,56,23,4.0,26
D005687,O006087,RIDER1046,24,19,25,1.8,0
D005688,O006088,RIDER0938,26,31,22,1.5,5
D005689,O006089,RIDER2377,19,25,15,2.0,6
D005690,O006090,RIDER1302,26,24,27,0.3,0
D005691,O006091,RIDER0341,28,53,28,0.2,25
D005692,O006092,RIDER1416,36,65,15,5.4,29
D005693,O006094,RIDER0216,34,55,25,2.6,21
D005694,O006095,RIDER1004,33,65,14,1.1,32
D005695,O006096,RIDER2189,47,63,38,3.1,16
D005696,O006097,RIDER1624,48,60,15,1.2,12
D005697,O006098,RIDER1418,34,38,24,3.7,4
D005698,O006099,RIDER1815,32,56,33,2.2,24
D005699,O006100,RIDER1337,23,35,14,2.9,12
D005700,O006101,RIDER0366,34,30,23,2.2,0
D005701,O006102,RIDER1443,29,41,24,3.3,12
D005702,O006104,RIDER1118,34,35,39,0.0,1
D005703,O006105,RIDER1502,44,50,16,1.5,6
D005704,O006106,RIDER1880,37,39,31,6.6,2
D005705,O006107,RIDER0266,47,80,37,0.3,33
D005706,O006108,RIDER0675,35,34,25,7.6,0
D005707,O006109,RIDER0758,24,27,15,8.5,3
D005708,O006110,RIDER2003,26,22,34,2.6,0
D005709,O006111,RIDER1464,43,43,15,2.9,0
D005710,O006112,RIDER2096,40,44,42,3.0,4
D005711,O006113,RIDER2479,30,34,15,4.6,4
D005712,O006114,RIDER1078,24,25,14,3.0,1
D005713,O006115,RIDER1184,27,57,14,0.7,30
D005714,O006116,RIDER0626,28,32,34,3.4,4
D005715,O006117,RIDER1285,43,66,15,9.0,23
D005716,O006118,RIDER0676,38,34,35,5.2,0
D005717,O006119,RIDER1573,25,29,34,2.1,4
D005718,O006120,RIDER2126,38,55,27,1.1,17
D005719,O006121,RIDER0890,70,70,41,1.2,0
D005720,O006122,RIDER1581,41,47,21,5.6,6
D005721,O006124,RIDER0093,70,98,16,1.6,28
D005722,O006125,RIDER0942,20,22,18,2.8,2
D005723,O006126,RIDER2492,36,36,31,3.3,0
D005724,O006127,RIDER0897,33,30,21,1.5,0
D005725,O006128,RIDER0306,34,67,30,3.2,33
D005726,O006129,RIDER0108,36,36,40,1.1,0
D005727,O006130,RIDER2467,58,58,32,3.2,0
D005728,O006131,RIDER0523,18,42,21,2.6,24
D005729,O006132,RIDER2219,35,32,42,1.6,0
D005730,O006133,RIDER0565,34,59,39,2.3,25
D005731,O006135,RIDER0638,46,53,41,8.4,7
D005732,O006136,RIDER0518,42,44,35,1.6,2
D005733,O006137,RIDER1193,43,74,39,0.8,31
D005734,O006138,RIDER0976,40,74,15,3.8,34
D005735,O006139,RIDER1197,27,48,35,2.2,21
D005736,O006140,RIDER1804,20,47,25,1.7,27
D005737,O006141,RIDER1638,21,22,32,3.7,1
D005738,O006142,RIDER1075,28,23,37,0.5,0
D005739,O006143,RIDER1491,20,20,14,2.9,0
D005740,O006144,RIDER0953,39,52,31,1.1,13
D005741,O006145,RIDER1458,23,22,34,2.2,0
D005742,O006146,RIDER0709,40,71,37,0.8,31
D005743,O006147,RIDER0641,27,32,14,0.7,5
D005744,O006148,RIDER1495,45,69,24,2.1,24
D005745,O006149,RIDER1301,38,49,19,1.3,11
D005746,O006150,RIDER0451,42,42,36,0.9,0
D005747,O006151,RIDER1728,42,45,15,0.7,3
D005748,O006152,RIDER0081,23,24,40,2.1,1
D005749,O006153,RIDER2411,30,60,30,1.8,30
D005750,O006154,RIDER0886,24,28,19,0.6,4
D005751,O006155,RIDER1942,34,32,27,2.3,0
D005752,O006156,RIDER2230,34,39,38,2.1,5
D005753,O006157,RIDER1763,35,32,42,1.3,0
D005754,O006158,RIDER0323,32,29,24,0.5,0
D005755,O006159,RIDER2114,23,30,14,0.8,7
D005756,O006160,RIDER0110,26,32,33,1.3,6
D005757,O006161,RIDER2314,24,21,40,2.7,0
D005758,O006162,RIDER0155,31,37,24,2.2,6
D005759,O006163,RIDER0842,60,56,15,3.9,0
D005760,O006164,RIDER0238,30,25,17,4.4,0
D005761,O006166,RIDER0516,23,19,42,2.7,0
D005762,O006167,RIDER0255,27,41,31,2.8,14
D005763,O006168,RIDER0832,46,53,40,2.8,7
D005764,O006169,RIDER1442,27,57,40,4.7,30
D005765,O006170,RIDER0636,63,59,31,5.3,0
D005766,O006171,RIDER0351,33,63,23,8.8,30
D005767,O006172,RIDER0462,32,32,28,0.5,0
D005768,O006173,RIDER2155,31,34,24,1.1,3
D005769,O006174,RIDER1649,35,40,33,7.4,5
D005770,O006175,RIDER0405,26,29,38,2.2,3
D005771,O006176,RIDER1685,34,35,33,2.1,1
D005772,O006177,RIDER1109,44,48,21,4.9,4
D005773,O006178,RIDER1583,30,40,31,1.0,10
D005774,O006179,RIDER0942,24,23,29,1.4,0
D005775,O006181,RIDER2344,32,38,36,1.9,6
D005776,O006182,RIDER1149,34,29,18,0.6,0
D005777,O006183,RIDER1371,34,37,22,6.5,3
D005778,O006184,RIDER0987,28,62,32,8.7,34
D005779,O006185,RIDER1937,48,75,37,0.9,27
D005780,O006187,RIDER1556,55,55,42,1.4,0
D005781,O006188,RIDER1145,44,66,24,8.5,22
D005782,O006189,RIDER1472,24,27,17,1.1,3
D005783,O006190,RIDER2450,40,59,39,1.0,19
D005784,O006191,RIDER1440,28,31,21,7.1,3
D005785,O006192,RIDER0175,49,68,14,9.9,19
D005786,O006193,RIDER1597,27,27,40,2.0,0
D005787,O006195,RIDER1742,32,27,33,1.8,0
D005788,O006196,RIDER1691,35,59,27,1.9,24
D005789,O006197,RIDER0234,30,36,39,2.0,6
D005790,O006198,RIDER1632,36,39,22,2.5,3
D005791,O006199,RIDER1493,50,47,35,10.6,0
D005792,O006200,RIDER2040,29,37,14,0.8,8
D005793,O006202,RIDER1974,24,19,40,2.5,0
D005794,O006203,RIDER1596,23,35,21,2.2,12
D005795,O006204,RIDER1123,33,30,24,3.9,0
D005796,O006205,RIDER0612,54,76,17,2.7,22
D005797,O006206,RIDER1747,20,20,42,2.5,0
D005798,O006207,RIDER0829,44,45,15,3.9,1
D005799,O006208,RIDER1131,26,38,27,0.5,12
D005800,O006209,RIDER2162,23,25,19,2.5,2
D005801,O006210,RIDER0578,34,32,16,4.8,0
D005802,O006211,RIDER1601,25,31,23,1.0,6
D005803,O006212,RIDER2034,27,40,40,3.2,13
D005804,O006213,RIDER2242,28,23,31,1.2,0
D005805,O006214,RIDER0916,25,32,24,2.1,7
D005806,O006215,RIDER2446,26,27,27,2.9,1
D005807,O006216,RIDER2477,32,31,35,4.3,0
D005808,O006217,RIDER0200,33,28,21,6.7,0
D005809,O006219,RIDER0032,43,67,33,2.6,24
D005810,O006220,RIDER1260,42,44,31,12.1,2
D005811,O006221,RIDER1054,53,51,31,5.0,0
D005812,O006222,RIDER2395,32,39,25,0.5,7
D005813,O006223,RIDER1875,49,79,22,0.9,30
D005814,O006224,RIDER0703,37,55,33,4.9,18
D005815,O006225,RIDER1382,37,39,22,2.6,2
D005816,O006226,RIDER0847,26,22,24,5.9,0
D005817,O006227,RIDER1007,32,64,21,7.8,32
D005818,O006228,RIDER0577,54,58,25,1.6,4
D005819,O006229,RIDER0173,25,28,40,4.6,3
D005820,O006230,RIDER0692,36,49,40,12.5,13
D005821,O006231,RIDER0588,49,53,15,2.3,4
D005822,O006232,RIDER0416,36,39,37,7.5,3
D005823,O006234,RIDER0393,36,36,23,1.1,0
D005824,O006235,RIDER2039,30,28,34,4.8,0
D005825,O006236,RIDER0819,43,46,40,14.3,3
D005826,O006237,RIDER1970,36,59,29,7.5,23
D005827,O006238,RIDER1930,35,48,15,0.1,13
D005828,O006239,RIDER0950,24,24,17,4.6,0
D005829,O006240,RIDER2489,32,30,28,4.9,0
D005830,O006242,RIDER0067,55,53,29,4.1,0
D005831,O006243,RIDER1166,27,27,35,1.7,0
D005832,O006244,RIDER0571,30,33,15,9.3,3
D005833,O006245,RIDER2396,29,44,15,1.0,15
D005834,O006246,RIDER0651,29,40,38,3.5,11
D005835,O006247,RIDER1154,30,56,25,3.4,26
D005836,O006248,RIDER2307,41,40,31,1.7,0
D005837,O006249,RIDER1789,21,24,42,15.7,3
D005838,O006250,RIDER1630,24,30,22,3.4,6
D005839,O006251,RIDER0276,40,42,31,1.4,2
D005840,O006252,RIDER1969,36,31,33,4.3,0
D005841,O006253,RIDER2464,24,53,28,0.6,29
D005842,O006254,RIDER2323,43,60,34,0.2,17
D005843,O006255,RIDER0959,32,59,27,2.2,27
D005844,O006257,RIDER0858,30,33,23,2.7,3
D005845,O006258,RIDER2063,34,31,37,2.7,0
D005846,O006259,RIDER0859,39,41,34,1.4,2
D005847,O006260,RIDER1499,26,26,41,0.8,0
D005848,O006261,RIDER0347,35,35,15,4.9,0
D005849,O006262,RIDER1197,32,33,38,3.6,1
D005850,O006263,RIDER2281,32,31,37,3.3,0
D005851,O006264,RIDER1821,28,37,15,0.5,9
D005852,O006266,RIDER0466,19,16,23,2.1,0
D005853,O006267,RIDER1687,27,26,14,2.7,0
D005854,O006269,RIDER1464,32,30,23,3.0,0
D005855,O006270,RIDER1808,28,31,18,3.6,3
D005856,O006271,RIDER0821,29,33,33,1.6,4
D005857,O006272,RIDER1866,23,18,15,8.4,0
D005858,O006273,RIDER1699,25,27,33,0.5,2
D005859,O006274,RIDER1013,43,68,33,3.0,25
D005860,O006275,RIDER2261,38,59,25,3.6,21
D005861,O006276,RIDER0380,38,38,25,8.4,0
D005862,O006277,RIDER1877,32,65,30,0.9,33
D005863,O006278,RIDER0400,51,56,23,5.8,5
D005864,O006279,RIDER0020,63,84,39,3.8,21
D005865,O006280,RIDER0235,29,39,19,1.6,10
D005866,O006281,RIDER0192,41,41,21,5.3,0
D005867,O006282,RIDER0596,60,59,31,1.4,0
D005868,O006283,RIDER2142,17,14,33,1.2,0
D005869,O006284,RIDER1009,55,55,24,4.6,0
D005870,O006285,RIDER2210,35,39,24,10.3,4
D005871,O006286,RIDER2211,33,39,40,7.0,6
D005872,O006287,RIDER0964,60,63,31,4.9,3
D005873,O006288,RIDER1902,38,59,31,1.0,21
D005874,O006289,RIDER2391,29,40,14,2.0,11
D005875,O006290,RIDER1893,32,33,40,7.1,1
D005876,O006291,RIDER1921,37,69,39,4.4,32
D005877,O006292,RIDER1394,37,32,18,1.9,0
D005878,O006293,RIDER0479,33,56,29,3.6,23
D005879,O006294,RIDER1477,33,33,32,4.0,0
D005880,O006295,RIDER1294,33,33,30,0.3,0
D005881,O006297,RIDER1707,70,77,18,0.6,7
D005882,O006298,RIDER1889,30,32,15,3.6,2
D005883,O006299,RIDER0950,33,38,31,2.4,5
D005884,O006300,RIDER0448,19,20,28,5.7,1
D005885,O006301,RIDER0512,43,42,36,1.6,0
D005886,O006302,RIDER1225,28,33,15,4.8,5
D005887,O006303,RIDER1922,28,25,20,3.0,0
D005888,O006304,RIDER0836,39,53,18,5.9,14
D005889,O006305,RIDER1731,50,45,30,11.8,0
D005890,O006306,RIDER2020,48,49,36,1.1,1
D005891,O006307,RIDER0645,41,50,31,1.0,9
D005892,O006308,RIDER1330,29,55,18,0.1,26
D005893,O006309,RIDER1714,43,44,24,1.2,1
D005894,O006310,RIDER2226,22,26,38,2.5,4
D005895,O006311,RIDER2145,28,60,35,2.3,32
D005896,O006312,RIDER2385,48,45,25,1.6,0
D005897,O006313,RIDER1431,19,16,31,1.6,0
D005898,O006314,RIDER1624,24,21,25,6.8,0
D005899,O006315,RIDER0427,44,55,15,2.5,11
D005900,O006316,RIDER1947,34,43,42,0.9,9
D005901,O006317,RIDER1964,35,39,30,4.7,4
D005902,O006318,RIDER1271,35,30,40,4.5,0
D005903,O006319,RIDER0694,34,40,24,1.8,6
D005904,O006320,RIDER1528,24,29,20,1.9,5
D005905,O006321,RIDER2431,33,60,14,2.3,27
D005906,O006322,RIDER2404,28,27,29,6.2,0
D005907,O006323,RIDER2428,31,29,16,2.3,0
D005908,O006324,RIDER0573,30,33,40,8.3,3
D005909,O006325,RIDER2349,40,73,34,4.6,33
D005910,O006326,RIDER0942,30,31,21,1.6,1
D005911,O006327,RIDER0318,32,54,21,2.6,22
D005912,O006328,RIDER2291,19,20,34,1.7,1
D005913,O006329,RIDER1255,42,55,18,3.3,13
D005914,O006330,RIDER1101,35,41,42,0.8,6
D005915,O006334,RIDER2094,29,34,40,19.9,5
D005916,O006335,RIDER1900,28,35,23,2.9,7
D005917,O006336,RIDER1978,43,61,17,2.5,18
D005918,O006337,RIDER0211,29,27,19,0.2,0
D005919,O006338,RIDER2423,33,50,30,0.6,17
D005920,O006340,RIDER0394,42,52,33,1.7,10
D005921,O006341,RIDER1029,40,44,28,1.9,4
D005922,O006342,RIDER1920,22,53,25,6.9,31
D005923,O006344,RIDER2447,30,61,32,2.9,31
D005924,O006345,RIDER1266,23,26,31,6.2,3
D005925,O006346,RIDER1407,27,55,37,2.6,28
D005926,O006347,RIDER1824,41,45,33,0.6,4
D005927,O006348,RIDER2495,30,61,14,7.0,31
D005928,O006349,RIDER2349,44,46,29,2.6,2
D005929,O006351,RIDER0458,31,30,28,8.6,0
D005930,O006353,RIDER0402,25,29,22,0.5,4
D005931,O006354,RIDER0042,22,22,14,4.1,0
D005932,O006355,RIDER1931,32,66,24,0.3,34
D005933,O006356,RIDER2215,29,36,36,1.9,7
D005934,O006357,RIDER0274,33,34,36,0.7,1
D005935,O006358,RIDER2245,29,25,28,0.2,0
D005936,O006359,RIDER1441,27,23,25,1.8,0
D005937,O006360,RIDER1725,27,53,33,2.1,26
D005938,O006362,RIDER0698,29,44,14,1.0,15
D005939,O006363,RIDER1419,28,35,35,5.1,7
D005940,O006365,RIDER0894,35,65,18,6.9,30
D005941,O006366,RIDER1197,31,57,39,1.3,26
D005942,O006367,RIDER1578,26,39,24,1.0,13
D005943,O006368,RIDER1644,30,34,38,2.2,4
D005944,O006369,RIDER2038,31,37,36,4.1,6
D005945,O006370,RIDER1817,20,20,41,1.4,0
D005946,O006371,RIDER0115,27,39,31,1.4,12
D005947,O006372,RIDER1452,32,34,25,6.8,2
D005948,O006373,RIDER0556,47,48,33,5.2,1
D005949,O006375,RIDER1772,24,51,15,2.2,27
D005950,O006376,RIDER0745,24,25,32,2.5,1
D005951,O006377,RIDER0517,39,42,21,1.0,3
D005952,O006378,RIDER0939,27,51,19,4.1,24
D005953,O006379,RIDER1254,27,61,31,3.6,34
D005954,O006380,RIDER0288,26,26,21,2.2,0
D005955,O006381,RIDER0476,36,62,23,3.4,26
D005956,O006382,RIDER0744,28,38,22,1.3,10
D005957,O006383,RIDER1226,44,72,32,1.0,28
D005958,O006384,RIDER0250,31,38,40,2.3,7
D005959,O006385,RIDER2238,36,41,42,5.9,5
D005960,O006387,RIDER2264,27,25,15,5.5,0
D005961,O006388,RIDER1534,23,31,32,4.9,8
D005962,O006390,RIDER0668,35,43,15,0.9,8
D005963,O006392,RIDER0004,41,46,24,3.4,5
D005964,O006393,RIDER2460,25,27,35,4.1,2
D005965,O006394,RIDER0439,38,41,38,3.0,3
D005966,O006395,RIDER0652,18,19,14,3.2,1
D005967,O006396,RIDER2395,35,35,30,4.1,0
D005968,O006397,RIDER1274,28,33,14,8.7,5
D005969,O006398,RIDER0649,32,44,28,5.5,12
D005970,O006399,RIDER0919,29,49,42,4.3,20
D005971,O006400,RIDER2259,27,26,23,5.2,0
D005972,O006401,RIDER1985,31,27,16,1.4,0
D005973,O006402,RIDER0135,29,24,29,0.4,0
D005974,O006403,RIDER1442,63,82,39,4.4,19
D005975,O006404,RIDER2304,51,68,19,5.0,17
D005976,O006405,RIDER0425,25,53,14,3.1,28
D005977,O006406,RIDER1061,34,37,38,0.2,3
D005978,O006407,RIDER2326,25,24,34,1.4,0
D005979,O006408,RIDER0056,62,89,16,2.4,27
D005980,O006409,RIDER1567,41,39,21,2.3,0
D005981,O006410,RIDER1810,32,32,15,2.7,0
D005982,O006411,RIDER0937,23,19,38,10.0,0
D005983,O006412,RIDER1575,30,29,27,2.6,0
D005984,O006413,RIDER1554,27,26,18,7.5,0
D005985,O006414,RIDER0208,29,34,15,1.3,5
D005986,O006415,RIDER0221,48,49,37,4.7,1
D005987,O006416,RIDER2436,22,21,40,4.1,0
D005988,O006417,RIDER2248,25,38,31,4.5,13
D005989,O006418,RIDER0195,66,88,19,1.6,22
D005990,O006419,RIDER1439,43,39,24,1.4,0
D005991,O006420,RIDER2018,52,53,41,9.2,1
D005992,O006421,RIDER0184,49,45,32,4.4,0
D005993,O006422,RIDER2485,36,57,24,0.6,21
D005994,O006423,RIDER2000,29,36,36,6.7,7
D005995,O006425,RIDER2377,37,58,25,6.2,21
D005996,O006426,RIDER2130,34,31,16,1.9,0
D005997,O006427,RIDER1793,47,75,33,0.3,28
D005998,O006428,RIDER2081,32,66,37,1.0,34
D005999,O006429,RIDER2031,29,24,32,2.6,0
D006000,O006430,RIDER0857,32,42,37,3.1,10
D006001,O006431,RIDER1389,30,30,21,2.3,0
D006002,O006432,RIDER1097,33,56,42,1.9,23
D006003,O006434,RIDER0554,35,46,17,1.2,11
D006004,O006435,RIDER0051,27,25,29,5.5,0
D006005,O006436,RIDER0832,29,37,39,0.6,8
D006006,O006437,RIDER1326,33,31,24,2.3,0
D006007,O006438,RIDER0210,26,33,18,0.2,7
D006008,O006439,RIDER0451,29,55,18,0.2,26
D006009,O006440,RIDER0724,40,42,21,5.4,2
D006010,O006441,RIDER2030,40,42,22,3.1,2
D006011,O006443,RIDER0045,23,43,27,2.3,20
D006012,O006444,RIDER2313,25,22,28,2.7,0
D006013,O006445,RIDER0219,46,56,24,0.5,10
D006014,O006446,RIDER2274,25,56,27,2.5,31
D006015,O006447,RIDER1578,24,30,31,1.6,6
D006016,O006448,RIDER0686,30,42,34,6.3,12
D006017,O006449,RIDER1158,50,55,38,2.4,5
D006018,O006450,RIDER2307,53,58,16,1.3,5
D006019,O006451,RIDER2404,36,41,24,0.7,5
D006020,O006452,RIDER0630,23,30,29,3.8,7
D006021,O006453,RIDER1072,26,23,17,1.5,0
D006022,O006454,RIDER0278,36,31,31,2.9,0
D006023,O006455,RIDER0946,25,20,19,1.9,0
D006024,O006456,RIDER0175,30,30,14,1.4,0
D006025,O006457,RIDER2059,38,35,25,0.8,0
D006026,O006458,RIDER0220,32,63,16,6.1,31
D006027,O006459,RIDER0514,20,43,14,2.2,23
D006028,O006460,RIDER1390,39,34,16,2.3,0
D006029,O006461,RIDER0421,26,31,18,2.0,5
D006030,O006462,RIDER2043,53,48,42,2.1,0
D006031,O006464,RIDER1096,28,23,22,2.0,0
D006032,O006465,RIDER2333,42,75,21,2.6,33
D006033,O006466,RIDER0221,52,76,21,2.2,24
D006034,O006467,RIDER2199,27,25,28,3.4,0
D006035,O006469,RIDER0858,42,42,30,2.7,0
D006036,O006470,RIDER1656,22,26,28,1.7,4
D006037,O006471,RIDER0003,39,35,32,4.9,0
D006038,O006472,RIDER2134,34,40,25,1.7,6
D006039,O006473,RIDER0888,22,23,16,6.2,1
D006040,O006474,RIDER1697,28,51,14,1.7,23
D006041,O006475,RIDER1230,27,29,25,6.3,2
D006042,O006476,RIDER1939,26,22,41,1.8,0
D006043,O006477,RIDER1109,35,47,38,1.7,12
D006044,O006478,RIDER0201,22,23,22,0.7,1
D006045,O006479,RIDER1368,65,94,21,0.9,29
D006046,O006480,RIDER1075,22,18,14,1.4,0
D006047,O006481,RIDER1443,29,37,37,1.0,8
D006048,O006482,RIDER0398,28,28,19,1.0,0
D006049,O006484,RIDER1688,27,30,39,2.8,3
D006050,O006485,RIDER2113,42,38,33,5.6,0
D006051,O006486,RIDER1610,57,71,42,1.6,14
D006052,O006487,RIDER1977,42,41,22,0.3,0
D006053,O006488,RIDER1376,32,53,31,1.5,21
D006054,O006489,RIDER0242,22,40,29,0.7,18
D006055,O006490,RIDER2127,27,23,37,1.1,0
D006056,O006491,RIDER1353,30,30,32,3.3,0
D006057,O006492,RIDER0584,30,25,17,3.9,0
D006058,O006493,RIDER0260,24,23,19,10.7,0
D006059,O006494,RIDER1587,26,22,24,5.2,0
D006060,O006495,RIDER1159,27,49,21,5.9,22
D006061,O006496,RIDER1391,22,22,21,0.4,0
D006062,O006497,RIDER0087,30,25,37,7.3,0
D006063,O006498,RIDER1264,39,44,37,2.9,5
D006064,O006499,RIDER0827,36,37,18,4.7,1
D006065,O006500,RIDER0290,23,28,40,1.5,5
D006066,O006501,RIDER2195,32,37,20,1.2,5
D006067,O006502,RIDER1697,31,27,29,1.7,0
D006068,O006503,RIDER2085,33,28,27,0.9,0
D006069,O006504,RIDER1557,22,29,25,3.4,7
D006070,O006505,RIDER2499,31,29,29,0.3,0
D006071,O006506,RIDER1810,30,31,35,1.8,1
D006072,O006507,RIDER1745,25,27,38,9.0,2
D006073,O006508,RIDER0846,26,32,18,0.4,6
D006074,O006509,RIDER0022,22,49,30,1.0,27
D006075,O006510,RIDER0170,32,33,41,4.0,1
D006076,O006511,RIDER1615,21,43,16,0.1,22
D006077,O006512,RIDER0874,59,73,27,4.1,14
D006078,O006514,RIDER2158,49,74,18,5.3,25
D006079,O006516,RIDER0202,38,61,15,1.2,23
D006080,O006517,RIDER2055,25,27,31,5.3,2
D006081,O006518,RIDER0622,28,26,25,1.3,0
D006082,O006519,RIDER1482,27,29,24,0.8,2
D006083,O006520,RIDER1384,25,40,16,3.7,15
D006084,O006521,RIDER0174,31,37,15,3.2,6
D006085,O006522,RIDER2192,41,45,34,0.5,4
D006086,O006523,RIDER0020,32,39,25,1.8,7
D006087,O006524,RIDER0556,38,43,23,1.3,5
D006088,O006525,RIDER0857,18,44,37,3.2,26
D006089,O006526,RIDER1422,41,44,35,1.7,3
D006090,O006527,RIDER2440,31,29,36,3.2,0
D006091,O006528,RIDER0713,35,32,36,0.1,0
D006092,O006529,RIDER1994,28,23,16,1.8,0
D006093,O006530,RIDER0724,26,57,39,7.9,31
D006094,O006531,RIDER1987,38,48,15,1.5,10
D006095,O006532,RIDER0068,35,30,42,3.0,0
D006096,O006533,RIDER0929,30,40,42,3.1,10
D006097,O006534,RIDER0738,39,44,33,8.5,5
D006098,O006535,RIDER0841,22,42,19,0.8,20
D006099,O006537,RIDER0233,50,58,23,0.9,8
D006100,O006538,RIDER2301,24,21,23,1.0,0
D006101,O006539,RIDER1934,56,90,40,5.2,34
D006102,O006540,RIDER0702,37,45,28,4.8,8
D006103,O006541,RIDER0745,28,44,42,1.1,16
D006104,O006542,RIDER1888,27,38,31,1.9,11
D006105,O006543,RIDER2431,61,85,28,2.8,24
D006106,O006544,RIDER1625,36,34,35,1.7,0
D006107,O006545,RIDER0383,46,47,42,0.7,1
D006108,O006546,RIDER2489,31,28,22,0.6,0
D006109,O006547,RIDER1746,22,30,15,7.9,8
D006110,O006548,RIDER1601,25,24,22,0.3,0
D006111,O006549,RIDER0969,35,58,31,4.3,23
D006112,O006551,RIDER2075,26,22,24,4.8,0
D006113,O006553,RIDER2040,44,42,30,1.9,0
D006114,O006554,RIDER0438,46,43,15,3.2,0
D006115,O006555,RIDER2408,55,75,18,3.3,20
D006116,O006556,RIDER2126,30,28,28,7.8,0
D006117,O006557,RIDER0887,36,41,21,1.2,5
D006118,O006559,RIDER1821,46,49,14,5.5,3
D006119,O006560,RIDER1975,22,21,23,1.2,0
D006120,O006561,RIDER1834,35,38,40,6.1,3
D006121,O006562,RIDER1380,28,23,32,0.9,0
D006122,O006563,RIDER2187,28,23,24,1.8,0
D006123,O006564,RIDER1927,25,31,31,1.0,6
D006124,O006565,RIDER1501,58,84,24,2.6,26
D006125,O006566,RIDER1559,39,34,33,3.3,0
D006126,O006567,RIDER1769,44,54,16,6.2,10
D006127,O006568,RIDER2005,40,62,26,4.9,22
D006128,O006569,RIDER1405,70,70,18,2.0,0
D006129,O006570,RIDER0826,43,48,33,3.1,5
D006130,O006571,RIDER1998,21,24,21,1.7,3
D006131,O006572,RIDER0125,33,49,34,1.4,16
D006132,O006573,RIDER0880,61,82,21,10.4,21
D006133,O006576,RIDER1839,26,54,29,1.3,28
D006134,O006577,RIDER0867,38,46,24,0.4,8
D006135,O006578,RIDER0607,41,48,39,0.2,7
D006136,O006579,RIDER0966,19,19,31,4.6,0
D006137,O006580,RIDER1856,44,74,14,1.0,30
D006138,O006581,RIDER0806,37,32,33,2.3,0
D006139,O006582,RIDER0697,18,20,15,1.5,2
D006140,O006583,RIDER1391,42,46,22,0.3,4
D006141,O006584,RIDER2480,40,52,28,2.1,12
D006142,O006585,RIDER0411,24,23,22,2.5,0
D006143,O006588,RIDER0517,40,71,23,11.4,31
D006144,O006589,RIDER0804,22,31,27,5.7,9
D006145,O006590,RIDER0957,30,36,16,2.6,6
D006146,O006591,RIDER2443,44,58,32,3.8,14
D006147,O006592,RIDER0357,38,45,31,2.0,7
D006148,O006593,RIDER0966,25,20,15,0.6,0
D006149,O006594,RIDER1172,34,32,38,5.5,0
D006150,O006595,RIDER1472,38,46,26,0.2,8
D006151,O006596,RIDER0189,43,72,31,1.9,29
D006152,O006597,RIDER2152,28,26,37,4.1,0
D006153,O006598,RIDER1510,31,39,27,5.2,8
D006154,O006599,RIDER2185,28,29,24,0.5,1
D006155,O006600,RIDER1219,33,59,15,3.2,26
D006156,O006601,RIDER1527,20,22,14,9.7,2
D006157,O006602,RIDER0907,32,35,14,2.5,3
D006158,O006603,RIDER1090,43,71,22,1.2,28
D006159,O006604,RIDER2154,37,68,36,0.9,31
D006160,O006605,RIDER2252,24,24,25,3.1,0
D006161,O006606,RIDER0363,50,56,37,2.2,6
D006162,O006607,RIDER0897,22,26,19,4.0,4
D006163,O006608,RIDER0527,26,33,31,3.8,7
D006164,O006609,RIDER1026,26,38,21,1.5,12
D006165,O006610,RIDER1727,20,35,20,4.9,15
D006166,O006611,RIDER2378,26,23,27,1.9,0
D006167,O006612,RIDER2090,23,19,31,1.5,0
D006168,O006613,RIDER1356,34,31,31,3.2,0
D006169,O006614,RIDER0690,37,43,38,1.7,6
D006170,O006615,RIDER0211,70,95,38,1.3,25
D006171,O006616,RIDER1558,25,27,14,2.1,2
D006172,O006617,RIDER0855,40,39,14,3.1,0
D006173,O006618,RIDER1115,26,24,23,7.9,0
D006174,O006619,RIDER1147,28,46,14,3.0,18
D006175,O006620,RIDER0205,26,22,31,1.1,0
D006176,O006621,RIDER1131,56,76,27,2.3,20
D006177,O006622,RIDER1747,43,67,35,2.1,24
D006178,O006624,RIDER2309,26,46,39,3.1,20
D006179,O006625,RIDER1396,21,30,34,3.3,9
D006180,O006626,RIDER0597,30,28,42,4.1,0
D006181,O006627,RIDER0124,24,28,25,6.0,4
D006182,O006629,RIDER0708,35,31,31,0.7,0
D006183,O006631,RIDER1154,52,54,28,4.2,2
D006184,O006632,RIDER0631,52,55,40,1.6,3
D006185,O006633,RIDER1132,29,28,31,2.6,0
D006186,O006634,RIDER2189,35,46,39,5.2,11
D006187,O006635,RIDER0452,33,36,15,1.6,3
D006188,O006636,RIDER1500,30,33,41,6.4,3
D006189,O006637,RIDER2052,22,18,42,1.1,0
D006190,O006638,RIDER2041,45,46,38,3.8,1
D006191,O006639,RIDER0123,31,32,21,4.4,1
D006192,O006640,RIDER1526,26,21,19,2.5,0
D006193,O006641,RIDER1840,22,26,33,4.2,4
D006194,O006642,RIDER0262,29,25,31,5.0,0
D006195,O006643,RIDER1907,22,24,23,0.7,2
D006196,O006644,RIDER1572,36,37,38,5.3,1
D006197,O006645,RIDER1053,39,47,29,3.3,8
D006198,O006646,RIDER0257,20,21,20,2.6,1
D006199,O006647,RIDER0762,30,36,23,4.8,6
D006200,O006648,RIDER1083,32,38,14,2.9,6
D006201,O006649,RIDER1444,35,35,18,3.2,0
D006202,O006650,RIDER0486,36,44,25,2.3,8
D006203,O006651,RIDER0945,55,58,40,0.8,3
D006204,O006652,RIDER2058,24,56,32,1.5,32
D006205,O006653,RIDER2376,31,31,20,1.3,0
D006206,O006655,RIDER1666,25,49,42,1.6,24
D006207,O006656,RIDER1900,44,46,36,0.2,2
D006208,O006657,RIDER2304,36,42,37,5.6,6
D006209,O006658,RIDER2235,40,37,14,1.8,0
D006210,O006660,RIDER2065,39,43,40,3.8,4
D006211,O006661,RIDER1726,62,82,22,4.4,20
D006212,O006662,RIDER1370,31,26,34,3.7,0
D006213,O006663,RIDER1396,32,38,21,1.7,6
D006214,O006664,RIDER1405,22,27,20,0.6,5
D006215,O006665,RIDER1875,25,28,38,0.4,3
D006216,O006666,RIDER1165,29,36,30,1.2,7
D006217,O006668,RIDER1704,24,51,19,6.0,27
D006218,O006669,RIDER2475,47,54,35,4.2,7
D006219,O006670,RIDER2341,50,56,28,8.5,6
D006220,O006671,RIDER2243,22,42,15,5.4,20
D006221,O006672,RIDER2272,23,34,37,5.9,11
D006222,O006673,RIDER2067,23,19,28,2.1,0
D006223,O006675,RIDER2395,31,29,36,2.3,0
D006224,O006676,RIDER1693,40,59,36,2.1,19
D006225,O006677,RIDER0834,39,38,30,2.2,0
D006226,O006678,RIDER1973,42,41,14,1.8,0
D006227,O006679,RIDER2134,30,37,42,1.7,7
D006228,O006680,RIDER2285,39,39,14,2.1,0
D006229,O006681,RIDER1600,26,24,37,3.9,0
D006230,O006683,RIDER1282,34,34,35,1.0,0
D006231,O006684,RIDER2289,30,59,21,4.0,29
D006232,O006685,RIDER2265,26,30,24,1.5,4
D006233,O006686,RIDER2420,24,21,40,3.5,0
D006234,O006687,RIDER1609,26,22,27,10.5,0
D006235,O006688,RIDER0351,22,19,15,4.7,0
D006236,O006689,RIDER1556,39,35,25,4.5,0
D006237,O006690,RIDER0902,28,28,22,1.8,0
D006238,O006691,RIDER1323,22,22,25,10.8,0
D006239,O006692,RIDER0705,32,35,16,11.6,3
D006240,O006693,RIDER2410,28,34,14,4.5,6
D006241,O006694,RIDER2424,52,54,36,3.0,2
D006242,O006695,RIDER2355,50,48,39,3.8,0
D006243,O006696,RIDER1980,21,50,38,0.5,29
D006244,O006697,RIDER1008,42,66,28,4.5,24
D006245,O006698,RIDER1013,33,34,30,5.7,1
D006246,O006699,RIDER0519,32,33,38,3.1,1
D006247,O006701,RIDER2043,31,27,19,3.1,0
D006248,O006702,RIDER1582,33,30,33,5.1,0
D006249,O006703,RIDER1133,25,22,31,0.6,0
D006250,O006704,RIDER2010,49,54,16,1.2,5
D006251,O006705,RIDER0794,30,25,24,2.5,0
D006252,O006706,RIDER1245,26,45,25,0.9,19
D006253,O006707,RIDER2018,44,73,41,2.4,29
D006254,O006708,RIDER0459,38,35,32,2.1,0
D006255,O006709,RIDER1716,27,22,24,0.6,0
D006256,O006710,RIDER1522,43,69,41,0.7,26
D006257,O006711,RIDER1888,35,44,33,2.9,9
D006258,O006712,RIDER1416,38,39,19,1.7,1
D006259,O006713,RIDER1455,39,39,31,0.8,0
D006260,O006714,RIDER0912,28,34,36,5.6,6
D006261,O006715,RIDER1775,56,60,23,1.4,4
D006262,O006716,RIDER0225,44,55,24,2.3,11
D006263,O006717,RIDER0881,32,39,25,1.2,7
D006264,O006718,RIDER0774,26,33,19,7.5,7
D006265,O006719,RIDER0487,41,40,27,8.2,0
D006266,O006720,RIDER2447,30,28,16,0.9,0
D006267,O006721,RIDER0679,26,22,30,3.5,0
D006268,O006722,RIDER1813,57,58,36,1.9,1
D006269,O006723,RIDER1147,36,64,24,4.4,28
D006270,O006725,RIDER1636,31,38,14,0.2,7
D006271,O006726,RIDER1718,22,26,37,6.8,4
D006272,O006727,RIDER0990,31,64,18,2.1,33
D006273,O006728,RIDER1460,44,43,38,4.3,0
D006274,O006729,RIDER2143,25,22,38,2.0,0
D006275,O006730,RIDER0665,70,95,25,1.0,25
D006276,O006731,RIDER0003,65,61,16,0.3,0
D006277,O006732,RIDER2419,20,20,22,1.3,0
D006278,O006733,RIDER0645,29,34,33,3.4,5
D006279,O006735,RIDER0688,27,22,39,7.4,0
D006280,O006736,RIDER0557,50,48,18,0.8,0
D006281,O006738,RIDER0737,25,57,35,0.2,32
D006282,O006739,RIDER1191,54,57,21,6.9,3
D006283,O006740,RIDER1280,33,29,21,2.0,0
D006284,O006741,RIDER0844,24,31,31,5.1,7
D006285,O006742,RIDER0031,39,37,24,6.4,0
D006286,O006743,RIDER1296,41,39,21,2.3,0
D006287,O006744,RIDER0630,23,51,33,6.0,28
D006288,O006745,RIDER1622,29,28,33,3.3,0
D006289,O006746,RIDER1598,25,31,31,5.0,6
D006290,O006747,RIDER2304,37,40,37,1.6,3
D006291,O006748,RIDER0890,41,38,31,2.0,0
D006292,O006749,RIDER0535,52,82,22,2.4,30
D006293,O006750,RIDER1129,33,36,15,3.9,3
D006294,O006751,RIDER1848,38,55,25,1.0,17
D006295,O006752,RIDER1508,33,37,25,2.0,4
D006296,O006753,RIDER2139,31,35,25,6.2,4
D006297,O006754,RIDER1086,50,58,22,3.3,8
D006298,O006755,RIDER1754,31,54,36,5.8,23
D006299,O006756,RIDER1729,43,76,38,2.8,33
D006300,O006757,RIDER2159,39,36,41,1.2,0
D006301,O006758,RIDER1426,27,29,33,6.0,2
D006302,O006760,RIDER0457,34,36,17,2.7,2
D006303,O006761,RIDER1595,41,60,27,1.2,19
D006304,O006762,RIDER0579,25,31,21,2.0,6
D006305,O006763,RIDER0109,49,76,39,3.5,27
D006306,O006764,RIDER1815,42,44,29,5.4,2
D006307,O006766,RIDER0415,25,42,34,4.4,17
D006308,O006768,RIDER1991,35,35,41,3.1,0
D006309,O006769,RIDER2006,40,39,24,4.5,0
D006310,O006770,RIDER1645,23,29,21,1.1,6
D006311,O006772,RIDER2046,50,69,37,11.6,19
D006312,O006773,RIDER0219,36,43,18,2.5,7
D006313,O006774,RIDER1145,31,26,31,5.5,0
D006314,O006775,RIDER0055,54,70,29,7.3,16
D006315,O006776,RIDER0037,42,60,21,1.0,18
D006316,O006777,RIDER1840,19,20,42,2.6,1
D006317,O006779,RIDER0930,61,94,27,4.7,33
D006318,O006780,RIDER1589,49,55,23,4.9,6
D006319,O006781,RIDER0814,32,30,28,3.6,0
D006320,O006782,RIDER0968,32,29,25,5.6,0
D006321,O006783,RIDER1287,18,20,38,5.6,2
D006322,O006784,RIDER2489,27,23,16,2.9,0
D006323,O006785,RIDER1418,44,41,42,3.1,0
D006324,O006786,RIDER1496,66,64,30,2.7,0
D006325,O006787,RIDER1188,49,44,22,1.5,0
D006326,O006788,RIDER0350,22,25,22,0.7,3
D006327,O006789,RIDER2389,36,43,15,5.3,7
D006328,O006790,RIDER1006,33,33,36,1.1,0
D006329,O006791,RIDER2138,60,56,29,1.5,0
D006330,O006792,RIDER0753,43,42,28,2.8,0
D006331,O006793,RIDER0187,25,27,37,2.2,2
D006332,O006795,RIDER0121,36,43,27,1.1,7
D006333,O006796,RIDER0498,37,43,32,2.1,6
D006334,O006797,RIDER2013,39,38,39,0.9,0
D006335,O006798,RIDER0570,27,30,29,0.6,3
D006336,O006799,RIDER0303,55,50,31,4.6,0
D006337,O006800,RIDER2012,43,39,42,3.0,0
D006338,O006801,RIDER2038,39,67,28,2.4,28
D006339,O006802,RIDER1808,33,38,28,5.0,5
D006340,O006803,RIDER1878,47,50,38,2.1,3
D006341,O006804,RIDER1559,37,38,14,3.5,1
D006342,O006805,RIDER0416,33,39,15,6.2,6
D006343,O006806,RIDER2197,30,40,39,8.7,10
D006344,O006807,RIDER0633,53,58,35,1.2,5
D006345,O006808,RIDER1738,36,32,39,7.1,0
D006346,O006809,RIDER1086,44,44,35,4.9,0
D006347,O006810,RIDER1065,30,28,30,3.0,0
D006348,O006811,RIDER1099,52,54,21,1.1,2
D006349,O006812,RIDER1614,57,54,24,4.4,0
D006350,O006813,RIDER0159,25,47,38,5.8,22
D006351,O006814,RIDER0222,29,32,24,4.2,3
D006352,O006815,RIDER0718,37,44,21,3.7,7
D006353,O006816,RIDER1639,35,30,15,2.3,0
D006354,O006819,RIDER1965,36,39,22,3.3,3
D006355,O006820,RIDER1574,44,74,37,1.8,30
D006356,O006821,RIDER2229,44,41,32,0.9,0
D006357,O006822,RIDER0547,39,43,20,1.9,4
D006358,O006823,RIDER1198,32,39,37,3.0,7
D006359,O006824,RIDER2103,28,35,31,3.1,7
D006360,O006825,RIDER1935,33,34,25,1.1,1
D006361,O006826,RIDER0629,22,24,31,1.5,2
D006362,O006827,RIDER2265,23,25,27,1.9,2
D006363,O006828,RIDER0966,41,40,25,0.7,0
D006364,O006829,RIDER2371,49,71,24,11.8,22
D006365,O006830,RIDER0709,47,53,41,2.0,6
D006366,O006831,RIDER2251,28,34,21,3.2,6
D006367,O006832,RIDER0276,51,66,30,0.7,15
D006368,O006833,RIDER0923,25,52,21,1.4,27
D006369,O006834,RIDER2185,35,34,16,0.4,0
D006370,O006835,RIDER1651,38,66,28,2.3,28
D006371,O006836,RIDER2500,31,44,29,0.1,13
D006372,O006837,RIDER0044,22,17,28,0.7,0
D006373,O006838,RIDER1656,28,60,28,1.7,32
D006374,O006839,RIDER1592,29,28,15,2.3,0
D006375,O006840,RIDER0892,22,28,23,4.3,6
D006376,O006841,RIDER0638,30,25,27,0.3,0
D006377,O006843,RIDER0069,25,27,35,1.2,2
D006378,O006844,RIDER0643,30,26,29,9.8,0
D006379,O006845,RIDER1897,20,23,40,1.5,3
D006380,O006846,RIDER1929,46,52,28,1.7,6
D006381,O006847,RIDER0554,27,31,20,5.5,4
D006382,O006848,RIDER2484,41,65,27,0.6,24
D006383,O006849,RIDER1060,44,45,28,3.2,1
D006384,O006850,RIDER1685,17,30,38,0.3,13
D006385,O006851,RIDER2007,31,57,32,1.5,26
D006386,O006853,RIDER2472,28,34,37,1.9,6
D006387,O006854,RIDER0789,30,28,16,0.6,0
D006388,O006855,RIDER0818,23,28,33,2.2,5
D006389,O006856,RIDER0711,28,35,25,4.0,7
D006390,O006858,RIDER2492,34,34,30,2.4,0
D006391,O006859,RIDER1709,25,21,30,2.4,0
D006392,O006860,RIDER0460,26,25,14,1.3,0
D006393,O006861,RIDER1526,46,44,29,1.2,0
D006394,O006862,RIDER1530,45,68,19,5.1,23
D006395,O006863,RIDER0180,33,31,17,2.6,0
D006396,O006864,RIDER0563,28,55,30,1.1,27
D006397,O006865,RIDER0076,43,71,31,2.1,28
D006398,O006866,RIDER0324,30,40,33,1.0,10
D006399,O006867,RIDER2302,36,31,18,1.0,0
D006400,O006868,RIDER1642,30,32,21,4.4,2
D006401,O006869,RIDER0408,38,41,38,0.3,3
D006402,O006870,RIDER1689,32,28,38,1.3,0
D006403,O006871,RIDER1935,19,26,17,6.9,7
D006404,O006872,RIDER0673,33,48,34,4.2,15
D006405,O006873,RIDER0074,32,30,31,8.3,0
D006406,O006874,RIDER2096,61,72,36,7.2,11
D006407,O006875,RIDER1124,26,35,39,0.8,9
D006408,O006876,RIDER1721,28,34,24,1.1,6
D006409,O006877,RIDER0830,21,19,15,2.3,0
D006410,O006878,RIDER1918,40,61,21,2.3,21
D006411,O006879,RIDER2179,25,55,15,2.2,30
D006412,O006880,RIDER1434,50,64,23,2.4,14
D006413,O006881,RIDER2275,46,52,16,1.1,6
D006414,O006882,RIDER1741,27,32,19,1.8,5
D006415,O006883,RIDER2391,25,46,22,17.6,21
D006416,O006884,RIDER0731,65,83,19,2.6,18
D006417,O006885,RIDER0804,21,17,41,1.0,0
D006418,O006886,RIDER1326,40,35,30,1.4,0
D006419,O006887,RIDER1377,31,50,24,1.2,19
D006420,O006888,RIDER2362,31,30,24,6.1,0
D006421,O006889,RIDER1901,19,26,29,1.0,7
D006422,O006890,RIDER1947,34,41,24,3.2,7
D006423,O006891,RIDER1248,24,48,26,10.5,24
D006424,O006892,RIDER0914,39,41,31,6.2,2
D006425,O006894,RIDER1783,33,53,33,1.3,20
D006426,O006895,RIDER2487,25,25,19,0.6,0
D006427,O006896,RIDER2076,18,36,16,0.7,18
D006428,O006897,RIDER1073,30,28,18,3.0,0
D006429,O006898,RIDER0575,49,60,37,7.7,11
D006430,O006899,RIDER2414,40,35,17,1.4,0
D006431,O006900,RIDER1822,49,67,24,4.7,18
D006432,O006901,RIDER1814,29,48,20,0.3,19
D006433,O006902,RIDER0640,37,36,21,0.6,0
D006434,O006903,RIDER1053,43,50,31,4.2,7
D006435,O006904,RIDER2067,31,33,19,1.2,2
D006436,O006905,RIDER0409,19,21,42,3.3,2
D006437,O006906,RIDER0896,37,46,15,0.5,9
D006438,O006907,RIDER2158,19,22,21,0.9,3
D006439,O006908,RIDER2074,26,23,31,5.2,0
D006440,O006909,RIDER0655,45,40,28,6.2,0
D006441,O006910,RIDER0605,53,48,21,2.1,0
D006442,O006912,RIDER1729,22,19,18,3.0,0
D006443,O006913,RIDER0634,48,50,34,1.5,2
D006444,O006916,RIDER0610,42,44,23,5.1,2
D006445,O006917,RIDER1600,43,56,42,3.9,13
D006446,O006918,RIDER2066,21,16,25,0.5,0
D006447,O006919,RIDER0006,45,49,31,2.8,4
D006448,O006920,RIDER1181,30,27,41,0.8,0
D006449,O006921,RIDER1398,31,32,31,3.4,1
D006450,O006922,RIDER1855,28,24,28,1.6,0
D006451,O006923,RIDER1819,28,27,30,0.5,0
D006452,O006924,RIDER1280,38,40,29,1.4,2
D006453,O006925,RIDER1456,27,22,25,1.4,0
D006454,O006926,RIDER1469,38,47,22,2.7,9
D006455,O006927,RIDER0015,29,35,35,2.6,6
D006456,O006928,RIDER1306,26,21,20,11.7,0
D006457,O006929,RIDER2257,27,25,31,6.6,0
D006458,O006930,RIDER0186,33,48,37,5.3,15
D006459,O006931,RIDER0481,23,23,35,3.6,0
D006460,O006932,RIDER0297,24,22,25,5.9,0
D006461,O006934,RIDER2413,43,46,27,6.1,3
D006462,O006935,RIDER0336,33,36,15,6.9,3
D006463,O006936,RIDER0984,22,18,29,2.3,0
D006464,O006937,RIDER1953,26,26,35,6.4,0
D006465,O006938,RIDER0622,31,34,30,1.2,3
D006466,O006939,RIDER2323,57,53,42,9.4,0
D006467,O006940,RIDER2249,34,29,31,8.0,0
D006468,O006941,RIDER2036,32,33,28,8.6,1
D006469,O006942,RIDER1953,37,64,27,0.4,27
D006470,O006944,RIDER0412,34,41,35,4.8,7
D006471,O006945,RIDER1115,33,65,24,1.2,32
D006472,O006946,RIDER0187,35,33,38,0.4,0
D006473,O006947,RIDER1557,37,40,27,2.8,3
D006474,O006948,RIDER2466,55,57,32,6.4,2
D006475,O006949,RIDER0941,41,63,14,5.2,22
D006476,O006950,RIDER1538,20,17,28,0.9,0
D006477,O006952,RIDER0363,28,59,16,5.4,31
D006478,O006953,RIDER2033,26,29,17,2.4,3
D006479,O006954,RIDER0029,20,19,32,1.0,0
D006480,O006955,RIDER0150,36,55,17,1.3,19
D006481,O006956,RIDER1370,36,32,22,2.7,0
D006482,O006957,RIDER2295,70,89,24,1.0,19
D006483,O006958,RIDER1893,29,62,28,1.6,33
D006484,O006959,RIDER1307,36,32,34,1.0,0
D006485,O006960,RIDER0411,62,65,41,16.1,3
D006486,O006961,RIDER1533,34,41,21,3.1,7
D006487,O006963,RIDER0446,30,63,17,1.4,33
D006488,O006964,RIDER0421,58,62,38,2.2,4
D006489,O006965,RIDER1119,21,39,40,3.8,18
D006490,O006966,RIDER0195,23,26,15,1.6,3
D006491,O006967,RIDER0230,34,41,30,1.4,7
D006492,O006968,RIDER2175,24,26,21,6.8,2
D006493,O006969,RIDER0191,32,34,41,2.4,2
D006494,O006970,RIDER0185,29,39,30,7.1,10
D006495,O006971,RIDER0796,25,23,27,0.8,0
D006496,O006972,RIDER2169,46,46,41,6.0,0
D006497,O006973,RIDER0302,24,32,23,5.4,8
D006498,O006974,RIDER0663,38,72,25,0.4,34
D006499,O006975,RIDER1100,39,36,31,8.8,0
D006500,O006977,RIDER0531,37,32,42,1.4,0
D006501,O006978,RIDER1665,50,48,29,5.7,0
D006502,O006979,RIDER0344,56,55,31,5.4,0
D006503,O006980,RIDER2200,38,37,35,1.4,0
D006504,O006981,RIDER2060,33,45,17,1.0,12
D006505,O006982,RIDER1685,33,35,27,0.9,2
D006506,O006983,RIDER2466,24,27,36,10.4,3
D006507,O006984,RIDER2055,24,23,37,4.6,0
D006508,O006985,RIDER0773,27,29,19,0.7,2
D006509,O006986,RIDER2450,29,32,25,5.9,3
D006510,O006987,RIDER1518,70,66,15,2.9,0
D006511,O006988,RIDER1404,50,58,32,4.0,8
D006512,O006989,RIDER2188,25,57,28,2.9,32
D006513,O006990,RIDER0835,24,29,24,8.4,5
D006514,O006991,RIDER1446,22,31,39,2.6,9
D006515,O006992,RIDER0537,30,33,31,7.0,3
D006516,O006993,RIDER1932,20,15,31,7.9,0
D006517,O006994,RIDER0177,43,38,29,1.2,0
D006518,O006995,RIDER1818,33,35,15,2.7,2
D006519,O006996,RIDER0837,25,23,15,2.4,0
D006520,O006997,RIDER0327,30,51,27,5.3,21
D006521,O006998,RIDER2379,28,41,19,8.2,13
D006522,O006999,RIDER0090,21,17,31,0.4,0
D006523,O007000,RIDER1485,29,44,16,1.4,15
D006524,O007001,RIDER2273,24,30,23,4.6,6
D006525,O007002,RIDER0627,22,26,41,3.0,4
D006526,O007003,RIDER0191,29,24,28,0.9,0
D006527,O007004,RIDER1941,38,38,15,6.0,0
D006528,O007005,RIDER1438,46,45,15,2.8,0
D006529,O007006,RIDER0059,34,45,16,3.7,11
D006530,O007007,RIDER0295,26,30,29,5.4,4
D006531,O007008,RIDER2276,28,38,23,1.7,10
D006532,O007009,RIDER0153,36,42,37,10.4,6
D006533,O007010,RIDER0870,31,31,14,1.7,0
D006534,O007011,RIDER0767,22,24,41,1.3,2
D006535,O007012,RIDER0443,34,35,29,5.9,1
D006536,O007013,RIDER1637,45,48,17,9.6,3
D006537,O007014,RIDER1850,31,34,15,0.9,3
D006538,O007015,RIDER1749,30,37,30,6.4,7
D006539,O007016,RIDER0299,36,39,21,3.2,3
D006540,O007017,RIDER0845,34,35,30,5.3,1
D006541,O007018,RIDER2277,40,41,28,7.1,1
D006542,O007019,RIDER2466,25,24,14,0.4,0
D006543,O007020,RIDER1364,21,35,18,4.8,14
D006544,O007021,RIDER1146,23,40,17,4.4,17
D006545,O007022,RIDER0237,36,43,37,1.5,7
D006546,O007023,RIDER0776,42,49,38,5.5,7
D006547,O007024,RIDER2033,39,67,23,3.6,28
D006548,O007025,RIDER1136,28,27,36,1.8,0
D006549,O007026,RIDER1824,28,23,33,9.7,0
D006550,O007027,RIDER1539,30,29,33,7.7,0
D006551,O007028,RIDER0999,18,40,31,8.6,22
D006552,O007029,RIDER0207,46,79,15,2.0,33
D006553,O007030,RIDER2294,43,72,19,7.6,29
D006554,O007031,RIDER2094,32,56,30,1.4,24
D006555,O007032,RIDER1949,50,54,33,5.3,4
D006556,O007033,RIDER2048,32,46,25,4.6,14
D006557,O007034,RIDER1492,30,45,31,1.9,15
D006558,O007035,RIDER1986,26,24,30,3.5,0
D006559,O007036,RIDER2225,32,27,27,3.1,0
D006560,O007037,RIDER0940,29,34,21,1.2,5
D006561,O007038,RIDER2142,27,36,29,3.1,9
D006562,O007039,RIDER0877,62,90,23,3.1,28
D006563,O007040,RIDER1306,25,30,29,3.2,5
D006564,O007041,RIDER1621,24,48,25,1.8,24
D006565,O007042,RIDER1656,26,40,14,5.6,14
D006566,O007043,RIDER0173,37,34,28,1.9,0
D006567,O007044,RIDER1176,29,26,23,0.7,0
D006568,O007045,RIDER0342,42,58,25,3.0,16
D006569,O007046,RIDER1513,30,58,24,6.1,28
D006570,O007047,RIDER1814,23,18,24,4.5,0
D006571,O007048,RIDER0653,27,30,36,2.2,3
D006572,O007049,RIDER0998,38,34,41,1.8,0
D006573,O007050,RIDER0818,28,34,38,0.6,6
D006574,O007051,RIDER0857,22,18,42,0.8,0
D006575,O007052,RIDER1591,36,38,38,1.0,2
D006576,O007053,RIDER0537,22,29,33,1.2,7
D006577,O007054,RIDER0048,33,56,28,5.6,23
D006578,O007055,RIDER1516,53,55,14,1.1,2
D006579,O007056,RIDER0065,32,31,15,4.9,0
D006580,O007057,RIDER1162,32,51,33,7.6,19
D006581,O007058,RIDER2067,54,70,28,7.5,16
D006582,O007059,RIDER0365,40,37,39,5.3,0
D006583,O007060,RIDER0386,53,69,14,3.0,16
D006584,O007061,RIDER0208,24,54,35,1.1,30
D006585,O007062,RIDER0108,26,22,20,5.0,0
D006586,O007063,RIDER1886,34,42,14,2.1,8
D006587,O007064,RIDER2067,34,43,40,0.9,9
D006588,O007065,RIDER1533,37,36,42,7.7,0
D006589,O007066,RIDER2291,36,34,35,4.4,0
D006590,O007067,RIDER0675,28,24,25,0.8,0
D006591,O007068,RIDER1996,32,65,22,3.3,33
D006592,O007069,RIDER0876,55,62,23,0.6,7
D006593,O007071,RIDER1430,62,57,24,5.1,0
D006594,O007072,RIDER0488,39,46,18,1.8,7
D006595,O007073,RIDER2408,32,33,31,4.9,1
D006596,O007074,RIDER2369,31,28,33,7.5,0
D006597,O007075,RIDER0709,32,39,34,1.5,7
D006598,O007076,RIDER0350,19,39,19,1.1,20
D006599,O007077,RIDER0536,39,42,38,4.1,3
D006600,O007078,RIDER2189,69,92,33,2.9,23
D006601,O007079,RIDER0936,36,43,14,7.2,7
D006602,O007080,RIDER1577,26,41,24,1.6,15
D006603,O007081,RIDER1117,33,64,31,2.7,31
D006604,O007082,RIDER0029,46,78,42,2.7,32
D006605,O007083,RIDER0893,23,30,24,10.9,7
D006606,O007084,RIDER0166,36,53,33,1.8,17
D006607,O007085,RIDER2311,25,53,40,2.9,28
D006608,O007086,RIDER0901,60,71,15,0.1,11
D006609,O007087,RIDER1568,34,36,35,1.3,2
D006610,O007088,RIDER2040,65,79,32,3.1,14
D006611,O007089,RIDER0122,29,26,29,5.7,0
D006612,O007090,RIDER1554,37,61,22,2.1,24
D006613,O007091,RIDER1714,34,50,34,3.4,16
D006614,O007092,RIDER0154,42,56,21,2.6,14
D006615,O007093,RIDER2434,22,25,16,0.3,3
D006616,O007094,RIDER1073,35,56,21,3.9,21
D006617,O007095,RIDER2272,21,28,24,3.3,7
D006618,O007096,RIDER1662,17,17,37,1.3,0
D006619,O007098,RIDER0704,25,28,18,2.8,3
D006620,O007099,RIDER1184,26,21,40,3.8,0
D006621,O007100,RIDER0895,45,55,42,2.6,10
D006622,O007101,RIDER0269,22,54,32,6.3,32
D006623,O007102,RIDER0350,34,40,29,0.9,6
D006624,O007103,RIDER0860,33,63,31,7.1,30
D006625,O007104,RIDER0212,20,18,27,0.9,0
D006626,O007105,RIDER0877,35,38,19,0.4,3
D006627,O007106,RIDER0327,36,39,31,3.1,3
D006628,O007107,RIDER0121,30,37,39,2.3,7
D006629,O007108,RIDER0645,33,57,30,0.9,24
D006630,O007109,RIDER1027,24,51,15,5.0,27
D006631,O007110,RIDER1375,29,28,27,2.1,0
D006632,O007111,RIDER2410,27,29,14,4.2,2
D006633,O007112,RIDER2089,33,38,18,2.1,5
D006634,O007113,RIDER2281,31,31,34,3.5,0
D006635,O007114,RIDER0617,43,73,21,6.2,30
D006636,O007116,RIDER0072,34,35,25,4.8,1
D006637,O007117,RIDER2220,63,60,41,2.7,0
D006638,O007118,RIDER1750,38,56,16,2.5,18
D006639,O007119,RIDER0065,33,31,28,3.5,0
D006640,O007120,RIDER0390,25,27,15,8.0,2
D006641,O007121,RIDER1734,40,69,23,6.1,29
D006642,O007122,RIDER2452,27,24,17,10.6,0
D006643,O007123,RIDER2081,32,55,16,5.8,23
D006644,O007124,RIDER1200,23,23,20,1.0,0
D006645,O007125,RIDER0194,36,32,40,9.6,0
D006646,O007126,RIDER1457,35,30,16,9.3,0
D006647,O007127,RIDER0141,31,26,31,0.9,0
D006648,O007128,RIDER0176,34,37,35,0.7,3
D006649,O007129,RIDER0779,30,36,20,3.5,6
D006650,O007130,RIDER0663,40,55,22,2.1,15
D006651,O007131,RIDER0708,66,97,19,3.1,31
D006652,O007132,RIDER1729,49,52,20,10.3,3
D006653,O007133,RIDER2032,39,46,32,2.4,7
D006654,O007134,RIDER1345,25,27,18,2.9,2
D006655,O007135,RIDER0920,39,52,22,0.4,13
D006656,O007136,RIDER0330,23,27,35,8.1,4
D006657,O007137,RIDER0678,26,32,35,5.0,6
D006658,O007138,RIDER0120,26,56,31,7.8,30
D006659,O007139,RIDER1713,30,25,22,2.9,0
D006660,O007140,RIDER2234,43,45,18,4.5,2
D006661,O007141,RIDER0672,29,24,39,5.5,0
D006662,O007142,RIDER0572,35,38,25,2.8,3
D006663,O007143,RIDER0081,26,32,16,2.8,6
D006664,O007144,RIDER0964,36,36,19,7.7,0
D006665,O007145,RIDER2260,50,67,28,2.9,17
D006666,O007146,RIDER0284,34,64,15,5.3,30
D006667,O007147,RIDER0077,22,53,23,1.5,31
D006668,O007148,RIDER0214,24,30,33,0.9,6
D006669,O007149,RIDER1957,37,53,37,3.6,16
D006670,O007150,RIDER0778,35,42,22,4.3,7
D006671,O007151,RIDER1020,68,87,34,1.1,19
D006672,O007152,RIDER1229,26,43,21,9.9,17
D006673,O007153,RIDER1657,40,70,28,5.3,30
D006674,O007154,RIDER1003,19,24,32,6.5,5
D006675,O007155,RIDER0926,30,36,14,2.7,6
D006676,O007156,RIDER0797,38,57,36,1.8,19
D006677,O007157,RIDER0930,28,25,14,1.0,0
D006678,O007158,RIDER0998,30,32,16,5.7,2
D006679,O007159,RIDER0461,31,32,39,3.4,1
D006680,O007160,RIDER1432,26,27,37,2.3,1
D006681,O007161,RIDER1168,35,38,15,3.8,3
D006682,O007162,RIDER1001,31,34,31,5.1,3
D006683,O007163,RIDER1720,27,29,36,9.2,2
D006684,O007164,RIDER0463,37,35,31,1.6,0
D006685,O007165,RIDER1327,19,36,21,0.5,17
D006686,O007166,RIDER0471,32,39,37,0.7,7
D006687,O007167,RIDER2374,28,40,33,3.2,12
D006688,O007168,RIDER1449,39,61,31,0.1,22
D006689,O007169,RIDER0547,26,33,18,0.4,7
D006690,O007170,RIDER2221,39,61,18,3.4,22
D006691,O007171,RIDER1344,27,22,38,1.7,0
D006692,O007172,RIDER1567,46,43,15,1.2,0
D006693,O007173,RIDER1251,30,32,21,4.1,2
D006694,O007174,RIDER1758,34,39,29,3.3,5
D006695,O007175,RIDER0477,21,38,14,4.9,17
D006696,O007176,RIDER2126,25,31,35,3.8,6
D006697,O007177,RIDER0490,26,51,28,1.7,25
D006698,O007178,RIDER2109,29,51,31,3.9,22
D006699,O007180,RIDER0057,42,63,14,1.3,21
D006700,O007181,RIDER1844,29,36,28,0.6,7
D006701,O007182,RIDER0700,60,71,29,0.5,11
D006702,O007183,RIDER2397,52,83,21,2.7,31
D006703,O007184,RIDER0948,29,55,29,0.9,26
D006704,O007185,RIDER2489,24,27,31,2.6,3
D006705,O007186,RIDER0726,23,19,14,7.1,0
D006706,O007187,RIDER0880,27,59,24,3.5,32
D006707,O007188,RIDER0125,63,71,21,2.5,8
D006708,O007190,RIDER1361,54,52,23,4.6,0
D006709,O007191,RIDER1952,27,32,25,2.1,5
D006710,O007192,RIDER1902,49,71,21,1.3,22
D006711,O007193,RIDER1561,39,66,16,6.3,27
D006712,O007194,RIDER1160,30,49,27,1.5,19
D006713,O007195,RIDER0009,31,33,15,0.6,2
D006714,O007196,RIDER1169,32,28,23,0.9,0
D006715,O007197,RIDER0007,37,60,21,1.2,23
D006716,O007198,RIDER2453,27,57,18,5.5,30
D006717,O007199,RIDER0896,35,39,33,4.8,4
D006718,O007200,RIDER1218,21,42,38,9.3,21
D006719,O007201,RIDER1905,32,38,18,0.8,6
D006720,O007202,RIDER1086,45,54,40,0.5,9
D006721,O007204,RIDER0007,36,34,29,3.9,0
D006722,O007205,RIDER1774,28,41,27,1.1,13
D006723,O007206,RIDER1564,40,43,21,0.8,3
D006724,O007207,RIDER0188,29,34,37,2.4,5
D006725,O007208,RIDER1323,28,37,21,0.4,9
D006726,O007209,RIDER1270,50,48,14,0.8,0
D006727,O007210,RIDER1073,21,43,34,3.2,22
D006728,O007211,RIDER2199,28,42,33,1.1,14
D006729,O007212,RIDER0057,28,32,32,1.5,4
D006730,O007213,RIDER2453,23,25,33,4.5,2
D006731,O007214,RIDER2133,35,39,21,5.6,4
D006732,O007215,RIDER2409,32,32,17,2.4,0
D006733,O007216,RIDER0232,31,47,29,5.4,16
D006734,O007217,RIDER0332,28,31,27,1.9,3
D006735,O007218,RIDER0419,24,24,17,7.0,0
D006736,O007219,RIDER0190,25,25,16,1.9,0
D006737,O007220,RIDER0323,25,40,35,7.9,15
D006738,O007222,RIDER1530,39,44,34,6.2,5
D006739,O007223,RIDER0654,23,22,38,4.8,0
D006740,O007224,RIDER2370,22,41,32,1.0,19
D006741,O007225,RIDER0741,40,41,19,4.5,1
D006742,O007226,RIDER1923,23,21,39,3.8,0
D006743,O007227,RIDER1262,44,58,35,9.8,14
D006744,O007228,RIDER1958,39,73,31,5.1,34
D006745,O007229,RIDER2451,40,40,28,3.0,0
D006746,O007230,RIDER0328,30,32,18,0.9,2
D006747,O007232,RIDER1172,40,42,14,0.2,2
D006748,O007233,RIDER1678,32,29,14,5.6,0
D006749,O007234,RIDER0301,44,46,38,0.6,2
D006750,O007235,RIDER1326,34,31,28,2.6,0
D006751,O007236,RIDER1396,25,26,18,1.3,1
D006752,O007237,RIDER0549,24,31,28,1.9,7
D006753,O007238,RIDER1806,21,27,15,6.5,6
D006754,O007239,RIDER1083,28,33,42,1.4,5
D006755,O007240,RIDER0934,30,27,39,2.5,0
D006756,O007241,RIDER1426,23,18,37,4.0,0
D006757,O007242,RIDER2463,47,76,35,0.6,29
D006758,O007243,RIDER2229,38,42,31,1.2,4
D006759,O007244,RIDER2127,29,34,18,2.7,5
D006760,O007245,RIDER0115,44,46,14,2.3,2
D006761,O007246,RIDER2302,26,30,40,1.9,4
D006762,O007247,RIDER1123,33,37,31,3.1,4
D006763,O007248,RIDER2087,32,35,34,11.5,3
D006764,O007249,RIDER0973,32,27,16,1.1,0
D006765,O007250,RIDER1486,44,51,28,1.9,7
D006766,O007251,RIDER1459,29,36,30,1.5,7
D006767,O007252,RIDER1310,23,21,23,2.9,0
D006768,O007253,RIDER1452,22,35,14,6.7,13
D006769,O007254,RIDER1262,36,42,38,1.2,6
D006770,O007255,RIDER1470,40,54,42,2.2,14
D006771,O007256,RIDER1987,48,50,39,3.4,2
D006772,O007257,RIDER1560,22,38,40,2.6,16
D006773,O007258,RIDER0036,24,23,21,0.0,0
D006774,O007259,RIDER1405,31,34,15,0.7,3
D006775,O007260,RIDER2366,45,56,36,1.6,11
D006776,O007261,RIDER1949,26,41,38,1.8,15
D006777,O007262,RIDER0358,24,24,32,7.4,0
D006778,O007264,RIDER1579,27,39,36,3.1,12
D006779,O007265,RIDER0548,25,29,39,0.7,4
D006780,O007266,RIDER1925,28,34,35,1.0,6
D006781,O007267,RIDER1766,35,42,29,6.5,7
D006782,O007268,RIDER0611,44,47,18,10.3,3
D006783,O007269,RIDER1351,30,51,31,7.4,21
D006784,O007270,RIDER1927,28,25,21,6.0,0
D006785,O007272,RIDER2127,37,40,36,2.2,3
D006786,O007273,RIDER2058,39,38,17,3.7,0
D006787,O007274,RIDER1010,24,25,42,4.2,1
D006788,O007275,RIDER0523,28,24,31,4.6,0
D006789,O007276,RIDER2054,21,25,16,0.9,4
D006790,O007277,RIDER1894,34,66,22,4.1,32
D006791,O007278,RIDER0674,33,30,21,5.4,0
D006792,O007279,RIDER0087,31,45,18,1.7,14
D006793,O007280,RIDER1661,30,27,15,1.7,0
D006794,O007281,RIDER2143,42,50,40,3.3,8
D006795,O007282,RIDER0645,48,48,31,5.8,0
D006796,O007283,RIDER1348,24,41,27,0.5,17
D006797,O007284,RIDER0561,34,31,15,1.9,0
D006798,O007285,RIDER0489,32,38,32,4.8,6
D006799,O007286,RIDER1313,36,31,19,1.5,0
D006800,O007287,RIDER0457,21,27,21,3.3,6
D006801,O007288,RIDER1812,55,54,16,0.8,0
D006802,O007289,RIDER1671,21,21,21,2.2,0
D006803,O007291,RIDER0248,31,28,21,0.9,0
D006804,O007292,RIDER0782,27,25,17,1.0,0
D006805,O007293,RIDER0291,36,69,27,4.2,33
D006806,O007294,RIDER0778,59,58,41,3.6,0
D006807,O007296,RIDER0092,21,28,28,1.6,7
D006808,O007297,RIDER0813,41,47,16,1.4,6
D006809,O007298,RIDER1382,31,44,14,1.1,13
D006810,O007299,RIDER1120,26,31,39,2.7,5
D006811,O007300,RIDER1728,22,21,14,7.3,0
D006812,O007301,RIDER1292,30,62,30,2.1,32
D006813,O007303,RIDER2014,37,35,35,2.3,0
D006814,O007304,RIDER0759,38,34,33,7.2,0
D006815,O007305,RIDER2486,37,44,35,2.3,7
D006816,O007306,RIDER1244,30,37,30,1.1,7
D006817,O007307,RIDER2151,56,72,42,10.8,16
D006818,O007308,RIDER2167,33,41,16,3.5,8
D006819,O007309,RIDER1422,45,71,29,1.2,26
D006820,O007310,RIDER0705,27,46,14,1.5,19
D006821,O007311,RIDER2379,28,60,14,0.8,32
D006822,O007312,RIDER1199,33,30,22,9.2,0
D006823,O007313,RIDER1185,32,39,19,3.3,7
D006824,O007314,RIDER0048,25,20,40,6.0,0
D006825,O007315,RIDER2187,49,54,41,1.5,5
D006826,O007316,RIDER1010,31,45,15,6.8,14
D006827,O007317,RIDER2125,38,66,27,4.2,28
D006828,O007318,RIDER2075,41,45,29,5.5,4
D006829,O007319,RIDER2496,43,42,37,0.5,0
D006830,O007320,RIDER2476,31,64,24,2.2,33
D006831,O007321,RIDER1149,28,56,37,0.5,28
D006832,O007322,RIDER1967,22,24,38,1.8,2
D006833,O007323,RIDER2188,31,50,32,1.3,19
D006834,O007324,RIDER1840,34,34,16,2.2,0
D006835,O007326,RIDER0104,20,49,27,0.2,29
D006836,O007327,RIDER2285,34,55,18,0.3,21
D006837,O007328,RIDER1539,43,66,31,5.9,23
D006838,O007329,RIDER1660,46,69,19,8.1,23
D006839,O007331,RIDER1530,36,56,42,5.3,20
D006840,O007332,RIDER1369,23,29,14,5.4,6
D006841,O007333,RIDER0788,39,36,22,4.2,0
D006842,O007334,RIDER0833,31,31,16,1.2,0
D006843,O007335,RIDER2178,50,65,14,3.3,15
D006844,O007336,RIDER1950,34,36,17,5.0,2
D006845,O007337,RIDER0873,35,40,18,3.2,5
D006846,O007338,RIDER1260,70,77,15,1.4,7
D006847,O007339,RIDER1865,23,20,42,6.2,0
D006848,O007341,RIDER1468,40,41,28,1.1,1
D006849,O007342,RIDER1983,33,60,36,0.2,27
D006850,O007343,RIDER0151,30,28,41,7.5,0
D006851,O007344,RIDER0205,31,46,28,4.6,15
D006852,O007345,RIDER0879,32,51,30,4.8,19
D006853,O007346,RIDER1023,23,20,21,2.9,0
D006854,O007347,RIDER0833,28,35,26,2.4,7
D006855,O007348,RIDER1295,38,34,14,14.4,0
D006856,O007350,RIDER0197,26,29,19,2.1,3
D006857,O007351,RIDER1485,34,65,33,4.8,31
D006858,O007352,RIDER0837,45,42,17,0.4,0
D006859,O007353,RIDER2234,34,46,33,6.2,12
D006860,O007354,RIDER0552,32,31,31,0.1,0
D006861,O007356,RIDER0464,43,43,41,2.0,0
D006862,O007357,RIDER1498,32,62,21,7.0,30
D006863,O007358,RIDER2048,21,17,16,0.9,0
D006864,O007359,RIDER0062,44,64,42,0.1,20
D006865,O007360,RIDER1021,44,50,15,2.3,6
D006866,O007361,RIDER0168,22,21,15,0.1,0
D006867,O007362,RIDER1047,32,52,16,2.4,20
D006868,O007363,RIDER2238,28,35,30,5.3,7
D006869,O007364,RIDER0709,19,17,24,5.2,0
D006870,O007366,RIDER0873,57,63,24,3.9,6
D006871,O007367,RIDER0099,28,29,40,4.0,1
D006872,O007368,RIDER0956,30,50,34,0.8,20
D006873,O007369,RIDER0715,28,28,22,0.8,0
D006874,O007370,RIDER2379,35,37,42,2.6,2
D006875,O007371,RIDER0634,32,35,33,1.4,3
D006876,O007372,RIDER1623,27,33,42,1.5,6
D006877,O007373,RIDER0708,30,30,39,2.5,0
D006878,O007374,RIDER1504,47,52,21,3.2,5
D006879,O007377,RIDER0053,19,14,34,3.6,0
D006880,O007378,RIDER1279,36,32,16,5.2,0
D006881,O007379,RIDER2003,31,34,42,2.4,3
D006882,O007380,RIDER1913,29,47,29,3.9,18
D006883,O007381,RIDER1101,51,81,19,1.8,30
D006884,O007382,RIDER2094,27,24,39,11.0,0
D006885,O007383,RIDER2054,33,28,38,0.7,0
D006886,O007384,RIDER1416,24,30,24,1.6,6
D006887,O007386,RIDER2464,23,29,20,2.6,6
D006888,O007387,RIDER2385,23,42,27,5.6,19
D006889,O007388,RIDER2455,33,36,15,4.6,3
D006890,O007389,RIDER0678,31,37,40,2.5,6
D006891,O007390,RIDER1600,25,26,14,4.8,1
D006892,O007391,RIDER2414,28,52,24,3.9,24
D006893,O007392,RIDER0168,27,51,31,2.7,24
D006894,O007393,RIDER0002,47,53,19,0.5,6
D006895,O007394,RIDER1134,31,45,31,5.9,14
D006896,O007395,RIDER2266,21,34,36,10.8,13
D006897,O007396,RIDER1231,23,21,14,3.8,0
D006898,O007398,RIDER0410,58,64,21,0.2,6
D006899,O007399,RIDER1900,30,55,38,3.3,25
D006900,O007400,RIDER0382,31,57,23,1.7,26
D006901,O007401,RIDER1770,69,103,36,1.7,34
D006902,O007402,RIDER2341,62,64,30,1.7,2
D006903,O007403,RIDER1658,36,55,36,5.7,19
D006904,O007404,RIDER1687,39,63,21,2.4,24
D006905,O007405,RIDER0743,37,47,21,2.0,10
D006906,O007406,RIDER1383,27,47,42,5.6,20
D006907,O007407,RIDER0888,28,61,36,3.6,33
D006908,O007408,RIDER1544,25,51,21,5.7,26
D006909,O007409,RIDER2121,27,24,41,4.4,0
D006910,O007410,RIDER0654,26,26,31,2.2,0
D006911,O007411,RIDER1412,33,49,21,5.5,16
D006912,O007412,RIDER1578,29,28,40,4.8,0
D006913,O007413,RIDER0542,23,34,22,0.5,11
D006914,O007414,RIDER0037,46,51,40,2.1,5
D006915,O007415,RIDER0046,33,48,15,1.6,15
D006916,O007416,RIDER0677,28,32,41,0.8,4
D006917,O007417,RIDER1343,21,25,14,1.7,4
D006918,O007419,RIDER2335,34,39,22,3.2,5
D006919,O007420,RIDER1866,39,40,32,5.4,1
D006920,O007421,RIDER1806,23,22,22,0.6,0
D006921,O007422,RIDER1820,57,80,31,3.2,23
D006922,O007423,RIDER2125,26,55,25,0.5,29
D006923,O007424,RIDER1468,40,36,24,4.1,0
D006924,O007425,RIDER0458,24,21,15,2.2,0
D006925,O007426,RIDER1467,30,36,24,2.2,6
D006926,O007427,RIDER0447,44,50,21,0.5,6
D006927,O007428,RIDER0032,26,42,30,2.7,16
D006928,O007429,RIDER1452,38,57,25,0.6,19
D006929,O007430,RIDER1936,31,28,15,2.5,0
D006930,O007431,RIDER1548,36,64,33,4.5,28
D006931,O007432,RIDER0672,41,38,21,3.3,0
D006932,O007434,RIDER1684,26,25,39,1.3,0
D006933,O007435,RIDER1024,28,54,42,6.0,26
D006934,O007436,RIDER1831,32,33,42,0.1,1
D006935,O007437,RIDER0818,34,29,21,1.9,0
D006936,O007439,RIDER2376,32,36,17,2.0,4
D006937,O007440,RIDER0568,20,27,31,10.7,7
D006938,O007441,RIDER2034,25,32,39,2.7,7
D006939,O007442,RIDER1950,23,22,30,2.1,0
D006940,O007443,RIDER1109,38,35,15,2.8,0
D006941,O007444,RIDER2021,32,46,22,1.3,14
D006942,O007445,RIDER0260,30,64,28,4.9,34
D006943,O007446,RIDER1029,22,43,41,3.6,21
D006944,O007447,RIDER2373,37,45,30,3.3,8
D006945,O007448,RIDER2061,31,47,27,2.2,16
D006946,O007449,RIDER2300,25,27,31,1.1,2
D006947,O007450,RIDER1319,33,57,21,1.2,24
D006948,O007451,RIDER2062,31,46,30,1.3,15
D006949,O007452,RIDER0055,28,31,38,5.0,3
D006950,O007453,RIDER0945,25,25,18,6.2,0
D006951,O007454,RIDER0634,41,39,29,2.6,0
D006952,O007455,RIDER0981,34,34,22,3.1,0
D006953,O007456,RIDER1243,30,26,25,3.2,0
D006954,O007458,RIDER0364,30,26,37,0.5,0
D006955,O007459,RIDER2335,54,51,32,0.7,0
D006956,O007460,RIDER2193,40,40,21,2.3,0
D006957,O007461,RIDER1100,34,43,30,0.3,9
D006958,O007462,RIDER1065,26,25,41,2.8,0
D006959,O007463,RIDER0968,39,42,28,1.7,3
D006960,O007465,RIDER0226,32,61,18,0.6,29
D006961,O007466,RIDER1083,33,32,14,0.2,0
D006962,O007467,RIDER0831,24,20,34,10.2,0
D006963,O007468,RIDER1657,38,33,37,0.9,0
D006964,O007469,RIDER0526,29,61,16,0.9,32
D006965,O007470,RIDER0029,35,42,40,2.5,7
D006966,O007471,RIDER1589,35,37,30,1.1,2
D006967,O007472,RIDER1463,35,36,38,3.3,1
D006968,O007473,RIDER1979,22,24,28,4.1,2
D006969,O007474,RIDER2145,29,35,41,4.3,6
D006970,O007476,RIDER0479,27,32,28,2.4,5
D006971,O007477,RIDER0468,31,37,31,1.9,6
D006972,O007478,RIDER1279,31,45,37,2.8,14
D006973,O007479,RIDER0783,61,88,38,2.5,27
D006974,O007480,RIDER1649,33,56,19,1.8,23
D006975,O007481,RIDER1172,25,27,15,1.0,2
D006976,O007482,RIDER1831,20,15,31,2.2,0
D006977,O007483,RIDER2324,25,24,14,1.7,0
D006978,O007484,RIDER1969,37,32,14,2.7,0
D006979,O007485,RIDER1114,32,33,22,2.4,1
D006980,O007486,RIDER1799,26,21,41,3.6,0
D006981,O007487,RIDER2096,35,31,42,4.7,0
D006982,O007488,RIDER1714,30,35,34,4.0,5
D006983,O007489,RIDER1973,28,33,17,7.3,5
D006984,O007490,RIDER1702,26,58,38,2.4,32
D006985,O007491,RIDER0343,39,44,14,5.5,5
D006986,O007492,RIDER2315,19,29,32,3.1,10
D006987,O007493,RIDER1609,26,22,22,5.5,0
D006988,O007494,RIDER1990,28,35,40,2.5,7
D006989,O007495,RIDER0777,26,49,37,1.9,23
D006990,O007496,RIDER0882,37,34,19,2.4,0
D006991,O007497,RIDER0212,20,36,39,0.3,16
D006992,O007498,RIDER1085,26,25,41,3.3,0
D006993,O007499,RIDER1791,20,25,30,3.0,5
D006994,O007501,RIDER1252,25,29,31,1.8,4
D006995,O007502,RIDER2087,46,60,28,4.4,14
D006996,O007503,RIDER1361,61,77,28,3.7,16
D006997,O007504,RIDER0833,33,43,29,4.7,10
D006998,O007505,RIDER0241,27,34,29,1.4,7
D006999,O007506,RIDER0818,70,71,32,11.6,1
D007000,O007507,RIDER0806,20,19,27,3.1,0
D007001,O007508,RIDER0143,23,42,33,3.6,19
D007002,O007509,RIDER0687,29,43,15,3.3,14
D007003,O007510,RIDER0880,33,29,14,2.1,0
D007004,O007511,RIDER1736,35,45,14,4.9,10
D007005,O007512,RIDER0628,26,22,24,2.0,0
D007006,O007513,RIDER0954,32,35,40,0.8,3
D007007,O007514,RIDER2092,39,37,27,6.2,0
D007008,O007515,RIDER2214,25,35,23,1.5,10
D007009,O007516,RIDER0522,60,75,28,5.8,15
D007010,O007517,RIDER1194,41,42,34,7.2,1
D007011,O007518,RIDER1875,30,28,17,0.9,0
D007012,O007519,RIDER2141,26,26,34,3.8,0
D007013,O007520,RIDER1334,29,31,18,2.1,2
D007014,O007521,RIDER1537,34,34,36,1.1,0
D007015,O007522,RIDER1924,25,32,31,0.4,7
D007016,O007523,RIDER1159,54,58,14,7.1,4
D007017,O007524,RIDER1546,46,57,36,5.1,11
D007018,O007525,RIDER0413,54,85,23,2.2,31
D007019,O007526,RIDER2355,30,28,14,2.7,0
D007020,O007527,RIDER1722,68,85,33,4.9,17
D007021,O007528,RIDER0978,30,25,33,8.5,0
D007022,O007529,RIDER1191,33,36,17,9.5,3
D007023,O007530,RIDER1178,40,41,23,3.5,1
D007024,O007531,RIDER0008,37,53,24,1.5,16
D007025,O007532,RIDER0567,21,43,31,6.8,22
D007026,O007533,RIDER2022,33,29,29,3.3,0
D007027,O007534,RIDER1149,31,60,18,1.2,29
D007028,O007535,RIDER0346,26,21,14,1.0,0
D007029,O007536,RIDER1246,38,50,36,2.8,12
D007030,O007537,RIDER1966,29,30,27,1.5,1
D007031,O007539,RIDER0242,33,28,37,0.9,0
D007032,O007540,RIDER1611,36,33,20,2.1,0
D007033,O007541,RIDER1523,30,32,41,6.3,2
D007034,O007542,RIDER2154,27,23,15,1.5,0
D007035,O007543,RIDER0462,50,46,15,1.7,0
D007036,O007544,RIDER1489,31,27,37,10.1,0
D007037,O007545,RIDER0348,39,53,21,2.5,14
D007038,O007546,RIDER1999,27,58,24,4.9,31
D007039,O007547,RIDER2090,32,27,41,4.0,0
D007040,O007548,RIDER1082,25,46,18,1.8,21
D007041,O007549,RIDER1935,26,32,42,0.3,6
D007042,O007550,RIDER1006,32,34,38,3.4,2
D007043,O007551,RIDER0980,28,49,25,3.7,21
D007044,O007552,RIDER2135,27,22,22,3.9,0
D007045,O007553,RIDER2419,36,37,22,1.1,1
D007046,O007554,RIDER1925,19,27,39,8.4,8
D007047,O007555,RIDER0427,28,30,33,1.2,2
D007048,O007556,RIDER1689,25,24,30,1.6,0
D007049,O007557,RIDER0874,41,48,21,0.7,7
D007050,O007558,RIDER0756,28,26,40,1.3,0
D007051,O007559,RIDER0827,31,46,21,2.3,15
D007052,O007560,RIDER1223,55,61,23,5.3,6
D007053,O007561,RIDER0652,19,15,40,3.5,0
D007054,O007562,RIDER0871,28,58,41,1.2,30
D007055,O007563,RIDER0160,25,29,20,4.2,4
D007056,O007564,RIDER0122,47,49,16,4.1,2
D007057,O007565,RIDER1487,37,41,14,0.4,4
D007058,O007566,RIDER0520,33,34,35,1.0,1
D007059,O007567,RIDER1649,30,25,24,3.1,0
D007060,O007568,RIDER1310,45,75,14,0.6,30
D007061,O007569,RIDER1691,36,36,28,3.0,0
D007062,O007571,RIDER1635,38,63,37,2.7,25
D007063,O007572,RIDER2497,34,48,32,1.4,14
D007064,O007573,RIDER0118,58,63,28,5.9,5
D007065,O007574,RIDER1505,27,27,25,0.3,0
D007066,O007575,RIDER0056,40,36,15,1.4,0
D007067,O007576,RIDER1655,31,30,40,5.1,0
D007068,O007577,RIDER1570,28,33,42,0.8,5
D007069,O007578,RIDER1231,30,26,34,4.7,0
D007070,O007579,RIDER1048,32,35,21,6.4,3
D007071,O007580,RIDER1017,26,31,16,3.4,5
D007072,O007581,RIDER1521,24,23,23,0.8,0
D007073,O007582,RIDER0422,34,37,29,2.0,3
D007074,O007583,RIDER0207,43,45,15,6.1,2
D007075,O007584,RIDER0611,23,21,37,4.2,0
D007076,O007585,RIDER0039,45,52,29,0.2,7
D007077,O007586,RIDER2399,61,62,25,1.5,1
D007078,O007587,RIDER0871,42,58,24,4.4,16
D007079,O007588,RIDER0654,30,33,20,0.6,3
D007080,O007589,RIDER1233,34,34,31,1.4,0
D007081,O007590,RIDER1492,25,24,17,2.6,0
D007082,O007591,RIDER2113,27,27,19,3.6,0
D007083,O007592,RIDER0554,41,36,14,0.4,0
D007084,O007593,RIDER1090,49,53,29,3.8,4
D007085,O007594,RIDER0119,19,14,34,8.1,0
D007086,O007595,RIDER1365,31,32,16,4.1,1
D007087,O007596,RIDER1287,25,54,19,0.6,29
D007088,O007597,RIDER1917,31,27,29,3.7,0
D007089,O007598,RIDER1326,51,57,16,4.7,6
D007090,O007599,RIDER0117,28,30,24,7.7,2
D007091,O007600,RIDER2326,35,31,38,6.3,0
D007092,O007601,RIDER2272,27,45,15,2.2,18
D007093,O007602,RIDER0227,22,29,35,2.2,7
D007094,O007603,RIDER0945,29,33,31,4.8,4
D007095,O007604,RIDER2270,37,47,19,4.6,10
D007096,O007605,RIDER1857,51,53,21,1.9,2
D007097,O007606,RIDER0546,29,36,33,6.8,7
D007098,O007608,RIDER0257,28,45,18,1.7,17
D007099,O007609,RIDER2031,40,50,39,0.7,10
D007100,O007610,RIDER0973,22,41,21,2.9,19
D007101,O007611,RIDER0650,45,43,31,0.2,0
D007102,O007612,RIDER1600,70,68,15,4.8,0
D007103,O007613,RIDER1648,30,44,18,9.7,14
D007104,O007614,RIDER0821,44,41,21,1.2,0
D007105,O007615,RIDER1490,32,52,32,0.9,20
D007106,O007616,RIDER2437,25,21,18,8.5,0
D007107,O007617,RIDER2399,40,42,20,6.5,2
D007108,O007618,RIDER2210,30,31,37,1.0,1
D007109,O007619,RIDER1780,38,55,32,1.9,17
D007110,O007620,RIDER0979,23,18,40,3.3,0
D007111,O007621,RIDER1346,30,33,21,2.7,3
D007112,O007622,RIDER2432,31,28,26,5.6,0
D007113,O007623,RIDER1399,23,28,14,0.2,5
D007114,O007624,RIDER1759,29,48,21,0.8,19
D007115,O007625,RIDER1791,39,65,18,3.0,26
D007116,O007626,RIDER2216,18,20,15,2.5,2
D007117,O007627,RIDER0120,30,26,33,0.8,0
D007118,O007628,RIDER1112,33,50,40,2.3,17
D007119,O007629,RIDER1463,28,30,35,2.8,2
D007120,O007630,RIDER1936,31,32,42,1.4,1
D007121,O007631,RIDER0948,22,25,24,4.3,3
D007122,O007632,RIDER0024,27,56,19,2.3,29
D007123,O007633,RIDER2088,39,34,21,2.7,0
D007124,O007634,RIDER0382,50,62,24,1.4,12
D007125,O007635,RIDER0748,28,30,19,5.9,2
D007126,O007636,RIDER1076,19,18,25,0.1,0
D007127,O007637,RIDER1739,41,55,29,0.3,14
D007128,O007638,RIDER2091,17,21,24,1.5,4
D007129,O007639,RIDER0649,26,54,16,1.9,28
D007130,O007640,RIDER1436,30,27,32,6.4,0
D007131,O007641,RIDER2500,25,23,22,1.9,0
D007132,O007642,RIDER1852,28,24,16,2.3,0
D007133,O007643,RIDER0852,34,50,15,0.4,16
D007134,O007644,RIDER1761,34,38,25,1.4,4
D007135,O007645,RIDER2489,18,21,41,2.6,3
D007136,O007646,RIDER1788,28,26,21,4.5,0
D007137,O007647,RIDER1886,26,25,23,6.5,0
D007138,O007648,RIDER0045,36,41,37,5.5,5
D007139,O007649,RIDER1680,38,35,15,4.4,0
D007140,O007650,RIDER2228,36,48,15,4.1,12
D007141,O007651,RIDER1204,23,22,35,2.4,0
D007142,O007652,RIDER0554,21,36,14,5.6,15
D007143,O007653,RIDER1012,22,27,22,4.3,5
D007144,O007654,RIDER1281,18,50,25,5.1,32
D007145,O007655,RIDER0635,29,29,41,2.3,0
D007146,O007657,RIDER1593,45,46,32,0.0,1
D007147,O007658,RIDER1890,25,25,32,2.0,0
D007148,O007659,RIDER0304,28,36,30,1.7,8
D007149,O007660,RIDER0298,25,29,24,4.2,4
D007150,O007661,RIDER1895,30,64,28,2.2,34
D007151,O007662,RIDER1474,39,44,36,4.7,5
D007152,O007664,RIDER2438,49,45,15,4.9,0
D007153,O007665,RIDER2103,52,56,24,1.2,4
D007154,O007666,RIDER0844,36,43,30,1.3,7
D007155,O007667,RIDER0942,38,36,32,2.4,0
D007156,O007668,RIDER0282,25,25,30,0.7,0
D007157,O007669,RIDER1180,26,56,25,1.9,30
D007158,O007670,RIDER2193,23,25,16,6.4,2
D007159,O007671,RIDER1477,26,21,14,9.9,0
D007160,O007672,RIDER0504,26,33,35,1.3,7
D007161,O007673,RIDER1452,45,46,22,5.2,1
D007162,O007674,RIDER1431,33,45,24,0.3,12
D007163,O007675,RIDER0330,38,59,29,3.7,21
D007164,O007676,RIDER2249,34,50,16,0.5,16
D007165,O007677,RIDER2139,24,22,35,6.2,0
D007166,O007678,RIDER0892,30,34,29,1.0,4
D007167,O007679,RIDER2363,54,77,37,2.2,23
D007168,O007680,RIDER1094,24,30,16,3.8,6
D007169,O007681,RIDER1506,23,20,41,3.9,0
D007170,O007682,RIDER2325,57,55,15,4.3,0
D007171,O007683,RIDER0898,30,30,25,1.4,0
D007172,O007684,RIDER1892,38,42,17,1.0,4
D007173,O007685,RIDER1858,70,98,39,3.0,28
D007174,O007686,RIDER1035,38,65,40,0.5,27
D007175,O007687,RIDER0896,51,54,24,1.9,3
D007176,O007688,RIDER2226,25,32,31,6.3,7
D007177,O007689,RIDER1416,27,24,38,2.8,0
D007178,O007690,RIDER2034,24,26,29,4.0,2
D007179,O007691,RIDER1302,22,50,40,1.0,28
D007180,O007692,RIDER0383,33,56,31,1.6,23
D007181,O007693,RIDER0643,39,35,32,2.9,0
D007182,O007694,RIDER2304,40,44,21,1.0,4
D007183,O007695,RIDER2256,53,56,39,1.1,3
D007184,O007696,RIDER1215,56,86,37,3.9,30
D007185,O007697,RIDER2491,44,56,37,3.2,12
D007186,O007698,RIDER0841,29,25,27,3.9,0
D007187,O007699,RIDER1431,23,20,36,2.1,0
D007188,O007700,RIDER0558,25,55,37,5.3,30
D007189,O007701,RIDER1056,30,41,22,5.6,11
D007190,O007702,RIDER0354,21,26,14,5.0,5
D007191,O007703,RIDER2342,53,69,32,0.8,16
D007192,O007704,RIDER0997,25,26,39,2.4,1
D007193,O007705,RIDER1137,41,38,33,0.9,0
D007194,O007707,RIDER0357,25,20,34,1.7,0
D007195,O007708,RIDER1811,23,39,41,8.8,16
D007196,O007709,RIDER0290,25,28,15,0.3,3
D007197,O007710,RIDER1064,34,41,30,2.1,7
D007198,O007711,RIDER1450,26,58,30,2.6,32
D007199,O007712,RIDER1071,27,31,29,1.7,4
D007200,O007713,RIDER2083,33,33,14,3.3,0
D007201,O007714,RIDER0316,18,34,36,0.4,16
D007202,O007715,RIDER2103,22,26,24,4.0,4
D007203,O007716,RIDER2310,27,29,37,3.9,2
D007204,O007717,RIDER0768,29,42,28,1.5,13
D007205,O007718,RIDER1200,44,50,29,4.3,6
D007206,O007720,RIDER2116,35,39,35,3.6,4
D007207,O007721,RIDER0026,25,45,18,2.1,20
D007208,O007722,RIDER1388,47,66,22,0.4,19
D007209,O007723,RIDER1630,25,28,21,2.1,3
D007210,O007724,RIDER0087,47,42,20,2.5,0
D007211,O007725,RIDER0396,31,34,37,1.6,3
D007212,O007726,RIDER0946,33,57,25,3.8,24
D007213,O007727,RIDER2450,29,61,32,2.1,32
D007214,O007728,RIDER1834,26,56,26,2.3,30
D007215,O007730,RIDER0957,18,45,31,2.8,27
D007216,O007731,RIDER1472,39,55,42,1.4,16
D007217,O007732,RIDER2094,24,57,31,2.6,33
D007218,O007733,RIDER1982,38,56,18,7.5,18
D007219,O007734,RIDER0675,19,19,15,4.6,0
D007220,O007735,RIDER1697,46,73,41,4.1,27
D007221,O007736,RIDER1295,32,58,38,3.5,26
D007222,O007738,RIDER1285,25,21,15,6.3,0
D007223,O007739,RIDER1959,23,28,37,5.0,5
D007224,O007740,RIDER0413,27,24,38,1.1,0
D007225,O007741,RIDER1370,22,32,35,2.8,10
D007226,O007742,RIDER1754,36,70,39,3.5,34
D007227,O007743,RIDER1250,25,24,25,0.5,0
D007228,O007744,RIDER2202,27,45,16,1.0,18
D007229,O007745,RIDER1917,39,54,15,4.8,15
D007230,O007746,RIDER1984,42,46,36,2.9,4
D007231,O007747,RIDER1821,36,33,42,3.9,0
D007232,O007748,RIDER0051,40,64,25,1.4,24
D007233,O007749,RIDER2149,40,38,30,3.1,0
D007234,O007750,RIDER2454,43,38,37,0.2,0
D007235,O007751,RIDER1110,53,52,15,1.4,0
D007236,O007752,RIDER1799,26,44,19,1.3,18
D007237,O007753,RIDER1223,45,78,28,0.7,33
D007238,O007754,RIDER2215,22,29,27,0.4,7
D007239,O007755,RIDER1332,33,37,22,0.9,4
D007240,O007756,RIDER2331,28,29,14,7.5,1
D007241,O007757,RIDER0930,26,32,27,2.5,6
D007242,O007758,RIDER1420,32,29,37,2.7,0
D007243,O007759,RIDER0637,30,34,34,0.5,4
D007244,O007760,RIDER2027,20,15,38,0.9,0
D007245,O007761,RIDER2285,31,43,37,5.2,12
D007246,O007763,RIDER0877,46,64,28,7.0,18
D007247,O007764,RIDER2038,56,51,14,3.0,0
D007248,O007765,RIDER2159,22,28,14,12.4,6
D007249,O007766,RIDER0928,26,31,18,3.1,5
D007250,O007767,RIDER0597,44,45,24,5.6,1
D007251,O007768,RIDER0544,42,67,19,5.4,25
D007252,O007769,RIDER2500,29,28,31,11.7,0
D007253,O007770,RIDER1425,55,86,30,4.8,31
D007254,O007771,RIDER0788,23,25,21,1.3,2
D007255,O007772,RIDER0978,32,33,40,2.4,1
D007256,O007773,RIDER0199,39,56,25,0.6,17
D007257,O007774,RIDER0430,29,27,25,5.0,0
D007258,O007775,RIDER1045,34,40,14,4.1,6
D007259,O007776,RIDER1296,40,35,14,6.2,0
D007260,O007777,RIDER2343,28,25,30,0.9,0
D007261,O007778,RIDER1765,22,45,25,4.5,23
D007262,O007779,RIDER0295,22,19,16,0.4,0
D007263,O007780,RIDER1450,26,42,37,3.4,16
D007264,O007781,RIDER0629,25,28,31,2.3,3
D007265,O007782,RIDER0919,65,80,39,2.3,15
D007266,O007783,RIDER0744,33,33,40,1.2,0
D007267,O007784,RIDER1952,28,36,14,2.3,8
D007268,O007785,RIDER0769,65,78,15,6.5,13
D007269,O007786,RIDER0994,35,65,31,0.6,30
D007270,O007787,RIDER2228,33,36,21,4.1,3
D007271,O007788,RIDER2007,49,47,27,1.0,0
D007272,O007789,RIDER1573,47,48,36,0.8,1
D007273,O007790,RIDER2064,28,35,19,4.6,7
D007274,O007791,RIDER0729,28,62,19,0.9,34
D007275,O007792,RIDER0793,39,43,41,2.4,4
D007276,O007793,RIDER2358,23,27,17,2.3,4
D007277,O007794,RIDER0430,36,36,31,6.4,0
D007278,O007795,RIDER1208,25,30,30,4.6,5
D007279,O007796,RIDER0284,36,62,19,12.9,26
D007280,O007797,RIDER0136,27,31,25,0.9,4
D007281,O007798,RIDER0417,24,48,31,4.2,24
D007282,O007799,RIDER1795,25,28,31,2.7,3
D007283,O007800,RIDER1984,34,53,20,2.8,19
D007284,O007801,RIDER0380,31,65,32,1.9,34
D007285,O007802,RIDER2151,51,80,31,3.9,29
D007286,O007803,RIDER2226,47,54,31,0.7,7
D007287,O007804,RIDER1442,30,40,40,0.8,10
D007288,O007805,RIDER1677,38,34,18,6.2,0
D007289,O007806,RIDER0041,26,36,42,4.2,10
D007290,O007807,RIDER1331,50,67,41,0.7,17
D007291,O007808,RIDER2141,33,31,25,4.0,0
D007292,O007809,RIDER1003,27,44,32,2.7,17
D007293,O007810,RIDER1713,37,65,42,0.6,28
D007294,O007811,RIDER1045,65,64,16,1.7,0
D007295,O007812,RIDER0003,22,21,30,5.7,0
D007296,O007813,RIDER1028,51,48,37,1.9,0
D007297,O007814,RIDER1164,26,59,31,3.8,33
D007298,O007815,RIDER0228,48,43,41,5.0,0
D007299,O007816,RIDER1100,31,28,14,2.7,0
D007300,O007817,RIDER0874,25,32,35,1.1,7
D007301,O007818,RIDER1687,23,23,34,0.6,0
D007302,O007819,RIDER0494,22,26,38,1.0,4
D007303,O007820,RIDER1236,52,53,32,2.1,1
D007304,O007821,RIDER2116,18,26,30,3.1,8
D007305,O007822,RIDER2425,23,22,23,3.7,0
D007306,O007823,RIDER1955,30,37,21,1.7,7
D007307,O007824,RIDER2311,27,25,16,3.6,0
D007308,O007825,RIDER2035,31,34,42,4.8,3
D007309,O007826,RIDER1375,21,20,35,3.2,0
D007310,O007827,RIDER0109,21,18,38,5.1,0
D007311,O007829,RIDER1904,36,54,33,3.6,18
D007312,O007830,RIDER1232,47,52,18,0.8,5
D007313,O007831,RIDER1456,30,60,18,1.0,30
D007314,O007832,RIDER0297,32,39,23,3.8,7
D007315,O007833,RIDER1147,22,28,16,1.6,6
D007316,O007834,RIDER0464,53,52,25,3.0,0
D007317,O007835,RIDER1341,45,40,36,0.3,0
D007318,O007836,RIDER0315,24,29,42,3.7,5
D007319,O007837,RIDER0317,31,44,22,3.9,13
D007320,O007838,RIDER0823,35,35,30,1.2,0
D007321,O007839,RIDER1174,34,35,42,2.5,1
D007322,O007840,RIDER1929,34,39,29,2.0,5
D007323,O007841,RIDER2241,36,40,16,0.6,4
D007324,O007842,RIDER2414,44,44,29,3.4,0
D007325,O007843,RIDER1450,23,18,30,5.9,0
D007326,O007844,RIDER2002,37,34,16,5.8,0
D007327,O007845,RIDER1125,25,34,30,6.5,9
D007328,O007846,RIDER1433,36,65,38,0.3,29
D007329,O007847,RIDER1092,42,67,17,5.9,25
D007330,O007848,RIDER2058,40,45,38,2.0,5
D007331,O007849,RIDER1997,27,46,18,2.8,19
D007332,O007850,RIDER1713,27,26,29,0.2,0
D007333,O007851,RIDER1483,34,34,25,2.0,0
D007334,O007852,RIDER1604,27,31,30,0.1,4
D007335,O007853,RIDER0330,50,65,16,5.6,15
D007336,O007854,RIDER2254,23,50,31,1.2,27
D007337,O007855,RIDER0157,41,43,31,2.0,2
D007338,O007856,RIDER1829,30,45,37,5.6,15
D007339,O007857,RIDER2293,39,50,22,1.4,11
D007340,O007858,RIDER0767,27,27,17,1.4,0
D007341,O007859,RIDER1021,30,27,38,1.8,0
D007342,O007860,RIDER1157,34,39,35,0.6,5
D007343,O007861,RIDER2291,44,48,29,4.2,4
D007344,O007862,RIDER1442,31,27,20,6.9,0
D007345,O007863,RIDER2395,32,63,23,1.3,31
D007346,O007864,RIDER0885,18,15,23,9.3,0
D007347,O007865,RIDER1118,26,21,16,1.1,0
D007348,O007866,RIDER0786,37,65,35,1.4,28
D007349,O007867,RIDER0028,32,56,23,5.7,24
D007350,O007868,RIDER2480,21,25,31,3.2,4
D007351,O007869,RIDER0656,20,27,31,10.0,7
D007352,O007870,RIDER1823,26,28,38,4.0,2
D007353,O007871,RIDER0735,22,24,31,1.5,2
D007354,O007872,RIDER0924,34,34,25,4.0,0
D007355,O007873,RIDER0824,36,48,32,5.2,12
D007356,O007874,RIDER0713,39,66,18,2.4,27
D007357,O007875,RIDER0862,28,43,38,0.4,15
D007358,O007876,RIDER1667,21,22,14,1.9,1
D007359,O007878,RIDER1164,50,46,35,3.0,0
D007360,O007880,RIDER1898,26,42,38,0.3,16
D007361,O007881,RIDER2431,24,57,31,0.9,33
D007362,O007882,RIDER1902,18,17,26,2.0,0
D007363,O007883,RIDER1991,23,22,16,2.4,0
D007364,O007884,RIDER1048,34,32,42,0.8,0
D007365,O007885,RIDER2199,33,37,21,1.4,4
D007366,O007886,RIDER0414,30,32,39,3.6,2
D007367,O007887,RIDER2135,35,43,19,1.8,8
D007368,O007888,RIDER2493,28,40,42,3.2,12
D007369,O007889,RIDER0176,31,28,15,1.2,0
D007370,O007890,RIDER2402,48,66,41,1.5,18
D007371,O007891,RIDER1543,45,65,42,1.9,20
D007372,O007892,RIDER1361,36,36,19,5.1,0
D007373,O007893,RIDER0787,33,37,31,0.3,4
D007374,O007894,RIDER2126,34,41,42,3.2,7
D007375,O007895,RIDER0885,29,29,34,2.6,0
D007376,O007896,RIDER0142,47,42,31,2.2,0
D007377,O007897,RIDER1330,28,35,42,0.9,7
D007378,O007898,RIDER1401,46,50,14,4.2,4
D007379,O007899,RIDER0960,43,46,42,6.0,3
D007380,O007900,RIDER2260,24,36,31,1.3,12
D007381,O007901,RIDER0644,30,42,35,2.7,12
D007382,O007902,RIDER0411,25,29,17,0.6,4
D007383,O007903,RIDER0587,24,48,32,0.7,24
D007384,O007904,RIDER2140,32,55,28,0.5,23
D007385,O007905,RIDER1565,31,37,28,0.4,6
D007386,O007906,RIDER0587,40,54,25,4.3,14
D007387,O007907,RIDER1600,31,28,31,2.6,0
D007388,O007909,RIDER2007,31,45,24,4.3,14
D007389,O007910,RIDER2038,26,36,31,4.1,10
D007390,O007911,RIDER2195,23,27,25,4.7,4
D007391,O007912,RIDER1994,23,20,14,2.8,0
D007392,O007913,RIDER0854,64,64,37,3.3,0
D007393,O007914,RIDER2018,35,57,15,0.9,22
D007394,O007915,RIDER1564,25,25,29,0.4,0
D007395,O007916,RIDER1491,25,21,18,1.8,0
D007396,O007917,RIDER1196,32,37,31,1.7,5
D007397,O007918,RIDER1563,42,69,30,2.3,27
D007398,O007919,RIDER0945,26,30,16,3.3,4
D007399,O007920,RIDER2215,34,61,34,1.2,27
D007400,O007922,RIDER0685,55,59,39,3.9,4
D007401,O007923,RIDER0888,40,63,33,1.6,23
D007402,O007924,RIDER2020,21,35,31,2.6,14
D007403,O007925,RIDER0753,54,60,24,1.2,6
D007404,O007926,RIDER1234,24,27,38,8.6,3
D007405,O007928,RIDER0727,24,28,28,4.7,4
D007406,O007930,RIDER2210,47,56,31,1.8,9
D007407,O007931,RIDER1992,33,36,38,1.5,3
D007408,O007933,RIDER2151,22,47,29,0.4,25
D007409,O007934,RIDER0772,22,30,14,2.7,8
D007410,O007935,RIDER0400,44,49,18,4.9,5
D007411,O007936,RIDER0526,32,45,18,3.9,13
D007412,O007937,RIDER1133,42,40,36,2.1,0
D007413,O007938,RIDER0371,41,61,27,4.4,20
D007414,O007939,RIDER2455,38,72,33,0.3,34
D007415,O007940,RIDER0613,34,33,21,2.9,0
D007416,O007941,RIDER0887,41,51,38,2.3,10
D007417,O007942,RIDER1605,34,38,16,1.9,4
D007418,O007943,RIDER2113,24,22,22,1.0,0
D007419,O007946,RIDER1719,18,24,37,3.8,6
D007420,O007947,RIDER0675,50,48,24,0.8,0
D007421,O007948,RIDER2245,25,51,21,3.3,26
D007422,O007949,RIDER1342,39,42,40,0.4,3
D007423,O007950,RIDER1386,39,44,20,0.4,5
D007424,O007951,RIDER0794,38,39,37,3.0,1
D007425,O007952,RIDER0408,37,37,15,10.1,0
D007426,O007953,RIDER1368,32,35,17,1.6,3
D007427,O007954,RIDER1023,19,18,19,0.9,0
D007428,O007955,RIDER2067,49,77,35,2.6,28
D007429,O007956,RIDER1416,50,77,29,5.6,27
D007430,O007957,RIDER0823,54,80,25,0.6,26
D007431,O007958,RIDER1684,37,70,29,2.7,33
D007432,O007960,RIDER1275,28,34,22,5.0,6
D007433,O007961,RIDER1127,23,27,22,5.3,4
D007434,O007962,RIDER2450,37,33,14,3.0,0
D007435,O007964,RIDER1309,24,26,31,9.0,2
D007436,O007965,RIDER0765,43,63,25,1.6,20
D007437,O007966,RIDER0612,43,56,31,2.1,13
D007438,O007967,RIDER2135,39,38,40,4.0,0
D007439,O007968,RIDER1669,51,50,21,8.6,0
D007440,O007969,RIDER0368,20,44,28,5.1,24
D007441,O007970,RIDER1332,21,22,38,2.5,1
D007442,O007971,RIDER0777,44,74,21,3.8,30
D007443,O007972,RIDER2255,27,44,14,6.0,17
D007444,O007974,RIDER1644,25,23,33,7.5,0
D007445,O007975,RIDER0561,21,28,16,0.4,7
D007446,O007976,RIDER2316,23,18,31,3.3,0
D007447,O007977,RIDER0916,24,28,32,1.3,4
D007448,O007978,RIDER0167,33,62,16,0.3,29
D007449,O007979,RIDER1357,24,43,14,5.3,19
D007450,O007980,RIDER0087,56,75,21,3.8,19
D007451,O007981,RIDER1659,33,33,20,1.4,0
D007452,O007982,RIDER2157,38,51,21,2.0,13
D007453,O007983,RIDER1936,35,32,37,4.2,0
D007454,O007984,RIDER1040,25,31,14,2.3,6
D007455,O007985,RIDER2495,47,69,28,3.7,22
D007456,O007986,RIDER0890,30,43,25,2.2,13
D007457,O007989,RIDER1331,22,51,31,4.0,29
D007458,O007990,RIDER0035,29,35,29,2.4,6
D007459,O007991,RIDER1979,26,33,24,0.8,7
D007460,O007992,RIDER2431,23,25,24,2.0,2
D007461,O007993,RIDER0295,28,52,28,3.3,24
D007462,O007994,RIDER1013,22,23,28,1.8,1
D007463,O007995,RIDER1072,37,36,15,0.4,0
D007464,O007996,RIDER2223,29,30,14,2.1,1
D007465,O007997,RIDER0126,42,41,29,2.0,0
D007466,O007998,RIDER2007,32,28,19,2.4,0
D007467,O007999,RIDER2261,29,30,19,6.2,1
D007468,O008000,RIDER1869,42,74,26,5.9,32
D007469,O008001,RIDER1908,20,20,30,2.0,0
D007470,O008002,RIDER0491,25,47,27,2.4,22
D007471,O008003,RIDER0223,50,59,18,7.2,9
D007472,O008004,RIDER2139,40,39,26,2.1,0
D007473,O008005,RIDER0813,28,56,28,2.1,28
D007474,O008006,RIDER0414,23,19,19,6.6,0
D007475,O008007,RIDER1187,31,30,36,2.0,0
D007476,O008008,RIDER1597,29,36,25,4.8,7
D007477,O008009,RIDER0076,36,43,18,2.3,7
D007478,O008010,RIDER1582,24,21,21,10.4,0
D007479,O008011,RIDER0338,34,42,37,3.8,8
D007480,O008012,RIDER1225,47,50,32,3.3,3
D007481,O008013,RIDER1094,40,39,28,2.3,0
D007482,O008014,RIDER0909,26,52,29,1.1,26
D007483,O008015,RIDER1060,21,25,31,10.6,4
D007484,O008016,RIDER1963,25,38,30,0.6,13
D007485,O008017,RIDER2075,32,36,18,1.7,4
D007486,O008018,RIDER2046,30,27,42,1.0,0
D007487,O008019,RIDER1872,38,43,14,2.8,5
D007488,O008020,RIDER1235,30,43,15,0.1,13
D007489,O008022,RIDER0026,30,27,14,1.6,0
D007490,O008023,RIDER1625,30,37,40,5.1,7
D007491,O008024,RIDER1966,30,27,14,5.7,0
D007492,O008025,RIDER1551,28,27,32,2.6,0
D007493,O008027,RIDER1239,45,47,22,2.3,2
D007494,O008028,RIDER2164,39,63,22,1.2,24
D007495,O008029,RIDER0985,47,62,22,7.4,15
D007496,O008030,RIDER1834,30,31,36,0.9,1
D007497,O008031,RIDER0060,35,39,35,5.8,4
D007498,O008032,RIDER0942,69,103,19,3.2,34
D007499,O008033,RIDER0327,36,32,42,3.6,0
D007500,O008034,RIDER0106,34,35,16,2.7,1
D007501,O008035,RIDER1561,45,65,24,2.6,20
D007502,O008037,RIDER1864,42,48,33,3.1,6
D007503,O008038,RIDER1279,40,36,39,2.7,0
D007504,O008039,RIDER1454,22,26,19,2.1,4
D007505,O008041,RIDER0954,46,41,30,7.9,0
D007506,O008042,RIDER1477,46,55,31,0.5,9
D007507,O008043,RIDER2324,41,39,14,3.9,0
D007508,O008044,RIDER1838,42,46,16,0.4,4
D007509,O008045,RIDER1820,40,67,40,1.8,27
D007510,O008046,RIDER2336,31,30,34,4.5,0
D007511,O008047,RIDER0063,32,37,38,1.8,5
D007512,O008048,RIDER0294,55,56,31,4.2,1
D007513,O008049,RIDER2428,25,52,14,1.6,27
D007514,O008050,RIDER1410,34,29,21,16.7,0
D007515,O008051,RIDER2157,34,48,37,2.6,14
D007516,O008052,RIDER0095,42,44,18,4.4,2
D007517,O008053,RIDER0445,22,26,34,3.2,4
D007518,O008055,RIDER0846,65,82,29,3.1,17
D007519,O008056,RIDER0235,24,20,17,0.5,0
D007520,O008057,RIDER0871,34,37,40,3.1,3
D007521,O008058,RIDER1529,29,33,24,2.1,4
D007522,O008059,RIDER1072,33,54,25,0.1,21
D007523,O008060,RIDER1158,36,36,15,2.3,0
D007524,O008061,RIDER0385,36,38,36,11.2,2
D007525,O008062,RIDER1349,38,33,38,2.9,0
D007526,O008063,RIDER0159,31,35,25,8.1,4
D007527,O008064,RIDER0614,34,47,23,2.1,13
D007528,O008065,RIDER1504,30,35,42,4.2,5
D007529,O008066,RIDER0882,43,43,38,8.9,0
D007530,O008067,RIDER0717,39,45,29,5.4,6
D007531,O008069,RIDER1427,38,40,38,1.2,2
D007532,O008070,RIDER1355,28,24,37,0.6,0
D007533,O008071,RIDER1937,38,58,40,3.4,20
D007534,O008072,RIDER2426,44,47,32,4.5,3
D007535,O008073,RIDER1385,27,25,21,4.5,0
D007536,O008074,RIDER2171,38,39,21,4.3,1
D007537,O008075,RIDER1402,39,58,18,2.5,19
D007538,O008076,RIDER1512,40,45,38,1.1,5
D007539,O008077,RIDER0132,20,16,31,2.1,0
D007540,O008078,RIDER0207,42,46,34,0.6,4
D007541,O008079,RIDER1907,41,48,27,8.8,7
D007542,O008080,RIDER0941,30,44,30,5.4,14
D007543,O008081,RIDER2293,28,55,38,0.4,27
D007544,O008082,RIDER1635,52,74,36,6.7,22
D007545,O008083,RIDER0481,36,38,29,9.3,2
D007546,O008084,RIDER0348,46,69,36,0.2,23
D007547,O008085,RIDER0494,33,50,37,5.8,17
D007548,O008086,RIDER0935,46,48,14,3.9,2
D007549,O008087,RIDER0249,60,82,29,1.8,22
D007550,O008088,RIDER0899,52,69,39,0.5,17
D007551,O008089,RIDER2132,38,44,39,0.2,6
D007552,O008090,RIDER1632,33,32,16,0.7,0
D007553,O008091,RIDER0577,21,40,20,1.2,19
D007554,O008092,RIDER2255,45,41,33,4.0,0
D007555,O008093,RIDER1944,24,29,24,8.9,5
D007556,O008094,RIDER0913,52,55,21,8.3,3
D007557,O008096,RIDER2143,31,53,30,5.9,22
D007558,O008097,RIDER1090,23,18,30,0.2,0
D007559,O008098,RIDER1322,30,56,38,3.2,26
D007560,O008099,RIDER0506,25,25,16,3.5,0
D007561,O008100,RIDER0628,36,39,31,4.0,3
D007562,O008101,RIDER1293,49,77,37,3.9,28
D007563,O008102,RIDER1794,18,21,28,6.2,3
D007564,O008104,RIDER0394,35,42,33,0.9,7
D007565,O008105,RIDER0618,31,29,38,2.5,0
D007566,O008106,RIDER1703,42,47,24,4.3,5
D007567,O008107,RIDER0415,64,72,16,0.8,8
D007568,O008108,RIDER1301,54,54,14,6.9,0
D007569,O008109,RIDER0548,31,30,29,0.4,0
D007570,O008110,RIDER2097,26,49,18,1.3,23
D007571,O008111,RIDER0815,38,38,41,3.1,0
D007572,O008112,RIDER1540,31,43,38,0.6,12
D007573,O008113,RIDER0348,49,57,24,1.8,8
D007574,O008114,RIDER1502,29,59,15,1.7,30
D007575,O008115,RIDER0234,29,58,15,1.8,29
D007576,O008116,RIDER1853,28,32,38,4.4,4
D007577,O008117,RIDER0742,33,44,40,7.4,11
D007578,O008118,RIDER2268,32,33,29,7.4,1
D007579,O008119,RIDER0090,29,31,15,4.0,2
D007580,O008120,RIDER1016,42,64,34,3.0,22
D007581,O008121,RIDER0519,34,35,41,7.4,1
D007582,O008122,RIDER2416,28,31,19,4.3,3
D007583,O008123,RIDER1981,32,29,14,0.3,0
D007584,O008124,RIDER1884,26,57,39,4.6,31
D007585,O008125,RIDER1026,36,40,28,5.3,4
D007586,O008126,RIDER1063,36,42,42,6.2,6
D007587,O008127,RIDER0036,26,51,29,1.1,25
D007588,O008128,RIDER0535,41,48,19,2.7,7
D007589,O008129,RIDER0373,31,28,21,2.2,0
D007590,O008130,RIDER1331,19,26,38,4.1,7
D007591,O008131,RIDER0552,42,45,27,1.3,3
D007592,O008132,RIDER0510,31,27,25,3.1,0
D007593,O008133,RIDER0308,41,56,18,11.4,15
D007594,O008134,RIDER1410,32,51,15,0.9,19
D007595,O008135,RIDER0605,43,38,27,1.4,0
D007596,O008136,RIDER1142,33,48,36,5.1,15
D007597,O008138,RIDER2214,24,45,21,3.4,21
D007598,O008139,RIDER0360,25,26,15,1.6,1
D007599,O008140,RIDER0732,42,37,15,1.1,0
D007600,O008141,RIDER0538,51,79,29,1.3,28
D007601,O008142,RIDER2124,26,46,20,3.5,20
D007602,O008143,RIDER1085,36,44,39,1.2,8
D007603,O008144,RIDER1185,44,45,38,0.4,1
D007604,O008145,RIDER0902,31,31,33,2.9,0
D007605,O008146,RIDER0748,30,30,14,5.0,0
D007606,O008147,RIDER1711,29,25,14,3.0,0
D007607,O008148,RIDER2065,22,23,39,2.6,1
D007608,O008149,RIDER2470,45,64,22,4.9,19
D007609,O008151,RIDER0569,34,40,21,1.9,6
D007610,O008152,RIDER0985,29,27,31,3.3,0
D007611,O008153,RIDER0390,25,29,15,8.6,4
D007612,O008154,RIDER2219,27,26,26,3.7,0
D007613,O008155,RIDER0973,33,33,28,2.5,0
D007614,O008156,RIDER2336,27,56,18,3.8,29
D007615,O008157,RIDER1166,23,25,42,0.5,2
D007616,O008158,RIDER0080,31,64,26,1.0,33
D007617,O008159,RIDER2157,23,47,18,7.0,24
D007618,O008160,RIDER2037,47,79,24,3.4,32
D007619,O008161,RIDER2432,22,21,34,0.7,0
D007620,O008163,RIDER2430,22,19,14,3.9,0
D007621,O008164,RIDER1439,22,43,31,3.8,21
D007622,O008165,RIDER1845,29,33,17,2.0,4
D007623,O008166,RIDER0488,23,19,18,2.3,0
D007624,O008167,RIDER0174,51,52,15,4.5,1
D007625,O008169,RIDER2110,21,28,14,1.1,7
D007626,O008170,RIDER1967,30,43,23,1.2,13
D007627,O008171,RIDER2325,29,39,24,3.4,10
D007628,O008172,RIDER1926,28,33,24,4.1,5
D007629,O008173,RIDER1476,28,33,14,1.5,5
D007630,O008174,RIDER0046,31,42,32,5.7,11
D007631,O008175,RIDER1356,53,59,38,1.1,6
D007632,O008178,RIDER1850,25,21,25,3.6,0
D007633,O008179,RIDER0937,47,75,31,0.8,28
D007634,O008180,RIDER1333,26,24,27,0.7,0
D007635,O008181,RIDER1743,41,39,30,0.7,0
D007636,O008182,RIDER2147,39,57,31,1.1,18
D007637,O008183,RIDER0488,28,27,23,11.1,0
D007638,O008184,RIDER1568,40,63,38,4.2,23
D007639,O008185,RIDER2140,20,20,33,3.7,0
D007640,O008186,RIDER1550,37,33,30,9.5,0
D007641,O008187,RIDER2470,47,75,18,1.6,28
D007642,O008188,RIDER1008,23,22,14,5.0,0
D007643,O008189,RIDER1684,35,35,16,9.4,0
D007644,O008190,RIDER0613,39,63,35,4.8,24
D007645,O008191,RIDER2428,41,67,40,1.6,26
D007646,O008192,RIDER0346,27,30,16,4.6,3
D007647,O008193,RIDER0814,36,44,28,1.2,8
D007648,O008194,RIDER1291,21,21,15,6.3,0
D007649,O008195,RIDER0367,26,33,33,1.1,7
D007650,O008196,RIDER0547,44,65,20,2.2,21
D007651,O008197,RIDER0312,40,40,19,1.4,0
D007652,O008198,RIDER0414,43,52,30,3.5,9
D007653,O008199,RIDER2234,37,35,18,0.8,0
D007654,O008200,RIDER1597,24,55,42,2.6,31
D007655,O008201,RIDER1917,50,54,24,0.1,4
D007656,O008202,RIDER2234,21,37,31,2.3,16
D007657,O008203,RIDER2431,46,60,23,0.4,14
D007658,O008204,RIDER2128,36,33,39,1.8,0
D007659,O008205,RIDER1650,23,52,39,1.7,29
D007660,O008206,RIDER1664,38,48,22,2.9,10
D007661,O008207,RIDER0689,44,51,14,0.4,7
D007662,O008208,RIDER0209,59,59,42,4.1,0
D007663,O008209,RIDER1452,34,47,24,6.2,13
D007664,O008210,RIDER1192,27,35,28,3.5,8
D007665,O008211,RIDER1986,28,34,15,0.8,6
D007666,O008213,RIDER1637,46,73,17,1.3,27
D007667,O008215,RIDER1446,23,25,29,3.2,2
D007668,O008216,RIDER2067,36,50,37,5.1,14
D007669,O008217,RIDER0050,38,48,40,3.0,10
D007670,O008218,RIDER2492,44,39,40,2.3,0
D007671,O008219,RIDER0780,39,41,35,4.1,2
D007672,O008220,RIDER1401,30,30,42,3.3,0
D007673,O008221,RIDER2463,23,26,25,2.2,3
D007674,O008222,RIDER0410,22,20,31,1.0,0
D007675,O008223,RIDER0422,23,22,29,2.2,0
D007676,O008224,RIDER2478,24,30,42,1.8,6
D007677,O008225,RIDER1303,25,49,14,2.4,24
D007678,O008226,RIDER1493,37,41,28,3.5,4
D007679,O008227,RIDER0383,37,44,38,2.3,7
D007680,O008229,RIDER0439,40,36,15,1.3,0
D007681,O008230,RIDER0008,31,46,29,1.4,15
D007682,O008231,RIDER1372,45,77,40,0.8,32
D007683,O008232,RIDER1694,23,54,18,5.8,31
D007684,O008233,RIDER2071,44,45,27,9.6,1
D007685,O008234,RIDER1654,24,30,27,2.9,6
D007686,O008235,RIDER1673,24,38,33,4.5,14
D007687,O008236,RIDER0471,30,42,37,0.5,12
D007688,O008237,RIDER2093,22,49,21,3.7,27
D007689,O008238,RIDER1367,32,35,18,2.0,3
D007690,O008239,RIDER1597,33,49,27,1.8,16
D007691,O008240,RIDER0249,33,51,35,3.9,18
D007692,O008241,RIDER0426,35,35,32,4.5,0
D007693,O008242,RIDER2390,31,32,14,3.2,1
D007694,O008243,RIDER1151,23,21,33,3.7,0
D007695,O008244,RIDER0912,20,23,24,4.4,3
D007696,O008245,RIDER0156,43,40,28,2.1,0
D007697,O008247,RIDER1633,29,38,33,0.9,9
D007698,O008248,RIDER1393,43,58,38,0.6,15
D007699,O008249,RIDER0584,46,65,28,4.6,19
D007700,O008250,RIDER2181,29,28,37,1.8,0
D007701,O008251,RIDER0447,27,60,26,3.5,33
D007702,O008252,RIDER2018,36,62,15,8.3,26
D007703,O008254,RIDER1106,33,30,31,7.6,0
D007704,O008255,RIDER2001,49,48,33,3.8,0
D007705,O008257,RIDER1412,41,47,30,6.6,6
D007706,O008258,RIDER1089,48,47,24,2.2,0
D007707,O008259,RIDER0953,31,31,14,2.7,0
D007708,O008260,RIDER0604,28,24,38,4.1,0
D007709,O008261,RIDER0263,22,28,25,2.0,6
D007710,O008262,RIDER2303,28,58,16,0.5,30
D007711,O008263,RIDER1406,31,38,34,2.2,7
D007712,O008264,RIDER0575,28,31,34,5.1,3
D007713,O008265,RIDER0085,34,32,18,2.3,0
D007714,O008266,RIDER0399,31,34,34,1.3,3
D007715,O008267,RIDER0910,46,72,40,2.0,26
D007716,O008268,RIDER1294,36,53,16,1.2,17
D007717,O008269,RIDER1057,25,28,41,2.4,3
D007718,O008270,RIDER1645,31,35,35,5.7,4
D007719,O008271,RIDER1940,20,16,38,6.1,0
D007720,O008272,RIDER0313,28,40,25,4.8,12
D007721,O008273,RIDER2151,34,60,39,0.6,26
D007722,O008274,RIDER2409,17,40,37,2.1,23
D007723,O008275,RIDER0248,30,26,25,8.8,0
D007724,O008276,RIDER2042,27,50,23,7.3,23
D007725,O008277,RIDER2463,28,57,31,1.6,29
D007726,O008279,RIDER1329,32,64,31,2.6,32
D007727,O008280,RIDER0943,27,26,21,5.6,0
D007728,O008281,RIDER0975,22,19,38,2.5,0
D007729,O008282,RIDER0749,25,22,32,1.1,0
D007730,O008283,RIDER1291,34,34,36,1.1,0
D007731,O008284,RIDER1796,22,29,27,0.6,7
D007732,O008286,RIDER0731,45,51,22,1.9,6
D007733,O008287,RIDER0954,37,40,33,1.6,3
D007734,O008288,RIDER1595,42,37,15,2.9,0
D007735,O008290,RIDER0801,27,32,22,3.3,5
D007736,O008291,RIDER0495,24,19,40,3.6,0
D007737,O008292,RIDER1609,26,38,22,1.2,12
D007738,O008293,RIDER0641,30,34,14,3.2,4
D007739,O008294,RIDER2038,21,36,15,2.5,15
D007740,O008295,RIDER1037,31,49,23,4.3,18
D007741,O008296,RIDER0423,42,41,19,6.7,0
D007742,O008297,RIDER0848,34,30,25,5.2,0
D007743,O008298,RIDER2001,31,28,40,2.7,0
D007744,O008299,RIDER0071,37,38,41,0.3,1
D007745,O008300,RIDER1907,26,22,40,3.7,0
D007746,O008301,RIDER1129,27,58,31,0.1,31
D007747,O008302,RIDER1446,52,79,37,5.1,27
D007748,O008303,RIDER0191,52,81,16,1.7,29
D007749,O008304,RIDER0711,35,42,32,0.9,7
D007750,O008306,RIDER0429,40,47,27,2.2,7
D007751,O008307,RIDER1246,24,28,39,1.3,4
D007752,O008308,RIDER0070,33,61,35,3.5,28
D007753,O008309,RIDER0064,30,35,33,1.5,5
D007754,O008310,RIDER2364,28,30,14,1.4,2
D007755,O008311,RIDER0359,45,71,31,1.0,26
D007756,O008312,RIDER0252,35,39,15,6.2,4
D007757,O008314,RIDER0503,47,43,18,3.6,0
D007758,O008315,RIDER0823,34,40,22,2.7,6
D007759,O008316,RIDER2154,28,30,35,10.4,2
D007760,O008317,RIDER0834,20,19,23,0.8,0
D007761,O008319,RIDER2100,29,31,42,4.8,2
D007762,O008320,RIDER2481,30,37,24,3.0,7
D007763,O008321,RIDER0107,54,84,21,1.3,30
D007764,O008322,RIDER0473,26,37,21,0.9,11
D007765,O008323,RIDER0187,31,33,30,2.2,2
D007766,O008324,RIDER0669,22,18,21,4.0,0
D007767,O008325,RIDER1825,33,29,22,3.2,0
D007768,O008326,RIDER1200,38,56,16,3.9,18
D007769,O008327,RIDER0169,33,30,20,3.0,0
D007770,O008328,RIDER1479,25,22,21,3.4,0
D007771,O008329,RIDER0945,31,36,15,6.7,5
D007772,O008330,RIDER1027,33,48,18,0.3,15
D007773,O008331,RIDER0945,32,48,36,0.6,16
D007774,O008332,RIDER2348,37,32,21,1.1,0
D007775,O008333,RIDER1901,34,33,37,3.2,0
D007776,O008334,RIDER0887,23,45,15,3.9,22
D007777,O008335,RIDER1698,28,23,22,3.0,0
D007778,O008337,RIDER0105,32,49,37,1.0,17
D007779,O008338,RIDER2391,36,38,28,2.3,2
D007780,O008339,RIDER2343,21,22,27,3.5,1
D007781,O008340,RIDER0299,26,32,27,2.7,6
D007782,O008341,RIDER0690,53,53,22,2.8,0
D007783,O008342,RIDER2425,28,26,25,0.8,0
D007784,O008343,RIDER2170,25,59,31,3.4,34
D007785,O008344,RIDER1692,30,25,30,2.4,0
D007786,O008345,RIDER0135,38,56,37,5.0,18
D007787,O008347,RIDER1944,49,78,14,2.6,29
D007788,O008348,RIDER0275,29,30,19,2.7,1
D007789,O008349,RIDER0457,29,54,39,1.4,25
D007790,O008350,RIDER1583,42,53,16,1.3,11
D007791,O008351,RIDER0567,32,32,24,2.4,0
D007792,O008352,RIDER1634,35,31,21,2.9,0
D007793,O008353,RIDER1073,27,61,32,3.2,34
D007794,O008354,RIDER1159,27,34,31,0.8,7
D007795,O008355,RIDER0915,22,22,30,3.6,0
D007796,O008356,RIDER0414,32,62,39,1.0,30
D007797,O008357,RIDER1416,35,56,29,0.8,21
D007798,O008358,RIDER2358,21,26,25,1.3,5
D007799,O008360,RIDER1640,47,47,32,2.4,0
D007800,O008361,RIDER0388,27,27,17,5.1,0
D007801,O008362,RIDER2170,19,16,31,1.3,0
D007802,O008363,RIDER1717,35,68,21,1.8,33
D007803,O008364,RIDER0280,45,55,30,0.6,10
D007804,O008365,RIDER0579,44,45,31,3.2,1
D007805,O008366,RIDER1625,30,33,37,3.8,3
D007806,O008368,RIDER0189,43,41,25,3.9,0
D007807,O008369,RIDER2498,34,41,30,11.6,7
D007808,O008370,RIDER0255,64,93,19,2.8,29
D007809,O008371,RIDER2419,38,34,42,9.3,0
D007810,O008372,RIDER0485,21,31,32,1.3,10
D007811,O008373,RIDER2367,27,27,15,4.7,0
D007812,O008374,RIDER0310,35,42,14,0.4,7
D007813,O008375,RIDER0792,26,51,30,1.0,25
D007814,O008376,RIDER0259,34,36,37,6.9,2
D007815,O008378,RIDER0549,25,41,32,6.1,16
D007816,O008379,RIDER1909,20,21,15,1.1,1
D007817,O008380,RIDER0590,20,20,15,6.1,0
D007818,O008381,RIDER1128,51,47,17,8.3,0
D007819,O008382,RIDER0537,38,65,21,3.5,27
D007820,O008383,RIDER2479,33,54,32,1.9,21
D007821,O008384,RIDER2085,18,18,28,0.4,0
D007822,O008385,RIDER1768,38,42,35,4.2,4
D007823,O008386,RIDER1456,40,47,41,3.2,7
D007824,O008387,RIDER2494,29,25,42,0.7,0
D007825,O008388,RIDER1144,26,26,14,1.4,0
D007826,O008389,RIDER0806,29,45,19,0.8,16
D007827,O008390,RIDER0528,25,40,22,0.6,15
D007828,O008391,RIDER0477,33,31,27,8.5,0
D007829,O008392,RIDER1423,23,19,25,3.9,0
D007830,O008393,RIDER1394,23,38,29,9.9,15
D007831,O008394,RIDER1718,34,32,35,1.6,0
D007832,O008395,RIDER0240,38,44,41,1.9,6
D007833,O008396,RIDER1889,35,65,22,9.9,30
D007834,O008397,RIDER1749,33,29,16,2.7,0
D007835,O008398,RIDER1025,35,36,14,1.7,1
D007836,O008399,RIDER1514,35,49,15,2.5,14
D007837,O008400,RIDER2481,37,33,23,1.7,0
D007838,O008401,RIDER1470,43,50,37,2.3,7
D007839,O008402,RIDER2451,38,41,22,3.5,3
D007840,O008403,RIDER1264,25,46,31,0.8,21
D007841,O008404,RIDER2412,34,33,15,1.7,0
D007842,O008405,RIDER1763,59,60,15,7.7,1
D007843,O008406,RIDER1547,32,36,22,3.3,4
D007844,O008407,RIDER1596,26,42,15,3.2,16
D007845,O008408,RIDER2008,31,64,30,1.9,33
D007846,O008409,RIDER0764,24,29,27,3.1,5
D007847,O008410,RIDER0029,40,43,38,0.1,3
D007848,O008411,RIDER1673,23,20,26,5.0,0
D007849,O008412,RIDER0125,28,62,14,1.6,34
D007850,O008413,RIDER0205,31,29,14,2.3,0
D007851,O008414,RIDER2025,27,22,15,3.0,0
D007852,O008415,RIDER2227,30,26,29,0.5,0
D007853,O008416,RIDER1275,43,73,30,2.0,30
D007854,O008417,RIDER0272,33,31,24,5.0,0
D007855,O008418,RIDER0106,29,25,31,3.0,0
D007856,O008419,RIDER1594,27,27,23,0.8,0
D007857,O008420,RIDER0771,30,34,27,4.3,4
D007858,O008421,RIDER2382,37,35,25,2.3,0
D007859,O008422,RIDER2200,23,23,25,1.8,0
D007860,O008423,RIDER2072,24,24,31,2.2,0
D007861,O008424,RIDER0898,26,44,31,2.8,18
D007862,O008425,RIDER0655,54,82,23,2.8,28
D007863,O008426,RIDER2405,37,39,15,4.3,2
D007864,O008427,RIDER0631,21,25,15,5.5,4
D007865,O008428,RIDER1296,22,32,36,2.9,10
D007866,O008429,RIDER2002,31,37,31,4.1,6
D007867,O008430,RIDER0850,57,88,25,6.0,31
D007868,O008431,RIDER0050,32,38,40,2.4,6
D007869,O008433,RIDER1390,26,33,28,2.5,7
D007870,O008434,RIDER1120,46,49,31,7.2,3
D007871,O008435,RIDER2253,29,24,16,1.6,0
D007872,O008436,RIDER2157,27,31,40,1.6,4
D007873,O008437,RIDER1442,31,61,41,4.0,30
D007874,O008438,RIDER0908,47,45,18,5.5,0
D007875,O008440,RIDER1579,25,51,22,8.3,26
D007876,O008441,RIDER2107,30,45,36,5.0,15
D007877,O008444,RIDER1053,35,40,22,4.6,5
D007878,O008445,RIDER0765,26,59,35,4.6,33
D007879,O008446,RIDER1824,26,42,42,1.1,16
D007880,O008447,RIDER1261,42,40,40,3.0,0
D007881,O008448,RIDER1481,26,47,15,2.4,21
D007882,O008449,RIDER2416,34,39,32,3.6,5
D007883,O008450,RIDER0870,38,47,28,0.7,9
D007884,O008451,RIDER0211,42,44,33,8.4,2
D007885,O008452,RIDER0746,40,42,17,0.9,2
D007886,O008453,RIDER0863,22,28,25,5.2,6
D007887,O008454,RIDER1658,18,14,40,2.8,0
D007888,O008455,RIDER2127,23,36,19,7.6,13
D007889,O008456,RIDER0755,22,21,31,6.3,0
D007890,O008457,RIDER2088,38,43,22,11.8,5
D007891,O008458,RIDER2226,32,45,16,3.3,13
D007892,O008459,RIDER2098,23,21,19,3.3,0
D007893,O008460,RIDER2438,30,29,21,5.0,0
D007894,O008461,RIDER0042,31,54,15,6.4,23
D007895,O008462,RIDER2344,39,67,40,0.9,28
D007896,O008463,RIDER1808,41,49,14,1.4,8
D007897,O008464,RIDER1509,30,63,16,3.1,33
D007898,O008465,RIDER1301,41,45,15,2.4,4
D007899,O008466,RIDER1587,32,30,18,2.9,0
D007900,O008467,RIDER0388,20,17,40,6.0,0
D007901,O008468,RIDER2014,23,24,31,1.9,1
D007902,O008469,RIDER1770,31,58,16,3.3,27
D007903,O008470,RIDER2113,43,45,25,1.7,2
D007904,O008471,RIDER2432,26,38,34,5.2,12
D007905,O008472,RIDER0833,42,42,21,6.8,0
D007906,O008473,RIDER0847,34,29,16,2.7,0
D007907,O008474,RIDER2105,23,24,34,2.7,1
D007908,O008475,RIDER0109,38,35,18,6.1,0
D007909,O008476,RIDER1876,33,29,24,3.3,0
D007910,O008477,RIDER0774,24,20,31,4.1,0
D007911,O008478,RIDER0638,34,30,31,0.4,0
D007912,O008479,RIDER0231,24,51,40,6.8,27
D007913,O008480,RIDER1212,29,26,42,4.4,0
D007914,O008481,RIDER0689,27,31,34,0.9,4
D007915,O008482,RIDER0376,40,46,21,4.6,6
D007916,O008483,RIDER2434,39,36,36,0.3,0
D007917,O008484,RIDER2499,32,31,22,6.0,0
D007918,O008485,RIDER1940,20,23,14,3.3,3
D007919,O008486,RIDER0580,37,35,14,3.0,0
D007920,O008488,RIDER1143,23,20,25,3.7,0
D007921,O008489,RIDER1938,34,39,35,1.3,5
D007922,O008490,RIDER1465,35,38,21,2.2,3
D007923,O008491,RIDER1542,38,72,42,2.8,34
D007924,O008492,RIDER1814,28,42,16,5.1,14
D007925,O008493,RIDER0759,39,38,16,5.7,0
D007926,O008494,RIDER0729,29,33,38,3.5,4
D007927,O008495,RIDER1878,21,24,29,8.1,3
D007928,O008496,RIDER0002,34,36,36,0.7,2
D007929,O008497,RIDER0507,32,46,23,1.1,14
D007930,O008498,RIDER2268,20,16,31,4.0,0
D007931,O008499,RIDER2484,23,35,37,1.9,12
D007932,O008500,RIDER1921,20,22,29,3.0,2
D007933,O008501,RIDER0874,26,28,38,6.9,2
D007934,O008503,RIDER1906,29,31,36,10.6,2
D007935,O008504,RIDER0488,28,29,15,5.2,1
D007936,O008505,RIDER1986,30,26,37,0.8,0
D007937,O008506,RIDER0234,30,52,28,1.3,22
D007938,O008507,RIDER0222,33,36,35,1.4,3
D007939,O008508,RIDER2129,45,49,14,6.5,4
D007940,O008510,RIDER2151,45,73,24,1.0,28
D007941,O008511,RIDER2162,30,28,42,0.5,0
D007942,O008512,RIDER0054,31,32,32,2.3,1
D007943,O008513,RIDER1984,25,32,21,4.2,7
D007944,O008515,RIDER0106,28,33,30,2.8,5
D007945,O008516,RIDER1730,26,30,19,1.8,4
D007946,O008517,RIDER1148,40,65,37,4.9,25
D007947,O008518,RIDER2301,44,55,15,1.5,11
D007948,O008519,RIDER1865,21,16,33,2.8,0
D007949,O008520,RIDER0842,25,21,14,4.0,0
D007950,O008521,RIDER0349,40,46,15,8.4,6
D007951,O008522,RIDER2305,40,62,30,0.7,22
D007952,O008523,RIDER2475,20,18,31,5.0,0
D007953,O008524,RIDER1917,30,48,38,3.7,18
D007954,O008525,RIDER0360,28,59,24,0.3,31
D007955,O008526,RIDER1280,42,45,41,2.7,3
D007956,O008527,RIDER2281,42,66,33,3.2,24
D007957,O008528,RIDER0059,27,26,27,4.9,0
D007958,O008529,RIDER1595,24,26,14,2.4,2
D007959,O008531,RIDER1711,64,72,21,1.2,8
D007960,O008532,RIDER0323,25,32,17,4.8,7
D007961,O008533,RIDER1257,61,60,35,4.9,0
D007962,O008534,RIDER2167,52,49,38,2.4,0
D007963,O008535,RIDER0181,68,96,40,4.9,28
D007964,O008536,RIDER1457,32,34,27,1.4,2
D007965,O008537,RIDER1656,19,34,33,1.1,15
D007966,O008538,RIDER2275,32,31,22,2.2,0
D007967,O008539,RIDER0727,23,20,15,0.9,0
D007968,O008540,RIDER0594,70,78,21,4.7,8
D007969,O008542,RIDER1947,36,53,30,0.3,17
D007970,O008543,RIDER2384,44,48,33,1.3,4
D007971,O008544,RIDER0217,29,24,38,5.1,0
D007972,O008545,RIDER1129,43,73,37,8.0,30
D007973,O008546,RIDER1958,34,36,17,9.5,2
D007974,O008547,RIDER2493,53,78,28,9.6,25
D007975,O008548,RIDER0467,28,31,18,0.9,3
D007976,O008549,RIDER1329,27,53,39,2.1,26
D007977,O008550,RIDER0311,25,26,34,9.0,1
D007978,O008551,RIDER0056,27,38,15,4.0,11
D007979,O008552,RIDER1799,33,34,28,1.1,1
D007980,O008553,RIDER2423,37,54,29,0.4,17
D007981,O008554,RIDER2117,23,22,38,2.1,0
D007982,O008555,RIDER0037,28,33,37,0.7,5
D007983,O008556,RIDER0678,25,37,18,0.9,12
D007984,O008558,RIDER2371,27,52,18,2.4,25
D007985,O008560,RIDER0055,52,59,37,2.2,7
D007986,O008562,RIDER1436,51,49,38,2.9,0
D007987,O008563,RIDER0209,33,38,30,1.4,5
D007988,O008564,RIDER1832,39,72,38,2.2,33
D007989,O008565,RIDER0371,32,58,31,4.5,26
D007990,O008566,RIDER1222,29,25,27,2.3,0
D007991,O008567,RIDER0535,32,34,42,8.3,2
D007992,O008568,RIDER1062,41,41,27,1.0,0
D007993,O008569,RIDER0486,43,69,31,2.3,26
D007994,O008570,RIDER2226,33,30,23,2.0,0
D007995,O008571,RIDER1815,40,68,14,0.7,28
D007996,O008572,RIDER1195,41,69,18,2.0,28
D007997,O008573,RIDER1520,35,36,37,2.2,1
D007998,O008574,RIDER2409,35,31,37,2.0,0
D007999,O008575,RIDER1008,31,64,28,5.5,33
D008000,O008576,RIDER1650,21,19,28,0.4,0
D008001,O008577,RIDER0247,37,40,35,2.0,3
D008002,O008578,RIDER0092,23,20,42,1.0,0
D008003,O008579,RIDER1511,32,48,24,3.3,16
D008004,O008580,RIDER1279,22,17,14,1.2,0
D008005,O008581,RIDER0877,29,27,36,0.4,0
D008006,O008583,RIDER2225,66,83,18,0.1,17
D008007,O008584,RIDER1855,70,74,35,4.7,4
D008008,O008585,RIDER0615,27,26,15,1.1,0
D008009,O008586,RIDER0876,34,32,18,4.9,0
D008010,O008587,RIDER2458,26,51,35,1.9,25
D008011,O008588,RIDER0919,34,31,38,0.2,0
D008012,O008589,RIDER2082,46,64,34,1.4,18
D008013,O008590,RIDER0361,25,23,16,5.8,0
D008014,O008591,RIDER2368,27,30,42,2.2,3
D008015,O008593,RIDER0952,27,30,19,2.0,3
D008016,O008594,RIDER0407,23,56,14,0.5,33
D008017,O008595,RIDER2351,48,72,19,1.6,24
D008018,O008596,RIDER1170,19,15,24,1.8,0
D008019,O008597,RIDER1794,36,43,14,0.5,7
D008020,O008598,RIDER2301,21,41,22,4.9,20
D008021,O008599,RIDER2314,28,29,18,0.8,1
D008022,O008600,RIDER1740,27,27,22,2.8,0
D008023,O008601,RIDER0287,44,54,38,14.9,10
D008024,O008602,RIDER2213,43,65,25,4.7,22
D008025,O008603,RIDER0855,27,37,15,19.9,10
D008026,O008604,RIDER1229,49,63,42,3.0,14
D008027,O008605,RIDER0890,33,33,16,2.7,0
D008028,O008606,RIDER1003,29,24,35,1.2,0
D008029,O008607,RIDER1413,24,26,26,2.3,2
D008030,O008608,RIDER0513,38,54,22,8.5,16
D008031,O008609,RIDER1873,37,54,14,6.9,17
D008032,O008610,RIDER2354,37,33,36,0.9,0
D008033,O008611,RIDER0253,38,67,30,1.8,29
D008034,O008612,RIDER2379,27,56,30,5.1,29
D008035,O008613,RIDER1493,22,24,31,0.1,2
D008036,O008615,RIDER2084,24,25,35,2.2,1
D008037,O008617,RIDER0118,28,26,31,6.3,0
D008038,O008618,RIDER0851,19,20,14,4.8,1
D008039,O008619,RIDER1199,57,59,19,13.9,2
D008040,O008620,RIDER0813,40,42,38,6.3,2
D008041,O008621,RIDER1327,45,46,15,3.3,1
D008042,O008623,RIDER0823,29,33,31,5.0,4
D008043,O008624,RIDER1486,37,40,25,2.9,3
D008044,O008625,RIDER2121,17,24,35,0.3,7
D008045,O008626,RIDER0852,34,39,40,3.6,5
D008046,O008627,RIDER2157,20,23,27,0.9,3
D008047,O008628,RIDER0579,39,45,37,1.7,6
D008048,O008629,RIDER2190,32,41,23,0.9,9
D008049,O008630,RIDER2463,31,36,39,10.2,5
D008050,O008631,RIDER2392,46,68,14,3.1,22
D008051,O008632,RIDER1924,37,45,35,7.5,8
D008052,O008633,RIDER1913,27,41,21,2.2,14
D008053,O008634,RIDER1901,43,73,38,4.1,30
D008054,O008635,RIDER1308,19,41,42,0.4,22
D008055,O008636,RIDER2207,29,62,31,1.5,33
D008056,O008637,RIDER1007,33,35,15,5.9,2
D008057,O008638,RIDER1113,32,33,21,2.9,1
D008058,O008639,RIDER0623,23,51,16,6.3,28
D008059,O008640,RIDER0576,26,30,38,3.1,4
D008060,O008641,RIDER1162,27,30,15,1.6,3
D008061,O008642,RIDER1432,29,31,21,1.1,2
D008062,O008643,RIDER0099,27,28,27,2.7,1
D008063,O008644,RIDER1979,30,31,25,1.2,1
D008064,O008645,RIDER1936,31,54,42,5.4,23
D008065,O008646,RIDER0008,33,29,36,1.3,0
D008066,O008647,RIDER0292,35,67,39,5.9,32
D008067,O008648,RIDER0386,32,54,31,3.0,22
D008068,O008649,RIDER0934,34,38,41,8.3,4
D008069,O008650,RIDER2353,44,41,18,3.9,0
D008070,O008651,RIDER0435,25,59,28,1.8,34
D008071,O008652,RIDER1161,22,30,25,6.2,8
D008072,O008653,RIDER0115,38,49,18,6.5,11
D008073,O008654,RIDER2112,25,24,25,0.5,0
D008074,O008655,RIDER2453,17,21,33,2.8,4
D008075,O008656,RIDER2327,40,36,39,15.7,0
D008076,O008657,RIDER0223,24,30,31,6.5,6
D008077,O008658,RIDER0112,46,50,30,2.4,4
D008078,O008660,RIDER0235,38,52,25,0.2,14
D008079,O008662,RIDER1261,33,29,33,2.6,0
D008080,O008663,RIDER1910,34,39,27,0.5,5
D008081,O008664,RIDER1300,34,39,25,6.8,5
D008082,O008665,RIDER0222,38,71,41,1.9,33
D008083,O008666,RIDER0362,29,24,32,3.9,0
D008084,O008668,RIDER1108,30,30,40,8.6,0
D008085,O008669,RIDER0389,36,32,31,2.3,0
D008086,O008670,RIDER0516,56,86,29,5.0,30
D008087,O008671,RIDER2370,36,43,29,5.0,7
D008088,O008672,RIDER2337,23,28,34,11.1,5
D008089,O008673,RIDER1822,38,48,24,2.3,10
D008090,O008674,RIDER1502,41,40,27,1.0,0
D008091,O008675,RIDER1291,29,35,16,1.4,6
D008092,O008676,RIDER2292,40,42,21,1.5,2
D008093,O008677,RIDER1773,40,44,24,0.6,4
D008094,O008678,RIDER0283,29,38,27,1.5,9
D008095,O008679,RIDER1046,45,72,31,3.5,27
D008096,O008680,RIDER1815,31,34,30,5.0,3
D008097,O008682,RIDER2228,26,21,35,2.4,0
D008098,O008683,RIDER2193,32,32,29,1.6,0
D008099,O008684,RIDER2199,43,46,22,5.7,3
D008100,O008685,RIDER1169,56,55,35,3.1,0
D008101,O008686,RIDER0541,43,54,25,2.2,11
D008102,O008687,RIDER0844,30,33,14,2.7,3
D008103,O008688,RIDER1081,27,60,38,1.4,33
D008104,O008689,RIDER1942,32,39,14,1.2,7
D008105,O008690,RIDER0541,34,39,14,5.9,5
D008106,O008691,RIDER2136,29,28,25,7.1,0
D008107,O008692,RIDER1967,27,30,29,0.3,3
D008108,O008693,RIDER1659,44,57,26,2.7,13
D008109,O008694,RIDER2373,30,28,42,2.9,0
D008110,O008695,RIDER0150,45,40,27,0.5,0
D008111,O008696,RIDER2247,47,78,39,1.3,31
D008112,O008697,RIDER1360,29,51,29,2.4,22
D008113,O008698,RIDER1459,34,60,28,4.1,26
D008114,O008699,RIDER1437,21,36,37,4.7,15
D008115,O008700,RIDER0275,31,36,23,3.1,5
D008116,O008701,RIDER1136,33,34,31,1.1,1
D008117,O008702,RIDER1811,56,87,36,1.5,31
D008118,O008703,RIDER0049,29,32,14,3.2,3
D008119,O008704,RIDER0847,27,25,38,1.2,0
D008120,O008705,RIDER0258,27,29,30,0.7,2
D008121,O008706,RIDER1438,21,28,32,4.9,7
D008122,O008707,RIDER2138,38,64,21,4.6,26
D008123,O008708,RIDER1983,27,22,14,3.9,0
D008124,O008709,RIDER2180,28,52,33,1.0,24
D008125,O008710,RIDER0593,51,49,30,3.3,0
D008126,O008711,RIDER1855,37,37,24,1.9,0
D008127,O008712,RIDER0599,23,21,40,1.4,0
D008128,O008713,RIDER1616,29,29,27,1.4,0
D008129,O008714,RIDER1366,34,38,14,1.3,4
D008130,O008715,RIDER1426,25,22,22,6.0,0
D008131,O008716,RIDER1896,21,53,30,2.6,32
D008132,O008717,RIDER1603,49,81,15,10.9,32
D008133,O008718,RIDER0739,24,21,40,3.0,0
D008134,O008719,RIDER0896,25,24,37,2.4,0
D008135,O008720,RIDER2079,18,25,22,10.5,7
D008136,O008721,RIDER2287,27,26,22,1.2,0
D008137,O008722,RIDER2028,55,74,27,1.0,19
D008138,O008723,RIDER1719,27,33,33,2.6,6
D008139,O008724,RIDER0092,32,32,29,2.0,0
D008140,O008725,RIDER2074,29,25,24,2.3,0
D008141,O008726,RIDER0302,34,38,34,1.9,4
D008142,O008727,RIDER2167,40,45,36,3.3,5
D008143,O008728,RIDER0478,35,50,42,2.2,15
D008144,O008729,RIDER0636,27,25,31,2.2,0
D008145,O008730,RIDER1077,37,68,15,1.1,31
D008146,O008731,RIDER1362,33,37,14,3.1,4
D008147,O008732,RIDER1256,30,56,22,2.9,26
D008148,O008733,RIDER1412,22,24,14,1.2,2
D008149,O008735,RIDER0651,37,54,35,0.8,17
D008150,O008736,RIDER2007,28,33,15,3.9,5
D008151,O008737,RIDER0233,30,62,24,2.3,32
D008152,O008738,RIDER0853,28,52,17,1.2,24
D008153,O008739,RIDER2346,29,48,22,1.2,19
D008154,O008741,RIDER0535,42,41,22,8.1,0
D008155,O008742,RIDER0123,29,44,19,2.2,15
D008156,O008743,RIDER0213,20,18,36,2.3,0
D008157,O008744,RIDER0611,22,24,35,3.9,2
D008158,O008745,RIDER1528,32,36,37,2.5,4
D008159,O008746,RIDER0077,54,56,20,5.3,2
D008160,O008747,RIDER2328,21,22,24,0.2,1
D008161,O008748,RIDER0953,28,26,22,0.9,0
D008162,O008749,RIDER1276,37,55,36,3.0,18
D008163,O008750,RIDER1800,34,41,36,1.2,7
D008164,O008751,RIDER0659,24,31,37,2.7,7
D008165,O008752,RIDER2123,37,35,29,0.8,0
D008166,O008753,RIDER0600,34,30,20,1.4,0
D008167,O008754,RIDER1414,22,42,14,4.2,20
D008168,O008755,RIDER2123,70,84,18,1.6,14
D008169,O008756,RIDER1187,38,35,37,0.4,0
D008170,O008757,RIDER2420,28,25,23,1.3,0
D008171,O008758,RIDER1062,44,46,38,5.9,2
D008172,O008759,RIDER0845,41,46,16,1.2,5
D008173,O008761,RIDER0318,54,68,42,0.5,14
D008174,O008762,RIDER2154,33,38,27,2.3,5
D008175,O008763,RIDER2214,44,43,37,1.8,0
D008176,O008764,RIDER2078,47,49,31,2.6,2
D008177,O008765,RIDER0329,46,69,27,5.6,23
D008178,O008766,RIDER0587,36,37,15,3.3,1
D008179,O008767,RIDER1880,22,28,35,3.3,6
D008180,O008768,RIDER1333,38,43,17,0.5,5
D008181,O008769,RIDER0957,28,23,14,1.8,0
D008182,O008770,RIDER2293,25,29,14,2.9,4
D008183,O008771,RIDER2108,29,60,27,0.5,31
D008184,O008772,RIDER0053,26,24,24,0.8,0
D008185,O008773,RIDER0849,31,46,42,2.2,15
D008186,O008774,RIDER1801,29,25,29,4.1,0
D008187,O008775,RIDER0266,61,67,15,1.5,6
D008188,O008776,RIDER2158,26,33,36,6.0,7
D008189,O008777,RIDER1960,30,60,42,0.9,30
D008190,O008778,RIDER0751,27,38,36,1.0,11
D008191,O008779,RIDER0096,43,41,41,2.3,0
D008192,O008780,RIDER2193,41,63,34,3.0,22
D008193,O008781,RIDER1969,36,32,31,1.1,0
D008194,O008782,RIDER0649,32,30,39,1.5,0
D008195,O008783,RIDER1208,46,60,37,4.8,14
D008196,O008784,RIDER0054,30,27,31,7.0,0
D008197,O008786,RIDER0526,27,26,39,3.3,0
D008198,O008787,RIDER0362,40,57,18,1.3,17
D008199,O008788,RIDER1391,34,30,31,1.0,0
D008200,O008789,RIDER0699,23,18,37,2.7,0
D008201,O008790,RIDER1954,29,25,14,2.4,0
D008202,O008791,RIDER2281,36,37,36,0.9,1
D008203,O008792,RIDER0616,27,48,30,4.5,21
D008204,O008793,RIDER2486,70,98,14,7.3,28
D008205,O008794,RIDER1901,49,64,18,4.5,15
D008206,O008795,RIDER1671,27,33,29,0.8,6
D008207,O008796,RIDER1067,38,67,30,0.9,29
D008208,O008797,RIDER1719,22,27,15,11.4,5
D008209,O008798,RIDER1912,43,44,25,2.0,1
D008210,O008799,RIDER1761,32,32,17,1.0,0
D008211,O008800,RIDER0684,30,29,15,1.4,0
D008212,O008801,RIDER2355,36,50,40,2.7,14
D008213,O008802,RIDER0604,37,50,41,4.9,13
D008214,O008803,RIDER1820,20,15,42,0.2,0
D008215,O008804,RIDER2162,20,21,22,3.0,1
D008216,O008805,RIDER1391,34,58,34,6.4,24
D008217,O008806,RIDER0580,27,50,18,4.9,23
D008218,O008807,RIDER1864,34,49,33,0.5,15
D008219,O008808,RIDER1207,50,53,39,10.1,3
D008220,O008809,RIDER0077,53,73,37,9.6,20
D008221,O008810,RIDER2128,33,34,20,2.3,1
D008222,O008811,RIDER2387,21,17,32,1.0,0
D008223,O008812,RIDER1652,26,25,18,1.8,0
D008224,O008813,RIDER0115,39,41,24,2.0,2
D008225,O008814,RIDER2344,25,58,33,7.9,33
D008226,O008816,RIDER0782,63,86,34,1.6,23
D008227,O008817,RIDER0230,42,41,21,0.4,0
D008228,O008818,RIDER0945,22,20,27,4.2,0
D008229,O008819,RIDER1637,49,68,18,1.8,19
D008230,O008820,RIDER1259,33,56,29,4.5,23
D008231,O008821,RIDER0603,31,32,30,1.4,1
D008232,O008822,RIDER0015,35,40,39,0.7,5
D008233,O008823,RIDER2425,52,63,31,10.9,11
D008234,O008824,RIDER1617,30,42,16,5.1,12
D008235,O008827,RIDER0288,27,27,29,1.7,0
D008236,O008828,RIDER2410,21,27,41,0.5,6
D008237,O008830,RIDER1815,23,32,22,2.3,9
D008238,O008831,RIDER2436,34,49,40,2.0,15
D008239,O008832,RIDER2452,36,38,42,9.8,2
D008240,O008833,RIDER1286,28,34,31,2.3,6
D008241,O008834,RIDER1816,35,30,19,0.7,0
D008242,O008835,RIDER2175,46,51,32,7.1,5
D008243,O008836,RIDER1675,30,59,15,1.0,29
D008244,O008837,RIDER0222,23,28,26,1.2,5
D008245,O008838,RIDER0744,39,36,40,0.1,0
D008246,O008839,RIDER0351,27,45,40,3.6,18
D008247,O008840,RIDER2253,29,32,19,10.2,3
D008248,O008841,RIDER1322,33,32,37,11.8,0
D008249,O008842,RIDER2079,24,56,31,1.1,32
D008250,O008843,RIDER1855,37,33,30,1.3,0
D008251,O008844,RIDER1245,25,25,33,1.0,0
D008252,O008846,RIDER0483,33,33,24,2.8,0
D008253,O008847,RIDER2006,45,49,29,1.5,4
D008254,O008848,RIDER1204,35,38,29,4.5,3
D008255,O008849,RIDER1418,23,27,28,9.6,4
D008256,O008850,RIDER1796,26,32,25,3.7,6
D008257,O008851,RIDER2229,34,45,23,8.0,11
D008258,O008852,RIDER0653,43,53,32,2.1,10
D008259,O008854,RIDER2429,44,78,14,1.9,34
D008260,O008855,RIDER1350,37,44,30,3.0,7
D008261,O008856,RIDER1165,43,42,35,0.3,0
D008262,O008857,RIDER0536,39,59,38,4.0,20
D008263,O008858,RIDER1640,43,59,37,2.9,16
D008264,O008859,RIDER0720,19,17,29,3.6,0
D008265,O008860,RIDER1911,32,50,32,3.9,18
D008266,O008861,RIDER0921,32,28,23,1.6,0
D008267,O008862,RIDER1293,70,79,33,3.3,9
D008268,O008863,RIDER0985,37,34,18,4.6,0
D008269,O008864,RIDER1702,33,56,17,3.4,23
D008270,O008865,RIDER0586,28,32,22,2.2,4
D008271,O008866,RIDER1011,54,51,42,0.9,0
D008272,O008867,RIDER1164,20,15,22,4.3,0
D008273,O008868,RIDER0939,46,60,35,2.8,14
D008274,O008869,RIDER1250,29,53,34,3.7,24
D008275,O008870,RIDER2343,33,63,32,4.0,30
D008276,O008871,RIDER2380,35,37,30,0.7,2
D008277,O008872,RIDER2372,29,59,42,5.0,30
D008278,O008873,RIDER0432,70,79,39,2.7,9
D008279,O008874,RIDER0709,20,52,29,7.5,32
D008280,O008875,RIDER2261,22,24,15,1.6,2
D008281,O008876,RIDER1681,19,25,38,5.6,6
D008282,O008878,RIDER0463,30,30,31,3.3,0
D008283,O008879,RIDER0809,26,25,19,0.6,0
D008284,O008880,RIDER0878,38,62,21,1.0,24
D008285,O008881,RIDER1098,37,34,29,1.8,0
D008286,O008882,RIDER2471,28,30,14,3.6,2
D008287,O008883,RIDER0214,28,52,21,4.3,24
D008288,O008884,RIDER0070,26,33,39,2.1,7
D008289,O008885,RIDER1451,37,37,35,1.1,0
D008290,O008886,RIDER1083,49,78,16,5.0,29
D008291,O008887,RIDER0729,41,67,33,8.0,26
D008292,O008888,RIDER0450,30,45,18,2.3,15
D008293,O008889,RIDER1485,25,21,30,6.0,0
D008294,O008890,RIDER1417,51,54,30,4.1,3
D008295,O008891,RIDER1070,38,45,28,2.4,7
D008296,O008892,RIDER0435,24,27,33,2.9,3
D008297,O008893,RIDER1387,27,33,24,1.8,6
D008298,O008894,RIDER1417,26,21,28,4.1,0
D008299,O008895,RIDER1532,30,37,14,2.3,7
D008300,O008896,RIDER0618,30,36,40,0.8,6
D008301,O008897,RIDER0814,42,47,35,9.3,5
D008302,O008898,RIDER2395,41,36,35,2.3,0
D008303,O008899,RIDER1220,20,24,35,5.3,4
D008304,O008900,RIDER1320,24,39,30,5.5,15
D008305,O008901,RIDER0791,29,50,39,1.2,21
D008306,O008902,RIDER0561,30,46,38,1.9,16
D008307,O008903,RIDER0823,31,29,36,1.5,0
D008308,O008904,RIDER1626,48,71,37,1.9,23
D008309,O008905,RIDER0813,26,53,15,3.6,27
D008310,O008906,RIDER1216,23,25,25,4.0,2
D008311,O008907,RIDER0077,25,21,25,5.7,0
D008312,O008908,RIDER1679,32,35,37,6.3,3
D008313,O008909,RIDER1526,30,32,39,1.4,2
D008314,O008910,RIDER2294,31,58,18,1.6,27
D008315,O008911,RIDER2176,33,60,24,5.6,27
D008316,O008912,RIDER0783,58,59,37,1.9,1
D008317,O008913,RIDER1112,36,38,22,7.4,2
D008318,O008914,RIDER0066,42,71,18,6.2,29
D008319,O008915,RIDER1999,24,40,33,0.2,16
D008320,O008916,RIDER0261,31,43,39,2.5,12
D008321,O008917,RIDER2065,36,32,36,2.9,0
D008322,O008918,RIDER2496,31,54,16,5.0,23
D008323,O008919,RIDER1804,70,66,40,0.4,0
D008324,O008920,RIDER2181,27,33,40,8.2,6
D008325,O008922,RIDER1389,30,36,21,2.1,6
D008326,O008923,RIDER0210,36,40,30,3.6,4
D008327,O008924,RIDER0459,29,36,21,9.3,7
D008328,O008925,RIDER0640,27,50,20,2.3,23
D008329,O008926,RIDER0351,69,96,14,6.3,27
D008330,O008927,RIDER0286,49,47,15,2.1,0
D008331,O008928,RIDER2003,27,38,42,2.0,11
D008332,O008929,RIDER2408,26,28,28,0.4,2
D008333,O008930,RIDER1375,35,46,40,0.3,11
D008334,O008932,RIDER0979,55,54,23,1.0,0
D008335,O008934,RIDER1855,34,41,31,2.2,7
D008336,O008935,RIDER2027,40,64,38,0.6,24
D008337,O008936,RIDER0745,28,31,24,4.0,3
D008338,O008937,RIDER2124,49,69,18,2.5,20
D008339,O008938,RIDER0833,28,23,25,2.7,0
D008340,O008939,RIDER1447,27,45,21,1.4,18
D008341,O008940,RIDER0467,43,39,26,0.6,0
D008342,O008941,RIDER0732,45,49,30,2.4,4
D008343,O008942,RIDER1759,26,27,31,2.8,1
D008344,O008943,RIDER1207,40,47,14,1.4,7
D008345,O008944,RIDER1496,21,44,37,1.8,23
D008346,O008945,RIDER1229,48,43,29,1.5,0
D008347,O008946,RIDER0453,30,33,15,2.4,3
D008348,O008948,RIDER0511,22,17,26,0.2,0
D008349,O008949,RIDER2204,26,32,40,2.4,6
D008350,O008950,RIDER0938,35,50,25,0.6,15
D008351,O008951,RIDER2176,34,30,18,1.2,0
D008352,O008952,RIDER1735,31,50,37,3.5,19
D008353,O008953,RIDER1381,44,77,31,1.2,33
D008354,O008954,RIDER1524,40,39,38,3.2,0
D008355,O008955,RIDER2489,35,31,36,5.3,0
D008356,O008956,RIDER0622,40,44,35,1.0,4
D008357,O008957,RIDER0211,40,37,25,3.3,0
D008358,O008958,RIDER2436,43,59,22,1.3,16
D008359,O008959,RIDER1770,32,51,27,3.8,19
D008360,O008960,RIDER0139,21,31,15,3.5,10
D008361,O008961,RIDER1802,45,50,42,3.0,5
D008362,O008962,RIDER0131,60,62,18,6.6,2
D008363,O008963,RIDER0621,43,50,39,2.7,7
D008364,O008964,RIDER0150,35,51,41,6.4,16
D008365,O008965,RIDER0073,33,57,38,2.5,24
D008366,O008966,RIDER1067,25,22,32,10.5,0
D008367,O008967,RIDER1008,51,85,22,2.5,34
D008368,O008968,RIDER0998,33,30,22,0.5,0
D008369,O008969,RIDER1637,26,30,14,1.7,4
D008370,O008970,RIDER2158,33,33,36,1.8,0
D008371,O008971,RIDER0838,36,31,26,6.3,0
D008372,O008972,RIDER1087,20,15,33,3.2,0
D008373,O008973,RIDER1667,29,24,25,2.1,0
D008374,O008974,RIDER1438,52,69,27,7.6,17
D008375,O008975,RIDER1269,38,62,33,2.0,24
D008376,O008976,RIDER2258,26,29,37,2.7,3
D008377,O008977,RIDER0326,37,66,16,2.0,29
D008378,O008978,RIDER0569,26,25,38,0.1,0
D008379,O008979,RIDER0714,34,50,37,2.2,16
D008380,O008980,RIDER2060,35,43,37,0.2,8
D008381,O008981,RIDER1574,31,28,31,7.2,0
D008382,O008982,RIDER0683,21,26,33,0.6,5
D008383,O008983,RIDER0778,31,54,20,3.8,23
D008384,O008984,RIDER2001,39,42,42,6.3,3
D008385,O008986,RIDER2423,42,63,42,13.8,21
D008386,O008987,RIDER0916,32,35,22,1.9,3
D008387,O008988,RIDER1172,25,27,36,0.8,2
D008388,O008989,RIDER1863,18,16,33,4.2,0
D008389,O008990,RIDER0539,29,31,18,7.2,2
D008390,O008991,RIDER2108,32,32,35,9.4,0
D008391,O008992,RIDER2037,23,47,28,8.7,24
D008392,O008993,RIDER0249,35,64,25,4.1,29
D008393,O008994,RIDER1745,20,27,20,0.3,7
D008394,O008995,RIDER0566,46,54,29,0.2,8
D008395,O008996,RIDER1094,22,23,37,0.6,1
D008396,O008997,RIDER0467,54,71,29,3.8,17
D008397,O008998,RIDER1718,39,35,37,3.5,0
D008398,O008999,RIDER1614,24,56,18,8.8,32
D008399,O009000,RIDER0596,34,64,36,5.2,30
D008400,O009001,RIDER1287,27,27,18,3.9,0
D008401,O009002,RIDER2166,32,41,20,1.2,9
D008402,O009003,RIDER1011,27,44,18,1.6,17
D008403,O009008,RIDER0321,33,35,16,0.7,2
D008404,O009009,RIDER0981,27,32,14,1.3,5
D008405,O009010,RIDER0104,31,39,18,13.0,8
D008406,O009011,RIDER2348,29,27,14,2.8,0
D008407,O009012,RIDER1107,31,35,37,0.6,4
D008408,O009013,RIDER0705,43,51,35,1.2,8
D008409,O009014,RIDER1031,35,59,17,1.5,24
D008410,O009015,RIDER1037,33,56,19,0.1,23
D008411,O009016,RIDER1823,22,24,24,4.6,2
D008412,O009018,RIDER2167,24,48,39,1.1,24
D008413,O009019,RIDER0692,20,40,21,5.4,20
D008414,O009020,RIDER0161,43,77,17,0.6,34
D008415,O009021,RIDER1028,49,74,22,10.3,25
D008416,O009022,RIDER0669,50,47,31,4.4,0
D008417,O009023,RIDER2335,30,26,38,0.8,0
D008418,O009024,RIDER0111,29,24,14,2.8,0
D008419,O009025,RIDER2378,35,56,25,5.8,21
D008420,O009026,RIDER0442,25,32,14,1.7,7
D008421,O009027,RIDER1572,24,19,38,0.1,0
D008422,O009028,RIDER0227,42,38,21,0.9,0
D008423,O009029,RIDER1827,34,45,27,1.5,11
D008424,O009030,RIDER0055,48,60,33,3.3,12
D008425,O009031,RIDER0351,31,54,29,9.6,23
D008426,O009032,RIDER1622,28,35,40,0.4,7
D008427,O009033,RIDER1187,44,42,27,4.1,0
D008428,O009034,RIDER1431,39,60,40,4.6,21
D008429,O009035,RIDER1318,32,40,22,0.8,8
D008430,O009036,RIDER0544,26,22,15,3.4,0
D008431,O009037,RIDER1637,30,32,14,3.7,2
D008432,O009038,RIDER0105,20,21,40,3.3,1
D008433,O009039,RIDER0171,22,17,18,0.6,0
D008434,O009040,RIDER2016,26,23,40,2.1,0
D008435,O009041,RIDER0570,40,65,20,0.3,25
D008436,O009042,RIDER0200,51,58,21,2.2,7
D008437,O009043,RIDER0580,31,29,34,4.2,0
D008438,O009044,RIDER1889,27,31,27,2.9,4
D008439,O009045,RIDER2160,46,51,22,1.0,5
D008440,O009046,RIDER0785,23,47,39,3.0,24
D008441,O009047,RIDER2468,35,42,27,3.6,7
D008442,O009048,RIDER1648,29,32,42,1.9,3
D008443,O009049,RIDER0584,37,71,32,3.5,34
D008444,O009050,RIDER1806,25,30,29,0.6,5
D008445,O009051,RIDER0467,69,91,30,0.3,22
D008446,O009052,RIDER0435,31,30,28,4.2,0
D008447,O009053,RIDER2076,28,28,35,1.5,0
D008448,O009054,RIDER2337,24,22,24,1.9,0
D008449,O009055,RIDER1256,47,80,23,3.3,33
D008450,O009056,RIDER1742,26,32,31,1.3,6
D008451,O009057,RIDER2346,30,33,25,1.9,3
D008452,O009058,RIDER2388,52,58,39,11.7,6
D008453,O009059,RIDER0384,27,61,19,6.6,34
D008454,O009060,RIDER1936,31,47,33,6.0,16
D008455,O009061,RIDER0220,41,48,24,1.0,7
D008456,O009062,RIDER0401,35,35,14,6.5,0
D008457,O009063,RIDER1285,28,32,21,0.3,4
D008458,O009064,RIDER1020,22,26,16,1.1,4
D008459,O009065,RIDER2306,25,30,22,2.8,5
D008460,O009066,RIDER1932,31,32,30,7.2,1
D008461,O009067,RIDER1886,27,27,23,1.1,0
D008462,O009068,RIDER2380,32,48,36,1.9,16
D008463,O009069,RIDER2046,28,25,14,2.5,0
D008464,O009070,RIDER2168,36,32,31,2.3,0
D008465,O009071,RIDER0416,30,39,34,1.9,9
D008466,O009072,RIDER0320,29,29,38,0.8,0
D008467,O009074,RIDER0209,35,40,28,5.9,5
D008468,O009075,RIDER1839,24,35,24,4.3,11
D008469,O009076,RIDER0149,21,28,30,1.6,7
D008470,O009077,RIDER1331,35,32,15,1.6,0
D008471,O009078,RIDER1267,22,27,31,0.6,5
D008472,O009079,RIDER1728,48,59,30,2.5,11
D008473,O009080,RIDER1424,37,44,14,3.8,7
D008474,O009081,RIDER0241,24,47,30,2.8,23
D008475,O009082,RIDER1057,21,18,21,2.6,0
D008476,O009083,RIDER0038,25,42,35,3.1,17
D008477,O009084,RIDER2435,35,37,22,6.9,2
D008478,O009085,RIDER2132,21,16,34,5.1,0
D008479,O009086,RIDER0084,36,58,31,7.8,22
D008480,O009087,RIDER0044,36,68,25,1.2,32
D008481,O009088,RIDER1016,37,70,34,3.1,33
D008482,O009089,RIDER1243,23,23,34,1.9,0
D008483,O009090,RIDER2120,46,48,23,2.3,2
D008484,O009091,RIDER1021,40,71,33,4.9,31
D008485,O009092,RIDER2071,28,34,25,4.6,6
D008486,O009093,RIDER1046,29,29,21,1.6,0
D008487,O009094,RIDER1887,37,50,38,3.6,13
D008488,O009095,RIDER0533,24,20,22,0.6,0
D008489,O009096,RIDER1067,48,54,15,2.3,6
D008490,O009097,RIDER2372,33,34,35,1.3,1
D008491,O009098,RIDER0430,28,48,16,4.0,20
D008492,O009099,RIDER0314,22,29,14,4.8,7
D008493,O009100,RIDER1435,34,61,15,5.5,27
D008494,O009101,RIDER0535,31,31,42,2.8,0
D008495,O009102,RIDER1222,33,42,26,4.6,9
D008496,O009103,RIDER0156,26,43,31,1.4,17
D008497,O009104,RIDER0855,44,51,37,1.9,7
D008498,O009106,RIDER0334,30,35,23,4.4,5
D008499,O009107,RIDER0993,32,48,19,2.3,16
D008500,O009108,RIDER0765,33,50,14,3.1,17
D008501,O009109,RIDER0921,23,25,33,14.1,2
D008502,O009110,RIDER0876,35,53,24,4.8,18
D008503,O009111,RIDER1484,43,42,27,1.3,0
D008504,O009112,RIDER0453,26,22,23,5.9,0
D008505,O009113,RIDER0849,35,36,18,3.1,1
D008506,O009114,RIDER2334,53,59,17,3.3,6
D008507,O009115,RIDER0560,56,51,30,0.7,0
D008508,O009116,RIDER1155,32,36,16,8.5,4
D008509,O009117,RIDER1721,29,40,21,1.0,11
D008510,O009118,RIDER0960,29,38,29,0.6,9
D008511,O009119,RIDER1605,34,41,27,4.1,7
D008512,O009120,RIDER1236,38,43,16,1.7,5
D008513,O009121,RIDER1819,37,34,33,2.5,0
D008514,O009122,RIDER0006,44,44,27,2.8,0
D008515,O009124,RIDER1976,26,22,14,1.8,0
D008516,O009125,RIDER0361,61,62,39,5.7,1
D008517,O009126,RIDER2474,27,31,24,2.8,4
D008518,O009127,RIDER2451,28,32,42,0.7,4
D008519,O009128,RIDER0053,41,39,14,1.2,0
D008520,O009129,RIDER0378,63,64,15,0.3,1
D008521,O009131,RIDER2261,26,41,38,0.5,15
D008522,O009132,RIDER0116,27,51,30,2.1,24
D008523,O009133,RIDER2433,30,36,41,0.8,6
D008524,O009134,RIDER0876,26,45,24,2.2,19
D008525,O009135,RIDER2087,26,42,41,2.9,16
D008526,O009136,RIDER2006,27,28,29,3.4,1
D008527,O009137,RIDER1753,28,30,34,2.4,2
D008528,O009138,RIDER0964,35,42,27,1.0,7
D008529,O009139,RIDER1067,45,46,36,2.5,1
D008530,O009140,RIDER0373,27,58,31,3.4,31
D008531,O009141,RIDER1464,60,76,17,7.4,16
D008532,O009142,RIDER1973,33,32,21,9.8,0
D008533,O009143,RIDER0044,27,58,14,2.9,31
D008534,O009144,RIDER1462,30,38,14,5.7,8
D008535,O009146,RIDER0714,28,23,18,1.2,0
D008536,O009147,RIDER0903,30,30,20,3.0,0
D008537,O009148,RIDER0850,22,25,40,1.1,3
D008538,O009149,RIDER2455,29,27,31,2.4,0
D008539,O009151,RIDER2157,32,34,19,0.3,2
D008540,O009153,RIDER1593,28,36,37,1.8,8
D008541,O009154,RIDER0779,25,32,39,2.7,7
D008542,O009156,RIDER2441,35,36,37,2.1,1
D008543,O009157,RIDER0988,37,51,40,8.2,14
D008544,O009158,RIDER0665,27,34,19,10.0,7
D008545,O009159,RIDER1828,36,47,30,0.2,11
D008546,O009160,RIDER1288,36,34,41,1.1,0
D008547,O009161,RIDER0919,43,67,39,2.5,24
D008548,O009163,RIDER1913,36,50,15,2.7,14
D008549,O009164,RIDER0455,24,19,40,4.5,0
D008550,O009165,RIDER1777,18,26,38,0.1,8
D008551,O009167,RIDER0341,30,32,27,6.3,2
D008552,O009168,RIDER0122,28,23,14,9.4,0
D008553,O009169,RIDER0686,32,33,21,1.5,1
D008554,O009170,RIDER1085,40,56,21,3.8,16
D008555,O009171,RIDER0407,28,48,37,1.2,20
D008556,O009172,RIDER1493,39,64,39,1.9,25
D008557,O009173,RIDER1029,42,49,26,4.7,7
D008558,O009174,RIDER0666,54,61,38,3.4,7
D008559,O009175,RIDER2127,35,39,40,2.2,4
D008560,O009176,RIDER0355,27,61,30,4.2,34
D008561,O009177,RIDER2032,40,56,42,1.1,16
D008562,O009178,RIDER2217,24,34,20,14.6,10
D008563,O009179,RIDER1311,22,45,15,3.5,23
D008564,O009180,RIDER1325,43,45,37,1.2,2
D008565,O009181,RIDER1794,43,38,28,2.1,0
D008566,O009182,RIDER1610,32,34,30,3.4,2
D008567,O009183,RIDER0105,28,30,30,1.7,2
D008568,O009185,RIDER0354,36,62,31,3.8,26
D008569,O009186,RIDER0207,27,33,32,5.9,6
D008570,O009187,RIDER1834,31,32,25,1.4,1
D008571,O009188,RIDER2110,38,38,15,1.1,0
D008572,O009189,RIDER2078,35,40,16,3.3,5
D008573,O009190,RIDER1022,40,36,15,8.8,0
D008574,O009191,RIDER1511,21,16,36,0.2,0
D008575,O009192,RIDER0341,39,67,24,1.6,28
D008576,O009193,RIDER0077,33,28,24,0.2,0
D008577,O009194,RIDER1358,31,36,20,6.6,5
D008578,O009195,RIDER2180,40,36,30,3.9,0
D008579,O009196,RIDER1082,19,38,21,7.5,19
D008580,O009197,RIDER0218,42,58,42,5.0,16
D008581,O009198,RIDER2299,29,36,15,3.8,7
D008582,O009199,RIDER0542,27,29,33,2.5,2
D008583,O009201,RIDER1439,51,60,21,0.8,9
D008584,O009202,RIDER1180,29,40,25,3.0,11
D008585,O009203,RIDER0618,25,21,29,1.9,0
D008586,O009204,RIDER1823,31,30,21,3.5,0
D008587,O009205,RIDER0778,45,66,40,1.0,21
D008588,O009206,RIDER1110,45,46,20,1.7,1
D008589,O009207,RIDER1553,24,22,15,1.2,0
D008590,O009208,RIDER0330,20,23,33,4.1,3
D008591,O009209,RIDER0684,66,61,14,4.3,0
D008592,O009210,RIDER0355,32,61,39,4.3,29
D008593,O009211,RIDER1121,18,26,19,1.6,8
D008594,O009212,RIDER0626,33,38,37,1.7,5
D008595,O009213,RIDER2220,28,25,40,2.1,0
D008596,O009215,RIDER0562,19,15,30,3.4,0
D008597,O009216,RIDER1832,25,25,31,5.0,0
D008598,O009217,RIDER0398,33,66,14,0.9,33
D008599,O009218,RIDER0516,42,48,27,1.3,6
D008600,O009219,RIDER2331,42,41,42,8.8,0
D008601,O009220,RIDER0944,33,36,36,3.1,3
D008602,O009221,RIDER2022,35,41,19,1.6,6
D008603,O009222,RIDER1577,23,29,35,2.8,6
D008604,O009223,RIDER0629,24,21,22,7.0,0
D008605,O009224,RIDER0040,54,83,23,5.1,29
D008606,O009225,RIDER2350,40,41,15,2.5,1
D008607,O009226,RIDER1121,27,49,30,4.8,22
D008608,O009227,RIDER1620,52,49,29,1.5,0
D008609,O009228,RIDER0924,30,62,21,3.0,32
D008610,O009229,RIDER1700,34,34,22,4.1,0
D008611,O009230,RIDER1671,23,19,18,6.4,0
D008612,O009231,RIDER2070,36,36,37,5.2,0
D008613,O009232,RIDER1061,37,35,32,2.3,0
D008614,O009233,RIDER1251,40,65,27,1.4,25
D008615,O009234,RIDER1608,39,43,16,5.5,4
D008616,O009235,RIDER1944,38,40,29,6.0,2
D008617,O009236,RIDER2447,32,33,38,2.1,1
D008618,O009237,RIDER2092,34,49,14,2.1,15
D008619,O009238,RIDER1725,37,42,37,8.4,5
D008620,O009239,RIDER0375,38,45,16,1.0,7
D008621,O009240,RIDER1716,30,34,16,1.1,4
D008622,O009241,RIDER0693,54,53,31,1.6,0
D008623,O009242,RIDER1583,22,23,21,11.8,1
D008624,O009243,RIDER1664,36,31,37,1.8,0
D008625,O009244,RIDER1274,33,28,39,3.0,0
D008626,O009245,RIDER1641,56,71,34,2.3,15
D008627,O009246,RIDER0654,34,64,16,0.9,30
D008628,O009247,RIDER0033,30,37,33,0.3,7
D008629,O009249,RIDER2301,24,24,27,0.6,0
D008630,O009250,RIDER1576,54,64,30,2.0,10
D008631,O009251,RIDER1185,49,58,19,4.9,9
D008632,O009252,RIDER1357,29,49,16,8.1,20
D008633,O009253,RIDER0891,51,54,19,3.4,3
D008634,O009255,RIDER1581,32,57,16,3.3,25
D008635,O009256,RIDER2001,24,28,35,3.6,4
D008636,O009257,RIDER1604,31,27,16,10.6,0
D008637,O009258,RIDER2034,58,70,36,2.4,12
D008638,O009259,RIDER2237,35,36,14,0.9,1
D008639,O009260,RIDER1560,18,37,18,4.0,19
D008640,O009261,RIDER1135,25,32,35,2.0,7
D008641,O009262,RIDER1875,23,24,39,1.7,1
D008642,O009263,RIDER2217,42,69,28,5.1,27
D008643,O009264,RIDER0373,35,44,38,4.2,9
D008644,O009265,RIDER0776,23,25,14,5.6,2
D008645,O009266,RIDER1489,41,36,40,1.2,0
D008646,O009267,RIDER0662,27,33,27,5.0,6
D008647,O009268,RIDER2010,34,55,42,6.0,21
D008648,O009269,RIDER1831,44,50,21,6.9,6
D008649,O009270,RIDER1072,34,54,20,0.2,20
D008650,O009271,RIDER2042,34,33,15,8.3,0
D008651,O009272,RIDER2100,32,29,35,2.9,0
D008652,O009273,RIDER2381,35,32,29,4.7,0
D008653,O009274,RIDER1423,40,70,25,1.5,30
D008654,O009275,RIDER0639,34,41,22,0.5,7
D008655,O009276,RIDER0743,57,79,32,0.2,22
D008656,O009277,RIDER0933,36,31,18,3.2,0
D008657,O009278,RIDER1145,20,36,14,3.9,16
D008658,O009279,RIDER1735,30,25,24,2.9,0
D008659,O009280,RIDER2263,24,23,37,5.0,0
D008660,O009281,RIDER0502,45,74,15,0.4,29
D008661,O009282,RIDER0360,29,51,31,1.6,22
D008662,O009283,RIDER1496,39,46,14,3.3,7
D008663,O009284,RIDER0404,21,17,18,1.7,0
D008664,O009285,RIDER0803,37,60,16,7.8,23
D008665,O009286,RIDER1958,31,37,15,1.1,6
D008666,O009287,RIDER1390,28,45,25,5.5,17
D008667,O009289,RIDER2293,36,58,42,4.9,22
D008668,O009290,RIDER1905,34,29,31,1.2,0
D008669,O009291,RIDER2178,25,38,14,7.1,13
D008670,O009292,RIDER1818,29,36,15,1.4,7
D008671,O009293,RIDER1172,28,35,42,1.6,7
D008672,O009294,RIDER1054,32,34,14,1.9,2
D008673,O009295,RIDER2239,24,29,39,1.5,5
D008674,O009297,RIDER0295,28,30,36,15.6,2
D008675,O009298,RIDER1801,24,30,28,0.6,6
D008676,O009299,RIDER2162,27,31,25,2.4,4
D008677,O009300,RIDER0325,37,40,15,3.3,3
D008678,O009301,RIDER1463,37,33,24,5.8,0
D008679,O009302,RIDER2089,37,35,33,0.6,0
D008680,O009303,RIDER1811,32,39,27,2.3,7
D008681,O009304,RIDER0805,33,39,31,1.2,6
D008682,O009305,RIDER0835,29,36,31,0.9,7
D008683,O009306,RIDER0037,35,37,42,3.9,2
D008684,O009307,RIDER0585,28,32,16,7.4,4
D008685,O009308,RIDER0389,50,58,27,3.1,8
D008686,O009309,RIDER1255,39,39,27,3.5,0
D008687,O009311,RIDER1712,31,33,27,3.0,2
D008688,O009312,RIDER1638,30,31,31,1.1,1
D008689,O009313,RIDER1848,24,29,14,2.8,5
D008690,O009314,RIDER0575,38,44,17,0.6,6
D008691,O009315,RIDER1963,20,34,40,3.9,14
D008692,O009317,RIDER2475,26,37,31,0.2,11
D008693,O009318,RIDER2095,17,24,23,0.7,7
D008694,O009319,RIDER1785,33,35,18,0.7,2
D008695,O009320,RIDER1055,50,53,14,2.2,3
D008696,O009321,RIDER1986,38,40,16,0.5,2
D008697,O009322,RIDER0580,31,26,21,1.8,0
D008698,O009323,RIDER0348,44,49,40,5.3,5
D008699,O009324,RIDER1140,32,42,42,5.2,10
D008700,O009326,RIDER0758,26,28,30,0.9,2
D008701,O009327,RIDER0769,29,28,15,9.5,0
D008702,O009328,RIDER0897,31,63,40,0.3,32
D008703,O009330,RIDER2084,44,70,22,1.6,26
D008704,O009331,RIDER0054,39,57,14,1.4,18
D008705,O009332,RIDER1696,34,38,35,1.0,4
D008706,O009333,RIDER0805,29,33,18,1.0,4
D008707,O009334,RIDER1908,37,46,25,6.8,9
D008708,O009335,RIDER2168,60,57,22,8.2,0
D008709,O009336,RIDER0625,50,79,29,6.1,29
D008710,O009337,RIDER2241,38,61,41,5.0,23
D008711,O009338,RIDER1704,27,31,31,0.6,4
D008712,O009339,RIDER1168,29,30,21,2.0,1
D008713,O009340,RIDER1873,36,31,28,0.8,0
D008714,O009341,RIDER0930,32,37,40,1.0,5
D008715,O009342,RIDER0088,43,47,16,2.2,4
D008716,O009343,RIDER2203,38,43,35,1.2,5
D008717,O009344,RIDER2355,36,43,37,6.9,7
D008718,O009345,RIDER1037,34,34,14,1.8,0
D008719,O009346,RIDER0161,31,41,23,6.5,10
D008720,O009347,RIDER1677,19,23,22,2.3,4
D008721,O009348,RIDER1594,34,29,29,5.2,0
D008722,O009349,RIDER2397,25,26,24,1.6,1
D008723,O009350,RIDER0829,19,40,31,2.0,21
D008724,O009351,RIDER2178,27,50,14,0.6,23
D008725,O009352,RIDER0688,51,57,18,4.2,6
D008726,O009353,RIDER1230,55,58,21,7.8,3
D008727,O009354,RIDER1937,20,15,16,0.5,0
D008728,O009355,RIDER1806,24,29,16,1.5,5
D008729,O009356,RIDER1581,34,41,25,2.1,7
D008730,O009357,RIDER1075,30,59,38,2.1,29
D008731,O009358,RIDER0448,45,57,25,6.2,12
D008732,O009359,RIDER2001,35,48,36,4.0,13
D008733,O009360,RIDER0388,31,31,21,2.4,0
D008734,O009361,RIDER0235,22,33,37,5.0,11
D008735,O009362,RIDER0035,47,67,23,0.3,20
D008736,O009363,RIDER1027,29,27,38,1.2,0
D008737,O009364,RIDER1409,31,36,19,6.3,5
D008738,O009365,RIDER2095,26,27,36,4.6,1
D008739,O009366,RIDER0407,28,25,37,3.0,0
D008740,O009367,RIDER1627,37,36,33,10.1,0
D008741,O009368,RIDER0865,47,43,31,2.8,0
D008742,O009369,RIDER1817,52,68,30,4.4,16
D008743,O009370,RIDER0411,29,61,23,2.3,32
D008744,O009371,RIDER0235,31,38,22,2.4,7
D008745,O009372,RIDER2153,32,36,37,0.3,4
D008746,O009373,RIDER0730,41,41,30,3.0,0
D008747,O009375,RIDER1800,31,31,15,2.0,0
D008748,O009376,RIDER2199,24,23,41,2.1,0
D008749,O009377,RIDER0846,33,58,41,2.7,25
D008750,O009378,RIDER0547,25,32,15,8.9,7
D008751,O009379,RIDER0262,30,53,21,6.4,23
D008752,O009380,RIDER1881,29,28,14,1.9,0
D008753,O009381,RIDER0135,27,23,14,1.5,0
D008754,O009382,RIDER0700,31,53,38,2.5,22
D008755,O009383,RIDER1282,48,44,31,3.7,0
D008756,O009384,RIDER1603,31,63,21,0.4,32
D008757,O009385,RIDER1456,24,23,32,0.1,0
D008758,O009386,RIDER0373,27,23,29,4.5,0
D008759,O009387,RIDER0987,70,81,25,0.7,11
D008760,O009388,RIDER0499,20,54,34,0.4,34
D008761,O009389,RIDER1658,46,52,30,0.5,6
D008762,O009390,RIDER1516,60,68,16,4.8,8
D008763,O009391,RIDER0472,52,55,18,0.3,3
D008764,O009392,RIDER2100,17,24,16,3.2,7
D008765,O009393,RIDER0520,31,29,21,1.2,0
D008766,O009394,RIDER2131,21,52,32,1.5,31
D008767,O009395,RIDER1539,21,21,21,2.6,0
D008768,O009397,RIDER0738,43,49,31,2.5,6
D008769,O009398,RIDER1620,21,28,36,3.4,7
D008770,O009399,RIDER0499,56,55,41,1.5,0
D008771,O009400,RIDER1039,32,57,27,1.2,25
D008772,O009401,RIDER2192,26,30,39,2.8,4
D008773,O009402,RIDER1236,38,47,36,8.4,9
D008774,O009403,RIDER0860,32,31,33,1.3,0
D008775,O009404,RIDER2417,20,22,40,0.6,2
D008776,O009405,RIDER0174,26,42,17,8.4,16
D008777,O009406,RIDER1567,43,44,38,1.2,1
D008778,O009407,RIDER1496,34,50,41,0.9,16
D008779,O009408,RIDER1001,37,69,27,0.7,32
D008780,O009409,RIDER1445,39,72,20,0.9,33
D008781,O009410,RIDER0788,34,58,30,1.4,24
D008782,O009411,RIDER0306,30,51,21,2.4,21
D008783,O009412,RIDER0739,21,22,32,0.7,1
D008784,O009414,RIDER2324,39,65,15,3.4,26
D008785,O009415,RIDER1371,25,28,37,2.7,3
D008786,O009416,RIDER1691,27,31,29,3.4,4
D008787,O009417,RIDER1172,39,37,30,6.1,0
D008788,O009418,RIDER1608,45,41,14,1.6,0
D008789,O009419,RIDER1474,37,35,31,2.3,0
D008790,O009420,RIDER2315,33,42,19,5.0,9
D008791,O009421,RIDER2278,20,26,23,2.2,6
D008792,O009422,RIDER1825,32,38,42,5.4,6
D008793,O009423,RIDER2444,31,28,30,0.8,0
D008794,O009424,RIDER1754,24,22,22,1.2,0
D008795,O009425,RIDER0080,23,34,17,3.9,11
D008796,O009426,RIDER1911,26,49,39,3.5,23
D008797,O009427,RIDER0150,23,24,16,0.5,1
D008798,O009428,RIDER2269,27,27,17,5.6,0
D008799,O009429,RIDER2078,29,24,33,8.2,0
D008800,O009430,RIDER0417,46,56,23,7.1,10
D008801,O009431,RIDER0588,27,32,32,4.4,5
D008802,O009432,RIDER2137,49,69,35,2.5,20
D008803,O009433,RIDER1071,36,39,29,3.8,3
D008804,O009435,RIDER0286,33,60,17,5.2,27
D008805,O009436,RIDER2311,34,31,37,2.8,0
D008806,O009437,RIDER0512,51,80,14,7.4,29
D008807,O009438,RIDER1033,33,59,36,4.2,26
D008808,O009439,RIDER1148,24,24,28,0.7,0
D008809,O009440,RIDER0420,43,51,22,6.0,8
D008810,O009441,RIDER0139,28,35,32,1.6,7
D008811,O009442,RIDER1812,47,51,37,0.1,4
D008812,O009443,RIDER2464,32,51,40,1.9,19
D008813,O009444,RIDER0317,41,36,35,3.8,0
D008814,O009445,RIDER0127,24,31,21,1.9,7
D008815,O009446,RIDER0603,35,64,14,1.6,29
D008816,O009447,RIDER1937,30,27,42,0.4,0
D008817,O009448,RIDER0833,37,37,21,4.8,0
D008818,O009450,RIDER0102,45,65,27,0.3,20
D008819,O009451,RIDER0734,22,19,33,11.5,0
D008820,O009452,RIDER1820,38,34,38,1.3,0
D008821,O009453,RIDER0511,40,43,21,3.3,3
D008822,O009454,RIDER0845,29,31,22,2.4,2
D008823,O009455,RIDER1513,28,46,34,2.3,18
D008824,O009456,RIDER0560,30,58,41,1.0,28
D008825,O009457,RIDER1456,33,35,30,5.1,2
D008826,O009459,RIDER0484,34,39,25,5.1,5
D008827,O009460,RIDER1507,66,66,23,1.7,0
D008828,O009461,RIDER0105,36,68,29,4.5,32
D008829,O009462,RIDER0293,38,51,20,3.2,13
D008830,O009463,RIDER0978,43,43,27,3.6,0
D008831,O009464,RIDER0470,24,38,29,3.0,14
D008832,O009465,RIDER0962,35,36,40,3.1,1
D008833,O009466,RIDER2393,42,47,33,3.8,5
D008834,O009467,RIDER1738,37,53,18,6.3,16
D008835,O009468,RIDER1409,48,65,20,5.0,17
D008836,O009469,RIDER2461,58,83,16,3.8,25
D008837,O009470,RIDER0006,37,36,16,2.9,0
D008838,O009471,RIDER0041,36,69,42,2.2,33
D008839,O009472,RIDER0350,41,39,32,4.0,0
D008840,O009473,RIDER1668,20,38,32,3.0,18
D008841,O009474,RIDER1005,45,46,14,3.2,1
D008842,O009475,RIDER1007,27,22,34,1.8,0
D008843,O009476,RIDER2390,38,35,35,2.2,0
D008844,O009477,RIDER0134,21,30,24,5.9,9
D008845,O009478,RIDER1947,43,59,33,1.3,16
D008846,O009480,RIDER2315,43,54,21,1.4,11
D008847,O009481,RIDER0291,24,21,21,5.0,0
D008848,O009482,RIDER2494,46,79,32,2.3,33
D008849,O009484,RIDER1332,29,29,21,1.8,0
D008850,O009485,RIDER1439,37,37,38,1.5,0
D008851,O009486,RIDER0266,26,35,18,8.8,9
D008852,O009487,RIDER0715,40,39,40,1.4,0
D008853,O009488,RIDER1806,27,37,18,6.2,10
D008854,O009489,RIDER2366,48,50,36,4.3,2
D008855,O009490,RIDER1732,23,18,24,0.9,0
D008856,O009491,RIDER1143,37,44,40,0.1,7
D008857,O009492,RIDER1024,22,39,42,1.2,17
D008858,O009493,RIDER1612,29,25,14,2.0,0
D008859,O009494,RIDER2057,19,25,15,0.6,6
D008860,O009495,RIDER0831,39,45,37,3.0,6
D008861,O009496,RIDER1319,35,31,28,1.5,0
D008862,O009497,RIDER1319,32,60,27,3.6,28
D008863,O009498,RIDER1400,28,32,19,1.7,4
D008864,O009499,RIDER0995,34,37,21,2.8,3
D008865,O009500,RIDER1933,20,16,22,4.0,0
D008866,O009501,RIDER0940,31,33,28,1.2,2
D008867,O009502,RIDER1267,35,33,30,3.5,0
D008868,O009503,RIDER1593,41,68,23,15.1,27
D008869,O009504,RIDER0936,28,57,30,3.5,29
D008870,O009505,RIDER2139,41,40,15,3.1,0
D008871,O009506,RIDER1635,30,25,32,7.6,0
D008872,O009508,RIDER0828,35,30,27,2.6,0
D008873,O009509,RIDER1549,41,53,17,3.0,12
D008874,O009510,RIDER1831,25,29,27,3.9,4
D008875,O009511,RIDER1456,21,27,16,2.2,6
D008876,O009513,RIDER0580,37,38,24,7.8,1
D008877,O009514,RIDER0269,39,44,15,5.1,5
D008878,O009515,RIDER1164,44,60,27,3.1,16
D008879,O009516,RIDER2135,39,38,24,0.2,0
D008880,O009517,RIDER1059,31,33,25,5.6,2
D008881,O009518,RIDER1272,25,34,18,2.8,9
D008882,O009519,RIDER0065,28,52,34,0.6,24
D008883,O009520,RIDER0924,24,56,42,2.1,32
D008884,O009521,RIDER0452,27,24,27,5.6,0
D008885,O009522,RIDER1959,21,16,29,3.9,0
D008886,O009523,RIDER2493,24,30,30,2.5,6
D008887,O009524,RIDER1819,19,37,25,1.7,18
D008888,O009525,RIDER0442,24,41,31,0.8,17
D008889,O009526,RIDER2393,31,28,35,8.6,0
D008890,O009527,RIDER1957,24,19,21,3.2,0
D008891,O009528,RIDER2336,35,41,14,12.5,6
D008892,O009529,RIDER1344,35,39,21,0.6,4
D008893,O009530,RIDER0112,18,17,16,5.1,0
D008894,O009531,RIDER0073,34,59,37,5.7,25
D008895,O009532,RIDER1219,23,56,40,4.0,33
D008896,O009533,RIDER1353,32,38,42,4.0,6
D008897,O009534,RIDER2265,25,50,19,2.7,25
D008898,O009535,RIDER2494,24,58,21,2.1,34
D008899,O009536,RIDER0896,24,20,17,3.6,0
D008900,O009537,RIDER0571,35,34,17,2.7,0
D008901,O009538,RIDER1408,29,30,36,3.3,1
D008902,O009539,RIDER0645,44,49,16,4.2,5
D008903,O009540,RIDER2082,32,55,22,0.8,23
D008904,O009541,RIDER0924,59,71,36,1.8,12
D008905,O009542,RIDER1604,40,41,18,2.6,1
D008906,O009543,RIDER1717,35,34,29,1.5,0
D008907,O009544,RIDER1696,28,34,36,5.4,6
D008908,O009545,RIDER0166,28,27,31,1.0,0
D008909,O009546,RIDER1483,35,30,30,2.3,0
D008910,O009547,RIDER0291,28,34,30,0.2,6
D008911,O009548,RIDER0839,20,17,35,5.9,0
D008912,O009549,RIDER1835,32,36,17,2.2,4
D008913,O009550,RIDER2371,43,42,29,5.0,0
D008914,O009551,RIDER2205,36,65,36,2.5,29
D008915,O009552,RIDER0474,31,36,18,0.4,5
D008916,O009554,RIDER0038,39,37,29,9.1,0
D008917,O009555,RIDER0075,52,54,24,2.7,2
D008918,O009556,RIDER1279,39,44,33,4.6,5
D008919,O009557,RIDER1593,32,31,36,4.4,0
D008920,O009558,RIDER1946,34,66,18,9.9,32
D008921,O009559,RIDER1335,34,64,37,4.3,30
D008922,O009560,RIDER1522,36,56,18,5.3,20
D008923,O009561,RIDER2152,59,70,27,1.1,11
D008924,O009562,RIDER2090,31,65,16,2.6,34
D008925,O009563,RIDER0526,30,30,40,3.3,0
D008926,O009564,RIDER1152,30,28,21,2.9,0
D008927,O009565,RIDER2174,34,51,25,0.8,17
D008928,O009567,RIDER0697,26,32,35,4.1,6
D008929,O009568,RIDER0452,40,60,22,3.5,20
D008930,O009569,RIDER2155,23,21,26,1.5,0
D008931,O009570,RIDER0859,23,50,15,2.3,27
D008932,O009571,RIDER0051,27,26,21,5.0,0
D008933,O009572,RIDER0307,21,28,33,0.8,7
D008934,O009573,RIDER0300,44,44,20,6.1,0
D008935,O009574,RIDER0668,27,25,36,0.8,0
D008936,O009575,RIDER0755,45,67,42,3.8,22
D008937,O009576,RIDER1310,31,39,33,2.7,8
D008938,O009577,RIDER1728,31,38,36,2.2,7
D008939,O009578,RIDER0196,22,45,29,1.2,23
D008940,O009579,RIDER1598,34,55,21,1.7,21
D008941,O009580,RIDER2257,26,30,28,0.2,4
D008942,O009581,RIDER0983,34,40,19,1.1,6
D008943,O009582,RIDER2130,33,33,34,0.3,0
D008944,O009583,RIDER0541,25,56,14,3.4,31
D008945,O009584,RIDER1369,40,47,21,17.9,7
D008946,O009585,RIDER0972,69,90,31,0.1,21
D008947,O009586,RIDER1521,32,50,21,0.6,18
D008948,O009587,RIDER0783,41,44,32,3.1,3
D008949,O009588,RIDER1619,35,57,32,2.6,22
D008950,O009589,RIDER2093,37,44,15,3.3,7
D008951,O009591,RIDER1346,25,48,39,5.4,23
D008952,O009592,RIDER2389,43,39,15,1.7,0
D008953,O009593,RIDER1534,40,52,19,3.5,12
D008954,O009594,RIDER1605,28,37,41,4.4,9
D008955,O009595,RIDER2018,20,18,18,3.7,0
D008956,O009596,RIDER2433,31,29,28,0.8,0
D008957,O009597,RIDER0746,35,34,28,5.4,0
D008958,O009598,RIDER0006,39,42,32,0.1,3
D008959,O009599,RIDER2426,32,51,31,0.6,19
D008960,O009600,RIDER1543,27,25,31,0.8,0
D008961,O009601,RIDER0401,40,37,33,1.3,0
D008962,O009602,RIDER0476,31,38,14,3.5,7
D008963,O009603,RIDER1015,27,24,21,4.1,0
D008964,O009604,RIDER1807,41,41,38,2.0,0
D008965,O009605,RIDER2126,26,36,18,4.7,10
D008966,O009606,RIDER0114,56,85,31,3.4,29
D008967,O009607,RIDER1162,28,36,41,1.0,8
D008968,O009608,RIDER1519,30,43,21,1.0,13
D008969,O009609,RIDER2301,21,21,18,1.6,0
D008970,O009610,RIDER0274,37,36,20,4.0,0
D008971,O009611,RIDER0730,25,26,35,1.0,1
D008972,O009612,RIDER0413,48,43,35,2.2,0
D008973,O009613,RIDER0022,40,58,16,0.7,18
D008974,O009614,RIDER0038,29,27,31,3.3,0
D008975,O009615,RIDER1144,19,17,38,6.7,0
D008976,O009616,RIDER2440,28,26,41,0.6,0
D008977,O009617,RIDER0919,25,22,22,0.3,0
D008978,O009618,RIDER2262,33,43,33,2.5,10
D008979,O009619,RIDER2317,41,47,14,4.4,6
D008980,O009620,RIDER1144,28,23,31,2.9,0
D008981,O009621,RIDER0719,28,40,14,5.0,12
D008982,O009622,RIDER1779,41,38,23,1.7,0
D008983,O009623,RIDER0985,27,29,20,0.0,2
D008984,O009624,RIDER1702,33,33,15,0.4,0
D008985,O009625,RIDER1289,27,32,14,3.0,5
D008986,O009626,RIDER0944,30,26,39,5.3,0
D008987,O009627,RIDER0615,50,80,14,1.7,30
D008988,O009628,RIDER1647,26,24,36,3.1,0
D008989,O009629,RIDER1138,30,35,31,1.0,5
D008990,O009630,RIDER1500,28,26,29,3.6,0
D008991,O009631,RIDER0374,41,47,21,3.5,6
D008992,O009632,RIDER2475,33,40,39,7.3,7
D008993,O009633,RIDER1265,37,37,30,0.3,0
D008994,O009635,RIDER1127,39,59,24,4.7,20
D008995,O009636,RIDER1779,23,21,18,4.6,0
D008996,O009637,RIDER2142,27,23,32,3.2,0
D008997,O009638,RIDER1505,35,58,17,3.3,23
D008998,O009639,RIDER1468,26,53,14,3.0,27
D008999,O009640,RIDER0380,33,33,38,1.7,0
D009000,O009641,RIDER0987,25,23,31,1.3,0
D009001,O009642,RIDER1969,28,45,17,0.6,17
D009002,O009643,RIDER2202,22,45,29,2.5,23
D009003,O009644,RIDER1547,32,30,31,1.8,0
D009004,O009645,RIDER0473,29,25,36,2.1,0
D009005,O009646,RIDER2418,41,39,22,13.7,0
D009006,O009647,RIDER2236,40,46,32,4.4,6
D009007,O009648,RIDER1438,43,41,24,5.2,0
D009008,O009649,RIDER1580,22,49,22,7.9,27
D009009,O009651,RIDER2287,22,18,30,1.7,0
D009010,O009652,RIDER0198,47,50,31,0.8,3
D009011,O009653,RIDER0955,23,32,18,0.3,9
D009012,O009654,RIDER1442,31,51,14,1.0,20
D009013,O009655,RIDER1389,40,39,29,6.7,0
D009014,O009656,RIDER2240,34,33,27,1.6,0
D009015,O009657,RIDER1193,44,52,27,1.6,8
D009016,O009658,RIDER1150,20,25,21,1.9,5
D009017,O009659,RIDER0903,28,45,19,6.3,17
D009018,O009660,RIDER1164,40,40,28,0.6,0
D009019,O009661,RIDER0902,45,65,18,3.6,20
D009020,O009662,RIDER0546,26,29,14,0.5,3
D009021,O009663,RIDER1068,23,29,30,1.3,6
D009022,O009664,RIDER1047,25,21,15,4.1,0
D009023,O009665,RIDER1328,50,61,30,0.5,11
D009024,O009666,RIDER0352,29,26,29,0.3,0
D009025,O009667,RIDER1086,32,31,33,4.2,0
D009026,O009668,RIDER1433,24,57,30,8.5,33
D009027,O009669,RIDER1769,38,49,37,1.4,11
D009028,O009670,RIDER0763,25,31,15,1.4,6
D009029,O009672,RIDER0951,25,56,33,0.8,31
D009030,O009673,RIDER1505,37,41,19,9.5,4
D009031,O009674,RIDER1396,24,57,39,1.3,33
D009032,O009676,RIDER2460,33,38,16,4.4,5
D009033,O009677,RIDER2274,41,40,21,2.8,0
D009034,O009678,RIDER1604,38,37,29,9.1,0
D009035,O009679,RIDER1827,37,62,29,4.4,25
D009036,O009680,RIDER1999,39,50,30,2.2,11
D009037,O009681,RIDER2199,22,22,42,4.1,0
D009038,O009682,RIDER0968,32,37,16,1.8,5
D009039,O009683,RIDER1225,31,30,29,1.1,0
D009040,O009684,RIDER0322,31,30,42,4.3,0
D009041,O009685,RIDER2057,22,22,37,1.9,0
D009042,O009686,RIDER0930,51,55,14,4.1,4
D009043,O009687,RIDER0633,33,34,36,1.9,1
D009044,O009688,RIDER2012,56,55,16,1.7,0
D009045,O009689,RIDER2434,38,48,31,2.0,10
D009046,O009690,RIDER2291,24,22,37,13.8,0
D009047,O009691,RIDER2314,24,54,21,0.2,30
D009048,O009692,RIDER1485,36,66,31,5.2,30
D009049,O009693,RIDER0463,34,38,33,1.3,4
D009050,O009694,RIDER1142,32,27,24,1.3,0
D009051,O009695,RIDER0731,19,48,27,2.9,29
D009052,O009696,RIDER0222,35,44,38,6.4,9
D009053,O009697,RIDER1383,38,37,24,3.1,0
D009054,O009698,RIDER1123,39,36,28,4.5,0
D009055,O009699,RIDER1147,55,56,16,1.1,1
D009056,O009701,RIDER2141,29,35,42,5.4,6
D009057,O009702,RIDER0394,45,48,15,2.6,3
D009058,O009703,RIDER1260,21,33,24,3.3,12
D009059,O009704,RIDER1343,34,30,30,2.6,0
D009060,O009705,RIDER0196,44,45,37,0.7,1
D009061,O009706,RIDER1852,34,37,16,7.8,3
D009062,O009707,RIDER0025,55,61,36,4.8,6
D009063,O009709,RIDER0080,24,26,30,1.0,2
D009064,O009710,RIDER0208,42,61,24,3.5,19
D009065,O009711,RIDER1066,27,55,25,1.6,28
D009066,O009712,RIDER2173,40,45,20,3.9,5
D009067,O009713,RIDER1821,47,51,37,6.9,4
D009068,O009714,RIDER1803,40,54,33,0.6,14
D009069,O009715,RIDER2091,27,61,23,4.4,34
D009070,O009716,RIDER1404,39,41,21,9.2,2
D009071,O009717,RIDER2231,32,35,42,2.8,3
D009072,O009718,RIDER1229,32,30,23,3.0,0
D009073,O009719,RIDER0741,21,18,37,1.0,0
D009074,O009720,RIDER2229,31,34,23,1.2,3
D009075,O009721,RIDER0180,23,18,40,8.8,0
D009076,O009723,RIDER2284,28,34,16,1.5,6
D009077,O009724,RIDER1086,61,75,25,1.9,14
D009078,O009725,RIDER0113,35,36,30,2.7,1
D009079,O009726,RIDER2151,24,19,21,2.6,0
D009080,O009727,RIDER0078,24,19,32,1.2,0
D009081,O009728,RIDER1163,25,56,33,0.1,31
D009082,O009729,RIDER2193,29,32,25,0.2,3
D009083,O009730,RIDER2242,37,61,16,1.7,24
D009084,O009731,RIDER1805,32,52,14,4.1,20
D009085,O009732,RIDER0339,22,28,32,8.2,6
D009086,O009733,RIDER0174,30,37,27,3.6,7
D009087,O009734,RIDER0492,27,57,15,1.9,30
D009088,O009735,RIDER0492,23,30,30,1.8,7
D009089,O009736,RIDER0954,37,39,36,2.6,2
D009090,O009737,RIDER0807,33,45,15,7.0,12
D009091,O009739,RIDER0078,57,59,30,3.3,2
D009092,O009740,RIDER2261,33,40,18,1.6,7
D009093,O009741,RIDER1070,33,35,35,2.9,2
D009094,O009742,RIDER2304,30,43,42,1.2,13
D009095,O009743,RIDER1469,33,52,19,7.0,19
D009096,O009744,RIDER2149,34,33,14,0.9,0
D009097,O009745,RIDER0304,25,21,28,3.8,0
D009098,O009746,RIDER1999,28,31,21,10.3,3
D009099,O009747,RIDER2242,32,39,25,1.8,7
D009100,O009748,RIDER0751,24,27,42,2.0,3
D009101,O009749,RIDER0028,44,51,42,0.5,7
D009102,O009750,RIDER1151,21,16,38,1.2,0
D009103,O009751,RIDER0360,29,52,16,0.7,23
D009104,O009752,RIDER0280,55,80,21,1.0,25
D009105,O009753,RIDER2117,44,66,42,6.6,22
D009106,O009755,RIDER0386,36,41,14,3.8,5
D009107,O009756,RIDER1684,35,50,33,0.6,15
D009108,O009757,RIDER2440,38,69,21,0.6,31
D009109,O009758,RIDER0736,30,64,21,0.8,34
D009110,O009759,RIDER0048,44,45,39,3.7,1
D009111,O009760,RIDER2402,23,29,15,0.2,6
D009112,O009761,RIDER0611,32,27,29,2.8,0
D009113,O009762,RIDER1998,30,30,15,1.1,0
D009114,O009763,RIDER1359,21,22,19,3.8,1
D009115,O009764,RIDER1560,39,50,21,1.3,11
D009116,O009765,RIDER2173,24,27,21,3.3,3
D009117,O009767,RIDER2428,40,50,18,8.7,10
D009118,O009768,RIDER0839,30,43,37,0.4,13
D009119,O009769,RIDER1541,31,34,36,1.8,3
D009120,O009770,RIDER0066,29,29,31,2.3,0
D009121,O009771,RIDER0798,29,61,16,5.5,32
D009122,O009772,RIDER0591,46,67,17,1.6,21
D009123,O009773,RIDER0704,43,38,31,5.0,0
D009124,O009774,RIDER2109,26,28,37,10.6,2
D009125,O009776,RIDER0841,25,26,37,1.7,1
D009126,O009777,RIDER0563,27,25,25,9.1,0
D009127,O009778,RIDER0772,22,22,39,1.0,0
D009128,O009779,RIDER0253,38,43,18,1.1,5
D009129,O009780,RIDER1176,30,33,23,3.6,3
D009130,O009781,RIDER0982,68,73,15,6.3,5
D009131,O009782,RIDER2182,28,24,40,3.7,0
D009132,O009783,RIDER0502,31,34,30,4.1,3
D009133,O009784,RIDER1133,47,52,17,0.8,5
D009134,O009785,RIDER0875,41,36,31,7.1,0
D009135,O009786,RIDER1133,41,44,37,8.1,3
D009136,O009787,RIDER1052,21,21,14,1.1,0
D009137,O009788,RIDER1497,26,40,33,1.0,14
D009138,O009789,RIDER2316,27,39,27,2.6,12
D009139,O009790,RIDER1960,26,29,21,1.5,3
D009140,O009793,RIDER0693,23,49,39,4.1,26
D009141,O009794,RIDER0473,47,45,42,0.8,0
D009142,O009795,RIDER1893,33,29,32,1.2,0
D009143,O009796,RIDER0821,35,32,23,4.7,0
D009144,O009797,RIDER2415,25,20,35,3.0,0
D009145,O009798,RIDER0033,33,28,32,8.3,0
D009146,O009799,RIDER1126,28,34,25,1.5,6
D009147,O009800,RIDER0164,35,35,14,5.2,0
D009148,O009801,RIDER0625,38,35,15,5.3,0
D009149,O009802,RIDER2400,25,47,14,0.7,22
D009150,O009803,RIDER1393,38,34,31,1.4,0
D009151,O009804,RIDER0744,49,81,30,3.7,32
D009152,O009805,RIDER0758,42,38,15,6.4,0
D009153,O009806,RIDER0141,32,51,34,4.3,19
D009154,O009807,RIDER0828,24,38,31,8.6,14
D009155,O009808,RIDER0311,22,20,36,9.5,0
D009156,O009809,RIDER2406,33,64,18,0.6,31
D009157,O009810,RIDER1455,58,75,29,9.7,17
D009158,O009811,RIDER1025,32,64,23,1.1,32
D009159,O009812,RIDER1635,33,34,29,3.0,1
D009160,O009814,RIDER0049,64,97,38,6.6,33
D009161,O009815,RIDER0387,65,65,34,2.3,0
D009162,O009816,RIDER2400,23,38,32,7.1,15
D009163,O009817,RIDER2166,50,74,23,1.5,24
D009164,O009818,RIDER1633,29,32,24,2.1,3
D009165,O009819,RIDER1027,32,27,28,0.2,0
D009166,O009820,RIDER1608,23,22,42,0.7,0
D009167,O009821,RIDER0705,30,58,25,1.0,28
D009168,O009822,RIDER1187,24,21,41,0.2,0
D009169,O009824,RIDER2148,26,31,31,2.5,5
D009170,O009825,RIDER0660,42,43,29,3.1,1
D009171,O009826,RIDER0836,20,36,37,3.1,16
D009172,O009827,RIDER1823,54,85,42,0.4,31
D009173,O009829,RIDER2027,22,26,16,0.4,4
D009174,O009831,RIDER2214,49,54,37,0.8,5
D009175,O009832,RIDER0123,49,56,33,4.2,7
D009176,O009833,RIDER1825,41,43,40,4.3,2
D009177,O009834,RIDER0554,33,33,16,2.3,0
D009178,O009835,RIDER2135,34,47,37,1.6,13
D009179,O009836,RIDER1877,55,50,36,2.1,0
D009180,O009837,RIDER0624,39,40,14,1.2,1
D009181,O009838,RIDER1504,47,46,33,3.4,0
D009182,O009839,RIDER2300,24,26,23,3.6,2
D009183,O009840,RIDER0198,33,35,14,1.7,2
D009184,O009841,RIDER1840,33,36,33,3.8,3
D009185,O009842,RIDER2406,33,63,18,3.4,30
D009186,O009843,RIDER1664,21,16,29,3.6,0
D009187,O009844,RIDER2154,51,61,21,2.8,10
D009188,O009845,RIDER2239,28,30,21,1.6,2
D009189,O009846,RIDER1173,26,24,40,0.4,0
D009190,O009847,RIDER1248,42,37,37,1.5,0
D009191,O009849,RIDER2002,25,23,14,6.0,0
D009192,O009850,RIDER2384,22,26,31,2.7,4
D009193,O009852,RIDER2388,28,59,28,2.2,31
D009194,O009853,RIDER0127,42,70,36,2.6,28
D009195,O009854,RIDER1326,41,72,34,1.1,31
D009196,O009855,RIDER1553,30,31,42,4.9,1
D009197,O009856,RIDER2177,34,64,37,4.4,30
D009198,O009858,RIDER0362,32,38,21,4.2,6
D009199,O009859,RIDER1000,29,56,42,7.0,27
D009200,O009860,RIDER1420,37,56,38,3.8,19
D009201,O009861,RIDER2325,24,58,25,1.3,34
D009202,O009862,RIDER0313,29,29,29,1.6,0
D009203,O009863,RIDER0572,24,21,21,4.6,0
D009204,O009864,RIDER0991,65,84,17,3.0,19
D009205,O009865,RIDER1114,24,23,15,3.7,0
D009206,O009866,RIDER1855,50,73,28,1.5,23
D009207,O009867,RIDER2023,27,42,28,3.4,15
D009208,O009868,RIDER0881,30,31,31,0.7,1
D009209,O009869,RIDER1394,24,22,25,2.5,0
D009210,O009870,RIDER1981,30,26,41,3.3,0
D009211,O009871,RIDER1490,28,35,39,5.5,7
D009212,O009872,RIDER1199,33,29,15,4.3,0
D009213,O009873,RIDER0707,34,36,39,1.1,2
D009214,O009874,RIDER2361,21,49,39,0.5,28
D009215,O009875,RIDER0338,41,73,35,10.6,32
D009216,O009876,RIDER2339,41,40,25,1.7,0
D009217,O009877,RIDER1624,32,35,36,8.3,3
D009218,O009878,RIDER2077,21,48,14,6.0,27
D009219,O009879,RIDER1834,35,31,34,2.1,0
D009220,O009880,RIDER1741,41,45,17,11.0,4
D009221,O009882,RIDER0810,33,38,40,4.3,5
D009222,O009883,RIDER2124,30,35,21,1.0,5
D009223,O009884,RIDER0791,36,37,36,3.2,1
D009224,O009885,RIDER2302,31,29,17,2.5,0
D009225,O009886,RIDER0551,27,28,30,4.0,1
D009226,O009887,RIDER1343,42,41,15,3.1,0
D009227,O009888,RIDER1803,47,54,42,0.8,7
D009228,O009889,RIDER0303,20,18,21,1.4,0
D009229,O009891,RIDER0611,40,73,22,0.9,33
D009230,O009892,RIDER2394,23,54,15,10.0,31
D009231,O009893,RIDER1462,35,38,18,2.6,3
D009232,O009894,RIDER0928,23,36,37,2.1,13
D009233,O009895,RIDER0510,30,35,37,1.9,5
D009234,O009897,RIDER1078,24,23,24,1.5,0
D009235,O009898,RIDER0841,26,26,21,2.6,0
D009236,O009899,RIDER1400,51,50,30,1.6,0
D009237,O009901,RIDER1218,38,34,27,1.3,0
D009238,O009902,RIDER1869,25,24,31,3.9,0
D009239,O009904,RIDER1837,29,32,29,2.8,3
D009240,O009905,RIDER0989,40,43,14,2.8,3
D009241,O009906,RIDER2447,34,29,34,6.4,0
D009242,O009907,RIDER0959,30,49,15,3.8,19
D009243,O009908,RIDER2362,37,32,38,5.0,0
D009244,O009909,RIDER1207,34,39,24,7.6,5
D009245,O009910,RIDER0755,25,23,36,5.9,0
D009246,O009911,RIDER1679,25,59,39,5.0,34
D009247,O009912,RIDER1436,31,41,32,3.2,10
D009248,O009913,RIDER0984,22,20,40,3.2,0
D009249,O009914,RIDER2333,32,47,14,2.7,15
D009250,O009915,RIDER2475,36,58,15,2.6,22
D009251,O009916,RIDER0584,31,47,31,3.1,16
D009252,O009917,RIDER1733,54,54,16,4.2,0
D009253,O009918,RIDER1091,26,26,38,6.5,0
D009254,O009919,RIDER1774,32,29,31,6.1,0
D009255,O009920,RIDER2285,28,27,23,2.9,0
D009256,O009921,RIDER1015,30,29,27,2.1,0
D009257,O009922,RIDER1206,39,56,14,1.4,17
D009258,O009923,RIDER1294,34,32,32,0.6,0
D009259,O009924,RIDER0572,28,27,15,8.0,0
D009260,O009925,RIDER0277,50,58,19,1.0,8
D009261,O009926,RIDER1014,28,47,32,1.7,19
D009262,O009927,RIDER1956,39,72,32,2.9,33
D009263,O009928,RIDER0465,53,53,29,6.6,0
D009264,O009929,RIDER2069,41,37,37,5.5,0
D009265,O009930,RIDER2497,22,41,17,0.7,19
D009266,O009931,RIDER1994,60,65,21,2.5,5
D009267,O009932,RIDER1236,26,29,30,0.6,3
D009268,O009933,RIDER2001,39,70,15,9.1,31
D009269,O009934,RIDER1536,34,32,22,1.6,0
D009270,O009935,RIDER1620,27,60,15,3.2,33
D009271,O009936,RIDER1215,31,36,18,7.4,5
D009272,O009937,RIDER1257,37,37,40,5.2,0
D009273,O009938,RIDER0038,26,25,28,4.1,0
D009274,O009940,RIDER2245,34,39,14,3.6,5
D009275,O009941,RIDER0534,30,30,25,0.6,0
D009276,O009942,RIDER0192,39,42,38,0.3,3
D009277,O009943,RIDER1304,37,57,38,2.1,20
D009278,O009944,RIDER1371,31,26,30,2.2,0
D009279,O009945,RIDER2083,36,40,38,1.4,4
D009280,O009946,RIDER1529,36,39,23,1.5,3
D009281,O009947,RIDER0034,30,25,21,3.5,0
D009282,O009948,RIDER0764,36,44,28,3.5,8
D009283,O009949,RIDER1511,36,34,14,5.0,0
D009284,O009950,RIDER2136,31,47,29,8.4,16
D009285,O009951,RIDER1052,35,34,38,4.1,0
D009286,O009952,RIDER1274,35,30,21,3.5,0
D009287,O009953,RIDER0149,41,66,15,3.0,25
D009288,O009954,RIDER0378,34,43,39,1.3,9
D009289,O009955,RIDER1535,42,50,38,2.3,8
D009290,O009956,RIDER2433,31,59,30,6.8,28
D009291,O009957,RIDER1063,29,29,31,5.6,0
D009292,O009958,RIDER0133,51,50,16,2.2,0
D009293,O009959,RIDER1387,37,40,31,2.5,3
D009294,O009960,RIDER2213,37,55,42,1.8,18
D009295,O009961,RIDER0216,36,34,42,3.5,0
D009296,O009963,RIDER0109,38,58,42,4.0,20
D009297,O009964,RIDER1267,32,29,16,4.1,0
D009298,O009965,RIDER1208,45,78,21,2.1,33
D009299,O009966,RIDER0189,39,69,35,0.8,30
D009300,O009967,RIDER0806,24,28,23,2.1,4
D009301,O009968,RIDER2072,51,49,19,2.9,0
D009302,O009969,RIDER0244,29,55,29,15.4,26
D009303,O009971,RIDER1395,28,32,32,0.4,4
D009304,O009972,RIDER0090,37,55,16,2.5,18
D009305,O009973,RIDER1332,33,37,22,0.6,4
D009306,O009974,RIDER2316,36,31,24,2.8,0
D009307,O009975,RIDER1778,39,64,42,2.0,25
D009308,O009976,RIDER1086,35,47,21,4.6,12
D009309,O009977,RIDER1830,29,36,33,2.3,7
D009310,O009978,RIDER1360,32,38,34,1.8,6
D009311,O009980,RIDER1662,36,41,37,0.9,5
D009312,O009981,RIDER1510,44,73,22,4.7,29
D009313,O009982,RIDER0385,26,24,16,5.0,0
D009314,O009983,RIDER0697,37,57,33,1.6,20
D009315,O009984,RIDER1664,24,22,29,3.3,0
D009316,O009985,RIDER1929,35,66,27,5.1,31
D009317,O009986,RIDER2040,34,61,30,2.1,27
D009318,O009987,RIDER1824,46,63,38,1.7,17
D009319,O009988,RIDER0225,33,36,24,7.9,3
D009320,O009989,RIDER1077,23,18,14,1.8,0
D009321,O009991,RIDER0651,38,41,15,1.3,3
D009322,O009992,RIDER2282,26,32,30,5.9,6
D009323,O009993,RIDER0704,24,26,36,7.3,2
D009324,O009994,RIDER0359,35,59,22,3.3,24
D009325,O009995,RIDER0386,33,54,39,5.8,21
D009326,O009996,RIDER2165,37,70,33,2.1,33
D009327,O009997,RIDER1982,27,30,20,1.7,3
D009328,O009998,RIDER0968,51,48,28,1.1,0
D009329,O009999,RIDER1820,26,23,14,1.1,0
D009330,O010000,RIDER0347,55,77,38,1.6,22
D009331,O010001,RIDER1187,37,40,39,5.5,3
D009332,O010002,RIDER1752,67,65,15,2.8,0
D009333,O010003,RIDER1566,49,66,33,5.1,17
D009334,O010004,RIDER0301,34,41,31,4.2,7
D009335,O010005,RIDER1156,23,31,40,2.8,8
D009336,O010006,RIDER1037,25,48,38,5.3,23
D009337,O010007,RIDER0463,24,22,24,3.4,0
D009338,O010008,RIDER1746,25,21,15,2.3,0
D009339,O010009,RIDER1669,19,25,23,4.9,6
D009340,O010010,RIDER0485,21,24,18,0.4,3
D009341,O010011,RIDER0166,25,33,31,1.8,8
D009342,O010012,RIDER0276,68,81,31,0.2,13
D009343,O010013,RIDER2180,30,26,15,6.6,0
D009344,O010014,RIDER0689,35,31,19,2.2,0
D009345,O010015,RIDER1019,24,28,30,4.5,4
D009346,O010016,RIDER1035,39,41,29,2.9,2
D009347,O010017,RIDER1029,39,63,37,0.5,24
D009348,O010018,RIDER0172,26,34,39,2.7,8
D009349,O010019,RIDER0102,34,59,35,0.3,25
D009350,O010020,RIDER2479,27,26,38,3.2,0
D009351,O010021,RIDER1263,66,70,41,1.2,4
D009352,O010022,RIDER0920,29,49,34,3.4,20
D009353,O010023,RIDER1962,24,20,20,4.2,0
D009354,O010024,RIDER1713,40,68,20,3.0,28
D009355,O010025,RIDER2160,29,44,14,4.5,15
D009356,O010026,RIDER0664,40,35,15,6.9,0
D009357,O010027,RIDER1296,23,40,27,4.1,17
D009358,O010028,RIDER0024,35,62,41,2.3,27
D009359,O010029,RIDER0439,34,36,14,1.2,2
D009360,O010030,RIDER2370,27,33,15,1.6,6
D009361,O010031,RIDER1950,51,60,24,3.4,9
D009362,O010032,RIDER1016,34,36,42,5.7,2
D009363,O010033,RIDER0797,28,35,41,2.2,7
D009364,O010034,RIDER2194,25,57,37,0.9,32
D009365,O010035,RIDER0307,28,24,24,11.7,0
D009366,O010036,RIDER0746,40,47,39,6.7,7
D009367,O010037,RIDER2241,31,26,31,1.9,0
D009368,O010038,RIDER0797,34,54,27,3.1,20
D009369,O010039,RIDER2222,38,33,32,1.6,0
D009370,O010040,RIDER1462,32,30,21,0.7,0
D009371,O010041,RIDER2300,39,43,24,1.5,4
D009372,O010042,RIDER0082,28,29,33,1.6,1
D009373,O010043,RIDER0234,22,21,15,0.9,0
D009374,O010044,RIDER0126,32,63,26,0.3,31
D009375,O010045,RIDER2365,49,58,31,2.8,9
D009376,O010046,RIDER0029,49,50,22,1.4,1
D009377,O010048,RIDER1293,41,45,32,1.2,4
D009378,O010050,RIDER1408,38,35,29,0.9,0
D009379,O010051,RIDER0409,38,45,24,2.4,7
D009380,O010052,RIDER0177,31,31,22,1.0,0
D009381,O010053,RIDER1900,44,44,32,3.2,0
D009382,O010054,RIDER1169,40,46,31,1.6,6
D009383,O010055,RIDER1565,30,63,34,8.0,33
D009384,O010056,RIDER0848,24,57,32,4.6,33
D009385,O010058,RIDER2217,44,61,40,0.8,17
D009386,O010059,RIDER1209,67,71,14,2.8,4
D009387,O010060,RIDER0225,39,38,24,6.0,0
D009388,O010061,RIDER1563,40,59,39,2.7,19
D009389,O010062,RIDER0613,39,56,39,3.1,17
D009390,O010063,RIDER0736,24,37,42,0.9,13
D009391,O010064,RIDER1596,20,54,16,0.9,34
D009392,O010065,RIDER0280,45,51,26,1.5,6
D009393,O010067,RIDER0802,37,44,19,1.0,7
D009394,O010069,RIDER0277,41,73,42,3.4,32
D009395,O010070,RIDER2259,50,65,20,1.9,15
D009396,O010071,RIDER2326,50,58,30,1.0,8
D009397,O010072,RIDER1425,41,64,18,0.5,23
D009398,O010073,RIDER2331,24,38,22,17.1,14
D009399,O010074,RIDER0148,24,29,36,3.8,5
D009400,O010075,RIDER0889,25,30,28,4.0,5
D009401,O010076,RIDER1098,23,31,33,0.6,8
D009402,O010077,RIDER1835,26,34,31,3.6,8
D009403,O010078,RIDER2246,35,34,19,3.8,0
D009404,O010079,RIDER1865,30,26,18,2.1,0
D009405,O010080,RIDER2388,30,63,14,0.7,33
D009406,O010081,RIDER1561,49,55,31,1.2,6
D009407,O010082,RIDER1690,26,45,21,1.0,19
D009408,O010083,RIDER1843,29,26,21,3.8,0
D009409,O010084,RIDER0852,29,28,14,17.3,0
D009410,O010085,RIDER2047,35,31,32,2.8,0
D009411,O010086,RIDER0738,34,38,40,0.7,4
D009412,O010087,RIDER1704,45,61,29,5.2,16
D009413,O010088,RIDER0836,26,41,37,3.2,15
D009414,O010089,RIDER1203,35,30,39,2.4,0
D009415,O010090,RIDER0033,37,44,21,4.4,7
D009416,O010091,RIDER0724,32,29,24,1.0,0
D009417,O010092,RIDER1199,35,52,16,1.5,17
D009418,O010093,RIDER0628,26,26,41,3.7,0
D009419,O010094,RIDER0989,37,35,31,4.4,0
D009420,O010095,RIDER1941,23,28,37,1.9,5
D009421,O010096,RIDER1725,25,31,25,3.5,6
D009422,O010097,RIDER1511,20,15,14,1.0,0
D009423,O010098,RIDER2335,32,32,22,3.9,0
D009424,O010099,RIDER2453,33,31,15,0.8,0
D009425,O010100,RIDER1836,39,47,37,1.0,8
D009426,O010101,RIDER1757,35,39,23,0.1,4
D009427,O010102,RIDER1979,42,40,37,6.2,0
D009428,O010104,RIDER0103,29,48,16,3.2,19
D009429,O010105,RIDER0794,25,27,21,2.5,2
D009430,O010106,RIDER1547,25,20,30,2.1,0
D009431,O010107,RIDER1305,39,45,29,5.5,6
D009432,O010108,RIDER0964,29,24,33,1.0,0
D009433,O010109,RIDER1407,30,47,36,7.9,17
D009434,O010110,RIDER1670,70,67,28,1.5,0
D009435,O010111,RIDER2477,32,57,35,0.6,25
D009436,O010112,RIDER0945,30,30,41,1.8,0
D009437,O010113,RIDER0630,47,54,42,6.0,7
D009438,O010114,RIDER1386,29,47,33,2.6,18
D009439,O010115,RIDER2153,30,37,14,5.5,7
D009440,O010116,RIDER2056,24,19,32,1.5,0
D009441,O010117,RIDER0892,29,31,37,6.1,2
D009442,O010118,RIDER0653,46,49,28,0.4,3
D009443,O010119,RIDER1238,40,39,18,6.5,0
D009444,O010120,RIDER1474,42,39,16,1.0,0
D009445,O010121,RIDER0963,21,20,29,1.2,0
D009446,O010122,RIDER0453,26,22,31,1.9,0
D009447,O010123,RIDER2180,30,28,23,5.9,0
D009448,O010124,RIDER1823,47,48,19,3.0,1
D009449,O010125,RIDER1075,25,57,34,3.1,32
D009450,O010126,RIDER0551,42,44,36,0.6,2
D009451,O010128,RIDER0627,24,25,21,0.7,1
D009452,O010129,RIDER2341,32,30,35,2.3,0
D009453,O010130,RIDER1280,31,38,14,1.7,7
D009454,O010132,RIDER0279,23,28,16,4.0,5
D009455,O010133,RIDER0618,37,41,28,0.5,4
D009456,O010134,RIDER2182,25,47,40,2.8,22
D009457,O010135,RIDER1622,33,31,29,0.1,0
D009458,O010136,RIDER1483,31,38,42,1.5,7
D009459,O010137,RIDER0554,25,20,16,0.8,0
D009460,O010138,RIDER2178,29,24,16,2.1,0
D009461,O010141,RIDER1529,32,40,42,2.4,8
D009462,O010142,RIDER1457,28,29,31,2.4,1
D009463,O010144,RIDER0142,49,57,17,1.5,8
D009464,O010145,RIDER2079,32,33,42,1.2,1
D009465,O010146,RIDER0090,25,24,22,4.3,0
D009466,O010147,RIDER0698,30,38,23,1.7,8
D009467,O010148,RIDER1277,18,36,41,6.7,18
D009468,O010149,RIDER1104,38,40,31,0.5,2
D009469,O010150,RIDER1348,51,49,21,2.3,0
D009470,O010151,RIDER0849,58,89,27,2.7,31
D009471,O010152,RIDER0748,41,40,41,2.9,0
D009472,O010153,RIDER1969,31,64,14,3.6,33
D009473,O010154,RIDER0345,26,23,37,4.2,0
D009474,O010155,RIDER0495,70,76,28,4.7,6
D009475,O010156,RIDER1982,34,49,37,3.8,15
D009476,O010157,RIDER2309,46,48,38,3.0,2
D009477,O010158,RIDER0409,32,36,36,1.3,4
D009478,O010159,RIDER0529,42,67,32,2.0,25
D009479,O010160,RIDER0462,42,62,37,2.9,20
D009480,O010161,RIDER2409,35,39,17,3.5,4
D009481,O010162,RIDER1797,26,57,27,4.8,31
D009482,O010163,RIDER2289,23,28,38,2.5,5
D009483,O010164,RIDER0895,32,29,42,1.8,0
D009484,O010165,RIDER0886,30,35,23,3.2,5
D009485,O010166,RIDER1199,57,66,28,2.6,9
D009486,O010167,RIDER2156,31,30,37,0.4,0
D009487,O010168,RIDER1093,22,21,31,3.6,0
D009488,O010170,RIDER1218,34,30,42,6.6,0
D009489,O010171,RIDER1310,30,33,25,1.8,3
D009490,O010172,RIDER0398,31,29,27,0.9,0
D009491,O010174,RIDER0018,43,50,36,6.2,7
D009492,O010175,RIDER0165,29,33,29,2.3,4
D009493,O010176,RIDER0431,21,22,18,2.4,1
D009494,O010177,RIDER1561,39,38,29,5.2,0
D009495,O010178,RIDER2249,30,26,15,0.4,0
D009496,O010180,RIDER1602,28,56,21,1.0,28
D009497,O010181,RIDER1223,37,41,39,1.5,4
D009498,O010182,RIDER2298,32,64,22,2.2,32
D009499,O010183,RIDER1054,39,35,17,3.0,0
D009500,O010184,RIDER1029,47,79,36,1.2,32
D009501,O010185,RIDER2041,21,26,28,7.9,5
D009502,O010186,RIDER2498,43,42,18,5.6,0
D009503,O010188,RIDER1947,29,50,22,0.4,21
D009504,O010189,RIDER2423,35,36,30,2.4,1
D009505,O010190,RIDER1208,26,25,22,1.1,0
D009506,O010191,RIDER2198,29,36,16,7.6,7
D009507,O010192,RIDER1229,32,42,15,4.8,10
D009508,O010193,RIDER0113,27,34,34,10.1,7
D009509,O010194,RIDER1213,36,59,22,1.4,23
D009510,O010195,RIDER1708,28,36,27,8.6,8
D009511,O010196,RIDER0446,26,27,27,5.8,1
D009512,O010197,RIDER1708,27,60,31,6.8,33
D009513,O010198,RIDER1544,66,84,28,1.4,18
D009514,O010199,RIDER0804,36,32,31,0.6,0
D009515,O010200,RIDER1631,33,59,33,2.2,26
D009516,O010201,RIDER2267,42,73,16,2.5,31
D009517,O010202,RIDER2149,30,29,38,1.7,0
D009518,O010203,RIDER0601,29,40,34,3.5,11
D009519,O010204,RIDER2011,28,23,27,5.7,0
D009520,O010206,RIDER0990,26,37,34,0.7,11
D009521,O010207,RIDER1960,28,56,20,0.9,28
D009522,O010209,RIDER1688,25,32,27,6.6,7
D009523,O010210,RIDER0439,32,28,25,1.8,0
D009524,O010211,RIDER0996,28,35,27,0.8,7
D009525,O010212,RIDER1377,33,38,28,4.0,5
D009526,O010213,RIDER0482,29,57,18,5.3,28
D009527,O010214,RIDER1407,36,49,38,1.7,13
D009528,O010215,RIDER1149,32,36,32,4.7,4
D009529,O010216,RIDER1147,32,39,35,3.3,7
D009530,O010218,RIDER0751,40,36,28,2.6,0
D009531,O010219,RIDER0831,42,39,22,5.4,0
D009532,O010220,RIDER2280,39,50,27,1.5,11
D009533,O010221,RIDER2331,27,30,24,5.1,3
D009534,O010222,RIDER0981,26,29,26,2.9,3
D009535,O010223,RIDER0589,40,40,24,7.9,0
D009536,O010224,RIDER0651,25,49,38,0.3,24
D009537,O010225,RIDER1385,30,56,19,0.3,26
D009538,O010226,RIDER2145,33,31,22,1.5,0
D009539,O010227,RIDER1668,24,57,27,9.9,33
D009540,O010228,RIDER2272,21,22,14,2.3,1
D009541,O010229,RIDER1002,23,29,22,4.1,6
D009542,O010230,RIDER2353,29,56,24,0.9,27
D009543,O010231,RIDER1566,33,55,18,3.1,22
D009544,O010232,RIDER2177,29,29,17,1.9,0
D009545,O010233,RIDER0256,50,61,36,1.2,11
D009546,O010234,RIDER1591,28,35,18,4.7,7
D009547,O010235,RIDER1683,31,29,33,2.9,0
D009548,O010236,RIDER1540,24,25,18,1.4,1
D009549,O010237,RIDER1701,36,33,21,3.4,0
D009550,O010238,RIDER1245,26,24,37,1.9,0
D009551,O010239,RIDER2488,56,56,31,2.2,0
D009552,O010240,RIDER0849,23,26,42,6.9,3
D009553,O010241,RIDER0230,25,31,18,2.9,6
D009554,O010242,RIDER1859,27,26,16,1.1,0
D009555,O010243,RIDER1033,30,25,30,2.8,0
D009556,O010244,RIDER0781,30,55,24,7.3,25
D009557,O010245,RIDER2101,41,41,32,4.2,0
D009558,O010246,RIDER0790,45,57,23,4.1,12
D009559,O010247,RIDER0960,27,30,42,14.0,3
D009560,O010248,RIDER0191,27,33,22,3.2,6
D009561,O010249,RIDER1050,36,37,27,1.9,1
D009562,O010250,RIDER1343,38,67,21,0.4,29
D009563,O010251,RIDER2038,52,59,33,6.7,7
D009564,O010253,RIDER1274,54,73,21,1.1,19
D009565,O010254,RIDER2340,20,38,33,0.6,18
D009566,O010255,RIDER1734,40,47,27,6.1,7
D009567,O010256,RIDER2358,37,52,22,2.6,15
D009568,O010257,RIDER1034,32,61,41,5.5,29
D009569,O010258,RIDER0704,35,68,31,4.3,33
D009570,O010259,RIDER0604,33,35,23,5.8,2
D009571,O010260,RIDER0662,42,43,32,1.9,1
D009572,O010261,RIDER0766,37,47,36,2.6,10
D009573,O010262,RIDER0007,39,41,35,5.0,2
D009574,O010264,RIDER1177,48,78,19,0.1,30
D009575,O010265,RIDER1964,51,77,30,2.8,26
D009576,O010266,RIDER2282,27,22,40,3.6,0
D009577,O010267,RIDER1222,40,35,15,2.9,0
D009578,O010268,RIDER0129,47,49,15,2.9,2
D009579,O010269,RIDER0671,27,34,27,1.5,7
D009580,O010270,RIDER1263,50,65,33,3.7,15
D009581,O010272,RIDER0674,27,39,36,0.9,12
D009582,O010273,RIDER0861,30,26,35,0.8,0
D009583,O010274,RIDER0965,43,44,31,2.8,1
D009584,O010276,RIDER2433,21,22,29,4.4,1
D009585,O010277,RIDER2484,27,22,21,3.7,0
D009586,O010278,RIDER0168,21,25,24,2.8,4
D009587,O010279,RIDER0158,39,34,33,7.1,0
D009588,O010281,RIDER1335,31,39,38,4.2,8
D009589,O010282,RIDER0537,41,70,14,0.9,29
D009590,O010283,RIDER2088,18,22,38,2.3,4
D009591,O010284,RIDER1618,22,24,35,11.8,2
D009592,O010285,RIDER1319,47,43,14,2.6,0
D009593,O010286,RIDER0757,35,35,24,3.3,0
D009594,O010287,RIDER0299,30,31,22,5.2,1
D009595,O010288,RIDER0277,30,36,31,7.3,6
D009596,O010289,RIDER0892,26,25,27,2.2,0
D009597,O010290,RIDER2284,26,21,17,2.0,0
D009598,O010291,RIDER1347,24,30,31,2.6,6
D009599,O010292,RIDER0727,29,26,22,2.1,0
D009600,O010293,RIDER1576,23,28,21,3.1,5
D009601,O010294,RIDER1117,23,24,33,1.3,1
D009602,O010295,RIDER0609,26,22,16,0.5,0
D009603,O010296,RIDER1914,37,63,25,1.1,26
D009604,O010297,RIDER0794,42,46,34,5.2,4
D009605,O010298,RIDER2334,39,36,36,1.8,0
D009606,O010299,RIDER1739,30,33,22,2.7,3
D009607,O010300,RIDER0189,27,23,34,2.6,0
D009608,O010301,RIDER1786,28,28,22,0.5,0
D009609,O010302,RIDER0312,22,19,21,1.5,0
D009610,O010303,RIDER1830,40,37,16,4.5,0
D009611,O010304,RIDER1530,30,39,42,3.4,9
D009612,O010305,RIDER1618,49,56,28,6.3,7
D009613,O010306,RIDER1971,26,45,35,5.7,19
D009614,O010307,RIDER1486,27,28,29,1.3,1
D009615,O010308,RIDER1755,26,56,14,1.8,30
D009616,O010309,RIDER0372,43,51,27,1.9,8
D009617,O010310,RIDER2198,41,69,24,1.4,28
D009618,O010311,RIDER1949,28,24,37,4.9,0
D009619,O010312,RIDER0824,24,31,25,1.1,7
D009620,O010313,RIDER1671,27,25,22,0.8,0
D009621,O010314,RIDER0684,37,53,20,0.1,16
D009622,O010315,RIDER1092,41,45,15,4.1,4
D009623,O010316,RIDER0962,29,25,23,1.5,0
D009624,O010317,RIDER0454,24,29,27,1.4,5
D009625,O010318,RIDER0891,34,58,19,2.2,24
D009626,O010319,RIDER0738,37,61,16,0.2,24
D009627,O010321,RIDER0986,37,71,16,6.3,34
D009628,O010322,RIDER0992,53,60,32,2.3,7
D009629,O010323,RIDER0061,31,29,29,7.4,0
D009630,O010325,RIDER0498,29,43,27,3.7,14
D009631,O010326,RIDER1350,28,28,32,2.2,0
D009632,O010327,RIDER0389,27,28,37,1.5,1
D009633,O010328,RIDER0769,39,41,37,1.8,2
D009634,O010329,RIDER0587,23,26,33,0.7,3
D009635,O010330,RIDER2373,28,37,39,4.6,9
D009636,O010331,RIDER2078,35,39,16,2.5,4
D009637,O010332,RIDER1186,37,39,29,7.9,2
D009638,O010333,RIDER1701,66,68,27,1.3,2
D009639,O010334,RIDER0405,53,70,39,3.4,17
D009640,O010335,RIDER0770,48,48,31,0.5,0
D009641,O010336,RIDER1568,31,29,14,7.4,0
D009642,O010337,RIDER1579,44,45,35,7.9,1
D009643,O010338,RIDER1433,56,90,33,2.2,34
D009644,O010339,RIDER0197,36,34,25,3.6,0
D009645,O010340,RIDER0767,37,66,31,4.4,29
D009646,O010341,RIDER1367,31,31,15,1.4,0
D009647,O010342,RIDER2259,27,34,40,1.2,7
D009648,O010343,RIDER1796,19,22,33,0.8,3
D009649,O010344,RIDER0859,29,38,21,1.0,9
D009650,O010345,RIDER1345,22,18,42,1.2,0
D009651,O010346,RIDER0952,29,30,15,5.9,1
D009652,O010347,RIDER1705,37,43,32,5.4,6
D009653,O010349,RIDER2253,49,51,21,6.1,2
D009654,O010350,RIDER2281,30,27,18,1.1,0
D009655,O010351,RIDER1081,60,78,24,7.8,18
D009656,O010352,RIDER0748,21,21,18,2.5,0
D009657,O010353,RIDER0204,30,42,38,0.5,12
D009658,O010354,RIDER1900,26,34,25,2.2,8
D009659,O010356,RIDER0356,29,29,21,4.2,0
D009660,O010358,RIDER0888,28,50,14,0.9,22
D009661,O010359,RIDER2174,54,71,26,1.5,17
D009662,O010360,RIDER0417,27,27,22,2.5,0
D009663,O010361,RIDER1098,28,26,33,3.3,0
D009664,O010362,RIDER2018,37,35,21,6.8,0
D009665,O010363,RIDER1335,26,26,31,5.4,0
D009666,O010364,RIDER1945,43,40,15,0.5,0
D009667,O010365,RIDER1084,23,25,23,3.4,2
D009668,O010366,RIDER1761,26,30,33,1.1,4
D009669,O010367,RIDER2229,38,50,22,2.2,12
D009670,O010368,RIDER2187,27,35,42,2.7,8
D009671,O010370,RIDER1278,56,52,24,11.2,0
D009672,O010371,RIDER2012,28,48,24,3.5,20
D009673,O010372,RIDER0899,63,61,21,1.1,0
D009674,O010373,RIDER0002,44,49,25,0.8,5
D009675,O010374,RIDER2108,27,33,17,3.9,6
D009676,O010375,RIDER2381,25,56,35,6.1,31
D009677,O010376,RIDER1498,31,58,14,0.5,27
D009678,O010377,RIDER0909,32,28,22,1.7,0
D009679,O010378,RIDER1452,23,29,38,1.5,6
D009680,O010379,RIDER0487,24,19,33,0.9,0
D009681,O010380,RIDER0068,36,50,33,6.3,14
D009682,O010381,RIDER2346,37,43,31,6.2,6
D009683,O010382,RIDER1405,29,25,27,0.3,0
D009684,O010383,RIDER0768,32,62,31,2.1,30
D009685,O010384,RIDER2320,32,38,31,2.0,6
D009686,O010385,RIDER0857,38,49,22,0.8,11
D009687,O010387,RIDER1287,30,30,16,2.0,0
D009688,O010388,RIDER0835,32,65,31,2.9,33
D009689,O010389,RIDER1969,41,58,19,2.0,17
D009690,O010391,RIDER1399,40,36,33,2.4,0
D009691,O010392,RIDER0826,35,34,27,0.6,0
D009692,O010393,RIDER0511,31,30,38,1.5,0
D009693,O010394,RIDER2044,41,54,18,0.8,13
D009694,O010395,RIDER2422,39,51,19,1.0,12
D009695,O010396,RIDER1411,39,42,16,1.2,3
D009696,O010397,RIDER0709,26,44,36,1.6,18
D009697,O010398,RIDER1903,35,41,34,2.6,6
D009698,O010399,RIDER1200,51,55,19,2.9,4
D009699,O010400,RIDER1334,32,47,14,2.1,15
D009700,O010401,RIDER0735,38,47,38,3.0,9
D009701,O010402,RIDER1046,28,23,18,9.7,0
D009702,O010403,RIDER2388,29,36,15,5.1,7
D009703,O010404,RIDER0779,34,36,33,1.5,2
D009704,O010405,RIDER2413,30,33,34,3.0,3
D009705,O010406,RIDER1902,21,42,31,7.1,21
D009706,O010407,RIDER2145,36,45,14,2.8,9
D009707,O010408,RIDER1996,28,31,20,5.1,3
D009708,O010409,RIDER1402,36,61,38,10.0,25
D009709,O010410,RIDER0140,33,40,17,0.5,7
D009710,O010411,RIDER1615,38,42,33,0.1,4
D009711,O010412,RIDER1566,25,22,38,0.8,0
D009712,O010413,RIDER1426,32,30,21,4.8,0
D009713,O010414,RIDER1428,31,33,16,0.6,2
D009714,O010415,RIDER0996,22,53,41,4.7,31
D009715,O010416,RIDER2372,26,42,31,1.8,16
D009716,O010417,RIDER0623,33,28,14,11.1,0
D009717,O010418,RIDER1104,34,36,39,3.3,2
D009718,O010419,RIDER0840,24,54,39,2.4,30
D009719,O010420,RIDER1969,34,35,30,2.9,1
D009720,O010421,RIDER0145,53,49,39,0.9,0
D009721,O010422,RIDER0403,27,54,15,1.7,27
D009722,O010423,RIDER1357,31,38,40,6.1,7
D009723,O010424,RIDER0526,25,46,23,4.5,21
D009724,O010425,RIDER1275,69,88,35,7.0,19
D009725,O010426,RIDER0473,23,33,40,4.1,10
D009726,O010427,RIDER1042,41,39,17,1.4,0
D009727,O010428,RIDER1296,45,40,24,2.7,0
D009728,O010429,RIDER0750,25,22,33,2.3,0
D009729,O010430,RIDER2497,50,71,16,1.5,21
D009730,O010431,RIDER0420,36,39,18,0.2,3
D009731,O010433,RIDER1800,35,35,16,2.5,0
D009732,O010434,RIDER0095,47,47,23,1.8,0
D009733,O010435,RIDER0860,70,99,15,0.8,29
D009734,O010436,RIDER0989,20,24,25,3.0,4
D009735,O010437,RIDER0847,41,49,25,5.3,8
D009736,O010438,RIDER2039,30,34,25,0.3,4
D009737,O010439,RIDER0185,38,34,34,4.1,0
D009738,O010440,RIDER0929,42,47,36,2.1,5
D009739,O010441,RIDER0933,34,39,16,2.5,5
D009740,O010442,RIDER2156,30,27,14,4.2,0
D009741,O010443,RIDER0940,50,69,32,5.6,19
D009742,O010444,RIDER0672,45,43,16,2.2,0
D009743,O010445,RIDER1149,23,44,29,2.3,21
D009744,O010446,RIDER1677,27,30,33,1.2,3
D009745,O010447,RIDER0892,24,23,14,0.5,0
D009746,O010448,RIDER2385,25,46,15,2.7,21
D009747,O010450,RIDER0995,34,41,15,0.3,7
D009748,O010451,RIDER0914,25,25,14,7.2,0
D009749,O010452,RIDER2264,35,37,14,0.4,2
D009750,O010453,RIDER2164,36,55,19,11.8,19
D009751,O010454,RIDER0968,29,28,21,1.0,0
D009752,O010455,RIDER0474,41,74,31,1.5,33
D009753,O010456,RIDER0250,33,32,40,4.3,0
D009754,O010457,RIDER0088,24,26,22,5.1,2
D009755,O010458,RIDER0950,36,48,33,8.6,12
D009756,O010459,RIDER1516,31,32,18,6.6,1
D009757,O010460,RIDER0265,41,46,33,8.0,5
D009758,O010461,RIDER2111,32,27,39,3.2,0
D009759,O010462,RIDER0470,43,74,40,2.2,31
D009760,O010463,RIDER2038,34,60,30,2.2,26
D009761,O010464,RIDER1139,30,26,20,1.2,0
D009762,O010465,RIDER2198,20,26,19,1.9,6
D009763,O010466,RIDER2158,26,31,18,2.3,5
D009764,O010467,RIDER1638,33,49,23,2.4,16
D009765,O010468,RIDER1921,32,39,15,1.4,7
D009766,O010469,RIDER0385,54,57,42,1.9,3
D009767,O010470,RIDER1169,31,55,14,3.0,24
D009768,O010472,RIDER2180,36,66,31,2.6,30
D009769,O010473,RIDER2009,25,57,25,1.2,32
D009770,O010474,RIDER0340,38,42,15,4.2,4
D009771,O010475,RIDER2478,28,31,28,7.7,3
D009772,O010476,RIDER2008,27,33,18,5.0,6
D009773,O010477,RIDER1551,28,27,18,1.9,0
D009774,O010478,RIDER0158,45,61,15,2.0,16
D009775,O010479,RIDER0979,40,41,42,2.2,1
D009776,O010480,RIDER0431,28,27,38,4.4,0
D009777,O010481,RIDER1781,60,66,31,5.7,6
D009778,O010482,RIDER0141,38,47,25,1.1,9
D009779,O010483,RIDER1301,31,62,37,2.1,31
D009780,O010484,RIDER1979,46,49,15,2.0,3
D009781,O010485,RIDER1472,24,25,35,2.8,1
D009782,O010486,RIDER2215,23,52,14,0.6,29
D009783,O010487,RIDER1640,21,20,29,0.2,0
D009784,O010488,RIDER2147,30,64,40,0.6,34
D009785,O010489,RIDER1281,31,32,32,4.9,1
D009786,O010490,RIDER2003,24,31,16,0.3,7
D009787,O010491,RIDER0126,38,42,21,2.2,4
D009788,O010492,RIDER1888,36,41,33,0.9,5
D009789,O010493,RIDER0166,30,44,31,6.2,14
D009790,O010494,RIDER1573,35,31,17,0.8,0
D009791,O010495,RIDER1069,27,25,20,1.2,0
D009792,O010496,RIDER1910,36,31,42,2.5,0
D009793,O010497,RIDER1022,29,49,33,0.4,20
D009794,O010498,RIDER1705,31,30,31,2.7,0
D009795,O010499,RIDER1326,45,41,41,7.2,0
D009796,O010500,RIDER0462,30,25,20,1.2,0
D009797,O010501,RIDER2500,32,34,20,5.7,2
D009798,O010502,RIDER0938,31,35,23,6.8,4
D009799,O010503,RIDER0318,21,20,38,6.2,0
D009800,O010504,RIDER2182,33,37,28,2.9,4
D009801,O010505,RIDER0596,36,52,35,2.4,16
D009802,O010506,RIDER0806,50,83,28,1.4,33
D009803,O010507,RIDER2271,29,34,31,2.5,5
D009804,O010508,RIDER0249,36,38,21,3.2,2
D009805,O010509,RIDER0150,32,30,21,4.4,0
D009806,O010510,RIDER0460,26,28,23,3.5,2
D009807,O010511,RIDER2488,36,42,36,1.1,6
D009808,O010512,RIDER0908,31,58,16,4.8,27
D009809,O010514,RIDER0695,44,51,18,5.5,7
D009810,O010515,RIDER2410,36,65,34,1.0,29
D009811,O010516,RIDER1435,41,39,32,0.6,0
D009812,O010517,RIDER0309,43,50,28,1.7,7
D009813,O010518,RIDER1655,33,32,33,6.6,0
D009814,O010519,RIDER0951,26,24,36,7.8,0
D009815,O010520,RIDER1294,23,23,15,2.3,0
D009816,O010521,RIDER1498,33,30,41,7.6,0
D009817,O010522,RIDER1493,32,39,31,6.6,7
D009818,O010523,RIDER1740,26,31,19,1.6,5
D009819,O010524,RIDER1719,28,25,14,4.2,0
D009820,O010525,RIDER1224,31,36,25,4.2,5
D009821,O010526,RIDER2165,23,21,40,1.1,0
D009822,O010527,RIDER1753,42,58,14,9.5,16
D009823,O010528,RIDER0670,43,69,28,3.3,26
D009824,O010529,RIDER1862,40,35,30,3.9,0
D009825,O010530,RIDER0078,35,45,32,10.0,10
D009826,O010532,RIDER0608,28,31,25,3.1,3
D009827,O010533,RIDER0140,45,40,38,1.3,0
D009828,O010534,RIDER0004,30,48,22,3.5,18
D009829,O010535,RIDER1628,31,34,29,0.4,3
D009830,O010536,RIDER0166,39,65,35,2.2,26
D009831,O010537,RIDER0584,37,67,40,6.8,30
D009832,O010538,RIDER2390,29,29,21,2.0,0
D009833,O010539,RIDER0888,32,31,31,5.2,0
D009834,O010540,RIDER1571,27,25,38,0.7,0
D009835,O010541,RIDER0642,31,41,25,6.6,10
D009836,O010542,RIDER0785,34,38,14,2.1,4
D009837,O010543,RIDER2317,31,35,24,3.8,4
D009838,O010544,RIDER0482,54,57,15,1.0,3
D009839,O010545,RIDER1849,21,42,31,2.1,21
D009840,O010546,RIDER2139,39,36,18,2.8,0
D009841,O010547,RIDER0542,21,19,31,4.4,0
D009842,O010549,RIDER1218,29,25,21,2.3,0
D009843,O010550,RIDER1856,62,59,40,8.7,0
D009844,O010551,RIDER1839,40,42,30,2.8,2
D009845,O010552,RIDER2033,48,65,33,1.7,17
D009846,O010553,RIDER0440,22,29,14,2.2,7
D009847,O010555,RIDER1175,21,23,22,2.2,2
D009848,O010556,RIDER0076,33,48,18,1.4,15
D009849,O010557,RIDER0892,25,53,22,0.9,28
D009850,O010558,RIDER1547,31,26,27,1.5,0
D009851,O010559,RIDER2322,32,34,23,5.5,2
D009852,O010560,RIDER0609,35,35,27,3.4,0
D009853,O010561,RIDER0534,22,43,14,7.5,21
D009854,O010562,RIDER1001,26,34,33,1.7,8
D009855,O010563,RIDER1482,36,69,24,3.1,33
D009856,O010564,RIDER2032,36,54,32,0.9,18
D009857,O010565,RIDER0474,39,73,22,3.6,34
D009858,O010566,RIDER1208,22,27,27,1.0,5
D009859,O010567,RIDER1592,27,29,30,2.4,2
D009860,O010568,RIDER1445,34,67,15,4.4,33
D009861,O010569,RIDER2471,26,28,32,4.2,2
D009862,O010570,RIDER1271,35,67,27,0.1,32
D009863,O010571,RIDER0777,39,42,31,4.3,3
D009864,O010572,RIDER0894,42,42,31,5.3,0
D009865,O010573,RIDER0752,39,51,32,0.7,12
D009866,O010574,RIDER2220,32,28,27,1.5,0
D009867,O010575,RIDER1572,56,71,38,0.6,15
D009868,O010576,RIDER1306,24,31,16,3.5,7
D009869,O010577,RIDER1132,38,33,18,12.1,0
D009870,O010578,RIDER2036,28,28,37,10.2,0
D009871,O010579,RIDER1161,27,29,31,5.6,2
D009872,O010580,RIDER1989,36,31,36,1.3,0
D009873,O010581,RIDER1904,45,78,15,0.3,33
D009874,O010582,RIDER1590,31,27,32,2.1,0
D009875,O010583,RIDER0677,21,17,35,1.6,0
D009876,O010584,RIDER1130,44,49,28,1.5,5
D009877,O010585,RIDER0658,20,21,16,1.2,1
D009878,O010586,RIDER2115,31,54,40,3.3,23
D009879,O010587,RIDER2128,31,61,14,1.3,30
D009880,O010588,RIDER0191,29,27,19,4.2,0
D009881,O010589,RIDER1398,43,59,40,3.1,16
D009882,O010590,RIDER2237,26,24,37,7.8,0
D009883,O010591,RIDER1941,30,30,37,5.3,0
D009884,O010593,RIDER2427,39,38,31,1.0,0
D009885,O010594,RIDER2149,33,39,25,2.3,6
D009886,O010595,RIDER1482,32,39,30,2.5,7
D009887,O010596,RIDER1155,46,48,15,3.4,2
D009888,O010597,RIDER0903,38,38,16,4.8,0
D009889,O010598,RIDER1684,25,50,23,2.0,25
D009890,O010599,RIDER1134,23,22,21,4.7,0
D009891,O010600,RIDER1152,28,31,16,3.4,3
D009892,O010601,RIDER1084,28,33,41,1.5,5
D009893,O010602,RIDER1998,30,37,26,0.8,7
D009894,O010603,RIDER1112,38,35,39,2.3,0
D009895,O010604,RIDER1439,41,71,34,1.6,30
D009896,O010605,RIDER1057,29,27,19,2.6,0
D009897,O010606,RIDER2103,21,28,39,1.1,7
D009898,O010607,RIDER1764,54,81,19,3.1,27
D009899,O010608,RIDER0850,50,57,31,4.5,7
D009900,O010609,RIDER0302,27,30,31,2.9,3
D009901,O010610,RIDER0627,30,29,31,8.3,0
D009902,O010611,RIDER0306,39,62,25,3.9,23
D009903,O010612,RIDER0285,27,31,16,2.6,4
D009904,O010613,RIDER0880,23,24,42,1.1,1
D009905,O010614,RIDER1718,23,24,18,0.6,1
D009906,O010615,RIDER0142,49,44,35,8.0,0
D009907,O010616,RIDER0728,51,49,21,2.1,0
D009908,O010617,RIDER2317,31,26,19,1.3,0
D009909,O010618,RIDER2402,70,97,24,2.3,27
D009910,O010619,RIDER1188,40,45,25,3.7,5
D009911,O010620,RIDER1991,35,37,30,3.0,2
D009912,O010622,RIDER2156,60,67,39,1.9,7
D009913,O010623,RIDER0258,30,27,31,6.3,0
D009914,O010624,RIDER1819,25,31,41,5.9,6
D009915,O010625,RIDER2256,25,36,18,0.2,11
D009916,O010626,RIDER1530,25,26,39,0.7,1
D009917,O010627,RIDER2392,30,25,36,6.3,0
D009918,O010628,RIDER1459,32,63,21,1.3,31
D009919,O010629,RIDER2457,48,66,30,1.5,18
D009920,O010630,RIDER1391,20,21,18,5.9,1
D009921,O010631,RIDER0397,28,26,38,12.1,0
D009922,O010632,RIDER2171,40,43,38,4.4,3
D009923,O010633,RIDER1098,34,37,31,2.0,3
D009924,O010634,RIDER1841,50,54,29,3.3,4
D009925,O010635,RIDER2353,26,28,27,1.4,2
D009926,O010636,RIDER2429,25,23,32,2.2,0
D009927,O010637,RIDER0143,36,36,42,3.6,0
D009928,O010638,RIDER2006,28,32,28,0.2,4
D009929,O010639,RIDER0252,29,25,15,0.9,0
D009930,O010640,RIDER1529,27,45,27,1.1,18
D009931,O010641,RIDER2289,23,49,14,6.1,26
D009932,O010642,RIDER0980,27,52,31,3.7,25
D009933,O010643,RIDER1506,31,27,24,2.3,0
D009934,O010644,RIDER1607,35,38,41,0.9,3
D009935,O010645,RIDER2348,26,24,25,1.9,0
D009936,O010646,RIDER1115,54,56,30,5.6,2
D009937,O010647,RIDER2246,40,70,22,0.6,30
D009938,O010648,RIDER2362,51,54,31,5.5,3
D009939,O010649,RIDER1713,36,66,19,3.3,30
D009940,O010650,RIDER0897,41,74,14,2.3,33
D009941,O010651,RIDER2319,39,51,34,2.8,12
D009942,O010652,RIDER1954,40,37,38,3.2,0
D009943,O010654,RIDER0630,22,21,37,2.5,0
D009944,O010655,RIDER2267,27,46,27,2.6,19
D009945,O010656,RIDER0194,34,33,33,2.9,0
D009946,O010657,RIDER1630,36,37,15,1.7,1
D009947,O010658,RIDER1211,27,32,22,3.4,5
D009948,O010659,RIDER1271,21,35,29,9.3,14
D009949,O010660,RIDER0156,33,34,31,5.8,1
D009950,O010661,RIDER0569,42,64,22,5.0,22
D009951,O010662,RIDER1199,41,39,14,1.1,0
D009952,O010663,RIDER0524,27,28,16,0.5,1
D009953,O010664,RIDER2295,33,30,29,14.6,0
D009954,O010665,RIDER1941,29,54,29,0.6,25
D009955,O010666,RIDER0244,34,66,25,0.8,32
D009956,O010667,RIDER0833,39,37,32,2.2,0
D009957,O010668,RIDER0860,43,75,30,1.3,32
D009958,O010669,RIDER0888,20,18,15,1.3,0
D009959,O010670,RIDER1350,43,65,33,11.8,22
D009960,O010672,RIDER1555,29,29,18,1.7,0
D009961,O010673,RIDER1526,25,45,14,8.1,20
D009962,O010674,RIDER1187,24,21,25,1.2,0
D009963,O010675,RIDER0199,33,37,29,0.6,4
D009964,O010676,RIDER1891,27,56,36,2.6,29
D009965,O010677,RIDER0826,40,37,34,5.4,0
D009966,O010678,RIDER0814,32,36,16,7.4,4
D009967,O010679,RIDER1005,24,27,15,5.9,3
D009968,O010680,RIDER1564,33,50,23,0.9,17
D009969,O010681,RIDER0449,24,23,38,4.2,0
D009970,O010682,RIDER0108,34,37,29,2.4,3
D009971,O010683,RIDER0765,35,58,30,10.0,23
D009972,O010684,RIDER1590,39,40,42,5.0,1
D009973,O010685,RIDER1705,26,29,14,5.0,3
D009974,O010686,RIDER2096,40,40,14,0.4,0
D009975,O010687,RIDER2483,33,29,31,0.7,0
D009976,O010688,RIDER0373,47,42,36,2.3,0
D009977,O010689,RIDER0314,28,24,14,2.5,0
D009978,O010690,RIDER0150,36,65,18,3.2,29
D009979,O010691,RIDER0722,31,51,14,0.5,20
D009980,O010692,RIDER0960,53,76,29,4.7,23
D009981,O010693,RIDER1116,53,59,32,2.3,6
D009982,O010694,RIDER1165,35,60,19,1.1,25
D009983,O010695,RIDER1467,30,33,35,1.2,3
D009984,O010696,RIDER1479,60,57,29,0.2,0
D009985,O010697,RIDER2197,26,29,42,3.9,3
D009986,O010698,RIDER1833,32,33,33,3.7,1
D009987,O010699,RIDER1406,22,18,21,6.1,0
D009988,O010700,RIDER0091,19,17,17,3.6,0
D009989,O010701,RIDER1689,43,65,33,0.2,22
D009990,O010702,RIDER2060,70,69,34,2.1,0
D009991,O010704,RIDER1902,18,51,34,4.8,33
D009992,O010705,RIDER0589,45,72,34,0.9,27
D009993,O010706,RIDER1099,24,25,16,2.1,1
D009994,O010707,RIDER1887,27,32,40,2.9,5
D009995,O010708,RIDER2102,21,27,33,2.1,6
D009996,O010709,RIDER2317,23,22,27,6.4,0
D009997,O010710,RIDER1242,40,42,36,3.2,2
D009998,O010711,RIDER1750,39,39,37,1.3,0
D009999,O010713,RIDER0874,29,28,33,4.2,0
D010000,O010714,RIDER1470,31,34,18,1.8,3
D010001,O010715,RIDER0380,28,42,27,1.5,14
D010002,O010716,RIDER0091,47,47,33,8.0,0
D010003,O010717,RIDER1052,30,39,19,3.1,9
D010004,O010718,RIDER0065,29,31,16,3.0,2
D010005,O010719,RIDER2022,32,58,29,2.1,26
D010006,O010721,RIDER0458,41,39,24,3.1,0
D010007,O010722,RIDER0103,34,49,22,1.2,15
D010008,O010723,RIDER1509,46,48,20,5.8,2
D010009,O010724,RIDER1698,37,40,28,2.4,3
D010010,O010725,RIDER0675,31,26,14,6.4,0
D010011,O010726,RIDER2463,19,24,19,4.8,5
D010012,O010727,RIDER0771,28,28,27,1.2,0
D010013,O010728,RIDER1491,40,46,42,0.4,6
D010014,O010729,RIDER0435,60,79,14,1.6,19
D010015,O010730,RIDER1434,29,32,32,6.3,3
D010016,O010731,RIDER0684,28,31,29,1.1,3
D010017,O010732,RIDER1448,26,27,42,3.2,1
D010018,O010733,RIDER1672,37,35,23,1.9,0
D010019,O010734,RIDER1071,32,66,37,0.7,34
D010020,O010735,RIDER0547,35,37,27,5.5,2
D010021,O010736,RIDER2459,25,33,15,0.3,8
D010022,O010737,RIDER0159,22,29,19,1.2,7
D010023,O010738,RIDER0485,32,33,33,1.2,1
D010024,O010739,RIDER2027,34,51,15,2.0,17
D010025,O010740,RIDER0614,27,35,17,0.9,8
D010026,O010741,RIDER0808,24,26,14,2.7,2
D010027,O010742,RIDER1611,25,26,39,1.4,1
D010028,O010743,RIDER1174,26,22,38,9.4,0
D010029,O010744,RIDER0608,18,48,31,2.2,30
D010030,O010745,RIDER2471,31,48,28,1.3,17
D010031,O010747,RIDER2430,34,52,42,2.1,18
D010032,O010748,RIDER0070,41,56,18,3.6,15
D010033,O010749,RIDER1241,31,41,18,1.8,10
D010034,O010750,RIDER0569,34,56,22,0.4,22
D010035,O010752,RIDER1190,46,74,24,2.0,28
D010036,O010753,RIDER2010,29,43,38,0.9,14
D010037,O010754,RIDER1252,68,101,33,2.9,33
D010038,O010756,RIDER1123,26,41,42,1.9,15
D010039,O010758,RIDER0660,28,34,21,5.8,6
D010040,O010759,RIDER1775,34,38,25,0.9,4
D010041,O010760,RIDER2205,63,68,32,2.5,5
D010042,O010761,RIDER1429,25,31,31,8.0,6
D010043,O010762,RIDER1503,31,30,25,3.7,0
D010044,O010763,RIDER1579,22,26,38,6.5,4
D010045,O010764,RIDER2134,29,48,32,1.6,19
D010046,O010765,RIDER2342,36,35,28,0.3,0
D010047,O010766,RIDER1573,23,23,36,3.3,0
D010048,O010767,RIDER1505,33,37,28,3.5,4
D010049,O010768,RIDER1590,40,66,22,6.7,26
D010050,O010769,RIDER2369,23,21,24,2.1,0
D010051,O010770,RIDER0816,31,34,24,6.2,3
D010052,O010771,RIDER0675,23,21,24,9.0,0
D010053,O010772,RIDER1153,34,38,25,6.4,4
D010054,O010773,RIDER1637,35,51,27,0.5,16
D010055,O010774,RIDER0193,28,24,32,1.2,0
D010056,O010775,RIDER2061,30,39,15,3.7,9
D010057,O010776,RIDER1177,47,78,30,0.1,31
D010058,O010777,RIDER0228,25,46,30,2.7,21
D010059,O010778,RIDER0368,53,72,25,3.5,19
D010060,O010779,RIDER0183,31,26,16,0.8,0
D010061,O010780,RIDER0044,42,56,32,3.1,14
D010062,O010781,RIDER2275,28,31,35,4.5,3
D010063,O010782,RIDER1922,28,32,23,0.2,4
D010064,O010783,RIDER2343,39,67,36,6.5,28
D010065,O010784,RIDER1157,32,28,17,3.9,0
D010066,O010785,RIDER1670,33,29,40,3.6,0
D010067,O010786,RIDER1569,28,30,34,3.3,2
D010068,O010787,RIDER0492,33,31,27,6.4,0
D010069,O010788,RIDER1873,42,76,33,6.7,34
D010070,O010789,RIDER0463,42,48,31,3.6,6
D010071,O010790,RIDER0961,21,21,25,2.5,0
D010072,O010792,RIDER1436,44,43,21,3.3,0
D010073,O010793,RIDER1441,32,55,30,0.8,23
D010074,O010794,RIDER1646,56,78,30,0.1,22
D010075,O010795,RIDER0208,29,25,21,0.5,0
D010076,O010796,RIDER1612,32,53,37,10.0,21
D010077,O010797,RIDER0629,43,38,25,4.4,0
D010078,O010798,RIDER0726,17,15,16,2.9,0
D010079,O010799,RIDER0786,38,41,25,1.9,3
D010080,O010800,RIDER1470,28,34,37,4.7,6
D010081,O010802,RIDER2328,26,43,37,7.2,17
D010082,O010803,RIDER2146,44,60,41,4.5,16
D010083,O010804,RIDER0403,25,35,21,3.3,10
D010084,O010805,RIDER0303,32,36,16,1.5,4
D010085,O010806,RIDER2316,23,31,33,0.9,8
D010086,O010807,RIDER1498,27,26,34,1.8,0
D010087,O010808,RIDER0327,60,93,21,0.9,33
D010088,O010809,RIDER1146,65,72,37,4.2,7
D010089,O010810,RIDER1998,22,23,14,2.1,1
D010090,O010811,RIDER2460,42,49,29,1.3,7
D010091,O010812,RIDER1445,45,57,34,4.1,12
D010092,O010813,RIDER1830,34,42,36,1.0,8
D010093,O010814,RIDER1536,47,77,29,3.4,30
D010094,O010815,RIDER2431,26,58,24,6.2,32
D010095,O010816,RIDER0752,36,39,31,3.8,3
D010096,O010817,RIDER0680,28,23,36,9.4,0
D010097,O010818,RIDER2229,28,38,25,6.0,10
D010098,O010819,RIDER0112,34,35,30,1.5,1
D010099,O010820,RIDER1939,20,25,17,0.5,5
D010100,O010821,RIDER0289,25,49,17,2.1,24
D010101,O010822,RIDER2324,26,39,19,2.8,13
D010102,O010823,RIDER2487,28,35,36,1.6,7
D010103,O010824,RIDER0333,35,36,17,2.0,1
D010104,O010825,RIDER0295,25,32,36,3.0,7
D010105,O010827,RIDER0032,70,68,22,1.2,0
D010106,O010828,RIDER0935,57,85,31,2.3,28
D010107,O010829,RIDER2472,28,32,14,2.7,4
D010108,O010830,RIDER1725,36,37,23,0.4,1
D010109,O010831,RIDER0910,40,35,37,1.6,0
D010110,O010832,RIDER0442,45,60,24,0.2,15
D010111,O010833,RIDER0785,23,19,28,0.4,0
D010112,O010834,RIDER1727,31,33,25,0.5,2
D010113,O010835,RIDER0052,40,35,36,1.4,0
D010114,O010836,RIDER2198,54,59,35,1.0,5
D010115,O010837,RIDER0021,39,47,31,6.5,8
D010116,O010838,RIDER0057,21,53,30,3.2,32
D010117,O010839,RIDER1955,31,36,29,4.9,5
D010118,O010840,RIDER0818,19,25,19,2.4,6
D010119,O010841,RIDER1362,40,58,23,2.6,18
D010120,O010842,RIDER0892,44,60,20,2.7,16
D010121,O010843,RIDER0198,27,25,31,0.5,0
D010122,O010844,RIDER0280,32,46,17,3.9,14
D010123,O010845,RIDER2196,53,74,27,1.7,21
D010124,O010846,RIDER1831,38,41,35,1.6,3
D010125,O010847,RIDER1222,32,33,16,1.7,1
D010126,O010848,RIDER1523,26,25,16,0.4,0
D010127,O010849,RIDER1447,26,22,21,1.4,0
D010128,O010850,RIDER1824,30,33,41,3.1,3
D010129,O010851,RIDER2068,44,49,18,2.7,5
D010130,O010852,RIDER0940,31,36,18,1.9,5
D010131,O010853,RIDER1837,25,50,28,2.1,25
D010132,O010855,RIDER1627,20,26,29,5.4,6
D010133,O010856,RIDER1372,36,36,37,1.2,0
D010134,O010857,RIDER2447,29,57,31,0.9,28
D010135,O010858,RIDER1733,31,41,33,9.4,10
D010136,O010859,RIDER1378,17,14,35,8.6,0
D010137,O010860,RIDER1563,30,33,21,2.8,3
D010138,O010861,RIDER1130,32,61,38,0.9,29
D010139,O010862,RIDER0410,36,40,29,2.2,4
D010140,O010863,RIDER0756,26,21,31,2.2,0
D010141,O010864,RIDER0529,27,33,39,4.9,6
D010142,O010865,RIDER2402,45,67,28,0.8,22
D010143,O010866,RIDER1507,25,58,37,1.6,33
D010144,O010867,RIDER1388,23,30,25,2.4,7
D010145,O010868,RIDER0943,30,33,35,8.9,3
D010146,O010869,RIDER0369,30,34,35,5.7,4
D010147,O010871,RIDER0904,31,29,38,16.7,0
D010148,O010873,RIDER2105,32,32,31,5.0,0
D010149,O010876,RIDER0339,42,59,14,2.3,17
D010150,O010877,RIDER1726,42,66,42,4.8,24
D010151,O010878,RIDER0831,25,32,31,1.4,7
D010152,O010879,RIDER0495,28,32,31,4.2,4
D010153,O010880,RIDER2349,20,51,24,0.5,31
D010154,O010881,RIDER0191,34,30,33,3.3,0
D010155,O010882,RIDER1232,30,40,33,3.2,10
D010156,O010883,RIDER2280,25,30,42,4.5,5
D010157,O010884,RIDER1488,45,54,31,2.2,9
D010158,O010885,RIDER0148,38,45,19,2.1,7
D010159,O010886,RIDER0255,25,30,28,5.2,5
D010160,O010887,RIDER1786,19,24,20,2.5,5
D010161,O010888,RIDER1278,29,31,42,0.9,2
D010162,O010889,RIDER1565,17,16,29,3.2,0
D010163,O010890,RIDER2120,34,38,33,8.1,4
D010164,O010891,RIDER0906,39,45,27,0.6,6
D010165,O010892,RIDER0571,24,53,23,1.5,29
D010166,O010895,RIDER1277,37,50,25,3.8,13
D010167,O010896,RIDER2329,24,30,28,8.1,6
D010168,O010897,RIDER0795,26,32,33,1.9,6
D010169,O010898,RIDER0656,21,24,36,1.6,3
D010170,O010899,RIDER1064,32,50,16,3.5,18
D010171,O010900,RIDER2151,26,43,14,3.0,17
D010172,O010901,RIDER2344,26,33,33,4.0,7
D010173,O010902,RIDER0206,32,31,31,0.5,0
D010174,O010903,RIDER0286,25,30,36,1.6,5
D010175,O010904,RIDER0386,34,68,20,1.0,34
D010176,O010905,RIDER0275,23,20,29,3.3,0
D010177,O010906,RIDER2193,25,32,22,3.3,7
D010178,O010907,RIDER2212,55,51,16,2.9,0
D010179,O010908,RIDER1255,28,29,21,5.7,1
D010180,O010909,RIDER0696,20,26,30,1.8,6
D010181,O010910,RIDER1533,38,36,23,9.5,0
D010182,O010911,RIDER0562,29,24,33,2.3,0
D010183,O010913,RIDER1983,32,30,16,4.9,0
D010184,O010914,RIDER1623,53,51,29,0.8,0
D010185,O010915,RIDER0968,70,76,33,1.3,6
D010186,O010916,RIDER1843,34,36,19,2.9,2
D010187,O010917,RIDER1565,38,66,36,0.9,28
D010188,O010918,RIDER0119,21,51,39,3.5,30
D010189,O010919,RIDER1157,38,49,42,1.9,11
D010190,O010920,RIDER1409,27,49,15,1.5,22
D010191,O010921,RIDER0706,23,18,24,3.2,0
D010192,O010922,RIDER0422,34,36,18,0.8,2
D010193,O010924,RIDER2134,29,36,27,3.3,7
D010194,O010925,RIDER0584,32,37,33,0.7,5
D010195,O010926,RIDER0971,30,33,40,1.6,3
D010196,O010927,RIDER2309,26,30,35,2.9,4
D010197,O010928,RIDER2095,35,33,37,6.0,0
D010198,O010929,RIDER0657,37,52,37,11.7,15
D010199,O010930,RIDER1417,33,48,30,3.6,15
D010200,O010931,RIDER1146,27,32,21,1.6,5
D010201,O010932,RIDER1269,18,39,42,2.0,21
D010202,O010933,RIDER0736,37,48,24,1.1,11
D010203,O010934,RIDER0864,20,18,34,1.5,0
D010204,O010936,RIDER0422,21,36,15,8.6,15
D010205,O010937,RIDER0646,39,60,30,4.1,21
D010206,O010938,RIDER1580,21,27,42,3.6,6
D010207,O010939,RIDER2099,28,28,16,5.2,0
D010208,O010940,RIDER0685,31,37,31,7.2,6
D010209,O010941,RIDER0087,35,36,15,3.1,1
D010210,O010942,RIDER1320,57,84,28,3.3,27
D010211,O010943,RIDER2352,39,49,14,10.1,10
D010212,O010944,RIDER2081,25,30,22,5.1,5
D010213,O010945,RIDER2301,26,24,24,4.2,0
D010214,O010946,RIDER1912,26,33,29,2.1,7
D010215,O010948,RIDER0591,29,50,36,8.9,21
D010216,O010949,RIDER1487,30,32,28,5.8,2
D010217,O010950,RIDER1463,31,30,31,2.7,0
D010218,O010951,RIDER0761,28,43,21,4.8,15
D010219,O010952,RIDER2322,29,55,23,3.2,26
D010220,O010953,RIDER1532,26,24,37,1.6,0
D010221,O010954,RIDER1210,27,27,21,4.7,0
D010222,O010955,RIDER1891,32,30,19,9.2,0
D010223,O010956,RIDER1083,25,27,40,10.6,2
D010224,O010957,RIDER0754,50,78,40,3.5,28
D010225,O010958,RIDER1335,35,34,37,0.4,0
D010226,O010959,RIDER2419,28,29,15,3.0,1
D010227,O010960,RIDER1359,52,55,23,1.4,3
D010228,O010961,RIDER0233,34,38,14,1.4,4
D010229,O010962,RIDER0409,25,57,14,0.9,32
D010230,O010963,RIDER0129,19,26,36,2.9,7
D010231,O010965,RIDER2296,33,50,22,3.0,17
D010232,O010966,RIDER2011,27,29,31,2.5,2
D010233,O010967,RIDER0877,30,59,24,0.1,29
D010234,O010968,RIDER2461,23,41,37,1.5,18
D010235,O010969,RIDER0471,28,24,24,0.6,0
D010236,O010970,RIDER2266,25,31,21,6.3,6
D010237,O010971,RIDER1792,46,41,22,4.1,0
D010238,O010973,RIDER1391,31,32,40,2.9,1
D010239,O010974,RIDER0817,25,43,31,7.5,18
D010240,O010975,RIDER0737,33,33,25,8.1,0
D010241,O010976,RIDER0111,24,40,24,4.6,16
D010242,O010977,RIDER0735,44,50,24,2.5,6
D010243,O010978,RIDER0197,33,52,16,1.1,19
D010244,O010979,RIDER1752,36,41,23,1.4,5
D010245,O010980,RIDER1713,62,86,37,1.9,24
D010246,O010981,RIDER1779,33,59,35,0.7,26
D010247,O010982,RIDER1433,51,46,37,2.2,0
D010248,O010983,RIDER0998,23,52,29,6.1,29
D010249,O010985,RIDER1296,36,65,14,6.0,29
D010250,O010986,RIDER0603,23,34,33,2.9,11
D010251,O010987,RIDER1851,38,42,21,9.1,4
D010252,O010988,RIDER1688,23,24,19,2.9,1
D010253,O010989,RIDER2410,27,32,14,2.9,5
D010254,O010990,RIDER1326,32,37,39,5.1,5
D010255,O010991,RIDER0917,28,52,23,6.3,24
D010256,O010992,RIDER1986,70,86,25,9.0,16
D010257,O010993,RIDER1913,22,17,39,3.3,0
D010258,O010994,RIDER1777,25,27,39,3.2,2
D010259,O010995,RIDER0317,70,99,24,4.3,29
D010260,O010996,RIDER0419,27,43,38,4.4,16
D010261,O010997,RIDER2364,40,41,35,2.9,1
D010262,O010998,RIDER0159,31,29,15,2.1,0
D010263,O010999,RIDER1437,54,76,30,1.0,22
D010264,O011000,RIDER1109,28,24,37,2.5,0
D010265,O011001,RIDER1127,44,43,30,0.6,0
D010266,O011002,RIDER1742,25,28,22,4.2,3
D010267,O011003,RIDER0011,60,93,19,0.8,33
D010268,O011004,RIDER1426,28,33,15,4.0,5
D010269,O011005,RIDER1259,32,61,15,9.5,29
D010270,O011006,RIDER1898,35,53,37,2.4,18
D010271,O011007,RIDER2204,31,54,41,2.1,23
D010272,O011008,RIDER2385,23,31,15,4.1,8
D010273,O011009,RIDER1744,64,71,31,0.7,7
D010274,O011010,RIDER0627,40,38,18,1.7,0
D010275,O011011,RIDER0487,31,27,31,0.1,0
D010276,O011012,RIDER1970,55,61,40,7.0,6
D010277,O011013,RIDER0649,30,30,36,2.2,0
D010278,O011014,RIDER0333,39,67,19,3.3,28
D010279,O011016,RIDER2452,30,30,33,0.2,0
D010280,O011017,RIDER2080,63,82,15,0.7,19
D010281,O011018,RIDER1154,37,44,40,0.9,7
D010282,O011019,RIDER2469,42,37,33,3.1,0
D010283,O011020,RIDER1511,32,38,19,5.0,6
D010284,O011022,RIDER1644,43,67,31,1.8,24
D010285,O011023,RIDER0434,26,26,24,2.8,0
D010286,O011024,RIDER0323,33,52,14,3.2,19
D010287,O011025,RIDER0161,31,51,14,1.6,20
D010288,O011026,RIDER1515,25,21,19,2.3,0
D010289,O011027,RIDER1084,32,37,21,3.2,5
D010290,O011028,RIDER0946,57,53,21,0.4,0
D010291,O011029,RIDER1724,43,74,28,4.3,31
D010292,O011030,RIDER2378,30,32,15,14.7,2
D010293,O011031,RIDER2243,29,58,14,1.7,29
D010294,O011032,RIDER0843,30,34,18,4.0,4
D010295,O011033,RIDER1662,42,42,33,3.5,0
D010296,O011034,RIDER1391,44,48,15,2.8,4
D010297,O011035,RIDER0277,41,43,21,0.9,2
D010298,O011036,RIDER0276,42,50,40,8.0,8
D010299,O011037,RIDER2465,30,28,15,1.6,0
D010300,O011038,RIDER1837,39,64,27,1.7,25
D010301,O011041,RIDER0124,38,39,25,0.7,1
D010302,O011042,RIDER0861,33,32,21,6.4,0
D010303,O011043,RIDER1208,28,34,22,0.6,6
D010304,O011044,RIDER0797,44,44,14,6.2,0
D010305,O011045,RIDER1233,26,30,42,1.1,4
D010306,O011046,RIDER0821,47,42,36,3.5,0
D010307,O011047,RIDER2350,27,22,31,4.4,0
D010308,O011048,RIDER1862,39,39,15,2.7,0
D010309,O011050,RIDER1859,34,67,33,2.2,33
D010310,O011051,RIDER1060,36,63,31,6.2,27
D010311,O011052,RIDER0175,48,62,36,1.1,14
D010312,O011053,RIDER2024,23,19,38,2.2,0
D010313,O011054,RIDER1625,49,81,21,1.4,32
D010314,O011055,RIDER1624,30,26,17,1.5,0
D010315,O011057,RIDER1528,26,22,34,0.6,0
D010316,O011058,RIDER1077,28,28,39,1.1,0
D010317,O011059,RIDER0883,26,28,35,0.7,2
D010318,O011060,RIDER1513,33,48,16,4.0,15
D010319,O011061,RIDER0666,29,33,36,11.5,4
D010320,O011062,RIDER2371,38,53,24,1.9,15
D010321,O011063,RIDER0541,27,41,41,1.5,14
D010322,O011064,RIDER0281,24,55,24,1.7,31
D010323,O011065,RIDER0087,20,15,29,1.7,0
D010324,O011066,RIDER0176,27,27,31,3.7,0
D010325,O011067,RIDER0118,32,58,32,6.1,26
D010326,O011068,RIDER1350,28,30,18,1.1,2
D010327,O011070,RIDER1112,27,28,28,3.1,1
D010328,O011071,RIDER2161,36,39,40,0.5,3
D010329,O011072,RIDER0703,26,23,29,3.4,0
D010330,O011073,RIDER0534,27,30,41,1.1,3
D010331,O011074,RIDER0786,36,60,36,4.0,24
D010332,O011075,RIDER1396,35,34,19,1.1,0
D010333,O011076,RIDER0804,49,47,31,2.2,0
D010334,O011077,RIDER2057,35,38,28,0.8,3
D010335,O011078,RIDER1080,26,25,20,0.8,0
D010336,O011079,RIDER0701,42,43,21,2.9,1
D010337,O011080,RIDER0151,34,41,29,0.4,7
D010338,O011081,RIDER2097,29,54,18,4.6,25
D010339,O011082,RIDER1351,23,18,18,5.1,0
D010340,O011083,RIDER0337,26,22,23,0.9,0
D010341,O011084,RIDER0543,27,59,21,2.1,32
D010342,O011085,RIDER1983,37,40,36,4.3,3
D010343,O011086,RIDER2015,22,27,19,0.5,5
D010344,O011087,RIDER2262,29,53,30,2.1,24
D010345,O011088,RIDER1746,32,28,14,3.4,0
D010346,O011089,RIDER2059,31,29,39,3.7,0
D010347,O011091,RIDER0974,20,37,37,2.6,17
D010348,O011092,RIDER0745,22,54,16,3.4,32
D010349,O011093,RIDER1853,34,66,16,2.4,32
D010350,O011094,RIDER0465,34,39,15,3.5,5
D010351,O011095,RIDER1303,39,38,25,1.9,0
D010352,O011096,RIDER1673,32,64,35,4.7,32
D010353,O011097,RIDER1228,31,31,41,4.0,0
D010354,O011098,RIDER1251,23,21,42,3.0,0
D010355,O011099,RIDER2103,30,34,35,4.4,4
D010356,O011100,RIDER1991,56,55,32,6.1,0
D010357,O011101,RIDER1004,26,28,25,4.7,2
D010358,O011103,RIDER0416,47,50,18,1.8,3
D010359,O011104,RIDER0253,25,34,26,1.8,9
D010360,O011105,RIDER0307,52,50,31,0.1,0
D010361,O011106,RIDER0916,34,37,34,2.5,3
D010362,O011107,RIDER1059,24,48,23,3.4,24
D010363,O011108,RIDER1157,33,36,18,2.1,3
D010364,O011109,RIDER1554,23,30,16,0.8,7
D010365,O011110,RIDER0554,37,33,29,0.7,0
D010366,O011111,RIDER0860,17,16,28,1.9,0
D010367,O011112,RIDER1884,30,62,14,4.6,32
D010368,O011113,RIDER0221,31,29,39,6.2,0
D010369,O011114,RIDER0798,24,29,37,2.3,5
D010370,O011115,RIDER1877,50,60,31,1.0,10
D010371,O011116,RIDER1656,37,41,38,1.6,4
D010372,O011117,RIDER0624,42,38,14,1.4,0
D010373,O011118,RIDER0667,27,23,32,6.3,0
D010374,O011119,RIDER1369,19,22,29,3.1,3
D010375,O011120,RIDER0003,32,36,33,2.3,4
D010376,O011122,RIDER0048,27,24,23,1.2,0
D010377,O011123,RIDER0384,39,36,40,1.9,0
D010378,O011124,RIDER1664,26,39,16,8.2,13
D010379,O011125,RIDER0603,21,23,33,4.0,2
D010380,O011126,RIDER0712,25,31,31,1.4,6
D010381,O011127,RIDER1497,26,49,16,5.1,23
D010382,O011128,RIDER2231,34,29,28,0.7,0
D010383,O011130,RIDER2459,18,16,36,1.4,0
D010384,O011131,RIDER0766,33,33,41,3.3,0
D010385,O011132,RIDER2434,51,84,30,2.9,33
D010386,O011133,RIDER1143,55,58,33,3.1,3
D010387,O011134,RIDER0041,22,19,18,2.9,0
D010388,O011135,RIDER2147,43,71,29,1.4,28
D010389,O011136,RIDER0040,40,39,40,0.5,0
D010390,O011137,RIDER1256,30,34,38,1.4,4
D010391,O011138,RIDER2121,45,68,20,1.1,23
D010392,O011139,RIDER1280,37,47,30,1.0,10
D010393,O011140,RIDER1143,32,34,25,2.2,2
D010394,O011141,RIDER0332,36,40,34,5.8,4
D010395,O011142,RIDER1385,20,26,29,3.3,6
D010396,O011143,RIDER1709,22,21,17,1.3,0
D010397,O011144,RIDER1042,26,33,21,1.9,7
D010398,O011145,RIDER0908,32,33,27,2.4,1
D010399,O011146,RIDER0103,51,50,19,4.5,0
D010400,O011147,RIDER0375,30,34,21,3.8,4
D010401,O011148,RIDER2110,17,15,19,10.5,0
D010402,O011149,RIDER0988,27,42,37,0.8,15
D010403,O011150,RIDER1723,24,26,25,9.2,2
D010404,O011151,RIDER2214,44,68,36,2.2,24
D010405,O011152,RIDER1160,22,25,30,2.5,3
D010406,O011153,RIDER0705,28,23,38,1.6,0
D010407,O011154,RIDER0577,27,30,22,0.6,3
D010408,O011155,RIDER0005,35,41,15,1.6,6
D010409,O011156,RIDER1092,35,46,29,5.1,11
D010410,O011157,RIDER0459,64,77,33,7.3,13
D010411,O011158,RIDER1060,68,67,35,1.0,0
D010412,O011159,RIDER2314,40,53,31,1.4,13
D010413,O011160,RIDER0234,22,32,28,5.6,10
D010414,O011161,RIDER0169,31,26,42,1.4,0
D010415,O011162,RIDER1226,33,40,27,2.5,7
D010416,O011163,RIDER2039,33,51,19,7.1,18
D010417,O011164,RIDER0092,27,25,28,0.4,0
D010418,O011165,RIDER0746,54,57,17,1.2,3
D010419,O011167,RIDER2310,32,37,29,2.8,5
D010420,O011168,RIDER0450,20,51,17,3.3,31
D010421,O011169,RIDER1523,54,65,16,11.7,11
D010422,O011170,RIDER0709,26,22,36,1.4,0
D010423,O011171,RIDER1170,27,26,25,6.3,0
D010424,O011173,RIDER0898,40,38,37,9.3,0
D010425,O011175,RIDER0763,33,33,14,1.1,0
D010426,O011176,RIDER2117,29,24,37,3.6,0
D010427,O011177,RIDER1827,26,46,42,0.4,20
D010428,O011178,RIDER1148,45,67,16,3.0,22
D010429,O011179,RIDER2078,21,17,39,3.1,0
D010430,O011180,RIDER0670,26,29,21,1.1,3
D010431,O011181,RIDER0321,23,22,32,3.5,0
D010432,O011182,RIDER0996,42,45,34,4.6,3
D010433,O011183,RIDER0972,32,41,18,2.8,9
D010434,O011184,RIDER2212,22,44,19,1.2,22
D010435,O011185,RIDER0682,35,32,29,5.3,0
D010436,O011186,RIDER2008,26,26,35,4.8,0
D010437,O011187,RIDER0878,22,51,22,1.0,29
D010438,O011188,RIDER1365,36,70,28,1.9,34
D010439,O011189,RIDER1158,50,56,21,2.2,6
D010440,O011190,RIDER1198,39,38,40,1.9,0
D010441,O011191,RIDER0028,30,53,32,5.8,23
D010442,O011192,RIDER1220,49,77,34,0.8,28
D010443,O011193,RIDER1961,52,49,39,1.1,0
D010444,O011194,RIDER1335,26,23,42,2.8,0
D010445,O011195,RIDER1285,41,47,29,1.9,6
D010446,O011196,RIDER2342,27,52,38,0.1,25
D010447,O011197,RIDER2412,23,21,36,1.5,0
D010448,O011198,RIDER0067,37,46,21,1.4,9
D010449,O011199,RIDER0712,24,35,28,4.4,11
D010450,O011200,RIDER0194,30,46,29,1.5,16
D010451,O011201,RIDER1422,29,24,39,2.4,0
D010452,O011202,RIDER1300,47,66,33,0.8,19
D010453,O011203,RIDER2284,21,19,33,0.5,0
D010454,O011204,RIDER0270,42,52,15,2.9,10
D010455,O011206,RIDER0325,38,70,17,2.9,32
D010456,O011207,RIDER0057,38,40,22,7.4,2
D010457,O011208,RIDER1551,29,29,29,4.3,0
D010458,O011209,RIDER1073,28,53,31,5.5,25
D010459,O011210,RIDER1884,28,28,29,3.7,0
D010460,O011211,RIDER1771,19,24,18,3.5,5
D010461,O011212,RIDER1261,40,44,18,2.5,4
D010462,O011213,RIDER1756,42,48,14,3.0,6
D010463,O011214,RIDER1685,41,45,37,0.9,4
D010464,O011215,RIDER0601,37,33,18,6.0,0
D010465,O011216,RIDER1733,47,65,41,1.3,18
D010466,O011217,RIDER2095,24,25,40,1.9,1
D010467,O011218,RIDER0739,34,59,24,2.9,25
D010468,O011219,RIDER0261,44,40,40,1.3,0
D010469,O011220,RIDER0389,28,53,39,2.9,25
D010470,O011221,RIDER1463,42,48,40,6.7,6
D010471,O011222,RIDER1351,32,34,42,5.1,2
D010472,O011223,RIDER0097,56,60,25,1.7,4
D010473,O011224,RIDER1051,43,56,31,0.3,13
D010474,O011225,RIDER0095,21,23,21,3.4,2
D010475,O011226,RIDER0664,23,26,24,0.1,3
D010476,O011227,RIDER0095,43,42,27,1.7,0
D010477,O011228,RIDER0354,38,53,38,1.3,15
D010478,O011229,RIDER1923,55,68,40,1.1,13
D010479,O011230,RIDER0083,26,32,15,5.7,6
D010480,O011231,RIDER0056,31,45,14,1.9,14
D010481,O011232,RIDER0273,28,41,14,0.6,13
D010482,O011233,RIDER1742,23,25,25,5.8,2
D010483,O011234,RIDER1132,43,61,23,3.2,18
D010484,O011235,RIDER1824,41,39,14,0.1,0
D010485,O011236,RIDER1538,46,67,34,4.0,21
D010486,O011237,RIDER0169,34,37,36,1.9,3
D010487,O011238,RIDER2284,34,31,14,3.5,0
D010488,O011239,RIDER2395,35,43,40,2.2,8
D010489,O011240,RIDER0684,44,66,38,6.2,22
D010490,O011241,RIDER1325,44,72,28,5.2,28
D010491,O011243,RIDER1607,32,40,15,1.6,8
D010492,O011244,RIDER1414,34,35,37,2.3,1
D010493,O011246,RIDER1972,21,36,38,0.4,15
D010494,O011247,RIDER0642,20,20,14,4.6,0
D010495,O011248,RIDER2298,32,32,37,2.3,0
D010496,O011249,RIDER2319,46,52,30,3.1,6
D010497,O011250,RIDER0185,24,26,14,0.9,2
D010498,O011251,RIDER2427,31,42,35,4.4,11
D010499,O011252,RIDER1531,44,44,33,0.1,0
D010500,O011253,RIDER0972,26,51,17,5.8,25
D010501,O011254,RIDER0685,59,54,17,2.8,0
D010502,O011255,RIDER1095,46,59,22,1.7,13
D010503,O011256,RIDER0692,34,35,18,3.1,1
D010504,O011257,RIDER1098,24,32,16,6.8,8
D010505,O011258,RIDER1361,24,36,30,0.8,12
D010506,O011259,RIDER1177,22,26,22,1.0,4
D010507,O011260,RIDER1558,35,50,17,0.2,15
D010508,O011261,RIDER1006,25,26,25,1.5,1
D010509,O011262,RIDER1670,32,58,27,1.7,26
D010510,O011263,RIDER1949,39,34,25,0.6,0
D010511,O011264,RIDER0271,22,29,23,1.7,7
D010512,O011265,RIDER0884,23,18,26,3.1,0
D010513,O011266,RIDER0998,61,58,34,0.2,0
D010514,O011267,RIDER1605,31,57,29,3.6,26
D010515,O011268,RIDER0058,30,34,31,2.8,4
D010516,O011269,RIDER1300,39,44,15,3.6,5
D010517,O011270,RIDER2346,36,39,24,4.6,3
D010518,O011272,RIDER0555,70,85,21,3.0,15
D010519,O011273,RIDER0094,37,65,19,0.3,28
D010520,O011274,RIDER1219,30,56,28,1.0,26
D010521,O011275,RIDER1792,42,49,21,3.8,7
D010522,O011276,RIDER0398,23,19,31,3.3,0
D010523,O011277,RIDER2489,17,41,21,2.3,24
D010524,O011278,RIDER1736,35,37,30,4.6,2
D010525,O011279,RIDER1308,42,48,27,2.3,6
D010526,O011280,RIDER1564,18,23,38,1.4,5
D010527,O011281,RIDER0281,36,37,31,2.7,1
D010528,O011282,RIDER1091,25,38,42,2.9,13
D010529,O011283,RIDER0829,31,60,15,0.2,29
D010530,O011284,RIDER1128,47,48,17,0.6,1
D010531,O011285,RIDER0780,30,33,23,4.3,3
D010532,O011286,RIDER0227,28,24,16,6.9,0
D010533,O011287,RIDER1485,42,48,29,5.3,6
D010534,O011288,RIDER1688,38,68,14,1.4,30
D010535,O011289,RIDER0036,56,73,14,2.2,17
D010536,O011290,RIDER0338,34,34,25,7.1,0
D010537,O011291,RIDER1446,28,27,23,2.2,0
D010538,O011292,RIDER0089,30,39,42,2.4,9
D010539,O011295,RIDER0956,34,67,22,6.7,33
D010540,O011296,RIDER1391,23,26,15,0.1,3
D010541,O011297,RIDER2421,27,59,35,2.2,32
D010542,O011298,RIDER1156,53,76,21,7.4,23
D010543,O011299,RIDER2481,28,26,24,0.8,0
D010544,O011300,RIDER1290,34,36,20,4.5,2
D010545,O011301,RIDER1661,40,42,29,4.0,2
D010546,O011302,RIDER1448,33,34,21,4.1,1
D010547,O011303,RIDER0957,27,33,30,2.2,6
D010548,O011304,RIDER0256,32,40,15,2.0,8
D010549,O011305,RIDER1349,50,84,19,5.8,34
D010550,O011306,RIDER2156,37,35,29,4.1,0
D010551,O011307,RIDER1902,30,41,31,2.1,11
D010552,O011308,RIDER1363,41,68,16,1.6,27
D010553,O011309,RIDER0064,19,25,16,7.3,6
D010554,O011311,RIDER1053,28,32,26,3.1,4
D010555,O011312,RIDER1756,23,27,31,0.7,4
D010556,O011313,RIDER2011,49,54,33,3.2,5
D010557,O011314,RIDER1161,65,94,31,3.9,29
D010558,O011315,RIDER1296,27,28,19,6.6,1
D010559,O011316,RIDER1093,38,42,21,3.1,4
D010560,O011317,RIDER0617,37,63,14,0.3,26
D010561,O011318,RIDER1753,35,35,22,1.5,0
D010562,O011319,RIDER1346,20,46,19,1.2,26
D010563,O011320,RIDER0562,28,58,28,2.5,30
D010564,O011321,RIDER0411,42,41,15,2.2,0
D010565,O011322,RIDER1441,35,36,25,0.3,1
D010566,O011323,RIDER0327,49,53,21,3.3,4
D010567,O011324,RIDER1505,27,29,34,7.4,2
D010568,O011325,RIDER0871,36,53,14,2.1,17
D010569,O011326,RIDER0394,22,39,19,0.6,17
D010570,O011327,RIDER0017,25,32,14,2.0,7
D010571,O011328,RIDER1093,39,43,15,3.8,4
D010572,O011329,RIDER0801,38,65,33,3.4,27
D010573,O011331,RIDER1615,29,60,30,3.1,31
D010574,O011332,RIDER1074,33,36,16,5.8,3
D010575,O011333,RIDER1544,24,38,33,9.7,14
D010576,O011335,RIDER0503,24,51,15,3.2,27
D010577,O011336,RIDER0644,42,42,29,1.8,0
D010578,O011337,RIDER2306,34,39,14,5.0,5
D010579,O011338,RIDER2062,51,51,27,0.5,0
D010580,O011339,RIDER0147,54,52,21,2.6,0
D010581,O011340,RIDER1745,31,37,31,0.7,6
D010582,O011341,RIDER1478,34,35,31,5.2,1
D010583,O011342,RIDER2277,27,34,31,3.7,7
D010584,O011343,RIDER0398,30,37,36,2.6,7
D010585,O011344,RIDER0946,30,33,29,1.3,3
D010586,O011345,RIDER0373,32,48,31,1.4,16
D010587,O011346,RIDER0867,45,51,17,0.7,6
D010588,O011347,RIDER1995,27,22,42,6.2,0
D010589,O011348,RIDER2467,31,31,28,0.5,0
D010590,O011349,RIDER0671,36,36,36,1.8,0
D010591,O011350,RIDER1641,26,47,31,1.6,21
D010592,O011351,RIDER1215,24,20,23,1.1,0
D010593,O011352,RIDER1862,35,30,28,2.7,0
D010594,O011353,RIDER0655,18,22,35,1.2,4
D010595,O011354,RIDER1978,38,43,21,3.4,5
D010596,O011355,RIDER0085,27,50,18,6.3,23
D010597,O011356,RIDER0865,36,65,16,5.5,29
D010598,O011357,RIDER2228,29,50,28,2.4,21
D010599,O011358,RIDER0251,27,29,14,2.9,2
D010600,O011359,RIDER0925,34,39,29,1.9,5
D010601,O011360,RIDER1786,27,24,38,3.4,0
D010602,O011361,RIDER2238,25,25,40,3.4,0
D010603,O011362,RIDER0747,34,63,15,0.4,29
D010604,O011363,RIDER1720,32,56,35,3.0,24
D010605,O011364,RIDER1301,39,34,23,0.3,0
D010606,O011365,RIDER1636,38,48,31,1.9,10
D010607,O011366,RIDER1948,32,37,31,2.9,5
D010608,O011367,RIDER0098,34,61,16,2.3,27
D010609,O011368,RIDER2337,48,52,41,9.3,4
D010610,O011369,RIDER0167,56,67,31,4.6,11
D010611,O011370,RIDER1617,29,36,38,0.1,7
D010612,O011371,RIDER0134,23,28,37,0.8,5
D010613,O011372,RIDER0774,32,63,16,2.7,31
D010614,O011373,RIDER1986,65,64,37,2.7,0
D010615,O011374,RIDER0917,28,33,14,1.6,5
D010616,O011375,RIDER0340,22,24,35,0.3,2
D010617,O011376,RIDER2353,26,47,26,5.6,21
D010618,O011377,RIDER0869,34,36,19,2.1,2
D010619,O011378,RIDER2343,23,55,42,1.3,32
D010620,O011379,RIDER1018,21,49,16,1.6,28
D010621,O011380,RIDER0447,31,38,36,0.4,7
D010622,O011381,RIDER1907,32,35,25,1.1,3
D010623,O011382,RIDER1745,33,33,30,2.0,0
D010624,O011383,RIDER2448,29,32,41,0.5,3
D010625,O011384,RIDER0775,56,66,35,1.3,10
D010626,O011385,RIDER0396,27,22,38,8.4,0
D010627,O011386,RIDER0305,42,38,14,0.9,0
D010628,O011387,RIDER1346,41,59,36,1.3,18
D010629,O011388,RIDER1565,32,32,40,0.9,0
D010630,O011389,RIDER0616,32,44,40,6.9,12
D010631,O011390,RIDER1005,36,52,16,0.4,16
D010632,O011391,RIDER0626,27,48,20,3.4,21
D010633,O011392,RIDER0130,45,52,29,7.4,7
D010634,O011393,RIDER0900,34,41,16,1.2,7
D010635,O011394,RIDER1300,45,55,31,1.9,10
D010636,O011396,RIDER1736,34,56,31,3.8,22
D010637,O011397,RIDER0860,39,35,19,4.4,0
D010638,O011398,RIDER1663,59,74,27,1.4,15
D010639,O011399,RIDER0928,22,21,38,3.2,0
D010640,O011401,RIDER2279,27,32,39,3.1,5
D010641,O011402,RIDER0972,56,55,38,0.8,0
D010642,O011403,RIDER0367,62,72,36,4.7,10
D010643,O011404,RIDER0764,21,22,31,1.2,1
D010644,O011405,RIDER1045,39,35,25,7.0,0
D010645,O011406,RIDER2107,29,40,20,2.6,11
D010646,O011408,RIDER0875,36,58,37,1.4,22
D010647,O011409,RIDER1156,29,59,30,0.4,30
D010648,O011410,RIDER0024,36,69,33,3.4,33
D010649,O011411,RIDER0271,21,21,41,0.8,0
D010650,O011412,RIDER1671,22,39,37,1.5,17
D010651,O011413,RIDER1382,38,34,38,7.1,0
D010652,O011414,RIDER0286,28,33,22,0.9,5
D010653,O011415,RIDER1163,52,49,32,14.9,0
D010654,O011416,RIDER2134,36,48,33,2.9,12
D010655,O011417,RIDER0982,34,37,31,2.3,3
D010656,O011418,RIDER1171,46,47,17,8.5,1
D010657,O011419,RIDER0914,31,33,34,2.9,2
D010658,O011420,RIDER2183,40,39,21,0.1,0
D010659,O011421,RIDER0994,45,76,29,1.3,31
D010660,O011422,RIDER2078,32,37,21,2.4,5
D010661,O011423,RIDER1783,28,28,39,1.8,0
D010662,O011424,RIDER0064,30,34,16,6.3,4
D010663,O011425,RIDER1910,45,49,21,1.1,4
D010664,O011426,RIDER0816,30,31,37,4.4,1
D010665,O011427,RIDER0114,51,47,38,4.3,0
D010666,O011428,RIDER2128,22,29,40,2.2,7
D010667,O011429,RIDER2178,24,22,28,3.5,0
D010668,O011430,RIDER1916,37,44,33,1.6,7
D010669,O011431,RIDER1420,36,40,32,0.3,4
D010670,O011432,RIDER1561,36,38,22,2.4,2
D010671,O011433,RIDER1224,24,36,40,3.4,12
D010672,O011434,RIDER2207,32,32,22,1.2,0
D010673,O011435,RIDER0456,21,17,14,3.0,0
D010674,O011436,RIDER1043,29,51,22,1.2,22
D010675,O011437,RIDER0833,21,38,21,4.3,17
D010676,O011438,RIDER0893,40,51,29,0.3,11
D010677,O011439,RIDER0241,36,32,42,4.6,0
D010678,O011440,RIDER0754,31,33,14,0.2,2
D010679,O011441,RIDER1840,49,44,37,8.0,0
D010680,O011442,RIDER0084,25,30,29,3.2,5
D010681,O011443,RIDER0203,28,41,41,2.6,13
D010682,O011444,RIDER1424,52,52,20,0.2,0
D010683,O011445,RIDER1566,24,45,26,3.9,21
D010684,O011446,RIDER2381,36,39,16,1.0,3
D010685,O011447,RIDER2130,36,45,16,2.3,9
D010686,O011448,RIDER2080,40,68,14,0.3,28
D010687,O011449,RIDER1385,37,38,29,1.8,1
D010688,O011450,RIDER0372,40,40,36,3.7,0
D010689,O011451,RIDER2011,23,18,24,6.2,0
D010690,O011452,RIDER2365,24,55,38,2.3,31
D010691,O011453,RIDER2046,37,44,37,5.3,7
D010692,O011454,RIDER0847,34,39,31,1.3,5
D010693,O011455,RIDER0791,41,67,21,4.5,26
D010694,O011456,RIDER1981,39,52,19,2.8,13
D010695,O011457,RIDER1548,38,47,36,0.6,9
D010696,O011458,RIDER2445,33,31,32,2.9,0
D010697,O011459,RIDER2015,34,33,23,1.4,0
D010698,O011460,RIDER2347,28,24,33,1.8,0
D010699,O011461,RIDER1883,48,62,15,1.4,14
D010700,O011463,RIDER1470,35,59,22,0.3,24
D010701,O011464,RIDER1076,33,60,22,4.5,27
D010702,O011465,RIDER0786,27,30,34,4.4,3
D010703,O011466,RIDER1314,27,27,27,2.1,0
D010704,O011467,RIDER2333,30,27,38,1.8,0
D010705,O011468,RIDER0867,38,54,19,1.1,16
D010706,O011470,RIDER0181,28,31,14,1.6,3
D010707,O011471,RIDER1292,45,56,14,7.3,11
D010708,O011472,RIDER0507,58,88,17,5.4,30
D010709,O011473,RIDER0198,64,66,17,2.3,2
D010710,O011474,RIDER0477,21,27,24,1.4,6
D010711,O011475,RIDER0101,53,86,14,5.6,33
D010712,O011476,RIDER1521,28,28,39,2.2,0
D010713,O011478,RIDER2214,40,47,28,6.4,7
D010714,O011479,RIDER0847,22,21,16,0.9,0
D010715,O011480,RIDER1688,37,71,18,9.2,34
D010716,O011481,RIDER2306,27,25,14,3.7,0
D010717,O011483,RIDER1405,49,55,21,2.2,6
D010718,O011484,RIDER1520,26,54,38,0.9,28
D010719,O011485,RIDER2156,20,29,30,0.9,9
D010720,O011486,RIDER1183,39,58,28,2.9,19
D010721,O011488,RIDER0151,27,28,14,2.3,1
D010722,O011489,RIDER0539,49,45,38,1.4,0
D010723,O011490,RIDER0416,61,94,17,4.9,33
D010724,O011491,RIDER2284,29,53,15,1.8,24
D010725,O011492,RIDER0032,54,54,39,2.9,0
D010726,O011493,RIDER0461,40,36,27,1.9,0
D010727,O011494,RIDER1290,36,46,21,7.4,10
D010728,O011495,RIDER2008,33,31,25,5.5,0
D010729,O011496,RIDER1721,61,63,37,1.2,2
D010730,O011497,RIDER1908,40,43,24,2.4,3
D010731,O011498,RIDER1464,31,35,18,1.7,4
D010732,O011499,RIDER0151,22,22,41,1.7,0
D010733,O011500,RIDER0563,40,37,14,0.8,0
D010734,O011501,RIDER1687,43,48,27,1.2,5
D010735,O011502,RIDER1625,29,37,14,2.5,8
D010736,O011504,RIDER1054,22,23,33,2.6,1
D010737,O011505,RIDER1160,28,57,31,2.8,29
D010738,O011506,RIDER2206,28,25,19,2.8,0
D010739,O011507,RIDER0824,23,49,39,2.9,26
D010740,O011508,RIDER0338,50,79,37,1.4,29
D010741,O011509,RIDER1698,35,42,28,3.5,7
D010742,O011510,RIDER2286,25,21,25,2.6,0
D010743,O011511,RIDER1001,29,28,35,4.0,0
D010744,O011512,RIDER0299,23,22,23,1.3,0
D010745,O011513,RIDER0150,37,59,32,0.6,22
D010746,O011514,RIDER0269,47,46,39,1.5,0
D010747,O011515,RIDER1696,39,52,38,4.0,13
D010748,O011516,RIDER0955,26,21,15,8.8,0
D010749,O011517,RIDER1066,31,29,23,0.4,0
D010750,O011518,RIDER1481,23,55,40,5.7,32
D010751,O011519,RIDER0798,35,39,31,3.3,4
D010752,O011520,RIDER0949,30,29,28,2.1,0
D010753,O011521,RIDER1225,24,31,31,4.3,7
D010754,O011522,RIDER0512,26,30,28,2.1,4
D010755,O011523,RIDER1382,27,31,32,1.8,4
D010756,O011525,RIDER0449,42,37,40,4.3,0
D010757,O011527,RIDER1758,41,41,23,0.3,0
D010758,O011528,RIDER0711,29,36,16,0.7,7
D010759,O011529,RIDER2449,33,47,19,4.0,14
D010760,O011530,RIDER1043,30,29,38,2.3,0
D010761,O011531,RIDER2264,30,25,28,4.4,0
D010762,O011532,RIDER0302,51,54,39,2.9,3
D010763,O011533,RIDER2058,42,63,35,2.6,21
D010764,O011534,RIDER0637,33,37,37,3.2,4
D010765,O011535,RIDER2321,28,27,21,1.1,0
D010766,O011536,RIDER1274,28,32,16,3.4,4
D010767,O011537,RIDER2416,28,32,21,3.6,4
D010768,O011538,RIDER0308,32,31,36,2.9,0
D010769,O011539,RIDER0501,33,34,19,3.6,1
D010770,O011541,RIDER1014,29,33,41,5.3,4
D010771,O011542,RIDER1321,34,38,20,4.5,4
D010772,O011543,RIDER1900,32,30,29,0.5,0
D010773,O011544,RIDER0626,37,58,24,1.9,21
D010774,O011545,RIDER0678,24,26,18,5.4,2
D010775,O011546,RIDER0123,27,22,32,2.5,0
D010776,O011547,RIDER2347,31,26,36,1.8,0
D010777,O011548,RIDER1554,29,61,37,3.1,32
D010778,O011549,RIDER1284,32,61,15,8.6,29
D010779,O011550,RIDER1801,70,79,31,1.6,9
D010780,O011551,RIDER1377,30,30,25,2.1,0
D010781,O011553,RIDER1874,39,61,29,4.5,22
D010782,O011554,RIDER0169,34,49,19,0.8,15
D010783,O011555,RIDER0452,19,32,25,1.4,13
D010784,O011556,RIDER2380,37,48,29,0.8,11
D010785,O011557,RIDER0452,31,43,33,0.6,12
D010786,O011558,RIDER0681,23,18,24,0.9,0
D010787,O011559,RIDER2415,26,48,38,4.2,22
D010788,O011560,RIDER0837,31,29,29,8.9,0
D010789,O011561,RIDER1410,19,17,17,6.8,0
D010790,O011564,RIDER0960,20,48,35,4.9,28
D010791,O011565,RIDER2270,30,41,27,3.8,11
D010792,O011566,RIDER1941,42,41,14,5.4,0
D010793,O011567,RIDER0837,38,37,22,1.8,0
D010794,O011568,RIDER1253,36,31,21,0.7,0
D010795,O011570,RIDER2358,42,66,17,1.3,24
D010796,O011571,RIDER1321,38,39,41,3.4,1
D010797,O011572,RIDER0886,25,26,31,3.7,1
D010798,O011574,RIDER1618,30,54,28,3.2,24
D010799,O011576,RIDER2028,18,21,14,1.0,3
D010800,O011577,RIDER2115,27,49,19,0.2,22
D010801,O011578,RIDER1977,24,43,37,3.6,19
D010802,O011579,RIDER1715,47,50,39,0.4,3
D010803,O011580,RIDER0697,29,37,41,0.9,8
D010804,O011581,RIDER0573,53,75,34,0.8,22
D010805,O011582,RIDER1080,52,56,25,1.9,4
D010806,O011583,RIDER0693,44,55,21,5.6,11
D010807,O011584,RIDER0962,30,53,27,2.2,23
D010808,O011585,RIDER2147,24,19,34,4.1,0
D010809,O011586,RIDER2053,38,66,21,2.3,28
D010810,O011587,RIDER1112,33,55,22,2.4,22
D010811,O011588,RIDER0833,48,54,37,0.7,6
D010812,O011589,RIDER0543,45,47,24,3.5,2
D010813,O011590,RIDER0156,37,53,36,0.2,16
D010814,O011591,RIDER1365,47,69,30,1.9,22
D010815,O011592,RIDER0169,25,43,40,6.0,18
D010816,O011593,RIDER1492,31,50,31,9.2,19
D010817,O011594,RIDER1981,45,44,40,2.4,0
D010818,O011595,RIDER0418,35,32,35,3.8,0
D010819,O011596,RIDER0207,40,41,24,5.0,1
D010820,O011597,RIDER1033,30,60,14,3.9,30
D010821,O011599,RIDER1632,45,51,30,2.2,6
D010822,O011600,RIDER0064,48,47,36,5.0,0
D010823,O011601,RIDER1459,35,32,30,1.0,0
D010824,O011602,RIDER0829,47,72,15,3.3,25
D010825,O011603,RIDER0356,47,79,30,0.8,32
D010826,O011604,RIDER0086,54,61,29,0.8,7
D010827,O011605,RIDER1033,29,34,21,4.9,5
D010828,O011606,RIDER0570,26,27,37,1.4,1
D010829,O011607,RIDER2241,30,25,14,3.7,0
D010830,O011608,RIDER2329,24,31,21,4.8,7
D010831,O011609,RIDER2262,29,29,14,1.6,0
D010832,O011610,RIDER1431,34,39,34,2.5,5
D010833,O011611,RIDER1567,28,29,17,2.5,1
D010834,O011612,RIDER1008,23,24,27,1.4,1
D010835,O011613,RIDER0870,33,32,14,9.4,0
D010836,O011614,RIDER0465,25,27,34,3.0,2
D010837,O011615,RIDER1725,27,56,20,1.4,29
D010838,O011616,RIDER0122,33,35,40,3.0,2
D010839,O011617,RIDER0043,34,54,17,3.1,20
D010840,O011618,RIDER2235,34,35,34,3.6,1
D010841,O011619,RIDER0808,22,50,40,6.8,28
D010842,O011620,RIDER0066,23,27,39,1.0,4
D010843,O011621,RIDER2076,24,29,18,0.9,5
D010844,O011622,RIDER2052,23,30,29,4.8,7
D010845,O011623,RIDER2135,38,45,37,2.6,7
D010846,O011624,RIDER1319,28,27,30,5.6,0
D010847,O011625,RIDER0076,43,72,22,2.8,29
D010848,O011626,RIDER0240,59,60,16,2.7,1
D010849,O011627,RIDER0686,35,31,15,2.1,0
D010850,O011628,RIDER1672,44,51,15,2.6,7
D010851,O011629,RIDER0409,29,34,25,9.2,5
D010852,O011630,RIDER1693,33,48,23,3.7,15
D010853,O011631,RIDER0019,27,25,31,2.3,0
D010854,O011632,RIDER0435,45,65,27,3.6,20
D010855,O011633,RIDER2143,42,54,36,11.1,12
D010856,O011635,RIDER1826,30,30,24,0.6,0
D010857,O011636,RIDER0721,31,28,41,3.1,0
D010858,O011637,RIDER0311,26,59,28,0.8,33
D010859,O011638,RIDER1134,35,39,31,3.1,4
D010860,O011640,RIDER1779,29,36,31,2.3,7
D010861,O011641,RIDER2084,43,47,42,2.5,4
D010862,O011642,RIDER0234,48,47,14,2.1,0
D010863,O011643,RIDER1437,30,48,18,1.1,18
D010864,O011644,RIDER0443,29,27,38,1.6,0
D010865,O011646,RIDER0843,37,39,19,3.9,2
D010866,O011647,RIDER0117,41,51,38,3.1,10
D010867,O011648,RIDER1098,34,64,32,2.9,30
D010868,O011649,RIDER2007,30,31,21,0.1,1
D010869,O011650,RIDER2232,27,31,23,1.3,4
D010870,O011651,RIDER0282,31,47,33,3.3,16
D010871,O011652,RIDER2497,41,48,29,3.2,7
D010872,O011653,RIDER2499,34,42,39,1.8,8
D010873,O011654,RIDER2323,17,39,20,1.7,22
D010874,O011655,RIDER1225,44,44,22,1.0,0
D010875,O011658,RIDER0697,27,27,41,4.8,0
D010876,O011659,RIDER1240,62,62,42,3.1,0
D010877,O011660,RIDER0344,29,30,28,0.5,1
D010878,O011661,RIDER2279,30,35,29,0.8,5
D010879,O011662,RIDER0795,28,50,30,0.4,22
D010880,O011663,RIDER0984,36,62,30,3.1,26
D010881,O011664,RIDER0132,34,66,20,1.1,32
D010882,O011665,RIDER0203,41,41,35,5.6,0
D010883,O011666,RIDER0538,53,61,32,0.9,8
D010884,O011667,RIDER1612,30,32,28,1.6,2
D010885,O011668,RIDER0753,40,36,24,2.9,0
D010886,O011669,RIDER1011,25,36,21,6.1,11
D010887,O011671,RIDER1671,24,23,32,0.9,0
D010888,O011672,RIDER1662,33,66,15,0.6,33
D010889,O011673,RIDER1437,32,28,18,1.3,0
D010890,O011674,RIDER2305,44,43,23,2.2,0
D010891,O011675,RIDER2424,35,31,32,5.5,0
D010892,O011676,RIDER2412,29,27,34,5.1,0
D010893,O011677,RIDER0517,25,24,22,1.2,0
D010894,O011678,RIDER0568,38,63,21,2.7,25
D010895,O011679,RIDER0071,31,29,37,3.9,0
D010896,O011680,RIDER0188,17,20,17,2.3,3
D010897,O011681,RIDER2449,30,32,21,1.3,2
D010898,O011682,RIDER1736,28,50,18,2.9,22
D010899,O011683,RIDER0298,39,35,38,1.2,0
D010900,O011684,RIDER0485,27,32,33,9.4,5
D010901,O011685,RIDER0147,28,32,37,4.9,4
D010902,O011686,RIDER0332,46,45,29,0.8,0
D010903,O011687,RIDER0787,26,24,36,4.4,0
D010904,O011688,RIDER0927,27,34,22,1.1,7
D010905,O011689,RIDER0078,34,37,14,1.3,3
D010906,O011690,RIDER0643,29,29,32,9.8,0
D010907,O011691,RIDER2016,31,30,14,5.6,0
D010908,O011692,RIDER0107,33,31,35,0.6,0
D010909,O011693,RIDER0647,32,31,30,1.4,0
D010910,O011694,RIDER1364,34,44,18,1.3,10
D010911,O011695,RIDER0026,37,36,23,2.9,0
D010912,O011696,RIDER2296,26,32,33,0.7,6
D010913,O011697,RIDER2191,27,22,21,3.8,0
D010914,O011698,RIDER0465,33,38,29,1.1,5
D010915,O011699,RIDER2347,29,63,27,1.3,34
D010916,O011700,RIDER0142,40,35,15,7.9,0
D010917,O011701,RIDER0827,70,72,25,4.9,2
D010918,O011702,RIDER2452,32,31,36,1.9,0
D010919,O011704,RIDER0936,17,31,30,1.3,14
D010920,O011705,RIDER1306,25,26,37,10.4,1
D010921,O011706,RIDER1576,40,42,34,2.4,2
D010922,O011707,RIDER1774,47,44,39,1.6,0
D010923,O011708,RIDER1718,21,27,36,3.6,6
D010924,O011709,RIDER1703,30,61,34,3.6,31
D010925,O011710,RIDER1138,35,44,14,3.4,9
D010926,O011711,RIDER0388,29,31,21,1.2,2
D010927,O011712,RIDER0651,37,42,30,0.2,5
D010928,O011713,RIDER2055,25,25,25,1.5,0
D010929,O011714,RIDER2499,31,32,17,7.7,1
D010930,O011715,RIDER2460,21,28,27,1.2,7
D010931,O011716,RIDER1997,43,39,33,4.7,0
D010932,O011717,RIDER2013,40,39,31,2.6,0
D010933,O011718,RIDER0937,33,34,18,5.5,1
D010934,O011719,RIDER0639,24,33,15,2.9,9
D010935,O011720,RIDER1193,30,54,16,6.5,24
D010936,O011721,RIDER1333,26,29,27,2.5,3
D010937,O011722,RIDER2021,24,31,37,6.6,7
D010938,O011723,RIDER1459,27,33,21,1.8,6
D010939,O011724,RIDER0292,29,24,33,4.8,0
D010940,O011725,RIDER0445,28,23,32,7.2,0
D010941,O011726,RIDER0349,24,22,15,2.7,0
D010942,O011727,RIDER0713,25,34,36,7.9,9
D010943,O011728,RIDER1766,37,57,35,3.7,20
D010944,O011729,RIDER1813,26,47,25,1.7,21
D010945,O011730,RIDER1113,29,25,22,1.1,0
D010946,O011731,RIDER2002,28,23,37,3.3,0
D010947,O011732,RIDER2192,25,36,31,0.6,11
D010948,O011733,RIDER1797,49,52,29,2.0,3
D010949,O011734,RIDER2419,35,37,29,0.8,2
D010950,O011735,RIDER0389,22,29,22,0.5,7
D010951,O011736,RIDER1370,21,19,38,0.5,0
D010952,O011737,RIDER1445,34,29,15,9.4,0
D010953,O011739,RIDER1631,50,49,25,4.0,0
D010954,O011740,RIDER1362,65,67,37,1.9,2
D010955,O011741,RIDER0615,32,29,37,0.8,0
D010956,O011742,RIDER0581,24,48,24,5.8,24
D010957,O011743,RIDER2484,31,32,35,1.1,1
D010958,O011744,RIDER1336,37,44,40,1.1,7
D010959,O011745,RIDER1459,25,24,17,7.7,0
D010960,O011747,RIDER2374,29,36,31,0.1,7
D010961,O011748,RIDER2406,30,33,14,4.9,3
D010962,O011749,RIDER2319,26,21,42,7.5,0
D010963,O011750,RIDER2473,39,43,18,2.0,4
D010964,O011751,RIDER1981,51,77,42,3.1,26
D010965,O011752,RIDER1097,20,30,14,0.4,10
D010966,O011753,RIDER1686,23,26,24,2.3,3
D010967,O011754,RIDER0275,35,39,33,1.5,4
D010968,O011755,RIDER0417,45,59,20,4.5,14
D010969,O011756,RIDER1781,43,50,38,7.8,7
D010970,O011757,RIDER2167,56,59,25,0.3,3
D010971,O011758,RIDER1591,25,30,16,1.7,5
D010972,O011760,RIDER0331,39,36,30,2.1,0
D010973,O011761,RIDER1814,49,51,32,4.8,2
D010974,O011762,RIDER2339,41,47,34,5.4,6
D010975,O011763,RIDER0840,42,38,30,3.4,0
D010976,O011764,RIDER1038,27,23,41,0.9,0
D010977,O011765,RIDER2057,33,40,17,2.0,7
D010978,O011766,RIDER1912,27,33,35,0.4,6
D010979,O011767,RIDER0757,34,49,19,9.9,15
D010980,O011768,RIDER0845,34,49,21,4.0,15
D010981,O011769,RIDER0810,29,35,28,2.0,6
D010982,O011770,RIDER1709,23,30,16,1.3,7
D010983,O011771,RIDER2240,34,50,18,5.8,16
D010984,O011772,RIDER0190,32,54,14,4.4,22
D010985,O011773,RIDER0819,39,44,21,1.4,5
D010986,O011775,RIDER1479,45,63,40,2.1,18
D010987,O011776,RIDER1872,25,43,18,8.2,18
D010988,O011777,RIDER1921,30,57,23,3.0,27
D010989,O011778,RIDER2478,40,46,26,2.8,6
D010990,O011779,RIDER0687,42,45,19,3.5,3
D010991,O011780,RIDER1522,38,36,42,2.3,0
D010992,O011781,RIDER2303,36,43,25,10.4,7
D010993,O011782,RIDER0764,45,42,14,2.1,0
D010994,O011783,RIDER2406,42,44,14,0.6,2
D010995,O011784,RIDER0202,40,42,35,0.8,2
D010996,O011785,RIDER0227,68,97,18,4.3,29
D010997,O011786,RIDER1886,39,73,18,3.8,34
D010998,O011788,RIDER2203,32,31,18,1.6,0
D010999,O011789,RIDER0187,49,56,33,1.3,7
D011000,O011790,RIDER1404,22,20,23,0.6,0
D011001,O011791,RIDER0308,29,27,15,2.3,0
D011002,O011792,RIDER2397,49,47,42,7.5,0
D011003,O011793,RIDER1344,30,53,36,0.2,23
D011004,O011794,RIDER1730,27,34,24,2.9,7
D011005,O011795,RIDER0797,32,27,34,6.7,0
D011006,O011796,RIDER1292,31,38,32,3.4,7
D011007,O011797,RIDER1147,33,28,29,0.4,0
D011008,O011798,RIDER0029,20,27,42,0.2,7
D011009,O011799,RIDER2282,45,43,31,5.5,0
D011010,O011800,RIDER1612,28,25,41,6.6,0
D011011,O011801,RIDER2026,41,67,29,4.2,26
D011012,O011802,RIDER0114,49,74,27,3.5,25
D011013,O011803,RIDER0886,58,70,31,8.4,12
D011014,O011804,RIDER0996,27,50,34,1.7,23
D011015,O011805,RIDER0968,46,46,40,4.1,0
D011016,O011806,RIDER0310,27,24,40,0.5,0
D011017,O011807,RIDER1506,24,19,22,12.8,0
D011018,O011808,RIDER2328,34,40,31,3.6,6
D011019,O011809,RIDER0969,49,53,28,3.6,4
D011020,O011810,RIDER1507,18,17,39,2.1,0
D011021,O011811,RIDER0956,39,49,27,2.2,10
D011022,O011812,RIDER2094,21,23,25,7.0,2
D011023,O011813,RIDER1956,25,31,24,3.5,6
D011024,O011814,RIDER0212,25,24,16,0.4,0
D011025,O011815,RIDER0092,25,30,24,3.8,5
D011026,O011816,RIDER2381,37,36,35,3.3,0
D011027,O011817,RIDER1972,24,25,23,0.2,1
D011028,O011818,RIDER0574,33,40,16,0.4,7
D011029,O011819,RIDER0673,40,47,31,1.6,7
D011030,O011820,RIDER0554,51,50,33,4.4,0
D011031,O011821,RIDER0057,36,34,37,3.5,0
D011032,O011822,RIDER2130,24,35,15,4.4,11
D011033,O011823,RIDER2012,25,21,42,1.5,0
D011034,O011824,RIDER0157,43,72,32,3.2,29
D011035,O011825,RIDER1271,43,56,34,0.3,13
D011036,O011826,RIDER0879,36,65,22,1.7,29
D011037,O011827,RIDER2426,27,24,24,1.7,0
D011038,O011828,RIDER0856,28,26,38,3.4,0
D011039,O011829,RIDER2062,23,26,32,6.0,3
D011040,O011830,RIDER1143,31,46,37,4.9,15
D011041,O011831,RIDER0141,24,25,15,6.2,1
D011042,O011832,RIDER1569,30,26,37,4.8,0
D011043,O011833,RIDER0274,34,29,25,2.5,0
D011044,O011834,RIDER1612,45,47,14,1.6,2
D011045,O011835,RIDER0405,21,27,17,1.3,6
D011046,O011836,RIDER1106,57,87,15,4.5,30
D011047,O011837,RIDER2313,30,35,20,2.2,5
D011048,O011838,RIDER2121,30,32,18,1.8,2
D011049,O011839,RIDER1184,30,29,21,2.7,0
D011050,O011840,RIDER0837,39,60,32,6.0,21
D011051,O011841,RIDER0787,21,28,38,9.5,7
D011052,O011842,RIDER0126,23,22,15,1.1,0
D011053,O011843,RIDER1197,25,25,27,8.3,0
D011054,O011844,RIDER0600,37,38,40,7.3,1
D011055,O011845,RIDER1891,57,90,25,1.9,33
D011056,O011846,RIDER1435,37,53,30,2.6,16
D011057,O011847,RIDER0436,34,40,15,4.6,6
D011058,O011848,RIDER1844,23,29,27,0.5,6
D011059,O011849,RIDER1175,23,18,36,1.7,0
D011060,O011850,RIDER1499,34,66,37,5.4,32
D011061,O011851,RIDER2184,30,34,29,0.9,4
D011062,O011852,RIDER2400,33,37,42,0.7,4
D011063,O011853,RIDER0136,28,47,40,3.6,19
D011064,O011854,RIDER1255,36,43,35,6.2,7
D011065,O011855,RIDER2259,64,62,16,6.3,0
D011066,O011856,RIDER1002,32,35,28,0.4,3
D011067,O011857,RIDER0505,24,42,38,6.6,18
D011068,O011859,RIDER2354,26,33,30,1.1,7
D011069,O011860,RIDER1669,70,92,15,1.3,22
D011070,O011861,RIDER0174,32,56,21,4.3,24
D011071,O011862,RIDER0122,27,33,39,1.5,6
D011072,O011863,RIDER2256,31,35,16,2.0,4
D011073,O011864,RIDER1835,39,55,35,2.0,16
D011074,O011865,RIDER1655,39,52,28,0.5,13
D011075,O011866,RIDER1489,25,27,33,0.9,2
D011076,O011867,RIDER0556,25,34,28,0.4,9
D011077,O011868,RIDER0377,28,27,23,1.0,0
D011078,O011869,RIDER0201,24,35,23,4.1,11
D011079,O011870,RIDER2283,32,36,23,3.7,4
D011080,O011871,RIDER1103,48,57,21,2.2,9
D011081,O011872,RIDER2491,22,20,30,8.9,0
D011082,O011873,RIDER0416,31,48,23,2.2,17
D011083,O011874,RIDER1859,21,19,21,1.7,0
D011084,O011875,RIDER1645,33,32,15,5.8,0
D011085,O011876,RIDER1997,37,36,35,0.8,0
D011086,O011877,RIDER1628,41,38,31,3.9,0
D011087,O011878,RIDER0825,43,54,31,0.7,11
D011088,O011879,RIDER0269,29,36,25,1.1,7
D011089,O011880,RIDER1933,57,77,16,3.0,20
D011090,O011881,RIDER0162,39,35,32,4.9,0
D011091,O011882,RIDER1606,27,54,16,3.0,27
D011092,O011883,RIDER0754,24,23,25,2.7,0
D011093,O011884,RIDER0405,26,29,37,3.2,3
D011094,O011885,RIDER1937,40,63,15,3.9,23
D011095,O011886,RIDER1734,31,32,20,1.1,1
D011096,O011887,RIDER0643,29,29,30,0.6,0
D011097,O011888,RIDER1584,32,64,28,0.9,32
D011098,O011889,RIDER0305,39,57,33,4.0,18
D011099,O011890,RIDER0643,30,33,39,5.9,3
D011100,O011891,RIDER1893,31,48,41,7.1,17
D011101,O011892,RIDER0006,55,79,28,4.0,24
D011102,O011893,RIDER1214,36,39,27,4.2,3
D011103,O011895,RIDER0949,46,55,15,0.6,9
D011104,O011896,RIDER0557,19,15,24,2.5,0
D011105,O011897,RIDER0508,32,28,28,4.4,0
D011106,O011898,RIDER1496,36,70,15,1.3,34
D011107,O011899,RIDER0321,36,63,23,6.3,27
D011108,O011900,RIDER1312,43,72,29,2.2,29
D011109,O011901,RIDER0261,46,46,18,1.8,0
D011110,O011902,RIDER1930,19,22,33,2.0,3
D011111,O011904,RIDER0221,51,56,15,1.9,5
D011112,O011905,RIDER0347,24,22,20,0.4,0
D011113,O011906,RIDER1514,27,55,28,1.3,28
D011114,O011907,RIDER1727,25,52,18,4.8,27
D011115,O011908,RIDER0302,28,28,36,8.6,0
D011116,O011909,RIDER0368,30,30,21,0.7,0
D011117,O011911,RIDER0625,32,37,37,2.4,5
D011118,O011912,RIDER1845,31,35,37,2.1,4
D011119,O011913,RIDER0900,30,35,27,3.5,5
D011120,O011914,RIDER1141,38,69,14,0.9,31
D011121,O011915,RIDER1449,35,55,37,2.5,20
D011122,O011916,RIDER1735,23,27,23,9.0,4
D011123,O011917,RIDER0978,23,26,37,4.6,3
D011124,O011918,RIDER1343,33,29,21,1.5,0
D011125,O011919,RIDER1289,27,25,29,0.5,0
D011126,O011920,RIDER1381,30,48,28,8.5,18
D011127,O011921,RIDER0287,25,28,41,2.1,3
D011128,O011922,RIDER0243,58,71,14,3.3,13
D011129,O011923,RIDER0113,24,45,24,1.1,21
D011130,O011924,RIDER2436,39,34,15,4.3,0
D011131,O011925,RIDER2342,32,56,42,3.0,24
D011132,O011926,RIDER2388,30,25,23,1.4,0
D011133,O011927,RIDER0788,30,29,21,3.7,0
D011134,O011928,RIDER1934,47,54,15,1.3,7
D011135,O011929,RIDER0521,45,58,37,3.7,13
D011136,O011930,RIDER1544,24,28,16,6.0,4
D011137,O011932,RIDER1078,48,65,17,0.3,17
D011138,O011933,RIDER1716,42,39,35,1.1,0
D011139,O011934,RIDER1029,41,59,33,2.3,18
D011140,O011935,RIDER2047,33,51,14,2.9,18
D011141,O011936,RIDER2334,30,30,40,3.5,0
D011142,O011937,RIDER1898,34,61,19,6.5,27
D011143,O011938,RIDER1884,29,31,16,1.8,2
D011144,O011939,RIDER0122,26,29,41,0.6,3
D011145,O011940,RIDER1080,47,48,31,1.9,1
D011146,O011941,RIDER0796,46,45,27,1.6,0
D011147,O011942,RIDER1173,34,61,32,1.6,27
D011148,O011943,RIDER1162,23,22,27,2.0,0
D011149,O011944,RIDER1367,27,24,24,3.7,0
D011150,O011945,RIDER0310,40,64,29,9.0,24
D011151,O011946,RIDER1841,70,72,14,2.9,2
D011152,O011947,RIDER1367,42,72,31,10.1,30
D011153,O011948,RIDER0940,29,29,20,3.9,0
D011154,O011949,RIDER1973,27,50,18,2.8,23
D011155,O011950,RIDER2012,22,21,21,2.4,0
D011156,O011951,RIDER0969,24,20,25,1.3,0
D011157,O011952,RIDER1330,52,49,24,2.0,0
D011158,O011953,RIDER1146,26,32,27,2.0,6
D011159,O011954,RIDER1712,25,45,33,1.0,20
D011160,O011955,RIDER0024,32,65,40,3.8,33
D011161,O011956,RIDER1588,26,42,42,3.1,16
D011162,O011957,RIDER1576,48,50,38,0.6,2
D011163,O011958,RIDER0128,54,49,29,1.1,0
D011164,O011959,RIDER1305,20,21,25,0.7,1
D011165,O011960,RIDER0775,30,25,29,4.2,0
D011166,O011961,RIDER1512,22,28,38,5.8,6
D011167,O011962,RIDER1718,36,47,27,5.2,11
D011168,O011963,RIDER2258,43,40,39,2.2,0
D011169,O011964,RIDER0456,46,70,30,0.8,24
D011170,O011965,RIDER0042,35,38,30,9.4,3
D011171,O011966,RIDER1138,26,22,37,4.5,0
D011172,O011967,RIDER0026,23,49,34,3.6,26
D011173,O011968,RIDER1274,30,47,14,2.9,17
D011174,O011969,RIDER1019,33,32,19,1.3,0
D011175,O011970,RIDER1419,26,32,21,4.5,6
D011176,O011971,RIDER2097,22,23,21,0.9,1
D011177,O011972,RIDER1603,38,64,16,2.0,26
D011178,O011973,RIDER0178,27,34,38,4.7,7
D011179,O011974,RIDER2324,50,48,41,4.4,0
D011180,O011975,RIDER2123,31,49,39,4.7,18
D011181,O011976,RIDER2239,43,62,21,1.7,19
D011182,O011977,RIDER1337,47,43,16,3.6,0
D011183,O011978,RIDER0182,25,24,19,0.4,0
D011184,O011979,RIDER2009,29,34,28,4.3,5
D011185,O011981,RIDER0063,28,40,24,1.5,12
D011186,O011982,RIDER1055,26,27,19,10.5,1
D011187,O011983,RIDER2212,21,17,39,0.1,0
D011188,O011984,RIDER0082,29,28,25,2.4,0
D011189,O011985,RIDER2378,27,26,18,3.9,0
D011190,O011986,RIDER0267,32,29,39,4.6,0
D011191,O011987,RIDER1151,42,39,34,2.6,0
D011192,O011988,RIDER0345,29,24,29,2.7,0
D011193,O011989,RIDER0857,35,43,18,0.2,8
D011194,O011990,RIDER0589,32,55,32,4.9,23
D011195,O011991,RIDER0713,30,35,16,1.7,5
D011196,O011992,RIDER0834,41,48,29,5.9,7
D011197,O011993,RIDER2150,24,26,28,5.9,2
D011198,O011995,RIDER0430,24,28,38,5.2,4
D011199,O011996,RIDER1614,29,33,24,4.4,4
D011200,O011997,RIDER0599,23,21,27,1.5,0
D011201,O011998,RIDER1059,33,39,36,1.2,6
D011202,O011999,RIDER0886,41,39,38,4.3,0
D011203,O012001,RIDER0998,41,58,21,3.9,17
D011204,O012002,RIDER2486,31,49,31,2.4,18
D011205,O012003,RIDER1278,52,55,31,4.8,3
D011206,O012004,RIDER1290,35,31,30,6.2,0
D011207,O012005,RIDER1348,19,15,16,0.9,0
D011208,O012006,RIDER0733,40,35,23,6.6,0
D011209,O012007,RIDER1752,42,64,24,2.3,22
D011210,O012008,RIDER2023,56,61,33,0.4,5
D011211,O012009,RIDER0352,49,71,31,5.5,22
D011212,O012011,RIDER1693,35,43,37,2.8,8
D011213,O012012,RIDER1303,65,63,41,1.1,0
D011214,O012013,RIDER2386,22,28,39,1.6,6
D011215,O012014,RIDER2314,21,21,34,3.4,0
D011216,O012015,RIDER0943,29,29,29,1.9,0
D011217,O012016,RIDER2453,32,28,28,5.5,0
D011218,O012017,RIDER2332,38,38,27,0.3,0
D011219,O012018,RIDER2268,30,32,16,1.3,2
D011220,O012019,RIDER0700,21,46,42,4.6,25
D011221,O012020,RIDER1808,34,38,17,4.9,4
D011222,O012021,RIDER1136,25,26,32,1.1,1
D011223,O012022,RIDER1201,26,31,33,3.0,5
D011224,O012023,RIDER1617,46,45,23,0.8,0
D011225,O012024,RIDER0830,28,25,21,8.7,0
D011226,O012025,RIDER1015,36,34,24,1.0,0
D011227,O012026,RIDER2402,35,38,31,3.0,3
D011228,O012027,RIDER1888,70,85,24,2.2,15
D011229,O012028,RIDER1952,25,25,29,5.3,0
D011230,O012029,RIDER2341,53,58,14,1.9,5
D011231,O012030,RIDER0812,25,33,32,0.2,8
D011232,O012031,RIDER0305,52,52,15,3.7,0
D011233,O012032,RIDER0464,34,52,18,3.5,18
D011234,O012033,RIDER2388,28,24,19,1.3,0
D011235,O012035,RIDER1917,24,37,15,3.1,13
D011236,O012036,RIDER0262,31,33,33,0.8,2
D011237,O012037,RIDER0190,37,36,30,3.7,0
D011238,O012038,RIDER0801,46,48,18,0.3,2
D011239,O012039,RIDER0897,25,28,29,1.5,3
D011240,O012040,RIDER1870,23,57,33,3.9,34
D011241,O012041,RIDER0312,44,56,40,2.2,12
D011242,O012042,RIDER0202,60,88,37,1.1,28
D011243,O012043,RIDER2298,35,41,31,3.0,6
D011244,O012044,RIDER0307,37,38,15,0.6,1
D011245,O012045,RIDER0688,29,32,19,4.5,3
D011246,O012046,RIDER2181,27,25,28,7.4,0
D011247,O012047,RIDER0444,27,58,38,2.4,31
D011248,O012048,RIDER1971,31,26,15,5.0,0
D011249,O012049,RIDER2123,32,29,36,3.2,0
D011250,O012051,RIDER0859,18,22,16,3.8,4
D011251,O012052,RIDER0111,42,49,21,1.4,7
D011252,O012053,RIDER1355,30,32,25,2.7,2
D011253,O012054,RIDER1126,24,23,25,1.5,0
D011254,O012055,RIDER0288,23,26,18,0.2,3
D011255,O012056,RIDER2031,39,70,19,1.6,31
D011256,O012057,RIDER1701,29,38,32,2.8,9
D011257,O012058,RIDER0627,32,33,42,5.5,1
D011258,O012059,RIDER0685,21,51,31,3.3,30
D011259,O012061,RIDER0407,47,52,40,9.5,5
D011260,O012062,RIDER0815,21,32,38,1.0,11
D011261,O012064,RIDER1307,26,40,29,1.3,14
D011262,O012065,RIDER1970,35,30,38,1.5,0
D011263,O012066,RIDER2424,33,36,22,4.0,3
D011264,O012067,RIDER1101,33,39,31,1.5,6
D011265,O012068,RIDER1027,28,28,18,6.4,0
D011266,O012069,RIDER0350,39,38,14,3.8,0
D011267,O012070,RIDER1147,37,42,25,1.0,5
D011268,O012071,RIDER0484,34,61,19,2.1,27
D011269,O012072,RIDER0756,70,72,27,0.2,2
D011270,O012073,RIDER2232,36,31,15,4.7,0
D011271,O012074,RIDER0762,27,58,15,1.2,31
D011272,O012075,RIDER1020,28,62,24,4.0,34
D011273,O012076,RIDER2386,28,42,32,0.8,14
D011274,O012077,RIDER2220,38,65,27,2.5,27
D011275,O012078,RIDER0705,40,39,39,1.7,0
D011276,O012079,RIDER2244,30,31,30,2.1,1
D011277,O012080,RIDER1416,30,63,37,3.3,33
D011278,O012081,RIDER1826,30,36,24,5.0,6
D011279,O012082,RIDER0829,25,31,15,7.3,6
D011280,O012083,RIDER0996,27,41,16,2.3,14
D011281,O012084,RIDER1392,30,31,19,3.5,1
D011282,O012085,RIDER0016,32,27,19,3.4,0
D011283,O012086,RIDER0833,45,64,36,4.9,19
D011284,O012087,RIDER2468,28,26,29,0.7,0
D011285,O012088,RIDER2441,33,33,21,2.8,0
D011286,O012089,RIDER0032,60,74,31,5.9,14
D011287,O012090,RIDER1967,40,35,30,2.0,0
D011288,O012091,RIDER0692,44,40,23,2.6,0
D011289,O012092,RIDER1567,28,29,15,3.5,1
D011290,O012094,RIDER1992,34,36,39,5.7,2
D011291,O012095,RIDER1922,33,32,33,4.6,0
D011292,O012096,RIDER2343,25,27,32,5.9,2
D011293,O012097,RIDER0370,28,33,38,0.1,5
D011294,O012098,RIDER0552,46,41,31,0.7,0
D011295,O012099,RIDER1438,33,37,28,4.0,4
D011296,O012100,RIDER1550,26,28,15,1.6,2
D011297,O012102,RIDER0767,28,28,34,2.6,0
D011298,O012103,RIDER2304,30,39,37,4.0,9
D011299,O012104,RIDER1357,26,33,35,7.6,7
D011300,O012105,RIDER1663,43,44,14,3.5,1
D011301,O012107,RIDER2092,37,41,30,9.5,4
D011302,O012108,RIDER0488,52,60,31,1.9,8
D011303,O012109,RIDER1958,35,63,32,0.8,28
D011304,O012110,RIDER1051,23,24,31,2.3,1
D011305,O012111,RIDER1534,25,28,22,8.9,3
D011306,O012112,RIDER0055,28,31,25,0.9,3
D011307,O012113,RIDER0607,32,45,27,6.6,13
D011308,O012114,RIDER1725,21,47,19,1.3,26
D011309,O012115,RIDER0403,38,35,25,1.7,0
D011310,O012116,RIDER1592,33,37,33,1.4,4
D011311,O012117,RIDER0743,31,29,37,0.9,0
D011312,O012118,RIDER0046,28,47,18,1.9,19
D011313,O012119,RIDER0620,18,22,33,2.5,4
D011314,O012121,RIDER1281,31,32,30,3.0,1
D011315,O012122,RIDER1261,35,36,25,3.7,1
D011316,O012123,RIDER0362,26,31,25,3.3,5
D011317,O012124,RIDER1993,49,64,15,3.1,15
D011318,O012125,RIDER0257,24,24,21,5.0,0
D011319,O012126,RIDER0395,53,59,41,3.7,6
D011320,O012127,RIDER1097,35,37,27,0.6,2
D011321,O012128,RIDER0592,35,32,25,1.1,0
D011322,O012129,RIDER1071,30,35,21,0.5,5
D011323,O012130,RIDER2375,33,35,30,4.5,2
D011324,O012131,RIDER0615,35,36,20,2.2,1
D011325,O012132,RIDER1371,22,21,31,3.4,0
D011326,O012133,RIDER0921,22,29,40,2.2,7
D011327,O012134,RIDER1678,36,43,33,1.6,7
D011328,O012136,RIDER0682,41,74,18,0.8,33
D011329,O012137,RIDER0517,33,32,16,3.0,0
D011330,O012138,RIDER1099,35,47,35,3.2,12
D011331,O012139,RIDER0057,34,36,30,3.2,2
D011332,O012140,RIDER1496,31,35,15,3.5,4
D011333,O012141,RIDER2364,28,28,16,2.1,0
D011334,O012142,RIDER1131,32,33,34,3.0,1
D011335,O012143,RIDER2196,25,30,15,3.9,5
D011336,O012144,RIDER2048,31,36,42,0.8,5
D011337,O012145,RIDER0019,40,67,30,3.0,27
D011338,O012146,RIDER0737,25,59,24,2.3,34
D011339,O012147,RIDER0518,21,51,29,0.7,30
D011340,O012148,RIDER0407,44,66,29,0.4,22
D011341,O012149,RIDER2350,30,36,24,4.7,6
D011342,O012150,RIDER0284,37,60,42,2.1,23
D011343,O012151,RIDER2015,30,30,25,2.8,0
D011344,O012152,RIDER1179,49,47,17,11.5,0
D011345,O012153,RIDER0694,22,35,38,2.8,13
D011346,O012154,RIDER0867,49,82,21,3.6,33
D011347,O012155,RIDER1843,32,45,40,5.2,13
D011348,O012157,RIDER2465,27,32,29,4.6,5
D011349,O012158,RIDER0907,24,51,38,1.6,27
D011350,O012159,RIDER2283,29,48,31,2.3,19
D011351,O012160,RIDER1583,27,55,42,0.7,28
D011352,O012161,RIDER1182,31,36,38,0.6,5
D011353,O012162,RIDER1840,27,22,30,8.2,0
D011354,O012163,RIDER0756,43,58,14,4.1,15
D011355,O012164,RIDER2448,29,25,15,2.4,0
D011356,O012165,RIDER0272,30,29,37,3.5,0
D011357,O012166,RIDER1310,33,33,15,2.1,0
D011358,O012167,RIDER2226,32,37,36,7.7,5
D011359,O012168,RIDER0917,57,75,31,2.8,18
D011360,O012169,RIDER2047,25,32,18,3.4,7
D011361,O012171,RIDER2412,36,31,34,2.8,0
D011362,O012172,RIDER2486,26,26,41,0.7,0
D011363,O012173,RIDER1212,30,32,39,0.6,2
D011364,O012174,RIDER0408,43,48,31,8.4,5
D011365,O012176,RIDER1029,39,68,38,11.9,29
D011366,O012177,RIDER1803,21,22,27,2.0,1
D011367,O012178,RIDER0297,29,27,32,4.6,0
D011368,O012179,RIDER2128,32,33,14,8.7,1
D011369,O012180,RIDER0420,31,32,27,2.1,1
D011370,O012181,RIDER1701,38,44,22,5.2,6
D011371,O012182,RIDER1037,33,38,14,3.4,5
D011372,O012184,RIDER2341,40,73,38,2.6,33
D011373,O012185,RIDER1278,34,67,16,3.4,33
D011374,O012186,RIDER1696,24,56,24,1.1,32
D011375,O012187,RIDER0057,37,40,21,3.6,3
D011376,O012189,RIDER0517,29,34,24,2.9,5
D011377,O012190,RIDER1769,32,53,15,2.2,21
D011378,O012191,RIDER0236,31,52,31,0.9,21
D011379,O012193,RIDER2104,42,47,33,8.1,5
D011380,O012194,RIDER0464,39,39,14,3.1,0
D011381,O012195,RIDER2096,27,33,20,3.7,6
D011382,O012196,RIDER0537,44,74,42,1.1,30
D011383,O012197,RIDER0658,27,46,16,0.4,19
D011384,O012198,RIDER0353,26,46,30,1.7,20
D011385,O012199,RIDER0680,28,30,24,2.6,2
D011386,O012200,RIDER2311,40,36,14,0.1,0
D011387,O012201,RIDER1292,40,47,38,9.2,7
D011388,O012202,RIDER0441,40,51,22,0.9,11
D011389,O012203,RIDER1765,33,33,29,6.4,0
D011390,O012204,RIDER0623,25,30,38,1.0,5
D011391,O012205,RIDER1949,47,43,31,2.4,0
D011392,O012206,RIDER2312,23,29,29,1.4,6
D011393,O012207,RIDER2220,35,59,26,3.4,24
D011394,O012208,RIDER1486,23,19,37,1.7,0
D011395,O012209,RIDER0805,25,22,36,1.8,0
D011396,O012211,RIDER0505,33,33,42,1.5,0
D011397,O012213,RIDER1734,33,35,33,3.5,2
D011398,O012214,RIDER1775,42,39,28,1.7,0
D011399,O012215,RIDER0800,29,57,31,3.4,28
D011400,O012216,RIDER1724,27,29,16,2.3,2
D011401,O012217,RIDER1889,27,28,29,1.3,1
D011402,O012218,RIDER1040,50,49,14,9.2,0
D011403,O012219,RIDER0443,28,33,28,4.8,5
D011404,O012220,RIDER0750,39,41,36,2.2,2
D011405,O012221,RIDER0126,28,50,27,3.6,22
D011406,O012222,RIDER1104,42,75,30,1.4,33
D011407,O012223,RIDER2263,25,47,16,1.0,22
D011408,O012224,RIDER2368,28,34,15,4.4,6
D011409,O012226,RIDER2475,30,60,34,4.3,30
D011410,O012227,RIDER1879,39,40,34,2.1,1
D011411,O012230,RIDER1509,31,43,40,4.6,12
D011412,O012232,RIDER0046,36,39,40,7.9,3
D011413,O012233,RIDER0560,26,33,33,2.3,7
D011414,O012236,RIDER1227,25,29,35,3.0,4
D011415,O012237,RIDER1908,23,30,15,1.9,7
D011416,O012238,RIDER0205,43,40,37,1.4,0
D011417,O012241,RIDER2166,38,36,15,6.2,0
D011418,O012242,RIDER1964,26,27,31,1.8,1
D011419,O012244,RIDER0138,22,29,33,2.2,7
D011420,O012245,RIDER1590,30,25,30,1.8,0
D011421,O012246,RIDER2372,32,29,16,2.5,0
D011422,O012247,RIDER0388,36,66,24,1.3,30
D011423,O012248,RIDER0277,33,42,31,0.7,9
D011424,O012249,RIDER1924,28,33,30,3.4,5
D011425,O012250,RIDER0937,66,97,42,6.6,31
D011426,O012251,RIDER0381,24,47,17,5.8,23
D011427,O012253,RIDER0699,40,71,24,5.1,31
D011428,O012254,RIDER1328,40,44,22,3.5,4
D011429,O012255,RIDER0999,28,46,14,1.0,18
D011430,O012256,RIDER1748,42,43,15,6.7,1
D011431,O012258,RIDER1953,29,28,25,0.8,0
D011432,O012260,RIDER0934,29,36,25,1.7,7
D011433,O012261,RIDER1901,32,50,22,0.5,18
D011434,O012262,RIDER2348,35,56,29,1.8,21
D011435,O012263,RIDER0684,35,37,35,5.8,2
D011436,O012264,RIDER0271,53,58,19,10.8,5
D011437,O012265,RIDER0768,26,33,33,0.6,7
D011438,O012267,RIDER0269,60,88,31,0.6,28
D011439,O012268,RIDER1919,30,26,16,1.5,0
D011440,O012269,RIDER1175,31,32,28,3.0,1
D011441,O012270,RIDER0547,26,33,14,1.8,7
D011442,O012271,RIDER1839,30,29,30,3.2,0
D011443,O012272,RIDER1542,38,45,16,4.3,7
D011444,O012273,RIDER0120,22,18,14,6.7,0
D011445,O012274,RIDER0369,41,63,24,2.2,22
D011446,O012275,RIDER2234,31,31,15,1.6,0
D011447,O012276,RIDER2442,36,35,42,2.7,0
D011448,O012277,RIDER1425,32,30,26,0.2,0
D011449,O012278,RIDER2329,26,48,21,1.7,22
D011450,O012279,RIDER1387,35,31,23,3.8,0
D011451,O012280,RIDER2168,29,48,15,2.3,19
D011452,O012281,RIDER0435,26,27,19,1.6,1
D011453,O012283,RIDER2472,33,52,28,0.5,19
D011454,O012285,RIDER1514,36,39,41,0.3,3
D011455,O012286,RIDER1928,23,24,21,0.6,1
D011456,O012287,RIDER1829,49,52,23,0.7,3
D011457,O012288,RIDER1930,47,64,36,2.3,17
D011458,O012289,RIDER1898,28,35,31,1.7,7
D011459,O012290,RIDER2098,36,63,21,1.1,27
D011460,O012291,RIDER1965,29,57,19,2.7,28
D011461,O012292,RIDER0575,26,56,21,1.0,30
D011462,O012293,RIDER2444,37,55,14,0.2,18
D011463,O012294,RIDER0783,70,84,24,3.7,14
D011464,O012295,RIDER0451,35,43,25,5.2,8
D011465,O012296,RIDER1310,31,32,29,3.5,1
D011466,O012297,RIDER0105,28,31,25,1.7,3
D011467,O012298,RIDER2128,37,47,15,1.1,10
D011468,O012299,RIDER2015,49,63,38,4.4,14
D011469,O012300,RIDER1618,44,76,35,4.6,32
D011470,O012301,RIDER1975,32,36,38,2.1,4
D011471,O012302,RIDER1180,29,25,18,0.2,0
D011472,O012303,RIDER2438,47,51,36,2.3,4
D011473,O012304,RIDER2195,51,58,16,0.1,7
D011474,O012305,RIDER0324,22,24,29,5.0,2
D011475,O012306,RIDER1610,25,30,37,3.7,5
D011476,O012307,RIDER0617,27,33,20,10.8,6
D011477,O012308,RIDER0680,37,39,31,3.0,2
D011478,O012309,RIDER1915,54,54,35,0.6,0
D011479,O012310,RIDER0813,29,34,14,4.0,5
D011480,O012311,RIDER0534,42,37,21,3.8,0
D011481,O012312,RIDER2010,32,28,23,4.3,0
D011482,O012313,RIDER1058,44,48,35,2.9,4
D011483,O012314,RIDER1679,33,30,21,1.3,0
D011484,O012315,RIDER2498,25,24,42,2.5,0
D011485,O012316,RIDER2318,44,49,36,3.4,5
D011486,O012317,RIDER1846,43,47,17,3.1,4
D011487,O012318,RIDER0858,48,55,33,2.4,7
D011488,O012319,RIDER2108,33,35,37,0.8,2
D011489,O012320,RIDER2302,25,31,38,2.1,6
D011490,O012322,RIDER1148,40,48,42,3.5,8
D011491,O012323,RIDER1620,31,28,24,3.5,0
D011492,O012325,RIDER0175,70,99,30,3.3,29
D011493,O012326,RIDER0694,28,35,16,3.9,7
D011494,O012327,RIDER1230,36,34,28,1.7,0
D011495,O012328,RIDER0533,34,29,36,4.5,0
D011496,O012329,RIDER2350,35,38,29,1.5,3
D011497,O012330,RIDER2185,36,42,18,1.4,6
D011498,O012331,RIDER0033,46,48,20,0.5,2
D011499,O012333,RIDER1157,34,36,39,4.7,2
D011500,O012334,RIDER0607,37,42,31,7.1,5
D011501,O012335,RIDER1947,35,39,30,1.8,4
D011502,O012336,RIDER1177,32,52,35,2.5,20
D011503,O012337,RIDER0360,34,41,16,3.7,7
D011504,O012338,RIDER1545,27,30,29,1.1,3
D011505,O012340,RIDER0550,43,39,19,1.2,0
D011506,O012341,RIDER1275,20,50,29,6.1,30
D011507,O012342,RIDER2470,34,48,36,1.7,14
D011508,O012343,RIDER2190,17,14,24,3.7,0
D011509,O012344,RIDER2364,22,18,16,5.7,0
D011510,O012345,RIDER0400,36,36,32,1.3,0
D011511,O012346,RIDER0868,43,50,37,3.1,7
D011512,O012347,RIDER0824,28,26,14,0.1,0
D011513,O012348,RIDER2229,27,40,38,2.6,13
D011514,O012349,RIDER2194,45,58,20,2.9,13
D011515,O012350,RIDER1670,19,52,37,0.8,33
D011516,O012351,RIDER0140,26,54,42,6.6,28
D011517,O012352,RIDER1178,26,31,27,2.5,5
D011518,O012353,RIDER1370,38,45,29,1.3,7
D011519,O012354,RIDER1438,26,33,14,5.9,7
D011520,O012355,RIDER2406,33,61,31,1.7,28
D011521,O012356,RIDER0820,31,36,15,1.0,5
D011522,O012357,RIDER2122,38,34,15,5.6,0
D011523,O012358,RIDER1101,37,32,23,0.3,0
D011524,O012359,RIDER0361,39,62,31,3.5,23
D011525,O012362,RIDER1378,27,25,36,0.5,0
D011526,O012363,RIDER0846,29,63,25,1.8,34
D011527,O012364,RIDER0396,38,35,21,0.7,0
D011528,O012365,RIDER1583,49,72,36,7.7,23
D011529,O012366,RIDER0906,28,34,18,0.3,6
D011530,O012367,RIDER1410,32,45,14,1.8,13
D011531,O012368,RIDER1200,33,47,17,5.9,14
D011532,O012369,RIDER0970,30,35,24,0.9,5
D011533,O012370,RIDER0734,28,30,18,2.6,2
D011534,O012371,RIDER0086,23,28,27,2.1,5
D011535,O012372,RIDER0126,26,28,24,1.2,2
D011536,O012373,RIDER1209,26,27,15,1.8,1
D011537,O012374,RIDER0671,27,30,25,1.4,3
D011538,O012375,RIDER0262,64,83,38,1.5,19
D011539,O012376,RIDER1408,26,24,24,0.3,0
D011540,O012377,RIDER1237,30,34,32,2.2,4
D011541,O012378,RIDER0022,30,30,34,1.3,0
D011542,O012379,RIDER1208,35,33,16,12.5,0
D011543,O012380,RIDER1455,59,80,21,5.6,21
D011544,O012381,RIDER0408,26,31,21,1.7,5
D011545,O012382,RIDER2167,45,42,40,1.2,0
D011546,O012383,RIDER1492,19,19,28,1.6,0
D011547,O012384,RIDER1771,34,51,14,2.4,17
D011548,O012385,RIDER2229,25,35,30,0.1,10
D011549,O012386,RIDER2239,21,21,38,3.6,0
D011550,O012388,RIDER1848,35,36,39,0.3,1
D011551,O012389,RIDER0747,61,70,15,0.9,9
D011552,O012390,RIDER1951,28,54,25,2.6,26
D011553,O012391,RIDER1752,33,30,42,1.9,0
D011554,O012392,RIDER1772,29,33,16,2.4,4
D011555,O012393,RIDER1274,30,33,31,2.5,3
D011556,O012394,RIDER0310,35,48,15,3.2,13
D011557,O012395,RIDER1484,29,29,36,3.1,0
D011558,O012396,RIDER0212,25,30,37,3.8,5
D011559,O012397,RIDER0840,26,22,29,2.8,0
D011560,O012398,RIDER1530,24,21,18,2.5,0
D011561,O012399,RIDER0375,27,42,39,4.0,15
D011562,O012400,RIDER0329,38,43,23,0.5,5
D011563,O012401,RIDER2455,32,64,34,4.9,32
D011564,O012402,RIDER2363,23,28,33,4.0,5
D011565,O012403,RIDER2025,41,38,24,0.1,0
D011566,O012404,RIDER1018,33,60,16,0.3,27
D011567,O012405,RIDER1137,38,55,20,0.9,17
D011568,O012406,RIDER0431,22,30,22,1.3,8
D011569,O012407,RIDER1442,37,32,30,5.3,0
D011570,O012408,RIDER1522,26,34,32,0.4,8
D011571,O012409,RIDER2302,30,26,38,3.8,0
D011572,O012410,RIDER2487,50,47,19,2.7,0
D011573,O012411,RIDER0070,35,33,16,1.4,0
D011574,O012412,RIDER1225,47,56,18,7.8,9
D011575,O012413,RIDER0493,44,44,29,4.8,0
D011576,O012414,RIDER0868,28,44,18,2.0,16
D011577,O012415,RIDER1620,32,30,38,7.9,0
D011578,O012416,RIDER1224,31,30,39,7.8,0
D011579,O012417,RIDER0931,38,54,14,4.1,16
D011580,O012418,RIDER0786,49,44,18,7.7,0
D011581,O012419,RIDER1110,25,31,21,0.6,6
D011582,O012420,RIDER2415,24,42,37,2.1,18
D011583,O012422,RIDER2071,33,58,15,6.4,25
D011584,O012423,RIDER2076,26,44,42,2.8,18
D011585,O012424,RIDER1893,31,35,15,1.7,4
D011586,O012425,RIDER0440,33,67,36,1.8,34
D011587,O012427,RIDER1575,24,20,18,2.0,0
D011588,O012428,RIDER0178,27,24,18,0.8,0
D011589,O012429,RIDER2430,33,53,14,4.1,20
D011590,O012430,RIDER0131,53,55,27,2.2,2
D011591,O012431,RIDER0372,42,64,31,3.7,22
D011592,O012432,RIDER0115,27,25,39,8.6,0
D011593,O012433,RIDER1635,32,34,24,0.8,2
D011594,O012434,RIDER1387,70,79,16,1.1,9
D011595,O012435,RIDER0672,20,48,21,3.8,28
D011596,O012436,RIDER1977,29,36,31,2.2,7
D011597,O012439,RIDER0715,35,61,17,4.6,26
D011598,O012440,RIDER1235,31,28,35,0.1,0
D011599,O012441,RIDER1181,39,51,15,0.6,12
D011600,O012442,RIDER2173,22,20,23,9.5,0
D011601,O012443,RIDER1476,29,28,30,2.0,0
D011602,O012444,RIDER1673,39,40,14,5.1,1
D011603,O012445,RIDER2088,38,44,23,1.2,6
D011604,O012446,RIDER1204,35,38,27,1.4,3
D011605,O012447,RIDER0251,41,75,21,0.7,34
D011606,O012448,RIDER2481,35,34,24,2.5,0
D011607,O012449,RIDER0575,31,30,15,1.2,0
D011608,O012450,RIDER2080,36,31,22,4.1,0
D011609,O012451,RIDER1927,37,35,14,2.0,0
D011610,O012452,RIDER2388,28,33,21,11.4,5
D011611,O012453,RIDER1655,32,59,30,4.0,27
D011612,O012454,RIDER1498,38,65,39,0.8,27
D011613,O012456,RIDER0087,31,37,34,0.8,6
D011614,O012457,RIDER0014,27,29,16,1.6,2
D011615,O012459,RIDER1088,31,36,38,5.8,5
D011616,O012460,RIDER0461,27,29,30,5.7,2
D011617,O012461,RIDER1140,22,18,37,4.5,0
D011618,O012462,RIDER0403,37,38,29,0.5,1
D011619,O012463,RIDER2350,41,46,22,13.1,5
D011620,O012464,RIDER0408,51,83,14,2.1,32
D011621,O012465,RIDER0640,39,72,27,1.3,33
D011622,O012466,RIDER0961,39,42,16,7.4,3
D011623,O012467,RIDER2033,54,65,14,3.6,11
D011624,O012468,RIDER0872,26,42,18,5.0,16
D011625,O012469,RIDER0044,30,50,29,1.0,20
D011626,O012470,RIDER1909,29,50,19,1.8,21
D011627,O012471,RIDER0511,35,31,42,13.6,0
D011628,O012472,RIDER0333,37,56,33,4.3,19
D011629,O012473,RIDER2223,32,36,18,0.4,4
D011630,O012474,RIDER0407,29,60,42,14.7,31
D011631,O012475,RIDER0020,30,30,28,0.6,0
D011632,O012476,RIDER0711,27,22,28,0.9,0
D011633,O012477,RIDER1459,34,49,26,3.2,15
D011634,O012478,RIDER0067,39,38,35,3.1,0
D011635,O012479,RIDER2361,49,76,20,1.1,27
D011636,O012480,RIDER2477,21,23,14,4.7,2
D011637,O012481,RIDER0252,27,32,38,2.7,5
D011638,O012482,RIDER0904,40,51,14,1.0,11
D011639,O012483,RIDER1246,32,33,38,1.2,1
D011640,O012484,RIDER1745,24,33,33,6.3,9
D011641,O012485,RIDER0830,27,29,40,2.2,2
D011642,O012486,RIDER2263,23,23,33,2.7,0
D011643,O012487,RIDER2044,32,51,15,1.1,19
D011644,O012488,RIDER0262,25,40,29,7.3,15
D011645,O012489,RIDER2002,22,54,31,0.4,32
D011646,O012490,RIDER2081,28,46,29,2.4,18
D011647,O012491,RIDER1973,39,38,31,1.5,0
D011648,O012492,RIDER2453,35,33,40,3.2,0
D011649,O012493,RIDER1504,25,25,21,0.9,0
D011650,O012494,RIDER1244,28,44,24,3.4,16
D011651,O012495,RIDER1382,33,29,37,2.3,0
D011652,O012496,RIDER1564,39,41,32,1.1,2
D011653,O012497,RIDER0147,29,25,41,1.3,0
D011654,O012498,RIDER0771,35,31,31,1.7,0
D011655,O012499,RIDER1874,19,14,15,3.4,0
D011656,O012500,RIDER0870,33,34,28,4.5,1
D011657,O012501,RIDER0340,26,32,29,2.1,6
D011658,O012502,RIDER2114,30,41,33,1.0,11
D011659,O012503,RIDER0537,31,33,23,2.1,2
D011660,O012504,RIDER0974,50,55,21,3.2,5
D011661,O012505,RIDER1939,24,43,23,3.7,19
D011662,O012506,RIDER0706,32,28,21,7.1,0
D011663,O012507,RIDER0452,19,22,31,7.1,3
D011664,O012508,RIDER1165,24,47,18,4.9,23
D011665,O012509,RIDER0561,25,22,30,5.7,0
D011666,O012510,RIDER1763,45,46,23,3.5,1
D011667,O012511,RIDER0909,47,80,32,1.2,33
D011668,O012512,RIDER2178,23,30,22,3.6,7
D011669,O012513,RIDER0029,22,28,35,1.5,6
D011670,O012514,RIDER1238,21,18,26,1.0,0
D011671,O012515,RIDER1042,20,15,17,2.4,0
D011672,O012517,RIDER2415,40,46,15,0.3,6
D011673,O012518,RIDER0674,49,45,31,1.9,0
D011674,O012519,RIDER0798,21,27,23,0.5,6
D011675,O012520,RIDER0828,28,24,15,4.0,0
D011676,O012522,RIDER1565,31,64,31,0.7,33
D011677,O012523,RIDER1110,55,50,16,2.2,0
D011678,O012524,RIDER2140,33,65,23,1.0,32
D011679,O012525,RIDER1859,37,42,15,3.3,5
D011680,O012526,RIDER0329,64,68,25,0.9,4
D011681,O012527,RIDER1198,60,65,39,3.0,5
D011682,O012528,RIDER1471,47,45,35,1.7,0
D011683,O012529,RIDER0755,21,18,23,2.0,0
D011684,O012530,RIDER0361,35,31,25,13.6,0
D011685,O012531,RIDER0333,26,26,15,3.9,0
D011686,O012532,RIDER0105,35,59,14,1.1,24
D011687,O012533,RIDER1711,44,43,14,3.0,0
D011688,O012534,RIDER2047,37,38,27,6.7,1
D011689,O012535,RIDER0233,30,30,15,0.3,0
D011690,O012536,RIDER1507,19,25,41,0.3,6
D011691,O012537,RIDER1003,32,34,27,3.3,2
D011692,O012538,RIDER0310,29,33,36,7.6,4
D011693,O012539,RIDER1662,67,98,23,1.5,31
D011694,O012540,RIDER1146,21,17,39,1.7,0
D011695,O012541,RIDER1805,29,27,14,3.4,0
D011696,O012543,RIDER1660,64,65,32,4.1,1
D011697,O012544,RIDER1054,30,26,37,0.7,0
D011698,O012545,RIDER0022,39,36,31,8.3,0
D011699,O012548,RIDER2355,21,28,15,1.3,7
D011700,O012549,RIDER1858,64,97,37,3.2,33
D011701,O012550,RIDER2401,36,43,20,1.3,7
D011702,O012551,RIDER1790,34,39,19,2.8,5
D011703,O012552,RIDER1218,42,45,21,3.6,3
D011704,O012553,RIDER1454,26,30,42,3.9,4
D011705,O012554,RIDER0148,39,42,24,2.1,3
D011706,O012555,RIDER2495,59,62,29,3.6,3
D011707,O012556,RIDER2136,42,46,39,2.3,4
D011708,O012557,RIDER0407,42,68,19,3.6,26
D011709,O012558,RIDER1441,63,78,27,1.3,15
D011710,O012559,RIDER0642,34,33,39,1.8,0
D011711,O012560,RIDER0660,29,36,33,3.7,7
D011712,O012561,RIDER1621,43,43,40,4.1,0
D011713,O012562,RIDER2431,28,35,27,0.2,7
D011714,O012563,RIDER0778,31,38,19,2.3,7
D011715,O012564,RIDER1987,25,23,31,3.3,0
D011716,O012565,RIDER0958,46,63,37,3.9,17
D011717,O012566,RIDER1397,38,62,37,3.1,24
D011718,O012567,RIDER2269,46,50,15,4.6,4
D011719,O012569,RIDER1307,30,59,36,11.3,29
D011720,O012570,RIDER1582,36,43,34,4.3,7
D011721,O012571,RIDER2098,40,52,24,2.2,12
D011722,O012572,RIDER0500,21,53,28,9.4,32
D011723,O012573,RIDER2025,23,24,14,3.8,1
D011724,O012574,RIDER0786,41,47,30,3.2,6
D011725,O012575,RIDER0769,24,45,33,0.4,21
D011726,O012576,RIDER1308,53,60,30,5.5,7
D011727,O012577,RIDER1409,54,70,38,3.7,16
D011728,O012578,RIDER0892,46,60,35,2.1,14
D011729,O012579,RIDER1533,34,58,38,1.6,24
D011730,O012580,RIDER1564,26,31,27,10.7,5
D011731,O012581,RIDER0119,52,50,21,3.0,0
D011732,O012582,RIDER1158,24,30,34,2.7,6
D011733,O012583,RIDER0195,39,41,39,5.5,2
D011734,O012584,RIDER0950,27,32,21,2.3,5
D011735,O012585,RIDER0669,41,61,24,1.2,20
D011736,O012586,RIDER0294,36,42,30,3.6,6
D011737,O012587,RIDER2367,20,47,36,5.0,27
D011738,O012588,RIDER0698,53,58,25,1.5,5
D011739,O012589,RIDER1389,48,43,27,1.5,0
D011740,O012591,RIDER2468,37,36,28,8.5,0
D011741,O012592,RIDER0793,37,41,30,3.0,4
D011742,O012593,RIDER0662,30,35,26,1.0,5
D011743,O012594,RIDER1934,33,34,24,0.9,1
D011744,O012595,RIDER1296,35,42,39,1.8,7
D011745,O012596,RIDER1605,22,51,14,1.7,29
D011746,O012597,RIDER1602,35,40,17,1.8,5
D011747,O012598,RIDER1625,27,34,31,2.5,7
D011748,O012599,RIDER0329,21,26,16,3.8,5
D011749,O012600,RIDER2017,30,49,31,1.4,19
D011750,O012601,RIDER0111,38,40,27,1.4,2
D011751,O012602,RIDER0001,41,59,21,3.5,18
D011752,O012603,RIDER1762,40,37,18,5.4,0
D011753,O012604,RIDER1627,33,45,25,3.1,12
D011754,O012605,RIDER0526,40,72,40,0.7,32
D011755,O012608,RIDER1288,20,20,17,10.3,0
D011756,O012609,RIDER1284,19,15,18,3.2,0
D011757,O012610,RIDER1769,42,44,14,1.4,2
D011758,O012611,RIDER0650,58,86,15,1.8,28
D011759,O012612,RIDER1492,34,37,40,2.7,3
D011760,O012613,RIDER1902,28,29,25,0.5,1
D011761,O012614,RIDER2287,28,24,41,4.0,0
D011762,O012615,RIDER0637,36,39,38,0.3,3
D011763,O012616,RIDER1030,36,68,35,1.1,32
D011764,O012618,RIDER1980,31,63,29,3.8,32
D011765,O012619,RIDER1611,33,37,33,1.1,4
D011766,O012620,RIDER0700,29,36,29,2.5,7
D011767,O012622,RIDER1021,27,31,37,11.7,4
D011768,O012624,RIDER1520,34,36,38,7.7,2
D011769,O012625,RIDER1873,28,58,23,4.6,30
D011770,O012626,RIDER1142,26,29,25,11.0,3
D011771,O012627,RIDER0301,25,20,33,0.5,0
D011772,O012628,RIDER2441,25,55,29,1.5,30
D011773,O012629,RIDER2384,32,30,27,2.5,0
D011774,O012630,RIDER0139,35,44,18,8.7,9
D011775,O012631,RIDER1685,27,36,21,1.3,9
D011776,O012632,RIDER1118,34,41,31,5.1,7
D011777,O012633,RIDER0577,25,59,23,1.1,34
D011778,O012634,RIDER1670,40,38,33,2.4,0
D011779,O012635,RIDER0302,33,54,29,4.2,21
D011780,O012636,RIDER2056,20,22,24,1.9,2
D011781,O012637,RIDER0091,32,39,34,3.1,7
D011782,O012638,RIDER0434,29,49,19,4.2,20
D011783,O012639,RIDER0784,27,29,24,1.4,2
D011784,O012640,RIDER1729,31,33,33,5.5,2
D011785,O012641,RIDER1259,26,31,24,1.9,5
D011786,O012642,RIDER1691,27,32,16,4.7,5
D011787,O012643,RIDER1514,37,66,30,1.3,29
D011788,O012644,RIDER1536,51,75,15,4.7,24
D011789,O012645,RIDER0237,34,33,16,1.1,0
D011790,O012646,RIDER0600,27,30,42,0.4,3
D011791,O012647,RIDER0516,27,51,36,2.9,24
D011792,O012648,RIDER0945,24,23,14,9.1,0
D011793,O012649,RIDER1429,25,20,15,2.7,0
D011794,O012650,RIDER1709,23,26,19,5.5,3
D011795,O012651,RIDER2170,70,96,32,1.1,26
D011796,O012652,RIDER1613,30,25,41,3.2,0
D011797,O012653,RIDER1838,33,35,25,1.3,2
D011798,O012654,RIDER0663,40,43,19,2.1,3
D011799,O012656,RIDER1378,37,53,31,4.3,16
D011800,O012657,RIDER1998,23,28,17,1.2,5
D011801,O012658,RIDER2115,25,22,22,1.0,0
D011802,O012659,RIDER0520,50,47,14,4.3,0
D011803,O012660,RIDER0745,53,80,38,2.7,27
D011804,O012661,RIDER1932,39,59,38,7.9,20
D011805,O012662,RIDER0228,28,58,20,2.6,30
D011806,O012664,RIDER1568,40,40,37,0.9,0
D011807,O012665,RIDER0866,42,65,30,4.1,23
D011808,O012666,RIDER0506,23,34,14,2.5,11
D011809,O012667,RIDER1298,31,29,37,2.9,0
D011810,O012668,RIDER1401,35,37,36,1.4,2
D011811,O012669,RIDER0291,26,30,36,0.1,4
D011812,O012670,RIDER0851,36,42,30,2.9,6
D011813,O012671,RIDER1126,25,27,21,5.1,2
D011814,O012672,RIDER0667,26,41,25,0.6,15
D011815,O012673,RIDER1867,52,57,33,5.9,5
D011816,O012674,RIDER1852,48,70,37,2.0,22
D011817,O012675,RIDER0471,28,24,40,2.1,0
D011818,O012677,RIDER1858,36,39,25,0.6,3
D011819,O012678,RIDER1554,29,47,27,1.2,18
D011820,O012679,RIDER0634,24,28,35,2.1,4
D011821,O012680,RIDER2029,47,72,21,11.2,25
D011822,O012681,RIDER0702,50,51,34,5.6,1
D011823,O012682,RIDER0361,31,26,14,2.6,0
D011824,O012683,RIDER0725,22,17,36,5.0,0
D011825,O012684,RIDER0332,33,28,39,0.6,0
D011826,O012685,RIDER1558,30,32,24,1.5,2
D011827,O012686,RIDER2405,26,25,31,2.9,0
D011828,O012687,RIDER1335,32,35,32,1.4,3
D011829,O012688,RIDER1902,25,24,31,0.9,0
D011830,O012689,RIDER0203,58,60,38,4.4,2
D011831,O012690,RIDER0310,26,26,30,1.6,0
D011832,O012691,RIDER1507,48,57,27,1.2,9
D011833,O012692,RIDER0528,41,36,18,2.5,0
D011834,O012693,RIDER1803,46,61,31,2.0,15
D011835,O012694,RIDER0753,34,34,18,4.2,0
D011836,O012695,RIDER2019,31,46,15,2.9,15
D011837,O012696,RIDER1123,24,27,29,1.2,3
D011838,O012697,RIDER1623,43,61,19,0.7,18
D011839,O012698,RIDER0914,22,20,17,1.8,0
D011840,O012699,RIDER1103,36,37,40,0.7,1
D011841,O012700,RIDER1157,37,32,27,0.6,0
D011842,O012701,RIDER2044,34,29,15,6.4,0
D011843,O012702,RIDER1789,27,23,30,7.2,0
D011844,O012703,RIDER0734,34,43,27,0.6,9
D011845,O012704,RIDER1491,29,32,31,2.0,3
D011846,O012706,RIDER2235,27,32,40,9.2,5
D011847,O012707,RIDER0224,31,47,19,2.8,16
D011848,O012708,RIDER2045,40,37,24,3.1,0
D011849,O012709,RIDER0303,40,42,38,0.9,2
D011850,O012710,RIDER1450,28,27,39,9.2,0
D011851,O012711,RIDER0389,26,32,20,2.9,6
D011852,O012712,RIDER2500,40,42,40,2.0,2
D011853,O012713,RIDER2181,36,53,29,1.6,17
D011854,O012714,RIDER1259,20,18,28,10.4,0
D011855,O012715,RIDER0916,24,26,37,0.1,2
D011856,O012716,RIDER1317,26,34,31,0.3,8
D011857,O012717,RIDER1935,24,27,39,3.0,3
D011858,O012719,RIDER2062,30,28,32,2.2,0
D011859,O012720,RIDER2307,49,52,27,1.6,3
D011860,O012721,RIDER2215,26,27,35,3.5,1
D011861,O012722,RIDER0783,22,35,15,3.2,13
D011862,O012723,RIDER0903,44,74,33,2.8,30
D011863,O012724,RIDER1560,33,36,24,2.8,3
D011864,O012725,RIDER1903,35,32,38,4.4,0
D011865,O012727,RIDER1050,70,96,41,0.8,26
D011866,O012728,RIDER1363,48,78,18,1.3,30
D011867,O012729,RIDER1135,28,32,16,1.1,4
D011868,O012730,RIDER2168,33,49,24,6.3,16
D011869,O012731,RIDER1878,27,50,37,4.8,23
D011870,O012732,RIDER1776,27,22,21,3.4,0
D011871,O012733,RIDER1589,30,61,24,0.8,31
D011872,O012734,RIDER1015,41,42,29,3.5,1
D011873,O012736,RIDER0777,33,31,38,2.2,0
D011874,O012737,RIDER1203,31,49,36,3.5,18
D011875,O012738,RIDER2045,56,70,30,10.5,14
D011876,O012739,RIDER0756,27,33,16,1.3,6
D011877,O012740,RIDER0578,36,42,22,0.9,6
D011878,O012741,RIDER2071,26,36,23,1.6,10
D011879,O012742,RIDER0832,25,23,18,2.9,0
D011880,O012743,RIDER1387,28,40,14,0.5,12
D011881,O012744,RIDER1765,43,39,18,0.6,0
D011882,O012745,RIDER0232,25,47,32,4.3,22
D011883,O012746,RIDER1270,27,23,33,0.9,0
D011884,O012747,RIDER0495,26,29,19,0.8,3
D011885,O012749,RIDER0819,48,43,29,4.4,0
D011886,O012750,RIDER1336,25,28,16,2.4,3
D011887,O012751,RIDER1357,27,31,22,2.4,4
D011888,O012752,RIDER0721,37,35,38,6.0,0
D011889,O012753,RIDER0439,34,29,14,2.7,0
D011890,O012754,RIDER1954,32,33,23,1.0,1
D011891,O012755,RIDER2495,34,41,36,3.6,7
D011892,O012756,RIDER1332,42,62,28,5.8,20
D011893,O012757,RIDER1049,37,35,33,5.4,0
D011894,O012758,RIDER1386,43,39,34,1.2,0
D011895,O012760,RIDER2480,31,28,31,2.4,0
D011896,O012761,RIDER1752,33,42,27,3.4,9
D011897,O012762,RIDER1529,40,36,27,1.2,0
D011898,O012763,RIDER2006,33,29,17,6.6,0
D011899,O012764,RIDER2089,21,18,34,3.8,0
D011900,O012765,RIDER0393,42,66,20,3.3,24
D011901,O012766,RIDER2144,24,28,15,3.2,4
D011902,O012767,RIDER0315,24,27,23,4.6,3
D011903,O012768,RIDER2126,27,23,17,3.4,0
D011904,O012769,RIDER0781,36,32,39,3.2,0
D011905,O012770,RIDER1011,26,40,15,1.0,14
D011906,O012771,RIDER1548,38,41,24,1.5,3
D011907,O012772,RIDER2349,37,65,40,0.7,28
D011908,O012773,RIDER1364,53,53,31,1.6,0
D011909,O012774,RIDER0481,28,34,40,3.0,6
D011910,O012775,RIDER2365,37,69,30,1.1,32
D011911,O012777,RIDER0435,27,38,14,4.7,11
D011912,O012778,RIDER0949,45,77,33,4.2,32
D011913,O012780,RIDER0315,27,28,38,3.0,1
D011914,O012781,RIDER0693,24,20,37,3.8,0
D011915,O012782,RIDER2034,32,50,24,4.6,18
D011916,O012783,RIDER1883,28,31,14,2.0,3
D011917,O012784,RIDER1896,26,28,28,0.4,2
D011918,O012785,RIDER2433,42,41,38,2.2,0
D011919,O012786,RIDER2351,58,64,21,3.5,6
D011920,O012787,RIDER2136,26,39,25,1.2,13
D011921,O012788,RIDER1203,24,23,37,3.8,0
D011922,O012789,RIDER0631,39,43,31,1.0,4
D011923,O012790,RIDER0155,45,49,27,0.9,4
D011924,O012791,RIDER2200,32,30,17,1.7,0
D011925,O012792,RIDER1023,19,26,31,1.8,7
D011926,O012793,RIDER1453,24,35,33,2.8,11
D011927,O012794,RIDER0257,42,40,31,1.0,0
D011928,O012795,RIDER2201,25,24,14,0.3,0
D011929,O012796,RIDER2118,32,31,26,5.3,0
D011930,O012797,RIDER1489,30,30,29,1.2,0
D011931,O012798,RIDER2118,37,43,38,9.3,6
D011932,O012799,RIDER1254,30,25,38,0.6,0
D011933,O012800,RIDER0236,39,69,24,2.5,30
D011934,O012803,RIDER1358,38,41,15,1.2,3
D011935,O012804,RIDER0434,39,41,30,9.0,2
D011936,O012805,RIDER0232,26,48,22,3.7,22
D011937,O012806,RIDER0070,38,37,36,2.1,0
D011938,O012807,RIDER1933,27,25,32,1.4,0
D011939,O012808,RIDER1812,27,32,16,9.0,5
D011940,O012809,RIDER0822,27,56,28,3.8,29
D011941,O012810,RIDER1551,19,33,31,3.9,14
D011942,O012811,RIDER1861,39,48,15,2.7,9
D011943,O012812,RIDER0009,68,93,15,3.9,25
D011944,O012813,RIDER1751,34,41,37,1.9,7
D011945,O012814,RIDER0616,25,22,30,3.6,0
D011946,O012815,RIDER0531,39,38,38,4.2,0
D011947,O012816,RIDER1843,35,39,33,3.1,4
D011948,O012817,RIDER1824,42,66,17,6.9,24
D011949,O012818,RIDER1579,42,50,38,0.9,8
D011950,O012820,RIDER1579,25,26,34,0.4,1
D011951,O012821,RIDER0658,41,39,17,5.8,0
D011952,O012822,RIDER2227,23,26,21,5.4,3
D011953,O012823,RIDER1572,30,31,34,2.0,1
D011954,O012824,RIDER1902,25,59,25,11.3,34
D011955,O012825,RIDER0734,30,50,30,2.1,20
D011956,O012826,RIDER1132,34,39,27,0.5,5
D011957,O012827,RIDER2378,18,20,34,2.3,2
D011958,O012828,RIDER1904,33,44,25,2.2,11
D011959,O012829,RIDER1955,35,40,14,10.0,5
D011960,O012830,RIDER0328,37,36,26,3.4,0
D011961,O012831,RIDER0954,43,70,38,2.1,27
D011962,O012832,RIDER1658,31,26,41,1.0,0
D011963,O012833,RIDER2173,30,26,15,3.7,0
D011964,O012834,RIDER0205,41,38,30,0.9,0
D011965,O012836,RIDER1177,31,39,35,3.4,8
D011966,O012837,RIDER1441,20,23,22,3.1,3
D011967,O012838,RIDER2113,24,21,38,3.1,0
D011968,O012839,RIDER2119,34,68,38,1.0,34
D011969,O012840,RIDER1738,27,38,21,1.2,11
D011970,O012841,RIDER1592,33,61,15,0.6,28
D011971,O012842,RIDER0611,23,18,21,1.8,0
D011972,O012843,RIDER1266,32,33,37,0.3,1
D011973,O012844,RIDER1251,29,48,38,3.7,19
D011974,O012845,RIDER2002,24,45,25,0.2,21
D011975,O012847,RIDER1962,31,37,40,3.3,6
D011976,O012848,RIDER2317,61,87,40,3.7,26
D011977,O012849,RIDER1967,27,33,25,2.7,6
D011978,O012850,RIDER1325,37,38,27,1.8,1
D011979,O012851,RIDER0622,29,34,22,1.9,5
D011980,O012852,RIDER0606,41,55,36,1.4,14
D011981,O012853,RIDER1583,21,27,33,0.6,6
D011982,O012854,RIDER2228,19,22,35,1.6,3
D011983,O012855,RIDER1209,41,43,31,0.6,2
D011984,O012856,RIDER0961,38,38,18,3.4,0
D011985,O012857,RIDER0669,41,36,33,1.4,0
D011986,O012858,RIDER1797,23,33,16,3.0,10
D011987,O012859,RIDER1017,25,22,16,0.6,0
D011988,O012860,RIDER0718,36,38,23,2.7,2
D011989,O012861,RIDER1206,37,63,42,4.9,26
D011990,O012862,RIDER0804,21,53,42,5.4,32
D011991,O012863,RIDER0295,25,33,21,1.3,8
D011992,O012864,RIDER1630,55,76,24,0.5,21
D011993,O012865,RIDER1471,32,65,38,3.7,33
D011994,O012866,RIDER2281,32,29,39,1.5,0
D011995,O012869,RIDER1715,33,39,25,3.0,6
D011996,O012871,RIDER0032,38,41,18,1.6,3
D011997,O012872,RIDER1469,36,37,24,2.0,1
D011998,O012873,RIDER2405,41,70,16,2.7,29
D011999,O012874,RIDER0902,53,60,31,6.5,7
D012000,O012875,RIDER1927,30,35,31,4.9,5
D012001,O012876,RIDER2012,33,45,27,2.4,12
D012002,O012877,RIDER1818,33,35,35,0.7,2
D012003,O012878,RIDER1959,42,46,14,0.4,4
D012004,O012879,RIDER1363,20,35,25,1.4,15
D012005,O012880,RIDER1820,28,39,14,0.5,11
D012006,O012881,RIDER0449,24,56,42,2.3,32
D012007,O012882,RIDER2231,29,30,42,3.2,1
D012008,O012883,RIDER2314,26,50,42,2.9,24
D012009,O012884,RIDER0215,38,66,34,2.2,28
D012010,O012885,RIDER0775,36,36,40,0.8,0
D012011,O012886,RIDER1774,24,28,38,0.5,4
D012012,O012887,RIDER1755,37,60,16,4.5,23
D012013,O012888,RIDER2089,22,21,31,2.7,0
D012014,O012889,RIDER0592,48,60,25,1.7,12
D012015,O012890,RIDER1038,27,32,30,4.3,5
D012016,O012891,RIDER1659,34,29,31,2.9,0
D012017,O012892,RIDER0512,30,33,29,2.6,3
D012018,O012894,RIDER1160,28,58,24,2.6,30
D012019,O012895,RIDER2062,38,62,40,1.7,24
D012020,O012896,RIDER2354,22,23,21,14.0,1
D012021,O012897,RIDER1631,25,23,25,2.2,0
D012022,O012898,RIDER0790,26,31,14,4.5,5
D012023,O012899,RIDER0869,32,28,40,9.3,0
D012024,O012900,RIDER1429,27,29,22,2.6,2
D012025,O012901,RIDER1140,22,18,39,0.8,0
D012026,O012902,RIDER0960,24,31,31,0.1,7
D012027,O012903,RIDER1208,22,27,42,2.3,5
D012028,O012904,RIDER1931,29,40,27,2.0,11
D012029,O012905,RIDER1576,28,30,14,11.3,2
D012030,O012907,RIDER1064,49,57,34,4.0,8
D012031,O012908,RIDER0037,30,50,29,1.7,20
D012032,O012909,RIDER2254,52,56,38,3.2,4
D012033,O012910,RIDER0532,32,39,14,3.3,7
D012034,O012911,RIDER1592,33,32,42,1.5,0
D012035,O012912,RIDER0486,24,52,23,2.9,28
D012036,O012913,RIDER0720,29,28,24,5.9,0
D012037,O012914,RIDER2088,39,69,14,7.1,30
D012038,O012915,RIDER1038,51,67,31,1.0,16
D012039,O012916,RIDER1514,32,63,31,2.3,31
D012040,O012917,RIDER0884,45,51,29,5.7,6
D012041,O012918,RIDER0401,27,35,22,1.0,8
D012042,O012919,RIDER2341,44,60,36,3.4,16
D012043,O012920,RIDER0884,29,27,32,2.7,0
D012044,O012921,RIDER1244,26,21,33,2.4,0
D012045,O012922,RIDER2375,34,40,40,1.6,6
D012046,O012923,RIDER1369,30,28,29,1.5,0
D012047,O012924,RIDER0963,31,51,14,1.8,20
D012048,O012925,RIDER0963,26,56,40,1.6,30
D012049,O012927,RIDER2430,28,37,21,2.3,9
D012050,O012928,RIDER2333,31,27,28,5.4,0
D012051,O012929,RIDER1459,22,27,42,1.4,5
D012052,O012930,RIDER0751,46,64,27,2.8,18
D012053,O012931,RIDER0351,28,34,22,0.2,6
D012054,O012932,RIDER2302,32,34,18,2.7,2
D012055,O012933,RIDER0441,42,44,37,0.6,2
D012056,O012934,RIDER0723,28,26,30,2.6,0
D012057,O012935,RIDER0428,41,43,15,1.9,2
D012058,O012936,RIDER2267,27,26,22,0.4,0
D012059,O012937,RIDER0063,56,83,23,2.5,27
D012060,O012939,RIDER0336,21,17,14,2.6,0
D012061,O012940,RIDER2202,37,44,27,1.4,7
D012062,O012941,RIDER1132,36,48,36,1.3,12
D012063,O012942,RIDER0625,64,62,16,5.7,0
D012064,O012943,RIDER2415,31,49,39,4.3,18
D012065,O012944,RIDER1510,56,61,40,3.7,5
D012066,O012945,RIDER1063,25,51,38,6.2,26
D012067,O012946,RIDER1035,44,46,41,0.2,2
D012068,O012947,RIDER2202,28,24,25,2.7,0
D012069,O012950,RIDER0577,33,40,27,9.4,7
D012070,O012952,RIDER0316,40,37,31,3.3,0
D012071,O012954,RIDER1833,29,33,31,3.8,4
D012072,O012955,RIDER0934,23,38,29,1.1,15
D012073,O012956,RIDER1392,42,67,19,6.6,25
D012074,O012957,RIDER1777,34,33,38,1.7,0
D012075,O012958,RIDER1618,32,60,16,2.2,28
D012076,O012959,RIDER2050,27,34,21,5.3,7
D012077,O012960,RIDER1029,24,27,29,3.5,3
D012078,O012961,RIDER0402,30,28,19,1.2,0
D012079,O012962,RIDER2263,37,59,18,1.8,22
D012080,O012963,RIDER0108,48,51,20,2.7,3
D012081,O012964,RIDER1172,31,28,39,3.8,0
D012082,O012965,RIDER0285,28,32,33,2.4,4
D012083,O012966,RIDER0943,30,36,37,6.0,6
D012084,O012967,RIDER0472,26,23,42,1.6,0
D012085,O012968,RIDER0071,38,59,15,2.0,21
D012086,O012969,RIDER1794,57,65,31,0.4,8
D012087,O012970,RIDER0094,24,20,14,2.8,0
D012088,O012971,RIDER0988,36,63,38,4.6,27
D012089,O012972,RIDER0703,37,38,41,1.2,1
D012090,O012973,RIDER1994,25,55,14,2.1,30
D012091,O012974,RIDER0367,47,64,31,1.6,17
D012092,O012975,RIDER1662,33,39,41,3.2,6
D012093,O012976,RIDER0587,56,61,38,2.8,5
D012094,O012977,RIDER1788,34,29,32,14.2,0
D012095,O012978,RIDER0500,32,29,24,3.3,0
D012096,O012979,RIDER2368,52,63,21,2.0,11
D012097,O012980,RIDER0278,45,40,21,0.8,0
D012098,O012981,RIDER2234,51,84,35,2.0,33
D012099,O012982,RIDER2154,29,25,33,2.4,0
D012100,O012983,RIDER1645,48,46,18,5.0,0
D012101,O012984,RIDER1902,36,53,31,3.1,17
D012102,O012985,RIDER0638,21,20,36,2.7,0
D012103,O012986,RIDER0729,31,31,40,3.3,0
D012104,O012987,RIDER1182,35,32,24,2.5,0
D012105,O012988,RIDER1463,53,78,15,8.1,25
D012106,O012989,RIDER0268,44,45,37,1.6,1
D012107,O012991,RIDER0157,42,73,23,4.5,31
D012108,O012992,RIDER2049,26,33,18,6.6,7
D012109,O012993,RIDER1004,43,49,21,6.0,6
D012110,O012994,RIDER1399,56,56,32,4.7,0
D012111,O012995,RIDER1028,50,54,27,3.5,4
D012112,O012996,RIDER2481,34,36,30,1.3,2
D012113,O012997,RIDER2009,29,32,15,5.2,3
D012114,O012998,RIDER0285,27,39,40,0.8,12
D012115,O012999,RIDER0887,31,33,21,4.7,2
D012116,O013000,RIDER0718,25,26,33,0.8,1
D012117,O013001,RIDER2334,31,34,21,5.6,3
D012118,O013002,RIDER0400,34,51,29,5.3,17
D012119,O013004,RIDER0631,42,48,14,1.5,6
D012120,O013005,RIDER0716,22,29,23,1.8,7
D012121,O013006,RIDER1046,26,31,24,4.1,5
D012122,O013007,RIDER1735,33,51,36,1.9,18
D012123,O013008,RIDER1480,45,48,38,0.6,3
D012124,O013009,RIDER1230,24,19,16,2.0,0
D012125,O013010,RIDER0993,32,30,16,7.2,0
D012126,O013012,RIDER0397,52,55,31,0.4,3
D012127,O013013,RIDER1999,42,43,18,3.1,1
D012128,O013014,RIDER1812,33,35,25,0.5,2
D012129,O013016,RIDER1452,24,55,28,2.4,31
D012130,O013017,RIDER0437,29,36,36,4.9,7
D012131,O013018,RIDER1235,33,29,21,0.5,0
D012132,O013019,RIDER0024,24,20,20,0.9,0
D012133,O013020,RIDER1101,37,34,15,1.3,0
D012134,O013021,RIDER0351,26,21,16,1.6,0
D012135,O013022,RIDER1250,33,47,17,9.2,14
D012136,O013023,RIDER1115,25,21,39,1.2,0
D012137,O013024,RIDER0604,34,36,31,4.2,2
D012138,O013025,RIDER1354,30,26,39,1.8,0
D012139,O013026,RIDER0156,38,38,21,3.1,0
D012140,O013027,RIDER1580,27,27,21,8.9,0
D012141,O013028,RIDER2216,46,53,16,5.6,7
D012142,O013029,RIDER0777,34,62,16,1.0,28
D012143,O013030,RIDER1342,29,30,15,2.5,1
D012144,O013031,RIDER0033,25,32,38,2.8,7
D012145,O013032,RIDER1502,58,90,18,1.0,32
D012146,O013033,RIDER0545,28,53,40,1.5,25
D012147,O013034,RIDER2158,33,40,37,2.2,7
D012148,O013035,RIDER0581,31,35,16,9.5,4
D012149,O013036,RIDER1376,27,34,15,2.1,7
D012150,O013037,RIDER1516,28,28,37,5.1,0
D012151,O013038,RIDER2336,24,21,15,0.7,0
D012152,O013039,RIDER1613,29,41,30,5.7,12
D012153,O013040,RIDER1502,38,63,40,1.0,25
D012154,O013041,RIDER0041,26,31,34,4.2,5
D012155,O013042,RIDER0434,35,60,42,3.9,25
D012156,O013043,RIDER1323,33,42,39,2.3,9
D012157,O013044,RIDER1623,30,27,20,2.6,0
D012158,O013045,RIDER0227,33,29,38,2.4,0
D012159,O013046,RIDER0344,25,27,31,5.1,2
D012160,O013048,RIDER0810,18,17,34,3.8,0
D012161,O013049,RIDER1949,28,26,19,1.3,0
D012162,O013051,RIDER2207,37,64,27,6.2,27
D012163,O013052,RIDER1507,55,55,21,0.8,0
D012164,O013053,RIDER1869,30,31,20,2.3,1
D012165,O013054,RIDER1430,30,26,37,2.1,0
D012166,O013055,RIDER0414,36,69,38,9.3,33
D012167,O013056,RIDER0339,33,28,24,2.6,0
D012168,O013057,RIDER1699,55,82,23,1.5,27
D012169,O013058,RIDER2035,41,39,32,8.7,0
D012170,O013059,RIDER0238,27,22,42,4.9,0
D012171,O013060,RIDER0976,33,63,24,0.6,30
D012172,O013061,RIDER1841,31,29,22,0.7,0
D012173,O013062,RIDER1681,27,27,21,2.2,0
D012174,O013063,RIDER1971,26,33,37,1.8,7
D012175,O013064,RIDER2183,23,27,29,0.8,4
D012176,O013065,RIDER1156,25,40,30,0.5,15
D012177,O013066,RIDER2274,26,27,40,3.8,1
D012178,O013067,RIDER1530,28,26,33,3.7,0
D012179,O013068,RIDER0481,25,23,14,0.3,0
D012180,O013069,RIDER0004,23,25,28,1.4,2
D012181,O013071,RIDER2317,22,51,14,0.6,29
D012182,O013072,RIDER0109,35,45,20,1.9,10
D012183,O013073,RIDER0811,35,41,38,4.8,6
D012184,O013074,RIDER2458,19,39,16,3.8,20
D012185,O013075,RIDER1931,27,27,32,0.6,0
D012186,O013076,RIDER0953,35,47,42,0.5,12
D012187,O013077,RIDER1142,25,21,29,1.6,0
D012188,O013079,RIDER0689,44,47,40,2.7,3
D012189,O013080,RIDER1600,32,29,15,9.2,0
D012190,O013082,RIDER0204,30,32,18,8.8,2
D012191,O013083,RIDER1874,30,59,42,1.3,29
D012192,O013084,RIDER1370,24,21,17,1.1,0
D012193,O013085,RIDER0332,28,37,16,2.8,9
D012194,O013086,RIDER0642,22,19,19,0.4,0
D012195,O013087,RIDER1193,38,53,15,5.9,15
D012196,O013088,RIDER2102,31,27,33,2.4,0
D012197,O013089,RIDER1061,26,34,41,3.6,8
D012198,O013090,RIDER0892,44,42,37,2.2,0
D012199,O013091,RIDER1334,31,37,28,3.0,6
D012200,O013092,RIDER1465,28,36,14,5.5,8
D012201,O013093,RIDER2191,33,28,29,1.3,0
D012202,O013094,RIDER0449,34,48,33,2.3,14
D012203,O013095,RIDER0724,22,50,42,5.3,28
D012204,O013096,RIDER1500,43,60,15,3.0,17
D012205,O013097,RIDER2107,33,40,18,6.0,7
D012206,O013098,RIDER0025,38,41,31,0.8,3
D012207,O013099,RIDER1554,35,39,25,10.2,4
D012208,O013100,RIDER0947,32,32,19,1.8,0
D012209,O013101,RIDER2396,32,37,19,1.2,5
D012210,O013102,RIDER2341,26,24,25,2.2,0
D012211,O013104,RIDER1278,26,58,14,2.6,32
D012212,O013105,RIDER1494,26,25,24,3.9,0
D012213,O013106,RIDER0698,29,34,40,1.5,5
D012214,O013107,RIDER1671,28,26,22,1.1,0
D012215,O013108,RIDER0605,31,28,23,1.9,0
D012216,O013109,RIDER2137,27,23,28,0.4,0
D012217,O013110,RIDER0390,29,29,15,0.4,0
D012218,O013111,RIDER2187,26,31,16,0.6,5
D012219,O013112,RIDER0288,23,44,17,0.1,21
D012220,O013113,RIDER2177,44,77,24,1.2,33
D012221,O013114,RIDER2284,21,21,30,1.2,0
D012222,O013115,RIDER0231,24,28,42,3.7,4
D012223,O013116,RIDER0007,31,37,31,2.9,6
D012224,O013118,RIDER1594,36,31,21,2.1,0
D012225,O013119,RIDER2355,26,33,16,1.1,7
D012226,O013120,RIDER0079,31,45,22,1.7,14
D012227,O013121,RIDER1363,23,27,36,1.0,4
D012228,O013122,RIDER2480,24,21,27,0.9,0
D012229,O013123,RIDER2462,40,40,29,6.0,0
D012230,O013124,RIDER2485,33,30,35,4.4,0
D012231,O013125,RIDER0748,44,66,41,3.1,22
D012232,O013126,RIDER1856,21,21,24,3.1,0
D012233,O013127,RIDER2154,30,30,37,6.9,0
D012234,O013129,RIDER0217,27,25,29,3.9,0
D012235,O013130,RIDER2168,25,32,34,4.8,7
D012236,O013131,RIDER2425,28,31,29,0.7,3
D012237,O013132,RIDER0767,24,30,37,6.4,6
D012238,O013134,RIDER0483,38,50,42,2.5,12
D012239,O013135,RIDER0830,30,31,38,2.7,1
D012240,O013136,RIDER0028,43,66,31,1.8,23
D012241,O013138,RIDER1706,21,23,37,2.5,2
D012242,O013139,RIDER1896,26,28,41,9.6,2
D012243,O013140,RIDER0433,26,25,41,4.3,0
D012244,O013141,RIDER0553,35,42,29,0.9,7
D012245,O013142,RIDER1482,27,52,31,5.9,25
D012246,O013143,RIDER2308,25,20,21,2.8,0
D012247,O013144,RIDER0124,21,25,28,3.5,4
D012248,O013145,RIDER0986,26,26,32,0.2,0
D012249,O013146,RIDER1682,36,39,16,5.4,3
D012250,O013147,RIDER0575,25,24,37,1.2,0
D012251,O013148,RIDER1036,34,56,42,12.8,22
D012252,O013149,RIDER1952,49,47,21,5.7,0
D012253,O013150,RIDER1826,54,53,21,4.6,0
D012254,O013151,RIDER2435,24,22,15,3.3,0
D012255,O013153,RIDER1410,33,31,37,5.4,0
D012256,O013154,RIDER1049,69,86,20,4.1,17
D012257,O013155,RIDER0523,25,49,22,2.0,24
D012258,O013156,RIDER0634,44,45,21,1.4,1
D012259,O013157,RIDER0268,30,28,33,4.4,0
D012260,O013158,RIDER1633,24,27,33,2.3,3
D012261,O013160,RIDER1233,46,54,15,0.2,8
D012262,O013161,RIDER1243,35,35,42,1.5,0
D012263,O013162,RIDER0362,35,32,29,0.7,0
D012264,O013163,RIDER0858,46,74,31,2.9,28
D012265,O013164,RIDER0267,20,52,41,7.5,32
D012266,O013165,RIDER0775,26,48,41,2.2,22
D012267,O013166,RIDER0428,27,58,36,2.4,31
D012268,O013167,RIDER0201,31,31,24,0.3,0
D012269,O013168,RIDER0839,17,42,19,2.5,25
D012270,O013169,RIDER0659,30,36,41,0.4,6
D012271,O013170,RIDER1389,18,28,19,3.1,10
D012272,O013171,RIDER1782,43,56,31,7.5,13
D012273,O013172,RIDER0278,45,50,36,2.1,5
D012274,O013173,RIDER2311,70,87,40,7.0,17
D012275,O013174,RIDER0554,28,41,24,0.1,13
D012276,O013175,RIDER0458,41,74,15,1.8,33
D012277,O013176,RIDER0138,25,30,39,0.3,5
D012278,O013177,RIDER1140,24,27,37,0.8,3
D012279,O013178,RIDER1896,56,60,14,0.9,4
D012280,O013179,RIDER0892,32,59,16,4.4,27
D012281,O013180,RIDER1707,26,60,15,2.7,34
D012282,O013181,RIDER0961,37,41,29,4.6,4
D012283,O013182,RIDER2193,35,42,31,4.0,7
D012284,O013183,RIDER1292,61,60,14,4.8,0
D012285,O013185,RIDER0427,34,38,41,3.5,4
D012286,O013186,RIDER2463,29,34,39,3.8,5
D012287,O013187,RIDER0285,39,46,29,10.4,7
D012288,O013188,RIDER0447,32,35,34,1.0,3
D012289,O013189,RIDER1563,31,64,15,6.8,33
D012290,O013190,RIDER1990,25,27,36,1.8,2
D012291,O013191,RIDER1882,32,39,38,5.2,7
D012292,O013192,RIDER0060,23,32,32,4.5,9
D012293,O013193,RIDER0272,38,37,29,5.6,0
D012294,O013194,RIDER1863,42,42,25,2.2,0
D012295,O013195,RIDER1707,24,21,37,1.5,0
D012296,O013196,RIDER2337,43,41,42,1.0,0
D012297,O013197,RIDER1600,24,35,31,2.8,11
D012298,O013198,RIDER1410,54,71,36,8.3,17
D012299,O013199,RIDER1053,46,56,35,4.0,10
D012300,O013200,RIDER1941,20,19,17,0.2,0
D012301,O013201,RIDER0932,34,32,38,3.4,0
D012302,O013202,RIDER2352,34,37,15,0.9,3
D012303,O013203,RIDER1854,24,26,27,3.2,2
D012304,O013204,RIDER2218,30,35,18,1.0,5
D012305,O013205,RIDER0581,29,28,21,0.3,0
D012306,O013206,RIDER1471,27,26,20,0.4,0
D012307,O013207,RIDER1387,22,23,31,1.3,1
D012308,O013208,RIDER1979,33,28,27,1.9,0
D012309,O013209,RIDER0234,30,60,21,3.7,30
D012310,O013210,RIDER0399,28,61,25,6.8,33
D012311,O013211,RIDER2012,28,30,29,4.2,2
D012312,O013212,RIDER1482,60,58,31,1.6,0
D012313,O013213,RIDER0019,47,43,18,3.5,0
D012314,O013214,RIDER2368,26,33,24,1.7,7
D012315,O013215,RIDER1868,29,63,15,2.1,34
D012316,O013216,RIDER1383,23,19,14,0.9,0
D012317,O013217,RIDER1224,30,35,38,2.2,5
D012318,O013218,RIDER1314,22,27,21,5.5,5
D012319,O013219,RIDER2342,25,29,16,4.9,4
D012320,O013220,RIDER0061,32,47,16,6.7,15
D012321,O013221,RIDER1405,31,26,38,0.4,0
D012322,O013222,RIDER1535,44,76,29,1.5,32
D012323,O013223,RIDER0809,37,60,15,3.4,23
D012324,O013224,RIDER1704,29,44,29,3.6,15
D012325,O013225,RIDER1000,32,37,14,10.4,5
D012326,O013226,RIDER1122,45,53,38,0.9,8
D012327,O013227,RIDER2450,39,53,29,0.2,14
D012328,O013228,RIDER1497,35,44,24,1.8,9
D012329,O013229,RIDER1718,61,89,23,0.6,28
D012330,O013230,RIDER0266,29,27,37,3.0,0
D012331,O013231,RIDER0870,32,30,37,9.5,0
D012332,O013232,RIDER0329,34,56,42,0.5,22
D012333,O013233,RIDER1346,60,76,28,4.7,16
D012334,O013234,RIDER0129,32,30,35,6.1,0
D012335,O013235,RIDER0312,40,63,14,2.3,23
D012336,O013236,RIDER1129,22,39,14,1.6,17
D012337,O013237,RIDER1883,31,26,39,0.5,0
D012338,O013238,RIDER1545,21,22,24,3.2,1
D012339,O013239,RIDER2489,32,59,16,12.6,27
D012340,O013240,RIDER2192,29,31,21,5.7,2
D012341,O013241,RIDER1691,33,64,36,1.8,31
D012342,O013242,RIDER2373,17,25,39,6.9,8
D012343,O013243,RIDER2007,29,27,33,4.2,0
D012344,O013244,RIDER1489,38,38,38,6.7,0
D012345,O013245,RIDER0315,24,28,24,4.5,4
D012346,O013246,RIDER2270,35,68,31,2.7,33
D012347,O013248,RIDER1378,35,37,36,2.4,2
D012348,O013249,RIDER2140,26,24,20,2.6,0
D012349,O013250,RIDER0031,25,30,36,3.5,5
D012350,O013251,RIDER2355,22,20,25,2.2,0
D012351,O013252,RIDER0014,41,47,30,1.2,6
D012352,O013253,RIDER0384,53,84,28,1.6,31
D012353,O013254,RIDER1179,26,26,21,0.7,0
D012354,O013255,RIDER2250,63,60,40,3.0,0
D012355,O013256,RIDER0595,42,45,40,1.7,3
D012356,O013257,RIDER0817,30,36,27,2.9,6
D012357,O013258,RIDER0715,34,35,42,1.9,1
D012358,O013259,RIDER2232,33,44,21,1.0,11
D012359,O013260,RIDER2147,54,71,20,2.4,17
D012360,O013262,RIDER0737,42,54,17,1.2,12
D012361,O013263,RIDER0887,53,57,38,1.5,4
D012362,O013264,RIDER2441,34,31,16,0.5,0
D012363,O013265,RIDER0678,28,33,29,3.1,5
D012364,O013266,RIDER2409,34,67,25,0.7,33
D012365,O013267,RIDER2104,28,34,15,7.3,6
D012366,O013268,RIDER2185,26,29,38,2.3,3
D012367,O013269,RIDER1572,70,80,27,2.3,10
D012368,O013270,RIDER2286,24,43,33,5.2,19
D012369,O013271,RIDER2330,40,35,21,1.0,0
D012370,O013272,RIDER0773,32,35,38,2.4,3
D012371,O013273,RIDER0713,33,34,29,8.1,1
D012372,O013274,RIDER1339,35,40,28,0.3,5
D012373,O013275,RIDER1554,64,62,15,1.4,0
D012374,O013276,RIDER0697,34,41,18,3.0,7
D012375,O013277,RIDER1927,42,41,14,1.0,0
D012376,O013278,RIDER1001,25,22,23,1.9,0
D012377,O013279,RIDER2072,52,80,16,5.8,28
D012378,O013280,RIDER2192,34,34,18,6.8,0
D012379,O013281,RIDER2354,20,31,16,3.2,11
D012380,O013282,RIDER0341,29,29,42,5.0,0
D012381,O013283,RIDER2481,36,39,16,3.7,3
D012382,O013284,RIDER0344,33,59,25,1.3,26
D012383,O013285,RIDER0782,24,27,24,3.6,3
D012384,O013286,RIDER2138,22,24,14,3.5,2
D012385,O013287,RIDER0377,33,43,21,6.8,10
D012386,O013288,RIDER2085,37,50,42,2.5,13
D012387,O013289,RIDER1355,38,44,36,2.3,6
D012388,O013290,RIDER1242,24,19,15,2.3,0
D012389,O013291,RIDER2429,25,32,42,2.1,7
D012390,O013292,RIDER1847,37,32,24,0.8,0
D012391,O013293,RIDER0507,40,42,37,1.2,2
D012392,O013295,RIDER2217,30,29,25,3.7,0
D012393,O013296,RIDER0963,29,29,31,0.0,0
D012394,O013297,RIDER0173,40,65,20,3.9,25
D012395,O013298,RIDER2106,25,22,22,1.3,0
D012396,O013300,RIDER0790,49,47,23,1.8,0
D012397,O013301,RIDER1176,34,31,25,3.8,0
D012398,O013302,RIDER0327,48,55,34,4.4,7
D012399,O013303,RIDER2234,37,36,27,0.2,0
D012400,O013304,RIDER1851,27,26,21,2.9,0
D012401,O013305,RIDER0241,39,66,28,0.3,27
D012402,O013306,RIDER0831,44,40,36,0.2,0
D012403,O013307,RIDER2237,27,26,24,1.7,0
D012404,O013308,RIDER1990,20,25,23,1.9,5
D012405,O013309,RIDER2343,49,81,32,0.5,32
D012406,O013310,RIDER0269,38,43,15,2.8,5
D012407,O013312,RIDER0528,26,26,16,1.4,0
D012408,O013313,RIDER0999,56,55,17,3.5,0
D012409,O013314,RIDER2045,34,37,24,0.9,3
D012410,O013315,RIDER1596,57,72,22,4.4,15
D012411,O013316,RIDER0005,21,28,28,1.2,7
D012412,O013317,RIDER0079,21,16,37,0.4,0
D012413,O013318,RIDER1160,36,38,29,3.7,2
D012414,O013319,RIDER1010,39,65,31,2.4,26
D012415,O013320,RIDER2231,23,19,17,2.1,0
D012416,O013321,RIDER1741,68,68,21,3.9,0
D012417,O013322,RIDER1733,28,39,21,1.0,11
D012418,O013323,RIDER2489,33,32,21,2.2,0
D012419,O013324,RIDER2462,25,28,21,1.9,3
D012420,O013325,RIDER1702,50,53,37,1.1,3
D012421,O013326,RIDER1027,48,43,21,1.7,0
D012422,O013327,RIDER1303,38,67,18,5.1,29
D012423,O013328,RIDER1228,37,40,24,4.2,3
D012424,O013329,RIDER1648,44,50,31,0.9,6
D012425,O013330,RIDER2039,23,31,37,5.1,8
D012426,O013331,RIDER1496,33,43,16,2.1,10
D012427,O013332,RIDER0385,27,58,16,0.2,31
D012428,O013333,RIDER2194,36,53,17,2.3,17
D012429,O013334,RIDER0313,18,18,30,0.5,0
D012430,O013335,RIDER1973,32,36,15,4.9,4
D012431,O013336,RIDER0761,33,36,32,5.5,3
D012432,O013337,RIDER1169,37,34,38,4.1,0
D012433,O013338,RIDER1649,36,64,18,3.3,28
D012434,O013339,RIDER2162,52,53,33,6.7,1
D012435,O013340,RIDER2282,36,45,33,8.3,9
D012436,O013341,RIDER1462,22,21,25,0.7,0
D012437,O013342,RIDER2392,36,45,36,1.5,9
D012438,O013343,RIDER0905,59,57,23,1.0,0
D012439,O013344,RIDER0232,26,26,37,3.3,0
D012440,O013345,RIDER1631,56,66,25,1.5,10
D012441,O013346,RIDER1738,47,62,40,1.7,15
D012442,O013347,RIDER2430,39,41,36,1.2,2
D012443,O013348,RIDER2232,27,35,25,4.3,8
D012444,O013349,RIDER2204,37,41,14,6.9,4
D012445,O013350,RIDER0300,31,30,25,1.6,0
D012446,O013351,RIDER0729,30,42,29,3.6,12
D012447,O013352,RIDER1258,47,53,18,1.0,6
D012448,O013353,RIDER0419,30,36,18,5.8,6
D012449,O013354,RIDER0349,44,45,39,2.6,1
D012450,O013355,RIDER0048,39,65,25,4.2,26
D012451,O013356,RIDER2125,36,46,21,2.0,10
D012452,O013357,RIDER0731,26,30,19,0.6,4
D012453,O013358,RIDER1939,31,31,39,1.4,0
D012454,O013359,RIDER1337,40,41,34,0.4,1
D012455,O013360,RIDER0316,42,49,42,0.7,7
D012456,O013361,RIDER0726,38,57,32,2.3,19
D012457,O013362,RIDER1900,47,66,24,2.4,19
D012458,O013363,RIDER1414,37,37,21,11.4,0
D012459,O013364,RIDER2258,31,30,29,3.2,0
D012460,O013365,RIDER1924,35,57,37,1.2,22
D012461,O013366,RIDER1737,23,19,36,2.0,0
D012462,O013367,RIDER0336,40,63,31,1.2,23
D012463,O013368,RIDER1622,27,38,30,2.4,11
D012464,O013369,RIDER2387,41,41,16,2.7,0
D012465,O013370,RIDER0649,65,94,21,3.5,29
D012466,O013371,RIDER1603,35,31,40,3.9,0
D012467,O013372,RIDER1910,27,34,20,0.4,7
D012468,O013373,RIDER0499,20,35,15,4.7,15
D012469,O013374,RIDER1823,25,37,38,2.0,12
D012470,O013375,RIDER2039,29,54,19,4.4,25
D012471,O013376,RIDER0540,25,30,18,2.9,5
D012472,O013377,RIDER1239,36,33,31,10.1,0
D012473,O013378,RIDER1518,40,50,38,4.9,10
D012474,O013379,RIDER2047,28,27,38,4.7,0
D012475,O013380,RIDER1397,25,53,21,0.6,28
D012476,O013381,RIDER0326,41,69,14,1.5,28
D012477,O013382,RIDER1537,39,38,36,0.6,0
D012478,O013383,RIDER2170,31,29,22,4.6,0
D012479,O013384,RIDER0579,37,66,38,7.7,29
D012480,O013385,RIDER2485,51,48,16,2.6,0
D012481,O013386,RIDER1261,32,34,20,17.2,2
D012482,O013387,RIDER1950,48,44,33,4.6,0
D012483,O013388,RIDER1404,19,15,22,4.3,0
D012484,O013389,RIDER1082,25,34,31,3.2,9
D012485,O013390,RIDER1353,48,55,14,2.6,7
D012486,O013391,RIDER2159,27,53,30,1.4,26
D012487,O013392,RIDER2482,41,41,15,2.6,0
D012488,O013393,RIDER0596,33,65,28,5.0,32
D012489,O013394,RIDER2214,29,25,38,0.4,0
D012490,O013395,RIDER1441,29,28,22,5.1,0
D012491,O013396,RIDER1313,22,27,28,2.7,5
D012492,O013397,RIDER0824,23,18,41,1.2,0
D012493,O013399,RIDER0799,35,43,28,0.6,8
D012494,O013400,RIDER0776,42,44,30,4.5,2
D012495,O013401,RIDER2184,38,60,30,2.5,22
D012496,O013402,RIDER0825,49,52,37,1.2,3
D012497,O013403,RIDER1211,29,48,24,2.9,19
D012498,O013404,RIDER1866,52,56,24,0.3,4
D012499,O013405,RIDER0192,32,32,16,4.4,0
D012500,O013406,RIDER1434,22,27,14,2.2,5
D012501,O013407,RIDER0988,59,80,21,6.1,21
D012502,O013408,RIDER1505,31,28,15,4.6,0
D012503,O013409,RIDER1060,29,26,16,0.9,0
D012504,O013410,RIDER1318,28,27,19,4.5,0
D012505,O013411,RIDER1161,28,41,36,5.9,13
D012506,O013412,RIDER0724,27,26,27,7.3,0
D012507,O013413,RIDER1665,24,24,36,2.8,0
D012508,O013414,RIDER1678,40,47,42,6.6,7
D012509,O013415,RIDER0135,24,31,14,0.1,7
D012510,O013416,RIDER1488,51,70,40,2.2,19
D012511,O013417,RIDER0504,54,52,32,4.7,0
D012512,O013418,RIDER1455,31,36,41,4.1,5
D012513,O013419,RIDER1821,29,29,14,1.1,0
D012514,O013420,RIDER0659,26,21,29,5.6,0
D012515,O013421,RIDER0197,21,25,14,2.9,4
D012516,O013422,RIDER1160,25,31,25,1.4,6
D012517,O013423,RIDER0327,28,35,31,0.3,7
D012518,O013424,RIDER1792,28,35,19,3.0,7
D012519,O013425,RIDER1180,55,78,16,2.9,23
D012520,O013426,RIDER0042,33,57,14,1.1,24
D012521,O013427,RIDER2145,43,59,41,1.5,16
D012522,O013428,RIDER1194,29,48,30,1.2,19
D012523,O013429,RIDER2297,24,23,34,1.8,0
D012524,O013430,RIDER0347,37,40,19,1.9,3
D012525,O013431,RIDER0549,35,63,15,8.1,28
D012526,O013432,RIDER0733,39,37,28,0.5,0
D012527,O013433,RIDER1931,33,63,14,3.3,30
D012528,O013434,RIDER2202,44,45,21,8.7,1
D012529,O013435,RIDER2298,23,20,14,1.3,0
D012530,O013436,RIDER1964,22,35,14,3.4,13
D012531,O013437,RIDER2088,32,42,38,2.4,10
D012532,O013438,RIDER0635,43,73,25,0.6,30
D012533,O013439,RIDER0129,34,35,18,0.7,1
D012534,O013440,RIDER0520,22,23,19,0.5,1
D012535,O013441,RIDER2258,29,45,38,1.4,16
D012536,O013442,RIDER1772,34,53,38,0.6,19
D012537,O013443,RIDER1849,29,34,36,5.0,5
D012538,O013444,RIDER1663,28,26,30,1.9,0
D012539,O013445,RIDER1634,24,30,29,1.6,6
D012540,O013446,RIDER0255,32,56,25,1.2,24
D012541,O013447,RIDER1606,32,31,25,1.5,0
D012542,O013448,RIDER1712,40,41,27,2.8,1
D012543,O013449,RIDER0606,36,31,33,3.3,0
D012544,O013450,RIDER2328,44,61,34,7.2,17
D012545,O013451,RIDER0200,40,45,19,3.4,5
D012546,O013452,RIDER1001,37,36,30,4.3,0
D012547,O013453,RIDER1577,37,42,21,1.8,5
D012548,O013454,RIDER0999,42,43,29,3.1,1
D012549,O013455,RIDER0739,27,49,29,4.1,22
D012550,O013456,RIDER1375,24,21,14,0.9,0
D012551,O013457,RIDER1419,37,66,32,4.7,29
D012552,O013458,RIDER1576,35,33,19,4.0,0
D012553,O013459,RIDER0542,40,47,25,2.5,7
D012554,O013460,RIDER0688,35,60,15,2.8,25
D012555,O013461,RIDER0560,30,33,17,0.3,3
D012556,O013462,RIDER0488,25,25,32,3.5,0
D012557,O013463,RIDER2418,27,25,31,6.8,0
D012558,O013464,RIDER0289,45,51,25,8.9,6
D012559,O013466,RIDER0968,33,35,15,0.8,2
D012560,O013467,RIDER0228,28,34,24,0.8,6
D012561,O013468,RIDER1485,33,34,27,0.3,1
D012562,O013469,RIDER0070,30,25,21,4.1,0
D012563,O013470,RIDER1501,31,38,16,1.1,7
D012564,O013471,RIDER0675,44,47,18,3.6,3
D012565,O013472,RIDER1009,36,63,39,3.1,27
D012566,O013473,RIDER1224,36,42,18,0.9,6
D012567,O013474,RIDER2409,39,44,38,1.4,5
D012568,O013476,RIDER2488,25,49,39,2.7,24
D012569,O013477,RIDER0891,38,33,21,12.2,0
D012570,O013479,RIDER2128,37,42,14,1.4,5
D012571,O013480,RIDER0036,20,25,39,1.3,5
D012572,O013481,RIDER0777,38,43,34,3.5,5
D012573,O013482,RIDER1246,25,58,21,0.6,33
D012574,O013483,RIDER1994,24,23,15,2.8,0
D012575,O013484,RIDER2299,70,81,35,1.7,11
D012576,O013485,RIDER2316,25,52,28,0.8,27
D012577,O013486,RIDER2455,54,70,29,0.7,16
D012578,O013487,RIDER1987,45,54,35,1.0,9
D012579,O013488,RIDER1530,44,47,39,9.1,3
D012580,O013489,RIDER0054,34,30,38,1.0,0
D012581,O013490,RIDER0815,26,21,30,1.6,0
D012582,O013491,RIDER2036,33,52,24,2.6,19
D012583,O013492,RIDER0279,28,57,24,0.9,29
D012584,O013493,RIDER2466,28,38,14,3.5,10
D012585,O013494,RIDER1262,46,72,30,3.9,26
D012586,O013495,RIDER0421,31,48,35,2.8,17
D012587,O013496,RIDER2287,28,35,31,2.7,7
D012588,O013497,RIDER1028,35,53,31,1.7,18
D012589,O013498,RIDER2334,19,14,15,2.0,0
D012590,O013499,RIDER0387,34,34,35,7.5,0
D012591,O013500,RIDER1055,31,30,17,1.0,0
D012592,O013501,RIDER0723,27,24,14,5.4,0
D012593,O013502,RIDER0497,24,22,32,0.5,0
D012594,O013503,RIDER1422,20,24,35,3.3,4
D012595,O013505,RIDER0443,22,49,33,1.3,27
D012596,O013506,RIDER0114,28,26,23,1.8,0
D012597,O013507,RIDER0895,32,33,22,3.4,1
D012598,O013508,RIDER2251,30,57,15,3.5,27
D012599,O013509,RIDER2018,40,51,29,1.1,11
D012600,O013510,RIDER0010,45,45,21,2.0,0
D012601,O013511,RIDER0596,31,57,15,2.4,26
D012602,O013512,RIDER1475,36,62,29,3.5,26
D012603,O013513,RIDER1591,39,46,18,1.6,7
D012604,O013514,RIDER0664,21,20,40,1.0,0
D012605,O013515,RIDER0615,48,47,26,1.5,0
D012606,O013516,RIDER0192,26,22,31,2.1,0
D012607,O013517,RIDER1729,40,50,29,5.0,10
D012608,O013519,RIDER0360,33,67,28,9.6,34
D012609,O013520,RIDER0305,30,57,31,2.2,27
D012610,O013521,RIDER0139,26,57,17,2.1,31
D012611,O013522,RIDER1158,43,48,25,3.5,5
D012612,O013523,RIDER0690,26,33,39,5.0,7
D012613,O013524,RIDER0837,41,47,25,0.5,6
D012614,O013525,RIDER1784,39,70,24,1.9,31
D012615,O013526,RIDER0843,21,31,25,10.3,10
D012616,O013527,RIDER2253,35,34,37,6.4,0
D012617,O013528,RIDER1089,42,46,29,3.8,4
D012618,O013529,RIDER1544,23,19,25,4.0,0
D012619,O013530,RIDER0703,33,50,25,1.8,17
D012620,O013531,RIDER2022,26,31,40,3.8,5
D012621,O013532,RIDER1197,30,28,27,3.6,0
D012622,O013533,RIDER2277,26,44,31,6.8,18
D012623,O013534,RIDER0904,35,32,32,2.0,0
D012624,O013535,RIDER0076,50,52,15,7.2,2
D012625,O013536,RIDER0663,36,52,18,6.8,16
D012626,O013537,RIDER2326,35,30,32,4.8,0
D012627,O013538,RIDER1099,26,29,14,4.6,3
D012628,O013539,RIDER1741,20,27,31,0.8,7
D012629,O013540,RIDER1978,33,36,23,1.6,3
D012630,O013541,RIDER2140,38,45,39,2.2,7
D012631,O013542,RIDER0529,42,45,24,3.7,3
D012632,O013543,RIDER0126,45,66,25,2.5,21
D012633,O013544,RIDER2366,39,36,40,1.5,0
D012634,O013545,RIDER2463,22,23,24,1.2,1
D012635,O013546,RIDER1552,40,43,38,3.8,3
D012636,O013547,RIDER2446,44,74,31,8.6,30
D012637,O013548,RIDER1932,31,34,38,0.4,3
D012638,O013549,RIDER1389,22,28,15,9.0,6
D012639,O013550,RIDER0673,29,32,27,2.8,3
D012640,O013551,RIDER0658,49,67,30,0.5,18
D012641,O013552,RIDER0611,43,69,20,6.0,26
D012642,O013553,RIDER0983,69,66,40,2.9,0
D012643,O013554,RIDER2359,37,38,22,4.9,1
D012644,O013555,RIDER1890,46,50,22,3.7,4
D012645,O013556,RIDER0291,29,25,38,3.1,0
D012646,O013557,RIDER1186,21,48,42,3.2,27
D012647,O013558,RIDER1409,38,50,16,2.0,12
D012648,O013559,RIDER0679,65,61,33,8.2,0
D012649,O013560,RIDER0024,40,41,38,7.6,1
D012650,O013561,RIDER0424,19,23,29,1.0,4
D012651,O013562,RIDER1385,44,78,26,3.8,34
D012652,O013563,RIDER1858,46,42,31,4.3,0
D012653,O013564,RIDER0580,38,71,21,2.1,33
D012654,O013565,RIDER0712,27,24,15,2.3,0
D012655,O013566,RIDER1554,29,27,23,2.7,0
D012656,O013567,RIDER2184,23,23,42,2.2,0
D012657,O013568,RIDER0217,30,29,35,4.5,0
D012658,O013569,RIDER1730,30,47,35,2.8,17
D012659,O013570,RIDER1026,25,49,24,0.7,24
D012660,O013571,RIDER0290,36,43,31,8.3,7
D012661,O013572,RIDER0735,25,28,40,1.0,3
D012662,O013573,RIDER2018,36,41,39,5.7,5
D012663,O013574,RIDER1949,23,25,40,6.8,2
D012664,O013575,RIDER1258,35,35,19,10.9,0
D012665,O013576,RIDER0513,31,26,37,1.2,0
D012666,O013577,RIDER1040,40,42,20,5.7,2
D012667,O013578,RIDER0358,67,97,14,1.5,30
D012668,O013579,RIDER0307,42,43,33,1.5,1
D012669,O013580,RIDER0742,44,74,16,10.3,30
D012670,O013581,RIDER1070,37,36,15,4.8,0
D012671,O013582,RIDER1909,34,35,18,9.3,1
D012672,O013583,RIDER2147,38,41,21,2.1,3
D012673,O013584,RIDER2086,32,57,32,5.9,25
D012674,O013586,RIDER0757,47,77,25,6.9,30
D012675,O013587,RIDER1012,25,23,24,0.4,0
D012676,O013588,RIDER1182,27,49,37,0.8,22
D012677,O013589,RIDER2159,34,35,21,0.3,1
D012678,O013590,RIDER1174,43,41,37,2.8,0
D012679,O013592,RIDER2036,23,25,38,4.0,2
D012680,O013593,RIDER0879,33,39,29,2.0,6
D012681,O013594,RIDER0561,35,35,33,2.8,0
D012682,O013595,RIDER1339,21,17,37,2.7,0
D012683,O013596,RIDER0717,47,77,36,6.8,30
D012684,O013598,RIDER2243,28,25,19,0.7,0
D012685,O013599,RIDER0744,31,65,37,4.8,34
D012686,O013600,RIDER0105,24,54,38,4.1,30
D012687,O013601,RIDER2442,23,54,35,1.7,31
D012688,O013603,RIDER2341,29,33,14,2.8,4
D012689,O013604,RIDER0621,27,28,21,5.0,1
D012690,O013605,RIDER1702,60,62,38,4.6,2
D012691,O013606,RIDER0390,26,24,23,2.0,0
D012692,O013607,RIDER0177,33,37,19,2.0,4
D012693,O013608,RIDER2039,33,41,36,1.0,8
D012694,O013609,RIDER0454,29,45,34,0.7,16
D012695,O013610,RIDER2195,33,38,14,4.1,5
D012696,O013611,RIDER1822,32,31,17,0.2,0
D012697,O013612,RIDER2091,23,23,33,3.3,0
D012698,O013613,RIDER1339,39,73,21,2.8,34
D012699,O013614,RIDER0945,37,40,31,3.6,3
D012700,O013615,RIDER0872,25,54,32,1.0,29
D012701,O013617,RIDER0162,35,67,25,3.0,32
D012702,O013618,RIDER0449,36,69,38,9.9,33
D012703,O013619,RIDER0843,48,49,36,1.6,1
D012704,O013621,RIDER0722,65,76,20,3.1,11
D012705,O013622,RIDER0366,30,43,30,1.2,13
D012706,O013624,RIDER2322,37,49,34,0.4,12
D012707,O013625,RIDER0280,28,33,37,4.7,5
D012708,O013626,RIDER0439,41,51,28,0.9,10
D012709,O013627,RIDER1077,30,37,31,1.3,7
D012710,O013628,RIDER0181,27,49,18,1.0,22
D012711,O013630,RIDER2076,21,36,40,1.8,15
D012712,O013631,RIDER2135,44,59,28,0.1,15
D012713,O013632,RIDER0130,50,64,31,1.3,14
D012714,O013633,RIDER1376,21,17,35,2.2,0
D012715,O013634,RIDER2283,29,36,41,3.3,7
D012716,O013635,RIDER2057,22,23,29,2.5,1
D012717,O013637,RIDER1573,23,19,14,3.8,0
D012718,O013638,RIDER0790,33,66,31,1.0,33
D012719,O013639,RIDER0922,26,36,25,2.7,10
D012720,O013640,RIDER1813,45,50,35,0.2,5
D012721,O013641,RIDER1399,39,40,31,1.8,1
D012722,O013642,RIDER2219,37,43,35,1.4,6
D012723,O013643,RIDER1481,34,41,30,1.2,7
D012724,O013644,RIDER2329,34,43,27,1.8,9
D012725,O013645,RIDER2042,26,55,28,0.3,29
D012726,O013646,RIDER0112,34,56,38,0.3,22
D012727,O013647,RIDER0708,34,33,18,1.7,0
D012728,O013648,RIDER0598,32,35,30,3.8,3
D012729,O013649,RIDER2214,26,30,25,5.4,4
D012730,O013650,RIDER0935,34,56,30,1.8,22
D012731,O013651,RIDER0362,27,31,33,4.0,4
D012732,O013652,RIDER1752,35,33,33,1.9,0
D012733,O013653,RIDER1262,37,44,17,1.1,7
D012734,O013654,RIDER1466,24,41,14,2.2,17
D012735,O013655,RIDER0863,49,57,36,4.5,8
D012736,O013656,RIDER1144,35,31,18,1.2,0
D012737,O013657,RIDER0574,29,25,37,7.1,0
D012738,O013658,RIDER1089,47,46,14,4.9,0
D012739,O013659,RIDER0148,23,22,35,2.5,0
D012740,O013660,RIDER1943,26,55,19,1.1,29
D012741,O013661,RIDER1236,31,36,14,4.1,5
D012742,O013662,RIDER1415,45,49,14,2.4,4
D012743,O013663,RIDER2325,32,49,42,3.2,17
D012744,O013664,RIDER0839,42,41,32,3.5,0
D012745,O013665,RIDER1902,25,31,32,2.0,6
D012746,O013666,RIDER1132,33,33,18,1.1,0
D012747,O013667,RIDER2162,52,54,39,0.1,2
D012748,O013668,RIDER2387,31,60,35,1.0,29
D012749,O013669,RIDER1792,33,31,31,0.5,0
D012750,O013670,RIDER0062,70,72,29,2.0,2
D012751,O013671,RIDER1096,29,48,17,10.3,19
D012752,O013673,RIDER0682,38,40,39,3.2,2
D012753,O013674,RIDER1524,24,22,39,0.6,0
D012754,O013675,RIDER1842,42,44,18,0.3,2
D012755,O013676,RIDER1725,51,47,19,1.0,0
D012756,O013677,RIDER1322,35,33,34,6.7,0
D012757,O013678,RIDER2145,18,13,18,4.6,0
D012758,O013679,RIDER0011,31,49,25,1.6,18
D012759,O013680,RIDER2288,42,42,23,0.8,0
D012760,O013681,RIDER1507,30,36,15,6.4,6
D012761,O013682,RIDER0260,53,52,37,2.9,0
D012762,O013683,RIDER1008,20,25,34,2.0,5
D012763,O013684,RIDER0380,44,67,31,5.2,23
D012764,O013685,RIDER0385,54,80,18,8.8,26
D012765,O013686,RIDER0471,35,59,42,1.4,24
D012766,O013687,RIDER1620,36,42,16,1.5,6
D012767,O013688,RIDER1498,70,76,35,2.8,6
D012768,O013689,RIDER1717,27,32,14,1.1,5
D012769,O013690,RIDER1085,45,59,39,1.0,14
D012770,O013691,RIDER1963,28,41,18,1.2,13
D012771,O013692,RIDER1526,28,41,30,1.0,13
D012772,O013693,RIDER1605,37,41,34,4.2,4
D012773,O013694,RIDER0779,29,35,36,1.3,6
D012774,O013695,RIDER1124,50,56,33,0.3,6
D012775,O013696,RIDER0107,51,53,14,2.9,2
D012776,O013697,RIDER1779,28,47,27,1.1,19
D012777,O013698,RIDER0968,57,77,33,2.0,20
D012778,O013699,RIDER1719,26,24,37,3.3,0
D012779,O013700,RIDER1194,34,35,39,1.0,1
D012780,O013701,RIDER0045,27,30,32,3.6,3
D012781,O013702,RIDER2088,55,52,14,2.9,0
D012782,O013703,RIDER0031,28,30,37,1.3,2
D012783,O013704,RIDER0620,32,61,41,5.2,29
D012784,O013705,RIDER2057,38,54,35,1.3,16
D012785,O013706,RIDER2296,39,58,25,3.9,19
D012786,O013707,RIDER1479,30,32,42,6.8,2
D012787,O013708,RIDER2214,34,37,23,6.8,3
D012788,O013709,RIDER0451,30,26,37,1.2,0
D012789,O013710,RIDER1273,24,56,39,5.0,32
D012790,O013711,RIDER2156,51,58,28,4.9,7
D012791,O013712,RIDER0976,37,69,33,10.6,32
D012792,O013713,RIDER1285,22,26,31,4.7,4
D012793,O013714,RIDER0393,30,60,29,1.7,30
D012794,O013715,RIDER0926,36,40,15,2.6,4
D012795,O013716,RIDER0156,22,30,41,1.6,8
D012796,O013717,RIDER2019,35,31,35,3.6,0
D012797,O013718,RIDER0659,37,65,15,1.8,28
D012798,O013719,RIDER1640,24,53,15,3.3,29
D012799,O013720,RIDER1615,25,20,38,4.3,0
D012800,O013721,RIDER0745,38,35,15,1.7,0
D012801,O013722,RIDER0758,30,26,17,2.3,0
D012802,O013723,RIDER1883,37,67,28,0.6,30
D012803,O013724,RIDER1199,31,65,18,2.9,34
D012804,O013725,RIDER0753,28,35,41,0.2,7
D012805,O013726,RIDER1358,50,55,37,1.9,5
D012806,O013727,RIDER2325,50,73,18,2.1,23
D012807,O013728,RIDER1373,26,31,22,0.4,5
D012808,O013729,RIDER0340,24,57,27,5.9,33
D012809,O013730,RIDER1349,35,40,14,7.2,5
D012810,O013731,RIDER1666,48,57,33,0.8,9
D012811,O013732,RIDER0110,39,42,37,2.5,3
D012812,O013733,RIDER0353,45,75,34,3.2,30
D012813,O013734,RIDER0322,21,23,25,0.3,2
D012814,O013735,RIDER2318,25,27,15,1.5,2
D012815,O013737,RIDER0740,43,63,27,0.7,20
D012816,O013738,RIDER0978,25,35,23,1.8,10
D012817,O013739,RIDER1572,36,36,31,0.5,0
D012818,O013740,RIDER0887,28,62,33,1.2,34
D012819,O013741,RIDER2069,30,28,14,4.7,0
D012820,O013742,RIDER2438,30,47,22,4.6,17
D012821,O013743,RIDER1533,26,32,18,0.8,6
D012822,O013744,RIDER0893,35,37,22,4.1,2
D012823,O013745,RIDER0499,52,48,41,5.3,0
D012824,O013746,RIDER1244,33,32,24,1.5,0
D012825,O013747,RIDER1727,42,43,14,0.1,1
D012826,O013748,RIDER1499,29,35,22,13.0,6
D012827,O013749,RIDER0869,51,75,18,2.3,24
D012828,O013750,RIDER2482,33,37,38,1.8,4
D012829,O013751,RIDER2313,47,49,40,3.3,2
D012830,O013753,RIDER1767,40,37,20,3.4,0
D012831,O013754,RIDER0626,36,52,14,3.9,16
D012832,O013755,RIDER1288,44,68,36,3.9,24
D012833,O013756,RIDER1671,22,21,24,2.4,0
D012834,O013757,RIDER0637,41,44,19,5.8,3
D012835,O013758,RIDER1518,49,70,22,2.0,21
D012836,O013759,RIDER1419,53,66,32,6.4,13
D012837,O013760,RIDER2174,33,28,16,2.2,0
D012838,O013761,RIDER0819,26,33,18,4.4,7
D012839,O013762,RIDER0269,25,25,33,1.4,0
D012840,O013763,RIDER1099,17,33,16,3.1,16
D012841,O013764,RIDER1714,26,24,24,0.4,0
D012842,O013766,RIDER1082,50,49,27,1.3,0
D012843,O013767,RIDER0948,26,33,18,1.7,7
D012844,O013768,RIDER1753,30,26,40,3.8,0
D012845,O013769,RIDER0245,32,39,21,0.5,7
D012846,O013770,RIDER1293,27,27,37,2.7,0
D012847,O013771,RIDER0266,26,41,36,1.8,15
D012848,O013772,RIDER2002,27,34,39,1.0,7
D012849,O013773,RIDER1688,36,34,31,5.2,0
D012850,O013774,RIDER0926,21,16,18,4.5,0
D012851,O013775,RIDER1162,31,31,15,1.3,0
D012852,O013776,RIDER0881,27,28,19,0.6,1
D012853,O013777,RIDER1524,26,23,26,0.3,0
D012854,O013778,RIDER1402,31,42,29,0.6,11
D012855,O013779,RIDER2208,37,33,29,0.3,0
D012856,O013780,RIDER0715,52,85,31,1.0,33
D012857,O013781,RIDER0090,41,39,36,4.2,0
D012858,O013782,RIDER1870,25,30,37,5.9,5
D012859,O013783,RIDER1937,33,33,39,3.4,0
D012860,O013784,RIDER2213,32,35,30,3.1,3
D012861,O013785,RIDER1700,21,37,31,2.1,16
D012862,O013786,RIDER1181,18,26,38,2.0,8
D012863,O013787,RIDER1972,31,28,22,5.3,0
D012864,O013788,RIDER2463,21,20,41,3.5,0
D012865,O013789,RIDER1875,33,36,30,5.8,3
D012866,O013790,RIDER2467,28,58,14,7.9,30
D012867,O013792,RIDER2291,27,49,42,1.5,22
D012868,O013793,RIDER1860,32,52,23,0.5,20
D012869,O013794,RIDER2080,43,41,32,2.1,0
D012870,O013795,RIDER1949,29,36,31,1.6,7
D012871,O013796,RIDER0442,23,26,31,1.1,3
D012872,O013797,RIDER1761,35,48,40,2.4,13
D012873,O013799,RIDER0634,33,30,34,3.7,0
D012874,O013800,RIDER2316,39,35,38,4.2,0
D012875,O013801,RIDER0781,28,34,36,3.9,6
D012876,O013802,RIDER0959,43,60,21,2.5,17
D012877,O013803,RIDER1459,50,58,32,0.3,8
D012878,O013804,RIDER0885,27,26,31,4.4,0
D012879,O013805,RIDER0874,31,31,35,3.8,0
D012880,O013806,RIDER0705,46,45,35,1.1,0
D012881,O013807,RIDER0373,34,31,15,8.4,0
D012882,O013808,RIDER0878,24,29,23,6.4,5
D012883,O013809,RIDER1029,34,39,30,8.2,5
D012884,O013810,RIDER1195,43,48,31,5.2,5
D012885,O013811,RIDER2136,39,45,33,4.2,6
D012886,O013812,RIDER1759,38,63,29,5.7,25
D012887,O013813,RIDER1331,38,43,28,5.2,5
D012888,O013814,RIDER0650,54,57,23,3.1,3
D012889,O013815,RIDER2342,48,51,31,7.3,3
D012890,O013816,RIDER1023,28,26,24,1.6,0
D012891,O013817,RIDER1445,26,33,19,2.9,7
D012892,O013818,RIDER0470,56,59,22,3.3,3
D012893,O013819,RIDER0784,28,29,31,2.1,1
D012894,O013820,RIDER1266,25,26,30,3.2,1
D012895,O013821,RIDER2118,25,28,19,2.7,3
D012896,O013822,RIDER2253,31,31,27,7.4,0
D012897,O013823,RIDER2224,37,39,41,1.0,2
D012898,O013824,RIDER0394,27,24,15,3.5,0
D012899,O013825,RIDER0557,30,25,29,3.9,0
D012900,O013826,RIDER1838,43,46,14,1.4,3
D012901,O013828,RIDER1534,30,55,29,1.3,25
D012902,O013829,RIDER1645,22,39,29,0.5,17
D012903,O013830,RIDER1363,25,27,39,1.4,2
D012904,O013831,RIDER1968,26,27,18,3.3,1
D012905,O013832,RIDER0924,24,40,36,5.6,16
D012906,O013833,RIDER0750,32,28,42,3.0,0
D012907,O013835,RIDER0532,33,36,37,8.4,3
D012908,O013836,RIDER0843,27,23,39,3.4,0
D012909,O013837,RIDER1619,36,63,36,0.1,27
D012910,O013838,RIDER1321,41,38,16,4.7,0
D012911,O013839,RIDER0441,27,29,14,7.7,2
D012912,O013840,RIDER1564,27,32,16,0.7,5
D012913,O013842,RIDER0365,22,22,28,0.3,0
D012914,O013843,RIDER1389,34,40,40,2.4,6
D012915,O013844,RIDER1742,35,67,22,3.2,32
D012916,O013845,RIDER2430,20,21,30,1.6,1
D012917,O013846,RIDER0521,44,46,31,1.6,2
D012918,O013847,RIDER1115,23,21,22,0.4,0
D012919,O013848,RIDER2455,29,30,38,1.7,1
D012920,O013849,RIDER0360,32,47,15,5.9,15
D012921,O013850,RIDER2118,32,52,15,2.8,20
D012922,O013851,RIDER2293,31,32,21,5.9,1
D012923,O013852,RIDER1338,38,54,27,1.0,16
D012924,O013854,RIDER1639,33,52,38,7.8,19
D012925,O013855,RIDER1238,38,39,39,3.2,1
D012926,O013856,RIDER0490,30,35,38,4.0,5
D012927,O013857,RIDER2397,23,23,38,1.2,0
D012928,O013858,RIDER0107,22,19,27,2.7,0
D012929,O013859,RIDER2405,34,63,15,3.7,29
D012930,O013860,RIDER0063,35,34,15,1.5,0
D012931,O013861,RIDER2079,28,49,14,6.2,21
D012932,O013862,RIDER1565,21,25,39,2.9,4
D012933,O013863,RIDER1236,32,46,41,1.6,14
D012934,O013864,RIDER2327,24,21,30,1.7,0
D012935,O013865,RIDER1071,32,29,15,0.4,0
D012936,O013867,RIDER1354,45,64,24,6.9,19
D012937,O013868,RIDER1601,34,32,14,3.8,0
D012938,O013869,RIDER1672,28,32,27,1.4,4
D012939,O013870,RIDER0894,26,31,22,0.4,5
D012940,O013871,RIDER1795,21,19,28,1.1,0
D012941,O013872,RIDER1951,22,17,21,4.8,0
D012942,O013873,RIDER2380,38,51,21,3.5,13
D012943,O013874,RIDER1700,38,42,36,4.5,4
D012944,O013875,RIDER0606,31,33,30,0.7,2
D012945,O013876,RIDER1411,21,18,28,1.5,0
D012946,O013877,RIDER1767,42,37,18,2.2,0
D012947,O013878,RIDER0108,24,47,38,2.2,23
D012948,O013879,RIDER1052,40,53,22,1.4,13
D012949,O013880,RIDER1988,36,41,36,3.9,5
D012950,O013881,RIDER2382,35,52,29,2.1,17
D012951,O013882,RIDER0815,35,59,40,0.8,24
D012952,O013883,RIDER0671,36,32,34,3.6,0
D012953,O013884,RIDER2451,23,25,20,3.7,2
D012954,O013885,RIDER1300,29,27,31,0.2,0
D012955,O013886,RIDER1441,29,33,39,5.1,4
D012956,O013887,RIDER2309,24,29,30,5.7,5
D012957,O013888,RIDER1076,24,50,32,3.2,26
D012958,O013889,RIDER1248,41,50,32,1.0,9
D012959,O013890,RIDER0996,23,44,14,4.5,21
D012960,O013892,RIDER0194,27,28,24,5.6,1
D012961,O013893,RIDER0600,26,42,15,2.7,16
D012962,O013894,RIDER0525,22,38,18,1.7,16
D012963,O013895,RIDER0841,27,23,16,0.7,0
D012964,O013896,RIDER1056,35,46,14,2.7,11
D012965,O013897,RIDER0923,24,41,17,14.1,17
D012966,O013898,RIDER1708,32,62,15,2.7,30
D012967,O013899,RIDER0853,24,28,27,4.0,4
D012968,O013900,RIDER0658,41,60,35,4.4,19
D012969,O013901,RIDER1598,36,37,25,4.4,1
D012970,O013902,RIDER1707,39,42,18,7.2,3
D012971,O013903,RIDER1889,29,30,21,5.0,1
D012972,O013904,RIDER1408,27,28,21,6.4,1
D012973,O013905,RIDER0168,34,37,19,5.8,3
D012974,O013906,RIDER1256,70,92,38,2.6,22
D012975,O013907,RIDER1546,42,47,38,3.6,5
D012976,O013908,RIDER0583,29,36,28,16.6,7
D012977,O013909,RIDER1686,41,40,28,1.3,0
D012978,O013910,RIDER0233,35,33,27,7.2,0
D012979,O013911,RIDER2495,27,35,40,6.1,8
D012980,O013912,RIDER1533,41,36,21,0.9,0
D012981,O013913,RIDER2376,49,45,16,7.0,0
D012982,O013914,RIDER1312,39,71,35,0.5,32
D012983,O013915,RIDER0369,29,26,30,2.1,0
D012984,O013916,RIDER0092,31,34,42,0.6,3
D012985,O013917,RIDER0359,23,24,28,5.9,1
D012986,O013918,RIDER0333,41,42,27,5.8,1
D012987,O013919,RIDER0747,39,38,17,3.3,0
D012988,O013920,RIDER1270,25,24,38,8.0,0
D012989,O013921,RIDER1715,32,62,35,1.5,30
D012990,O013922,RIDER1405,28,28,41,5.2,0
D012991,O013923,RIDER0754,32,31,32,2.4,0
D012992,O013924,RIDER1963,38,33,27,3.1,0
D012993,O013925,RIDER1938,24,43,34,0.2,19
D012994,O013927,RIDER0864,36,42,15,2.1,6
D012995,O013928,RIDER0604,38,39,34,2.9,1
D012996,O013929,RIDER0350,20,26,38,3.8,6
D012997,O013930,RIDER0337,29,27,17,5.0,0
D012998,O013931,RIDER1500,42,41,30,4.7,0
D012999,O013932,RIDER2160,26,32,38,5.9,6
D013000,O013933,RIDER1029,42,74,21,3.1,32
D013001,O013934,RIDER0553,23,19,34,8.0,0
D013002,O013935,RIDER1631,20,22,40,2.1,2
D013003,O013936,RIDER2284,22,28,39,4.7,6
D013004,O013938,RIDER1167,40,39,21,2.1,0
D013005,O013939,RIDER0566,26,50,22,1.4,24
D013006,O013940,RIDER0037,38,38,31,2.3,0
D013007,O013941,RIDER1696,21,17,14,4.8,0
D013008,O013942,RIDER1880,34,46,36,4.8,12
D013009,O013943,RIDER0544,29,25,38,5.5,0
D013010,O013944,RIDER0764,33,54,18,3.4,21
D013011,O013945,RIDER2089,40,51,31,2.1,11
D013012,O013946,RIDER1367,23,27,31,3.7,4
D013013,O013947,RIDER2017,26,31,38,5.3,5
D013014,O013948,RIDER0403,35,41,28,3.1,6
D013015,O013949,RIDER0703,38,41,18,0.6,3
D013016,O013950,RIDER1077,26,30,39,2.3,4
D013017,O013951,RIDER2191,28,28,23,2.3,0
D013018,O013952,RIDER1072,17,41,28,5.8,24
D013019,O013953,RIDER1317,19,38,30,1.1,19
D013020,O013954,RIDER1819,25,54,41,3.9,29
D013021,O013955,RIDER1294,35,40,30,7.5,5
D013022,O013956,RIDER1064,38,57,40,6.1,19
D013023,O013958,RIDER0865,24,39,31,11.3,15
D013024,O013959,RIDER0670,30,33,37,1.3,3
D013025,O013960,RIDER0067,29,32,15,4.7,3
D013026,O013961,RIDER1891,32,38,14,1.8,6
D013027,O013962,RIDER1571,46,53,27,2.0,7
D013028,O013963,RIDER1515,39,38,15,1.4,0
D013029,O013964,RIDER0669,34,33,38,3.8,0
D013030,O013965,RIDER1053,29,39,24,1.1,10
D013031,O013966,RIDER0699,35,36,37,4.0,1
D013032,O013967,RIDER1143,45,60,24,1.5,15
D013033,O013968,RIDER0947,35,34,27,1.9,0
D013034,O013969,RIDER2143,35,34,27,4.7,0
D013035,O013970,RIDER1410,70,91,28,2.3,21
D013036,O013971,RIDER0806,32,35,31,4.0,3
D013037,O013972,RIDER1654,34,34,35,2.0,0
D013038,O013974,RIDER2345,40,40,29,1.7,0
D013039,O013975,RIDER1161,28,37,38,2.8,9
D013040,O013976,RIDER2343,36,35,17,1.4,0
D013041,O013977,RIDER1584,22,23,38,9.9,1
D013042,O013979,RIDER0623,22,26,32,2.8,4
D013043,O013980,RIDER0958,47,81,25,13.1,34
D013044,O013981,RIDER0619,27,25,14,4.0,0
D013045,O013982,RIDER2242,30,30,37,4.0,0
D013046,O013983,RIDER1322,28,24,18,0.7,0
D013047,O013984,RIDER0846,26,25,34,0.9,0
D013048,O013985,RIDER1727,41,42,27,2.2,1
D013049,O013986,RIDER1426,21,53,28,0.2,32
D013050,O013987,RIDER1421,29,33,30,3.3,4
D013051,O013988,RIDER1342,22,25,21,5.1,3
D013052,O013989,RIDER0779,20,27,40,2.6,7
D013053,O013990,RIDER1496,38,55,14,3.6,17
D013054,O013991,RIDER0510,37,55,32,1.5,18
D013055,O013992,RIDER2316,62,88,39,2.7,26
D013056,O013993,RIDER0736,26,47,31,2.1,21
D013057,O013994,RIDER1667,37,44,17,3.5,7
D013058,O013995,RIDER1081,37,41,16,1.5,4
D013059,O013997,RIDER1348,28,35,33,1.1,7
D013060,O013998,RIDER0348,23,50,42,1.7,27
D013061,O013999,RIDER0812,29,37,21,0.1,8
D013062,O014000,RIDER0273,26,21,25,0.4,0
D013063,O014001,RIDER1234,18,37,31,1.3,19
D013064,O014002,RIDER1311,38,44,31,0.1,6
D013065,O014003,RIDER1889,33,31,41,0.8,0
D013066,O014004,RIDER1811,26,37,25,3.1,11
D013067,O014005,RIDER1745,25,23,25,6.5,0
D013068,O014006,RIDER1136,30,25,39,7.1,0
D013069,O014007,RIDER1953,42,66,42,0.9,24
D013070,O014008,RIDER0830,40,38,21,6.0,0
D013071,O014009,RIDER0783,27,26,22,0.5,0
D013072,O014010,RIDER1445,35,33,35,4.3,0
D013073,O014012,RIDER0202,43,43,39,4.0,0
D013074,O014013,RIDER2303,32,37,28,1.8,5
D013075,O014014,RIDER0753,21,16,17,3.8,0
D013076,O014015,RIDER2073,34,67,36,1.4,33
D013077,O014016,RIDER0827,46,78,15,2.5,32
D013078,O014017,RIDER1456,42,57,40,2.7,15
D013079,O014018,RIDER0747,29,42,35,6.9,13
D013080,O014019,RIDER1338,23,21,17,1.0,0
D013081,O014020,RIDER2379,42,66,41,1.1,24
D013082,O014021,RIDER2022,36,34,26,2.5,0
D013083,O014022,RIDER2365,19,48,31,0.7,29
D013084,O014023,RIDER2370,41,55,25,1.2,14
D013085,O014024,RIDER0724,47,43,24,3.5,0
D013086,O014025,RIDER1425,54,49,22,0.8,0
D013087,O014026,RIDER0116,54,49,25,0.9,0
D013088,O014027,RIDER1143,34,41,37,5.3,7
D013089,O014028,RIDER1740,31,55,42,5.8,24
D013090,O014029,RIDER2049,30,34,37,1.3,4
D013091,O014030,RIDER0475,36,37,25,7.0,1
D013092,O014031,RIDER0166,41,69,15,1.3,28
D013093,O014032,RIDER1824,44,48,29,0.9,4
D013094,O014033,RIDER2007,42,52,22,2.5,10
D013095,O014034,RIDER1352,17,23,29,1.8,6
D013096,O014035,RIDER1199,70,87,16,2.4,17
D013097,O014036,RIDER2127,38,65,18,1.7,27
D013098,O014037,RIDER0527,24,30,31,3.1,6
D013099,O014038,RIDER0689,24,27,31,1.0,3
D013100,O014039,RIDER2366,39,46,26,10.4,7
D013101,O014040,RIDER1075,28,35,22,4.1,7
D013102,O014041,RIDER1292,26,24,21,2.4,0
D013103,O014042,RIDER0515,24,54,31,10.1,30
D013104,O014043,RIDER0756,57,62,35,1.5,5
D013105,O014044,RIDER1521,35,56,36,2.7,21
D013106,O014045,RIDER1357,37,53,33,3.3,16
D013107,O014046,RIDER0921,35,39,40,2.1,4
D013108,O014047,RIDER0318,21,16,37,5.4,0
D013109,O014048,RIDER1564,39,44,30,7.9,5
D013110,O014050,RIDER0161,41,39,30,5.0,0
D013111,O014051,RIDER1607,40,38,18,7.1,0
D013112,O014052,RIDER1086,38,40,17,0.7,2
D013113,O014053,RIDER1050,25,31,37,2.7,6
D013114,O014054,RIDER1675,26,28,14,2.5,2
D013115,O014055,RIDER1270,33,29,27,1.9,0
D013116,O014056,RIDER1554,44,43,23,4.0,0
D013117,O014057,RIDER0425,37,54,35,3.0,17
D013118,O014058,RIDER2189,28,24,17,1.6,0
D013119,O014059,RIDER0113,26,28,21,2.6,2
D013120,O014061,RIDER2197,30,28,18,2.8,0
D013121,O014062,RIDER1324,22,41,37,2.7,19
D013122,O014064,RIDER2331,27,28,27,2.7,1
D013123,O014065,RIDER1910,33,35,14,2.3,2
D013124,O014066,RIDER2373,33,31,42,1.4,0
D013125,O014067,RIDER1695,36,46,35,0.5,10
D013126,O014068,RIDER1282,30,31,25,1.4,1
D013127,O014069,RIDER1526,24,25,17,4.1,1
D013128,O014071,RIDER0524,37,39,41,1.3,2
D013129,O014072,RIDER1282,41,73,14,1.3,32
D013130,O014074,RIDER0468,49,79,30,0.1,30
D013131,O014075,RIDER1458,51,83,22,4.9,32
D013132,O014076,RIDER0494,42,42,15,2.2,0
D013133,O014077,RIDER2179,25,22,37,1.8,0
D013134,O014078,RIDER0749,19,24,14,2.5,5
D013135,O014079,RIDER2166,32,45,14,0.4,13
D013136,O014080,RIDER0162,39,37,16,10.0,0
D013137,O014081,RIDER0387,31,36,36,0.5,5
D013138,O014082,RIDER2349,27,46,15,3.7,19
D013139,O014083,RIDER2306,39,63,25,1.1,24
D013140,O014084,RIDER0453,29,28,15,6.2,0
D013141,O014085,RIDER0095,46,46,19,3.3,0
D013142,O014086,RIDER0142,29,34,19,4.9,5
D013143,O014087,RIDER0814,31,36,24,6.9,5
D013144,O014088,RIDER2068,40,42,27,2.6,2
D013145,O014089,RIDER1626,26,31,23,5.0,5
D013146,O014090,RIDER2129,23,55,37,2.0,32
D013147,O014091,RIDER1492,39,42,19,1.3,3
D013148,O014092,RIDER1111,31,29,29,3.1,0
D013149,O014093,RIDER0451,21,40,37,3.3,19
D013150,O014094,RIDER1648,49,54,14,9.6,5
D013151,O014095,RIDER2340,42,54,31,1.3,12
D013152,O014096,RIDER1728,35,40,37,0.7,5
D013153,O014097,RIDER1872,31,61,33,2.7,30
D013154,O014098,RIDER1403,34,30,24,1.4,0
D013155,O014099,RIDER1662,28,40,37,0.3,12
D013156,O014100,RIDER2003,28,33,31,4.0,5
D013157,O014101,RIDER0699,23,44,30,9.0,21
D013158,O014102,RIDER1347,27,22,15,3.8,0
D013159,O014103,RIDER0881,33,53,21,2.9,20
D013160,O014104,RIDER1929,21,52,27,2.6,31
D013161,O014105,RIDER2353,25,26,31,3.6,1
D013162,O014106,RIDER2054,32,63,32,0.5,31
D013163,O014108,RIDER0986,28,43,22,3.3,15
D013164,O014109,RIDER0013,34,34,38,1.8,0
D013165,O014111,RIDER0885,22,18,27,1.9,0
D013166,O014112,RIDER0819,31,62,36,2.1,31
D013167,O014113,RIDER0613,37,67,18,2.5,30
D013168,O014114,RIDER2319,33,29,33,2.4,0
D013169,O014115,RIDER0812,46,66,14,2.4,20
D013170,O014116,RIDER0547,26,43,33,3.1,17
D013171,O014117,RIDER2478,28,60,31,5.0,32
D013172,O014118,RIDER0176,29,60,17,0.3,31
D013173,O014119,RIDER1499,42,48,25,5.4,6
D013174,O014120,RIDER0703,20,15,35,1.2,0
D013175,O014121,RIDER1136,27,51,21,4.3,24
D013176,O014122,RIDER2143,36,40,30,0.4,4
D013177,O014123,RIDER1661,40,43,30,8.8,3
D013178,O014124,RIDER0824,28,45,15,2.3,17
D013179,O014125,RIDER1839,34,59,25,3.8,25
D013180,O014126,RIDER1932,23,38,22,4.1,15
D013181,O014127,RIDER1587,19,19,16,4.7,0
D013182,O014128,RIDER0184,30,37,14,1.5,7
D013183,O014129,RIDER1510,34,64,25,3.7,30
D013184,O014130,RIDER0482,31,36,30,2.8,5
D013185,O014131,RIDER1046,23,21,23,2.1,0
D013186,O014132,RIDER0683,50,64,42,4.5,14
D013187,O014133,RIDER0630,42,76,14,1.2,34
D013188,O014134,RIDER1829,36,43,23,2.6,7
D013189,O014135,RIDER2251,23,22,35,6.9,0
D013190,O014136,RIDER0716,29,31,14,1.5,2
D013191,O014137,RIDER2073,48,56,32,1.2,8
D013192,O014138,RIDER0338,29,27,37,0.7,0
D013193,O014139,RIDER0785,35,50,31,1.6,15
D013194,O014140,RIDER1078,26,33,39,4.9,7
D013195,O014141,RIDER0917,59,73,35,2.4,14
D013196,O014142,RIDER2220,26,57,34,3.5,31
D013197,O014143,RIDER1928,46,53,15,0.7,7
D013198,O014144,RIDER1388,17,18,34,4.4,1
D013199,O014145,RIDER2014,34,35,31,1.7,1
D013200,O014146,RIDER0223,23,24,23,1.1,1
D013201,O014147,RIDER1753,31,35,14,6.7,4
D013202,O014149,RIDER1582,33,48,38,0.6,15
D013203,O014150,RIDER1203,31,30,27,0.7,0
D013204,O014151,RIDER1896,23,27,42,0.2,4
D013205,O014152,RIDER0302,60,59,21,2.4,0
D013206,O014153,RIDER0353,29,29,21,3.6,0
D013207,O014154,RIDER2361,41,74,21,2.8,33
D013208,O014155,RIDER2341,30,30,38,0.3,0
D013209,O014156,RIDER0936,26,26,28,6.7,0
D013210,O014157,RIDER0586,28,29,35,1.9,1
D013211,O014158,RIDER0778,26,50,14,3.8,24
D013212,O014159,RIDER2438,28,26,21,1.6,0
D013213,O014160,RIDER2012,27,32,31,4.9,5
D013214,O014161,RIDER1420,29,32,33,2.3,3
D013215,O014163,RIDER1783,41,41,29,0.2,0
D013216,O014164,RIDER2053,19,24,31,3.4,5
D013217,O014165,RIDER0139,37,34,18,4.6,0
D013218,O014166,RIDER0234,27,28,18,9.6,1
D013219,O014167,RIDER0992,48,54,24,0.4,6
D013220,O014168,RIDER1918,34,34,14,3.4,0
D013221,O014169,RIDER0360,31,42,22,0.8,11
D013222,O014170,RIDER1590,46,45,26,2.2,0
D013223,O014171,RIDER1017,32,38,31,4.0,6
D013224,O014172,RIDER1953,26,22,28,0.5,0
D013225,O014173,RIDER0840,38,39,25,2.5,1
D013226,O014174,RIDER0089,27,32,27,2.0,5
D013227,O014175,RIDER0712,24,35,42,4.0,11
D013228,O014176,RIDER2041,41,60,20,2.9,19
D013229,O014177,RIDER1619,22,45,27,0.7,23
D013230,O014178,RIDER2315,26,29,42,5.2,3
D013231,O014179,RIDER1807,35,40,22,4.1,5
D013232,O014180,RIDER1134,47,70,22,3.1,23
D013233,O014182,RIDER0388,29,29,31,3.9,0
D013234,O014183,RIDER0535,34,36,32,3.7,2
D013235,O014184,RIDER2187,23,19,37,0.8,0
D013236,O014186,RIDER2226,41,48,40,4.3,7
D013237,O014187,RIDER0036,31,51,28,1.2,20
D013238,O014188,RIDER0218,22,18,29,9.8,0
D013239,O014189,RIDER2123,37,42,33,5.0,5
D013240,O014190,RIDER0086,25,32,29,4.8,7
D013241,O014191,RIDER0519,31,27,33,5.7,0
D013242,O014192,RIDER0958,32,39,21,1.8,7
D013243,O014194,RIDER1284,30,27,32,9.0,0
D013244,O014195,RIDER1098,31,34,18,2.2,3
D013245,O014196,RIDER0103,18,41,28,2.8,23
D013246,O014197,RIDER0762,31,45,33,0.9,14
D013247,O014199,RIDER0480,29,36,31,0.1,7
D013248,O014200,RIDER0712,32,34,14,2.5,2
D013249,O014201,RIDER1122,37,33,23,9.6,0
D013250,O014202,RIDER1644,22,19,24,1.4,0
D013251,O014203,RIDER1679,36,40,39,3.5,4
D013252,O014204,RIDER0020,27,24,18,0.3,0
D013253,O014205,RIDER1103,27,34,34,9.4,7
D013254,O014206,RIDER1754,29,33,16,9.6,4
D013255,O014207,RIDER1322,31,64,27,5.1,33
D013256,O014208,RIDER0151,26,31,42,2.8,5
D013257,O014209,RIDER0866,48,68,25,1.2,20
D013258,O014210,RIDER1399,29,35,39,3.0,6
D013259,O014211,RIDER2306,49,72,25,1.4,23
D013260,O014212,RIDER1705,24,39,15,2.3,15
D013261,O014213,RIDER1253,38,53,22,5.7,15
D013262,O014214,RIDER2108,33,32,30,4.0,0
D013263,O014215,RIDER1101,25,22,18,1.2,0
D013264,O014216,RIDER2113,36,39,25,13.7,3
D013265,O014217,RIDER1395,32,36,15,3.7,4
D013266,O014218,RIDER2280,58,76,42,0.4,18
D013267,O014219,RIDER1450,39,43,29,5.0,4
D013268,O014220,RIDER1976,33,63,25,4.2,30
D013269,O014221,RIDER1416,27,41,24,0.2,14
D013270,O014222,RIDER0797,31,30,20,3.0,0
D013271,O014223,RIDER1287,27,61,21,2.7,34
D013272,O014224,RIDER0469,26,44,40,8.0,18
D013273,O014225,RIDER2215,34,41,20,2.1,7
D013274,O014227,RIDER1893,59,70,15,1.9,11
D013275,O014228,RIDER0413,41,53,23,6.2,12
D013276,O014229,RIDER0091,32,27,23,3.0,0
D013277,O014230,RIDER0561,38,64,25,3.8,26
D013278,O014231,RIDER1242,29,26,14,2.7,0
D013279,O014232,RIDER0722,28,58,22,4.8,30
D013280,O014233,RIDER0431,28,49,22,3.2,21
D013281,O014234,RIDER1117,28,60,34,0.2,32
D013282,O014235,RIDER1720,38,64,31,0.7,26
D013283,O014236,RIDER0130,44,47,30,1.6,3
D013284,O014237,RIDER1840,23,28,31,3.0,5
D013285,O014238,RIDER0442,39,54,21,2.1,15
D013286,O014239,RIDER1186,36,36,24,2.0,0
D013287,O014240,RIDER0970,23,33,18,4.0,10
D013288,O014241,RIDER0523,29,60,32,3.3,31
D013289,O014242,RIDER0858,42,45,28,0.5,3
D013290,O014243,RIDER0148,27,46,29,2.0,19
D013291,O014244,RIDER1976,35,39,18,3.4,4
D013292,O014245,RIDER2313,25,28,39,0.8,3
D013293,O014246,RIDER1079,39,62,39,9.1,23
D013294,O014247,RIDER0798,51,55,24,4.6,4
D013295,O014248,RIDER1733,28,50,35,5.7,22
D013296,O014249,RIDER1658,25,46,37,0.9,21
D013297,O014250,RIDER0649,68,83,42,0.1,15
D013298,O014251,RIDER0484,34,34,37,14.2,0
D013299,O014252,RIDER1920,63,70,28,1.8,7
D013300,O014253,RIDER0654,29,31,21,1.8,2
D013301,O014254,RIDER1660,33,31,30,0.4,0
D013302,O014255,RIDER1594,20,20,33,4.4,0
D013303,O014256,RIDER2025,25,30,15,6.3,5
D013304,O014257,RIDER1375,27,38,23,1.9,11
D013305,O014258,RIDER0648,46,47,41,2.6,1
D013306,O014259,RIDER2363,55,86,38,2.3,31
D013307,O014260,RIDER0655,19,51,14,2.4,32
D013308,O014261,RIDER0056,25,31,30,1.8,6
D013309,O014262,RIDER2490,34,38,19,0.6,4
D013310,O014263,RIDER0852,26,33,15,1.0,7
D013311,O014265,RIDER0296,29,30,40,7.5,1
D013312,O014266,RIDER0435,37,33,28,6.8,0
D013313,O014267,RIDER0615,40,68,29,5.5,28
D013314,O014268,RIDER2169,53,62,35,1.2,9
D013315,O014269,RIDER2300,38,59,24,3.5,21
D013316,O014270,RIDER2182,39,37,21,1.4,0
D013317,O014272,RIDER2058,30,35,23,11.0,5
D013318,O014273,RIDER0536,27,50,15,1.4,23
D013319,O014274,RIDER0288,30,57,36,5.5,27
D013320,O014275,RIDER2023,23,18,15,1.8,0
D013321,O014277,RIDER1014,27,27,18,2.1,0
D013322,O014278,RIDER1343,37,59,16,9.5,22
D013323,O014279,RIDER1950,35,32,22,4.3,0
D013324,O014280,RIDER1805,38,44,16,1.9,6
D013325,O014281,RIDER0909,35,31,16,1.6,0
D013326,O014282,RIDER0246,43,43,21,0.7,0
D013327,O014283,RIDER2414,29,55,28,1.5,26
D013328,O014284,RIDER2152,26,41,15,4.5,15
D013329,O014285,RIDER2311,31,51,16,0.6,20
D013330,O014286,RIDER1064,40,41,34,1.5,1
D013331,O014287,RIDER1139,44,70,35,0.9,26
D013332,O014288,RIDER1950,39,44,38,3.3,5
D013333,O014289,RIDER0198,31,29,40,1.8,0
D013334,O014290,RIDER0059,22,25,32,0.9,3
D013335,O014291,RIDER0804,51,74,37,0.3,23
D013336,O014292,RIDER0173,32,45,42,4.9,13
D013337,O014293,RIDER1268,30,48,31,3.2,18
D013338,O014294,RIDER1288,27,24,30,4.7,0
D013339,O014295,RIDER0940,39,48,15,16.0,9
D013340,O014296,RIDER0902,36,34,25,1.3,0
D013341,O014297,RIDER2405,28,31,22,0.4,3
D013342,O014299,RIDER1717,24,25,39,5.6,1
D013343,O014300,RIDER0195,60,74,28,0.3,14
D013344,O014301,RIDER0503,28,30,24,9.0,2
D013345,O014302,RIDER1767,39,39,38,2.9,0
D013346,O014305,RIDER1033,25,20,31,8.6,0
D013347,O014306,RIDER1703,25,20,38,5.7,0
D013348,O014307,RIDER0088,34,38,30,2.5,4
D013349,O014309,RIDER0351,39,48,25,0.7,9
D013350,O014310,RIDER2100,25,31,29,2.0,6
D013351,O014311,RIDER1110,32,32,42,5.7,0
D013352,O014312,RIDER1548,28,49,18,1.7,21
D013353,O014313,RIDER1857,34,33,33,1.6,0
D013354,O014314,RIDER0351,37,35,24,1.4,0
D013355,O014315,RIDER0599,31,61,18,2.6,30
D013356,O014316,RIDER0286,31,47,15,6.4,16
D013357,O014317,RIDER0750,28,31,21,1.2,3
D013358,O014318,RIDER2129,35,39,28,0.6,4
D013359,O014319,RIDER0750,38,70,18,1.3,32
D013360,O014320,RIDER2137,49,46,18,0.7,0
D013361,O014321,RIDER2348,26,31,37,7.3,5
D013362,O014322,RIDER1434,34,65,30,3.1,31
D013363,O014323,RIDER0033,39,62,21,3.0,23
D013364,O014324,RIDER1143,33,33,20,4.0,0
D013365,O014325,RIDER2234,43,39,38,2.2,0
D013366,O014326,RIDER2308,23,23,18,1.6,0
D013367,O014327,RIDER2235,23,41,21,0.2,18
D013368,O014328,RIDER0407,26,55,14,3.0,29
D013369,O014329,RIDER2384,40,42,14,6.4,2
D013370,O014330,RIDER2037,27,43,40,6.0,16
D013371,O014331,RIDER0404,39,36,29,1.4,0
D013372,O014332,RIDER1154,27,30,18,0.7,3
D013373,O014333,RIDER1398,39,39,34,0.7,0
D013374,O014334,RIDER0464,30,27,38,1.3,0
D013375,O014335,RIDER2016,41,36,31,3.8,0
D013376,O014336,RIDER0890,57,82,31,7.1,25
D013377,O014337,RIDER1699,26,36,14,1.5,10
D013378,O014338,RIDER1142,24,26,14,8.3,2
D013379,O014339,RIDER1924,27,59,24,6.2,32
D013380,O014340,RIDER1600,21,38,32,1.3,17
D013381,O014341,RIDER0921,27,33,19,3.2,6
D013382,O014342,RIDER2127,28,57,38,5.1,29
D013383,O014343,RIDER1318,30,34,35,6.0,4
D013384,O014344,RIDER1768,38,59,19,1.2,21
D013385,O014346,RIDER0950,29,36,32,1.3,7
D013386,O014347,RIDER0425,30,30,14,1.7,0
D013387,O014348,RIDER0635,34,35,31,5.6,1
D013388,O014349,RIDER1426,41,37,31,0.8,0
D013389,O014350,RIDER0078,28,33,38,0.7,5
D013390,O014351,RIDER2489,25,20,25,3.4,0
D013391,O014352,RIDER0362,39,35,35,5.1,0
D013392,O014353,RIDER1509,36,60,16,2.1,24
D013393,O014354,RIDER1285,37,52,14,0.2,15
D013394,O014355,RIDER1296,41,37,32,1.1,0
D013395,O014356,RIDER0933,55,60,18,3.3,5
D013396,O014357,RIDER2355,27,22,31,1.1,0
D013397,O014358,RIDER2283,28,41,36,6.7,13
D013398,O014359,RIDER0317,47,68,37,0.7,21
D013399,O014360,RIDER2461,34,38,14,2.6,4
D013400,O014361,RIDER1783,27,27,24,5.3,0
D013401,O014362,RIDER1810,25,25,18,1.8,0
D013402,O014363,RIDER1780,40,73,19,0.9,33
D013403,O014364,RIDER1718,39,44,16,5.7,5
D013404,O014365,RIDER1200,23,23,36,3.4,0
D013405,O014366,RIDER1767,57,62,15,2.4,5
D013406,O014367,RIDER1431,45,47,32,2.2,2
D013407,O014368,RIDER1645,20,24,18,6.8,4
D013408,O014369,RIDER2242,30,31,25,0.6,1
D013409,O014370,RIDER1457,32,65,24,1.1,33
D013410,O014372,RIDER1646,34,32,36,2.6,0
D013411,O014373,RIDER0421,30,55,41,2.6,25
D013412,O014374,RIDER1578,22,17,15,1.4,0
D013413,O014375,RIDER2415,28,29,31,3.2,1
D013414,O014376,RIDER0761,27,25,32,1.4,0
D013415,O014377,RIDER1423,37,39,17,3.0,2
D013416,O014379,RIDER2025,29,31,25,4.5,2
D013417,O014380,RIDER2146,18,14,21,3.8,0
D013418,O014382,RIDER0265,39,53,28,0.5,14
D013419,O014383,RIDER0263,19,24,35,0.4,5
D013420,O014384,RIDER2469,24,30,33,5.5,6
D013421,O014385,RIDER2426,37,39,39,3.5,2
D013422,O014386,RIDER2309,41,42,17,1.4,1
D013423,O014387,RIDER0712,53,76,35,6.1,23
D013424,O014388,RIDER0346,26,31,27,0.6,5
D013425,O014389,RIDER0263,23,28,16,1.0,5
D013426,O014390,RIDER2397,38,39,18,2.5,1
D013427,O014391,RIDER2037,30,56,40,6.7,26
D013428,O014392,RIDER0006,29,29,31,1.1,0
D013429,O014393,RIDER2330,31,32,22,3.2,1
D013430,O014394,RIDER1817,35,49,26,1.3,14
D013431,O014396,RIDER2261,27,33,15,7.5,6
D013432,O014397,RIDER0771,26,47,18,1.6,21
D013433,O014398,RIDER1480,40,74,19,6.2,34
D013434,O014399,RIDER1365,23,19,21,0.9,0
D013435,O014400,RIDER1160,20,15,16,2.6,0
D013436,O014401,RIDER2062,23,22,31,1.3,0
D013437,O014402,RIDER0051,35,43,18,5.1,8
D013438,O014403,RIDER2247,45,78,23,0.5,33
D013439,O014404,RIDER1439,37,37,29,1.8,0
D013440,O014405,RIDER2340,38,41,41,4.5,3
D013441,O014406,RIDER1511,19,21,36,0.2,2
D013442,O014407,RIDER1021,30,52,30,3.5,22
D013443,O014408,RIDER0585,30,37,31,0.3,7
D013444,O014409,RIDER2497,35,42,24,0.7,7
D013445,O014410,RIDER0024,64,86,19,5.5,22
D013446,O014411,RIDER1006,42,39,39,0.1,0
D013447,O014412,RIDER1220,28,36,33,7.7,8
D013448,O014413,RIDER0357,46,77,41,1.4,31
D013449,O014415,RIDER2171,47,42,31,2.9,0
D013450,O014416,RIDER1311,69,65,29,2.4,0
D013451,O014419,RIDER1210,22,44,36,0.5,22
D013452,O014420,RIDER1608,31,26,17,4.4,0
D013453,O014421,RIDER0316,36,59,27,2.1,23
D013454,O014422,RIDER0769,41,57,30,0.9,16
D013455,O014423,RIDER0113,34,55,36,14.3,21
D013456,O014424,RIDER1042,24,28,42,0.8,4
D013457,O014425,RIDER1392,31,33,38,2.7,2
D013458,O014426,RIDER0241,28,25,33,1.5,0
D013459,O014427,RIDER0587,27,30,17,4.9,3
D013460,O014428,RIDER1859,34,37,29,6.3,3
D013461,O014429,RIDER0829,35,39,37,1.6,4
D013462,O014430,RIDER0907,42,54,21,7.4,12
D013463,O014431,RIDER1088,18,18,38,1.2,0
D013464,O014432,RIDER0821,26,21,35,0.2,0
D013465,O014434,RIDER1999,21,25,39,5.2,4
D013466,O014435,RIDER0389,29,27,29,3.1,0
D013467,O014436,RIDER0342,30,31,22,0.8,1
D013468,O014437,RIDER1349,20,17,16,2.6,0
D013469,O014439,RIDER0922,32,30,15,4.3,0
D013470,O014440,RIDER1422,32,35,15,14.0,3
D013471,O014441,RIDER0084,32,28,29,2.7,0
D013472,O014442,RIDER2473,35,45,22,3.5,10
D013473,O014443,RIDER1208,53,58,37,5.8,5
D013474,O014444,RIDER0913,33,30,25,7.0,0
D013475,O014445,RIDER2226,33,29,25,2.5,0
D013476,O014446,RIDER1556,23,25,35,5.5,2
D013477,O014447,RIDER1976,43,42,24,2.0,0
D013478,O014448,RIDER0234,51,54,31,4.5,3
D013479,O014449,RIDER2038,27,55,25,9.8,28
D013480,O014450,RIDER1503,52,51,36,2.2,0
D013481,O014451,RIDER1498,37,71,37,1.1,34
D013482,O014452,RIDER2500,39,42,24,1.2,3
D013483,O014453,RIDER0125,39,41,31,2.1,2
D013484,O014454,RIDER0977,30,35,23,2.0,5
D013485,O014456,RIDER1527,37,34,37,7.7,0
D013486,O014457,RIDER0158,69,88,30,3.0,19
D013487,O014458,RIDER0559,51,52,25,2.2,1
D013488,O014459,RIDER0462,25,29,29,1.1,4
D013489,O014461,RIDER1166,24,23,42,1.4,0
D013490,O014462,RIDER1681,40,43,22,1.9,3
D013491,O014463,RIDER0911,22,26,17,1.7,4
D013492,O014464,RIDER1487,28,35,21,6.4,7
D013493,O014465,RIDER0759,17,33,38,1.7,16
D013494,O014466,RIDER0735,25,28,41,1.9,3
D013495,O014467,RIDER0939,37,35,18,3.2,0
D013496,O014468,RIDER2220,36,55,30,2.2,19
D013497,O014469,RIDER0802,42,56,21,4.6,14
D013498,O014470,RIDER1948,35,31,36,1.6,0
D013499,O014471,RIDER1790,38,33,41,10.3,0
D013500,O014473,RIDER0176,41,61,23,6.8,20
D013501,O014474,RIDER1383,26,60,33,0.9,34
D013502,O014475,RIDER1822,29,30,36,2.0,1
D013503,O014476,RIDER1859,34,58,28,1.9,24
D013504,O014477,RIDER1428,47,47,32,2.7,0
D013505,O014478,RIDER0420,32,32,30,1.0,0
D013506,O014479,RIDER0800,48,43,14,2.3,0
D013507,O014480,RIDER1229,38,42,19,0.8,4
D013508,O014481,RIDER2349,22,23,42,3.6,1
D013509,O014482,RIDER1152,34,58,21,2.9,24
D013510,O014483,RIDER2060,37,41,21,5.4,4
D013511,O014484,RIDER1545,26,23,25,3.2,0
D013512,O014486,RIDER1219,44,63,27,3.8,19
D013513,O014487,RIDER0709,24,51,42,1.5,27
D013514,O014489,RIDER0886,29,33,14,8.1,4
D013515,O014490,RIDER1835,34,33,35,0.9,0
D013516,O014491,RIDER1186,25,26,38,1.6,1
D013517,O014492,RIDER0690,57,57,41,3.6,0
D013518,O014493,RIDER1314,30,31,31,1.1,1
D013519,O014494,RIDER0121,33,31,30,6.9,0
D013520,O014495,RIDER1370,43,49,25,2.9,6
D013521,O014496,RIDER2169,31,61,21,0.6,30
D013522,O014497,RIDER0452,32,32,31,0.2,0
D013523,O014498,RIDER0181,29,30,14,0.6,1
D013524,O014499,RIDER1369,27,45,21,3.1,18
D013525,O014500,RIDER2113,31,28,21,8.2,0
D013526,O014501,RIDER2264,44,73,28,2.7,29
D013527,O014502,RIDER1926,39,37,40,1.6,0
D013528,O014503,RIDER1087,46,47,31,1.0,1
D013529,O014504,RIDER0876,20,50,33,7.5,30
D013530,O014505,RIDER0405,21,23,16,2.4,2
D013531,O014506,RIDER2456,25,31,32,1.8,6
D013532,O014507,RIDER2352,29,54,18,0.7,25
D013533,O014508,RIDER0302,45,44,30,1.5,0
D013534,O014509,RIDER2441,38,34,35,2.6,0
D013535,O014510,RIDER0425,34,56,14,0.4,22
D013536,O014511,RIDER1508,41,62,41,0.8,21
D013537,O014512,RIDER1211,31,29,31,5.1,0
D013538,O014513,RIDER1819,43,39,25,2.7,0
D013539,O014514,RIDER0900,27,53,18,11.9,26
D013540,O014515,RIDER0566,42,41,23,4.4,0
D013541,O014516,RIDER1291,29,31,23,1.8,2
D013542,O014517,RIDER0336,43,46,31,1.8,3
D013543,O014518,RIDER1507,34,53,25,1.9,19
D013544,O014520,RIDER0149,29,32,28,1.5,3
D013545,O014521,RIDER1627,24,28,30,3.8,4
D013546,O014522,RIDER0872,29,24,18,0.5,0
D013547,O014523,RIDER1773,20,19,34,2.3,0
D013548,O014524,RIDER0459,33,30,21,4.4,0
D013549,O014525,RIDER2058,32,31,27,6.0,0
D013550,O014528,RIDER0795,31,62,38,1.6,31
D013551,O014529,RIDER1759,48,48,29,1.3,0
D013552,O014531,RIDER1001,24,31,30,2.9,7
D013553,O014532,RIDER0247,35,41,29,1.0,6
D013554,O014533,RIDER0457,30,50,20,1.5,20
D013555,O014534,RIDER1618,23,39,30,1.6,16
D013556,O014536,RIDER1385,64,60,21,9.2,0
D013557,O014537,RIDER0642,35,32,31,3.2,0
D013558,O014538,RIDER1869,34,54,32,4.2,20
D013559,O014539,RIDER2090,26,32,29,1.1,6
D013560,O014540,RIDER2134,28,60,29,5.2,32
D013561,O014541,RIDER0805,57,64,20,11.6,7
D013562,O014542,RIDER1565,53,53,28,6.1,0
D013563,O014543,RIDER1778,27,23,21,0.9,0
D013564,O014544,RIDER0106,30,28,32,1.8,0
D013565,O014545,RIDER1425,36,46,22,1.0,10
D013566,O014546,RIDER0076,29,24,17,3.9,0
D013567,O014547,RIDER0791,36,36,31,2.3,0
D013568,O014548,RIDER0787,30,32,14,3.1,2
D013569,O014549,RIDER0783,33,40,16,2.1,7
D013570,O014550,RIDER1624,47,70,31,0.4,23
D013571,O014551,RIDER2227,33,63,31,1.4,30
D013572,O014552,RIDER2239,64,95,31,1.2,31
D013573,O014554,RIDER1237,38,36,16,0.7,0
D013574,O014555,RIDER0563,41,51,34,1.4,10
D013575,O014556,RIDER0471,42,45,27,5.6,3
D013576,O014557,RIDER0639,32,39,33,5.8,7
D013577,O014558,RIDER1008,32,36,21,10.2,4
D013578,O014559,RIDER2168,27,34,40,2.4,7
D013579,O014560,RIDER0896,25,27,23,0.4,2
D013580,O014562,RIDER1358,22,52,36,5.8,30
D013581,O014563,RIDER1645,27,26,21,3.7,0
D013582,O014564,RIDER0614,36,40,37,7.4,4
D013583,O014565,RIDER2409,32,33,15,3.1,1
D013584,O014566,RIDER2292,29,26,29,0.6,0
D013585,O014567,RIDER2416,26,28,22,11.0,2
D013586,O014568,RIDER2404,34,38,41,0.5,4
D013587,O014569,RIDER2456,31,32,31,3.6,1
D013588,O014570,RIDER0345,28,23,16,4.5,0
D013589,O014571,RIDER0121,26,35,18,9.1,9
D013590,O014572,RIDER0383,35,68,24,1.2,33
D013591,O014573,RIDER1743,33,29,30,2.9,0
D013592,O014574,RIDER1685,33,36,33,5.0,3
D013593,O014575,RIDER0343,26,29,30,2.6,3
D013594,O014576,RIDER1584,29,28,14,1.2,0
D013595,O014577,RIDER2382,29,34,14,6.8,5
D013596,O014578,RIDER0042,27,29,24,1.9,2
D013597,O014579,RIDER1900,49,71,33,6.8,22
D013598,O014580,RIDER1039,27,34,39,0.1,7
D013599,O014581,RIDER0247,41,47,31,0.3,6
D013600,O014582,RIDER0298,24,45,23,1.1,21
D013601,O014583,RIDER1687,28,32,27,2.6,4
D013602,O014585,RIDER2019,36,65,33,3.6,29
D013603,O014587,RIDER1016,30,31,23,0.9,1
D013604,O014588,RIDER0940,25,37,34,6.9,12
D013605,O014589,RIDER1224,26,55,14,5.7,29
D013606,O014591,RIDER0181,45,74,28,1.7,29
D013607,O014592,RIDER0653,38,36,16,1.6,0
D013608,O014593,RIDER1361,31,38,14,1.3,7
D013609,O014594,RIDER2001,33,31,15,6.2,0
D013610,O014595,RIDER0312,33,31,31,1.6,0
D013611,O014596,RIDER1830,32,38,14,1.1,6
D013612,O014598,RIDER2400,29,35,38,4.7,6
D013613,O014599,RIDER0702,23,26,24,3.8,3
D013614,O014600,RIDER1249,29,26,20,3.4,0
D013615,O014601,RIDER1623,56,70,31,1.6,14
D013616,O014602,RIDER0991,46,54,31,3.1,8
D013617,O014603,RIDER0455,31,26,32,4.5,0
D013618,O014604,RIDER2132,28,23,40,5.5,0
D013619,O014605,RIDER1827,33,48,36,5.0,15
D013620,O014606,RIDER1572,50,46,15,1.4,0
D013621,O014607,RIDER0558,32,30,36,4.7,0
D013622,O014608,RIDER2245,17,20,32,5.3,3
D013623,O014609,RIDER0852,33,35,42,4.8,2
D013624,O014610,RIDER0190,24,28,36,0.3,4
D013625,O014611,RIDER0207,30,33,29,5.2,3
D013626,O014612,RIDER0996,34,34,22,7.1,0
D013627,O014613,RIDER0168,35,41,24,3.7,6
D013628,O014614,RIDER0188,27,23,32,4.8,0
D013629,O014616,RIDER2440,35,36,16,5.8,1
D013630,O014617,RIDER2066,24,30,15,4.3,6
D013631,O014618,RIDER2033,28,30,16,7.0,2
D013632,O014619,RIDER1868,20,20,25,2.2,0
D013633,O014620,RIDER0455,48,46,31,1.4,0
D013634,O014621,RIDER0696,26,51,30,2.5,25
D013635,O014622,RIDER1064,37,42,30,1.1,5
D013636,O014623,RIDER0759,27,33,35,1.1,6
D013637,O014624,RIDER0023,33,49,38,0.4,16
D013638,O014625,RIDER0157,29,25,30,1.8,0
D013639,O014626,RIDER0253,40,41,29,1.0,1
D013640,O014627,RIDER2289,22,33,14,1.6,11
D013641,O014628,RIDER0102,26,26,28,3.9,0
D013642,O014629,RIDER0834,38,58,21,4.2,20
D013643,O014630,RIDER0719,39,37,16,6.6,0
D013644,O014631,RIDER0162,22,24,14,0.4,2
D013645,O014632,RIDER1716,28,31,14,0.9,3
D013646,O014633,RIDER1350,37,34,20,3.4,0
D013647,O014634,RIDER2147,50,49,36,3.5,0
D013648,O014635,RIDER1518,27,22,33,1.0,0
D013649,O014636,RIDER1121,35,41,25,3.1,6
D013650,O014638,RIDER0852,32,28,33,1.0,0
D013651,O014639,RIDER0223,28,26,33,1.9,0
D013652,O014640,RIDER2356,29,27,33,2.0,0
D013653,O014641,RIDER1874,38,37,37,3.6,0
D013654,O014642,RIDER1012,34,41,34,13.7,7
D013655,O014643,RIDER1234,26,26,36,2.6,0
D013656,O014644,RIDER2311,26,57,23,3.4,31
D013657,O014645,RIDER2393,29,26,28,1.6,0
D013658,O014646,RIDER1176,18,30,28,4.4,12
D013659,O014647,RIDER1696,42,42,29,9.3,0
D013660,O014648,RIDER0849,37,37,42,4.9,0
D013661,O014650,RIDER1940,34,48,15,8.5,14
D013662,O014651,RIDER1531,34,61,17,3.9,27
D013663,O014652,RIDER1296,57,79,21,1.2,22
D013664,O014653,RIDER0102,36,31,15,2.9,0
D013665,O014654,RIDER1733,24,20,30,4.9,0
D013666,O014655,RIDER1752,39,50,27,8.0,11
D013667,O014656,RIDER0053,40,42,31,3.1,2
D013668,O014658,RIDER0704,29,46,32,2.7,17
D013669,O014659,RIDER0388,44,59,14,3.2,15
D013670,O014660,RIDER1396,55,65,31,4.7,10
D013671,O014661,RIDER1398,22,20,21,3.8,0
D013672,O014662,RIDER0873,29,55,29,3.5,26
D013673,O014663,RIDER1413,40,45,39,2.5,5
D013674,O014664,RIDER1936,46,45,29,2.3,0
D013675,O014665,RIDER0317,26,30,35,0.9,4
D013676,O014666,RIDER0713,53,50,15,0.8,0
D013677,O014667,RIDER1604,30,28,38,3.5,0
D013678,O014668,RIDER0682,28,28,30,3.6,0
D013679,O014670,RIDER0414,60,89,15,0.7,29
D013680,O014671,RIDER1233,32,31,21,0.2,0
D013681,O014672,RIDER1483,43,75,22,0.3,32
D013682,O014673,RIDER0711,52,53,31,1.1,1
D013683,O014674,RIDER1577,41,37,29,4.4,0
D013684,O014675,RIDER0338,39,51,33,2.6,12
D013685,O014676,RIDER0186,33,36,33,1.0,3
D013686,O014677,RIDER0768,36,44,15,1.1,8
D013687,O014678,RIDER1719,32,54,21,3.4,22
D013688,O014679,RIDER1882,22,25,37,0.1,3
D013689,O014680,RIDER2123,33,37,25,5.8,4
D013690,O014681,RIDER0116,43,63,31,0.5,20
D013691,O014682,RIDER0417,37,38,14,12.0,1
D013692,O014683,RIDER0387,22,23,33,8.6,1
D013693,O014684,RIDER0153,32,38,22,6.7,6
D013694,O014685,RIDER0583,38,41,27,6.8,3
D013695,O014686,RIDER2092,39,40,14,3.9,1
D013696,O014688,RIDER0169,29,29,15,9.0,0
D013697,O014689,RIDER0694,31,40,29,5.0,9
D013698,O014690,RIDER1074,32,34,38,5.1,2
D013699,O014691,RIDER0742,31,55,32,0.4,24
D013700,O014692,RIDER2310,24,30,31,6.7,6
D013701,O014693,RIDER0837,39,47,18,2.5,8
D013702,O014694,RIDER0234,28,28,18,4.5,0
D013703,O014695,RIDER0467,31,36,42,5.8,5
D013704,O014696,RIDER1709,35,54,38,1.8,19
D013705,O014697,RIDER2365,25,30,39,0.3,5
D013706,O014698,RIDER2043,43,56,18,1.6,13
D013707,O014699,RIDER1654,27,22,39,6.7,0
D013708,O014700,RIDER2240,31,37,28,6.8,6
D013709,O014701,RIDER1632,26,27,37,5.1,1
D013710,O014702,RIDER1511,35,33,18,11.3,0
D013711,O014703,RIDER1105,33,29,21,2.0,0
D013712,O014704,RIDER1026,20,20,25,7.7,0
D013713,O014705,RIDER0691,41,48,35,3.0,7
D013714,O014706,RIDER0834,49,49,31,0.9,0
D013715,O014707,RIDER0735,29,33,38,8.0,4
D013716,O014708,RIDER0514,36,48,42,1.4,12
D013717,O014709,RIDER1274,40,43,17,16.3,3
D013718,O014710,RIDER0092,36,60,40,7.8,24
D013719,O014711,RIDER2469,32,42,34,1.3,10
D013720,O014712,RIDER0031,30,34,37,1.6,4
D013721,O014713,RIDER1170,37,48,23,1.2,11
D013722,O014714,RIDER1979,37,37,16,2.6,0
D013723,O014716,RIDER0483,30,34,31,5.9,4
D013724,O014717,RIDER2179,33,34,39,2.4,1
D013725,O014718,RIDER2431,22,23,21,7.9,1
D013726,O014720,RIDER2349,20,30,15,9.0,10
D013727,O014721,RIDER0416,27,23,37,8.3,0
D013728,O014722,RIDER0064,36,56,17,1.3,20
D013729,O014723,RIDER0656,37,67,35,0.5,30
D013730,O014724,RIDER2142,31,30,27,3.1,0
D013731,O014725,RIDER1895,40,51,22,12.0,11
D013732,O014726,RIDER0848,33,63,37,5.3,30
D013733,O014727,RIDER0141,42,68,14,0.8,26
D013734,O014728,RIDER0821,25,29,28,2.9,4
D013735,O014729,RIDER1946,21,44,35,8.9,23
D013736,O014730,RIDER2377,25,25,41,7.1,0
D013737,O014731,RIDER1247,24,23,27,0.6,0
D013738,O014732,RIDER1872,29,32,31,5.6,3
D013739,O014733,RIDER0681,34,39,41,5.0,5
D013740,O014734,RIDER0887,33,38,22,5.4,5
D013741,O014735,RIDER1792,28,27,27,7.9,0
D013742,O014736,RIDER1000,29,34,14,0.3,5
D013743,O014737,RIDER0553,30,30,35,2.1,0
D013744,O014738,RIDER1590,24,41,15,7.7,17
D013745,O014739,RIDER1686,31,35,15,3.7,4
D013746,O014740,RIDER1612,67,91,15,4.9,24
D013747,O014741,RIDER2254,33,30,30,8.9,0
D013748,O014742,RIDER1454,30,25,25,3.8,0
D013749,O014743,RIDER2111,48,44,28,1.5,0
D013750,O014744,RIDER0503,22,26,30,4.8,4
D013751,O014746,RIDER1806,25,29,27,1.8,4
D013752,O014747,RIDER1304,24,24,14,2.7,0
D013753,O014748,RIDER1826,35,58,32,1.9,23
D013754,O014749,RIDER1521,34,35,24,4.9,1
D013755,O014750,RIDER0481,32,41,27,1.5,9
D013756,O014751,RIDER0946,28,29,21,2.8,1
D013757,O014752,RIDER1506,30,35,15,2.3,5
D013758,O014753,RIDER1618,64,90,20,4.7,26
D013759,O014754,RIDER1176,35,31,28,1.1,0
D013760,O014755,RIDER1957,24,21,15,7.3,0
D013761,O014756,RIDER0528,42,65,15,0.5,23
D013762,O014757,RIDER2253,28,29,25,12.7,1
D013763,O014758,RIDER0935,32,28,34,0.7,0
D013764,O014760,RIDER0998,27,28,38,2.0,1
D013765,O014761,RIDER1970,24,25,29,1.2,1
D013766,O014762,RIDER2006,32,31,14,0.9,0
D013767,O014764,RIDER2099,28,32,19,2.2,4
D013768,O014765,RIDER0956,40,37,15,2.4,0
D013769,O014766,RIDER0347,24,28,23,7.9,4
D013770,O014767,RIDER0139,34,36,27,5.0,2
D013771,O014768,RIDER0051,50,55,29,2.6,5
D013772,O014769,RIDER1069,22,27,19,3.2,5
D013773,O014770,RIDER0116,23,19,16,2.8,0
D013774,O014771,RIDER1765,40,47,21,6.2,7
D013775,O014773,RIDER1245,38,33,15,5.4,0
D013776,O014774,RIDER1298,29,50,18,9.2,21
D013777,O014776,RIDER0802,27,33,15,1.7,6
D013778,O014777,RIDER0379,38,71,39,0.6,33
D013779,O014778,RIDER0110,20,16,28,2.4,0
D013780,O014779,RIDER0750,34,48,14,1.8,14
D013781,O014780,RIDER2434,25,29,23,2.7,4
D013782,O014781,RIDER2054,42,42,27,1.2,0
D013783,O014782,RIDER1777,56,61,21,9.1,5
D013784,O014783,RIDER1551,41,67,30,2.6,26
D013785,O014784,RIDER2490,35,43,14,3.5,8
D013786,O014785,RIDER2260,35,39,40,3.8,4
D013787,O014786,RIDER2474,29,30,21,5.8,1
D013788,O014787,RIDER2451,30,33,16,3.8,3
D013789,O014788,RIDER0162,47,46,23,2.2,0
D013790,O014790,RIDER1577,57,77,36,2.1,20
D013791,O014791,RIDER1212,25,28,39,1.1,3
D013792,O014792,RIDER1685,19,16,27,0.9,0
D013793,O014793,RIDER2121,33,29,31,8.7,0
D013794,O014794,RIDER0566,22,28,27,2.4,6
D013795,O014795,RIDER0291,21,17,20,6.5,0
D013796,O014796,RIDER2030,20,18,31,0.8,0
D013797,O014797,RIDER1557,41,39,21,1.4,0
D013798,O014798,RIDER2348,32,53,21,1.6,21
D013799,O014799,RIDER0666,30,56,23,6.7,26
D013800,O014800,RIDER1611,26,36,31,3.8,10
D013801,O014801,RIDER1192,18,14,15,2.4,0
D013802,O014802,RIDER1065,21,26,32,1.8,5
D013803,O014803,RIDER2382,31,35,22,1.0,4
D013804,O014804,RIDER2467,21,22,15,7.0,1
D013805,O014805,RIDER0789,42,57,25,1.9,15
D013806,O014806,RIDER1261,36,38,15,2.9,2
D013807,O014807,RIDER1303,31,46,25,0.8,15
D013808,O014808,RIDER2314,31,38,16,10.7,7
D013809,O014809,RIDER1307,33,34,39,5.2,1
D013810,O014810,RIDER1868,28,48,24,6.0,20
D013811,O014811,RIDER1571,28,25,34,1.5,0
D013812,O014812,RIDER2371,27,34,42,3.7,7
D013813,O014813,RIDER2232,34,33,14,1.6,0
D013814,O014814,RIDER2112,22,29,37,1.3,7
D013815,O014815,RIDER1762,34,41,20,4.0,7
D013816,O014816,RIDER1264,29,28,21,5.2,0
D013817,O014817,RIDER2219,17,27,18,3.1,10
D013818,O014818,RIDER1715,26,58,37,1.6,32
D013819,O014819,RIDER0560,59,58,36,0.9,0
D013820,O014820,RIDER2286,21,22,32,1.6,1
D013821,O014821,RIDER0175,25,21,29,4.6,0
D013822,O014822,RIDER1510,25,28,21,0.5,3
D013823,O014823,RIDER0841,48,78,21,3.8,30
D013824,O014824,RIDER0876,39,43,21,1.8,4
D013825,O014825,RIDER1973,54,50,33,6.4,0
D013826,O014826,RIDER0522,28,25,29,3.2,0
D013827,O014827,RIDER0046,19,25,37,1.1,6
D013828,O014828,RIDER0427,31,26,29,17.9,0
D013829,O014829,RIDER0315,28,24,42,1.5,0
D013830,O014830,RIDER2012,40,49,31,2.7,9
D013831,O014831,RIDER2112,27,57,37,4.1,30
D013832,O014832,RIDER1311,26,23,24,7.4,0
D013833,O014833,RIDER2382,20,17,15,1.7,0
D013834,O014834,RIDER0336,31,34,27,1.0,3
D013835,O014835,RIDER1069,32,28,32,7.3,0
D013836,O014836,RIDER2196,36,62,25,1.6,26
D013837,O014837,RIDER0356,17,24,18,3.2,7
D013838,O014838,RIDER0076,28,27,30,4.8,0
D013839,O014839,RIDER0412,37,41,42,0.8,4
D013840,O014840,RIDER0180,42,66,28,0.7,24
D013841,O014841,RIDER1835,23,23,30,1.0,0
D013842,O014842,RIDER0811,41,40,26,0.4,0
D013843,O014843,RIDER1340,18,33,16,1.4,15
D013844,O014844,RIDER1758,23,18,29,5.2,0
D013845,O014845,RIDER0988,30,26,15,1.3,0
D013846,O014846,RIDER0796,23,50,18,1.9,27
D013847,O014847,RIDER0295,28,58,20,2.9,30
D013848,O014848,RIDER1572,24,27,19,2.3,3
D013849,O014849,RIDER2126,35,30,39,1.5,0
D013850,O014850,RIDER2247,26,32,39,4.3,6
D013851,O014851,RIDER1233,28,26,14,8.9,0
D013852,O014852,RIDER0675,22,19,21,2.7,0
D013853,O014853,RIDER1042,39,40,31,4.8,1
D013854,O014854,RIDER0348,21,28,38,4.4,7
D013855,O014855,RIDER2494,24,39,22,2.2,15
D013856,O014856,RIDER0716,30,43,25,4.1,13
D013857,O014857,RIDER1418,33,29,28,0.6,0
D013858,O014858,RIDER1801,36,40,16,0.7,4
D013859,O014859,RIDER0033,29,24,29,5.8,0
D013860,O014862,RIDER0221,30,27,21,1.5,0
D013861,O014863,RIDER0996,43,56,35,1.0,13
D013862,O014864,RIDER2384,24,24,42,4.0,0
D013863,O014865,RIDER0589,35,35,37,10.2,0
D013864,O014866,RIDER1209,44,78,17,3.5,34
D013865,O014867,RIDER2152,33,36,18,1.9,3
D013866,O014868,RIDER0898,28,28,42,2.3,0
D013867,O014869,RIDER1274,44,51,22,1.0,7
D013868,O014870,RIDER0151,32,27,35,4.4,0
D013869,O014871,RIDER0729,50,56,35,0.8,6
D013870,O014872,RIDER1918,27,24,40,2.3,0
D013871,O014873,RIDER2256,21,51,19,1.8,30
D013872,O014874,RIDER0925,21,17,21,1.7,0
D013873,O014875,RIDER0796,32,27,23,2.6,0
D013874,O014877,RIDER0459,28,28,21,1.0,0
D013875,O014878,RIDER1632,26,46,30,0.1,20
D013876,O014879,RIDER0638,21,28,24,1.5,7
D013877,O014880,RIDER2060,45,63,22,2.9,18
D013878,O014881,RIDER0745,45,45,38,4.1,0
D013879,O014883,RIDER0280,21,51,32,10.5,30
D013880,O014884,RIDER0931,24,28,22,3.9,4
D013881,O014886,RIDER2324,24,29,36,2.2,5
D013882,O014887,RIDER2335,53,85,25,1.1,32
D013883,O014889,RIDER1537,39,66,15,1.5,27
D013884,O014890,RIDER1190,43,73,28,1.4,30
D013885,O014891,RIDER2466,32,40,27,1.6,8
D013886,O014892,RIDER2074,19,24,15,7.4,5
D013887,O014893,RIDER0906,35,65,19,0.1,30
D013888,O014895,RIDER0085,38,33,16,7.2,0
D013889,O014896,RIDER1049,28,33,39,1.1,5
D013890,O014898,RIDER1060,31,59,37,3.7,28
D013891,O014899,RIDER0248,27,44,41,1.7,17
D013892,O014900,RIDER1754,29,42,37,1.0,13
D013893,O014902,RIDER2295,30,37,21,3.1,7
D013894,O014903,RIDER0711,40,61,37,7.8,21
D013895,O014904,RIDER2411,33,35,16,0.1,2
D013896,O014905,RIDER0258,20,29,38,1.7,9
D013897,O014906,RIDER0334,32,28,36,4.2,0
D013898,O014907,RIDER0339,29,33,29,3.5,4
D013899,O014908,RIDER1285,34,41,15,8.8,7
D013900,O014910,RIDER0706,32,30,27,14.9,0
D013901,O014911,RIDER2111,29,31,32,0.2,2
D013902,O014912,RIDER2132,22,23,24,2.0,1
D013903,O014913,RIDER1945,54,69,24,4.8,15
D013904,O014914,RIDER0934,19,26,22,9.1,7
D013905,O014915,RIDER2306,31,32,14,1.9,1
D013906,O014916,RIDER1707,33,31,35,1.3,0
D013907,O014917,RIDER0697,31,31,14,1.4,0
D013908,O014918,RIDER1825,39,45,18,6.0,6
D013909,O014919,RIDER2498,42,48,21,1.4,6
D013910,O014920,RIDER2082,26,21,21,5.1,0
D013911,O014921,RIDER0966,30,53,41,4.0,23
D013912,O014922,RIDER1200,22,24,28,2.9,2
D013913,O014923,RIDER1645,39,68,29,10.1,29
D013914,O014924,RIDER1819,24,24,40,4.4,0
D013915,O014925,RIDER1956,33,38,15,2.0,5
D013916,O014926,RIDER1440,36,37,15,1.5,1
D013917,O014927,RIDER0441,56,56,34,0.9,0
D013918,O014928,RIDER1943,26,27,36,1.9,1
D013919,O014929,RIDER2383,30,32,18,1.6,2
D013920,O014930,RIDER1567,36,45,37,3.7,9
D013921,O014931,RIDER1759,30,28,21,4.9,0
D013922,O014932,RIDER0181,53,48,27,11.5,0
D013923,O014933,RIDER1892,45,56,15,2.2,11
D013924,O014934,RIDER2142,35,59,35,0.2,24
D013925,O014935,RIDER2181,35,64,24,3.1,29
D013926,O014936,RIDER2098,31,34,18,9.1,3
D013927,O014937,RIDER0143,34,39,30,1.9,5
D013928,O014938,RIDER0854,36,34,28,8.0,0
D013929,O014939,RIDER1368,44,50,32,0.8,6
D013930,O014940,RIDER1704,40,38,29,4.5,0
D013931,O014941,RIDER1554,39,59,14,2.5,20
D013932,O014942,RIDER2341,30,46,18,5.4,16
D013933,O014943,RIDER2487,34,54,37,3.7,20
D013934,O014944,RIDER0157,27,24,24,2.4,0
D013935,O014945,RIDER2067,31,35,17,3.7,4
D013936,O014946,RIDER2381,41,53,15,3.8,12
D013937,O014947,RIDER0128,31,27,42,4.1,0
D013938,O014948,RIDER0769,26,24,30,5.7,0
D013939,O014950,RIDER0210,33,44,38,2.2,11
D013940,O014951,RIDER0047,33,30,14,4.0,0
D013941,O014952,RIDER1551,37,66,15,5.0,29
D013942,O014954,RIDER0329,36,42,36,2.6,6
D013943,O014955,RIDER0583,40,46,14,3.5,6
D013944,O014957,RIDER0280,22,53,41,3.4,31
D013945,O014958,RIDER1273,28,34,38,1.6,6
D013946,O014959,RIDER1896,21,24,24,2.4,3
D013947,O014960,RIDER0681,28,24,38,10.3,0
D013948,O014961,RIDER0788,32,53,31,5.7,21
D013949,O014962,RIDER2099,41,63,15,8.9,22
D013950,O014963,RIDER1365,22,28,22,3.4,6
D013951,O014964,RIDER1731,48,43,14,5.1,0
D013952,O014965,RIDER1253,28,48,35,1.8,20
D013953,O014967,RIDER1190,34,36,34,4.1,2
D013954,O014968,RIDER0040,48,58,25,1.5,10
D013955,O014969,RIDER1725,30,47,27,1.0,17
D013956,O014970,RIDER0975,68,66,14,1.4,0
D013957,O014971,RIDER1325,46,52,34,3.1,6
D013958,O014972,RIDER1016,28,27,23,2.4,0
D013959,O014973,RIDER2426,20,51,42,4.7,31
D013960,O014974,RIDER1268,43,66,41,1.1,23
D013961,O014975,RIDER1363,36,45,36,0.3,9
D013962,O014976,RIDER1559,27,23,37,9.8,0
D013963,O014977,RIDER1639,35,41,31,1.6,6
D013964,O014978,RIDER1034,29,62,17,1.2,33
D013965,O014979,RIDER1064,29,27,28,1.6,0
D013966,O014980,RIDER0964,25,25,28,2.4,0
D013967,O014981,RIDER2129,35,41,37,5.1,6
D013968,O014982,RIDER0325,40,35,23,5.3,0
D013969,O014983,RIDER1162,43,58,15,5.9,15
D013970,O014984,RIDER0001,30,26,28,0.8,0
D013971,O014985,RIDER0672,54,57,35,2.6,3
D013972,O014986,RIDER0858,31,55,22,1.8,24
D013973,O014987,RIDER2370,34,34,39,3.9,0
D013974,O014988,RIDER0855,30,51,32,3.8,21
D013975,O014989,RIDER2299,25,55,38,3.1,30
D013976,O014990,RIDER1142,29,39,25,0.5,10
D013977,O014991,RIDER2082,28,35,39,3.3,7
D013978,O014992,RIDER2286,27,57,36,5.1,30
D013979,O014993,RIDER0159,26,31,40,8.2,5
D013980,O014994,RIDER1367,38,42,18,7.0,4
D013981,O014995,RIDER1442,38,41,22,11.5,3
D013982,O014996,RIDER0382,29,26,22,3.8,0
D013983,O014997,RIDER0811,37,55,38,0.6,18
D013984,O014998,RIDER0796,31,61,23,1.9,30
D013985,O015000,RIDER1994,38,40,20,4.2,2
D013986,O015001,RIDER0936,28,25,42,4.2,0
D013987,O015002,RIDER2319,23,33,25,0.9,10
D013988,O015004,RIDER0752,22,32,15,3.3,10
D013989,O015005,RIDER0129,37,69,42,1.6,32
D013990,O015006,RIDER2200,27,45,14,2.8,18
D013991,O015007,RIDER2088,44,41,27,1.4,0
D013992,O015008,RIDER1963,36,66,25,1.2,30
D013993,O015009,RIDER0435,33,51,35,9.1,18
D013994,O015010,RIDER1023,25,32,17,4.5,7
D013995,O015011,RIDER1123,63,58,15,6.7,0
D013996,O015012,RIDER2498,22,21,26,2.6,0
D013997,O015013,RIDER0371,40,36,34,1.6,0
D013998,O015014,RIDER0347,20,27,22,5.1,7
D013999,O015015,RIDER1437,37,48,22,0.6,11
D014000,O015016,RIDER0996,27,23,24,3.3,0
D014001,O015017,RIDER1616,21,39,18,3.2,18
D014002,O015018,RIDER0489,39,57,28,4.7,18
D014003,O015019,RIDER1331,26,23,19,1.8,0
D014004,O015020,RIDER1114,30,36,17,1.1,6
D014005,O015021,RIDER0837,37,33,14,0.5,0
D014006,O015022,RIDER2238,26,42,24,1.2,16
D014007,O015023,RIDER1656,26,28,29,2.6,2
D014008,O015024,RIDER0072,53,53,22,2.7,0
D014009,O015025,RIDER0070,33,57,21,7.2,24
D014010,O015026,RIDER0412,37,35,35,2.5,0
D014011,O015027,RIDER1577,50,67,33,0.1,17
D014012,O015028,RIDER2298,34,38,31,3.8,4
D014013,O015030,RIDER1929,26,40,31,7.1,14
D014014,O015031,RIDER1816,23,23,37,1.0,0
D014015,O015032,RIDER2118,40,47,31,2.4,7
D014016,O015034,RIDER0252,35,55,21,5.8,20
D014017,O015035,RIDER2313,40,44,40,6.7,4
D014018,O015036,RIDER2179,46,55,36,0.2,9
D014019,O015037,RIDER1480,39,34,19,1.0,0
D014020,O015038,RIDER1482,28,33,34,5.3,5
D014021,O015041,RIDER0630,43,62,32,1.7,19
D014022,O015042,RIDER1129,24,30,25,1.2,6
D014023,O015043,RIDER1405,19,23,21,1.2,4
D014024,O015044,RIDER1560,26,33,34,1.9,7
D014025,O015045,RIDER0412,23,29,42,0.7,6
D014026,O015046,RIDER1493,51,62,34,8.9,11
D014027,O015047,RIDER1124,27,32,14,1.9,5
D014028,O015048,RIDER0676,36,31,35,0.6,0
D014029,O015049,RIDER0639,41,41,31,3.1,0
D014030,O015050,RIDER2177,39,35,34,7.0,0
D014031,O015051,RIDER2425,33,34,32,1.9,1
D014032,O015052,RIDER0270,30,34,18,6.4,4
D014033,O015053,RIDER1867,45,46,32,0.5,1
D014034,O015055,RIDER1859,47,49,31,8.6,2
D014035,O015056,RIDER1571,24,24,18,4.3,0
D014036,O015057,RIDER2490,31,33,31,3.7,2
D014037,O015058,RIDER0658,36,38,24,8.8,2
D014038,O015059,RIDER1246,28,27,25,6.2,0
D014039,O015061,RIDER1031,45,44,34,3.0,0
D014040,O015062,RIDER2091,46,75,15,0.8,29
D014041,O015063,RIDER0083,42,39,35,2.2,0
D014042,O015064,RIDER2473,26,28,37,2.1,2
D014043,O015065,RIDER0390,34,41,33,7.1,7
D014044,O015067,RIDER0628,37,43,33,1.7,6
D014045,O015068,RIDER2365,38,44,35,1.9,6
D014046,O015069,RIDER1533,67,75,37,9.6,8
D014047,O015070,RIDER2412,48,48,40,9.6,0
D014048,O015071,RIDER1377,34,61,21,0.3,27
D014049,O015072,RIDER0852,18,15,42,1.9,0
D014050,O015073,RIDER1695,46,48,39,1.9,2
D014051,O015074,RIDER2302,26,33,29,0.1,7
D014052,O015075,RIDER1307,32,49,29,6.0,17
D014053,O015076,RIDER0110,40,46,27,0.4,6
D014054,O015077,RIDER1765,19,46,14,2.5,27
D014055,O015078,RIDER0161,27,34,36,1.1,7
D014056,O015080,RIDER2052,26,31,22,4.4,5
D014057,O015081,RIDER1662,27,29,35,2.5,2
D014058,O015082,RIDER2380,33,54,31,1.6,21
D014059,O015083,RIDER0261,33,31,38,4.8,0
D014060,O015084,RIDER0159,40,36,42,2.7,0
D014061,O015085,RIDER1794,33,45,33,3.2,12
D014062,O015086,RIDER1466,37,38,15,2.7,1
D014063,O015087,RIDER2301,25,32,33,4.0,7
D014064,O015088,RIDER0650,24,24,22,6.1,0
D014065,O015089,RIDER0940,35,56,24,3.0,21
D014066,O015090,RIDER2083,51,51,25,1.4,0
D014067,O015091,RIDER2270,30,58,31,6.5,28
D014068,O015092,RIDER1805,27,42,16,6.9,15
D014069,O015093,RIDER1636,30,33,31,3.7,3
D014070,O015094,RIDER1806,28,52,39,5.9,24
D014071,O015095,RIDER0848,36,66,39,1.2,30
D014072,O015096,RIDER0759,32,28,35,4.5,0
D014073,O015097,RIDER1123,43,45,37,3.2,2
D014074,O015098,RIDER1035,38,42,17,0.5,4
D014075,O015099,RIDER1221,32,33,37,1.6,1
D014076,O015100,RIDER1116,40,62,37,2.2,22
D014077,O015101,RIDER2057,32,47,23,5.4,15
D014078,O015102,RIDER0009,24,46,30,6.0,22
D014079,O015103,RIDER0179,41,40,29,3.3,0
D014080,O015104,RIDER2091,37,38,31,0.2,1
D014081,O015105,RIDER2404,25,28,21,5.8,3
D014082,O015106,RIDER0757,26,33,41,0.5,7
D014083,O015108,RIDER1468,35,42,37,1.4,7
D014084,O015109,RIDER2196,48,64,21,6.8,16
D014085,O015110,RIDER0502,28,35,40,4.7,7
D014086,O015111,RIDER0298,22,25,19,1.9,3
D014087,O015112,RIDER0379,30,46,28,6.3,16
D014088,O015113,RIDER2075,30,37,18,0.5,7
D014089,O015114,RIDER1196,18,14,30,6.5,0
D014090,O015115,RIDER1325,22,41,24,1.3,19
D014091,O015116,RIDER1757,48,53,15,2.3,5
D014092,O015117,RIDER2175,31,26,15,3.7,0
D014093,O015119,RIDER1832,31,61,37,0.7,30
D014094,O015120,RIDER1828,41,37,29,4.5,0
D014095,O015121,RIDER1062,28,25,42,6.2,0
D014096,O015122,RIDER0760,68,67,22,6.9,0
D014097,O015123,RIDER0984,27,22,31,9.7,0
D014098,O015124,RIDER2473,30,57,33,1.8,27
D014099,O015125,RIDER1941,28,33,42,3.5,5
D014100,O015126,RIDER0094,27,25,21,0.6,0
D014101,O015127,RIDER0501,33,63,29,4.4,30
D014102,O015128,RIDER0940,38,33,34,7.1,0
D014103,O015129,RIDER2344,29,35,21,0.1,6
D014104,O015130,RIDER1690,24,50,36,0.7,26
D014105,O015131,RIDER1832,31,65,42,2.7,34
D014106,O015132,RIDER1897,25,46,18,8.2,21
D014107,O015133,RIDER0464,28,35,40,9.9,7
D014108,O015134,RIDER0706,20,39,37,0.6,19
D014109,O015135,RIDER1579,42,49,21,1.6,7
D014110,O015136,RIDER0986,24,43,19,6.4,19
D014111,O015137,RIDER1979,36,38,33,0.2,2
D014112,O015138,RIDER2415,41,61,42,5.1,20
D014113,O015139,RIDER1167,42,52,37,0.7,10
D014114,O015140,RIDER1997,30,32,30,2.6,2
D014115,O015141,RIDER1690,31,38,28,13.6,7
D014116,O015142,RIDER2327,26,41,21,6.1,15
D014117,O015143,RIDER1800,45,44,34,2.5,0
D014118,O015144,RIDER0745,50,78,31,6.9,28
D014119,O015146,RIDER0826,27,59,16,5.5,32
D014120,O015147,RIDER1226,54,77,28,1.4,23
D014121,O015148,RIDER2197,23,24,30,2.8,1
D014122,O015149,RIDER0444,32,61,28,3.5,29
D014123,O015150,RIDER1272,51,55,38,2.7,4
D014124,O015151,RIDER1302,34,40,22,0.5,6
D014125,O015152,RIDER2014,27,24,22,0.6,0
D014126,O015153,RIDER1788,36,42,39,12.2,6
D014127,O015154,RIDER0007,31,30,32,8.1,0
D014128,O015155,RIDER2154,37,34,24,5.6,0
D014129,O015156,RIDER1633,34,66,42,0.6,32
D014130,O015157,RIDER1473,39,44,22,0.6,5
D014131,O015158,RIDER2205,30,28,24,1.1,0
D014132,O015159,RIDER0323,35,36,30,4.4,1
D014133,O015160,RIDER1172,50,68,34,0.5,18
D014134,O015161,RIDER0291,22,29,19,1.0,7
D014135,O015162,RIDER1930,55,64,21,4.6,9
D014136,O015163,RIDER1552,30,27,34,0.8,0
D014137,O015164,RIDER2384,27,53,23,2.1,26
D014138,O015165,RIDER1718,39,59,22,3.6,20
D014139,O015166,RIDER0913,21,16,31,1.6,0
D014140,O015167,RIDER0717,27,45,15,1.3,18
D014141,O015168,RIDER0868,26,51,39,4.2,25
D014142,O015169,RIDER0237,38,45,16,0.3,7
D014143,O015170,RIDER2257,23,25,25,2.3,2
D014144,O015171,RIDER0407,33,46,15,0.1,13
D014145,O015172,RIDER0038,26,36,35,0.6,10
D014146,O015173,RIDER1020,30,36,14,4.0,6
D014147,O015174,RIDER1433,42,40,38,3.6,0
D014148,O015175,RIDER0227,24,29,14,1.2,5
D014149,O015176,RIDER2395,18,25,40,1.7,7
D014150,O015177,RIDER1841,37,65,18,9.8,28
D014151,O015178,RIDER1427,26,24,14,5.0,0
D014152,O015179,RIDER1626,34,40,36,2.5,6
D014153,O015180,RIDER0767,23,57,35,1.5,34
D014154,O015182,RIDER2017,34,66,38,0.8,32
D014155,O015183,RIDER1626,58,80,24,9.6,22
D014156,O015185,RIDER2266,28,34,38,0.7,6
D014157,O015186,RIDER2261,37,44,16,3.4,7
D014158,O015187,RIDER0141,42,51,42,2.6,9
D014159,O015188,RIDER0111,42,47,19,1.0,5
D014160,O015189,RIDER1860,31,26,30,4.1,0
D014161,O015190,RIDER1705,24,20,21,1.8,0
D014162,O015191,RIDER1863,24,21,31,2.4,0
D014163,O015192,RIDER1779,23,27,29,5.4,4
D014164,O015193,RIDER1386,27,32,27,1.4,5
D014165,O015194,RIDER2469,26,22,25,4.1,0
D014166,O015195,RIDER2464,44,69,15,0.1,25
D014167,O015196,RIDER1499,38,57,24,1.7,19
D014168,O015197,RIDER2200,55,57,28,3.7,2
D014169,O015198,RIDER1754,35,32,41,5.3,0
D014170,O015199,RIDER0306,19,42,38,1.0,23
D014171,O015201,RIDER0629,36,34,32,1.8,0
D014172,O015202,RIDER1728,38,64,17,1.4,26
D014173,O015203,RIDER0255,20,47,33,1.6,27
D014174,O015204,RIDER0078,47,54,15,2.8,7
D014175,O015205,RIDER1774,22,17,40,5.9,0
D014176,O015206,RIDER0530,18,39,14,6.7,21
D014177,O015207,RIDER0217,49,50,30,8.4,1
D014178,O015208,RIDER0216,40,45,21,5.7,5
D014179,O015209,RIDER0216,42,45,36,6.6,3
D014180,O015210,RIDER1729,30,29,23,3.0,0
D014181,O015211,RIDER1164,22,25,33,1.6,3
D014182,O015212,RIDER0852,67,73,16,1.7,6
D014183,O015213,RIDER0467,31,27,18,0.8,0
D014184,O015214,RIDER1207,39,45,15,2.6,6
D014185,O015215,RIDER1952,42,42,28,4.2,0
D014186,O015216,RIDER1605,41,42,38,4.2,1
D014187,O015217,RIDER1807,40,41,15,1.7,1
D014188,O015219,RIDER0583,23,23,25,2.6,0
D014189,O015220,RIDER0123,33,35,21,2.0,2
D014190,O015221,RIDER1011,24,36,24,1.9,12
D014191,O015222,RIDER1048,36,65,16,4.5,29
D014192,O015223,RIDER0402,29,30,15,2.4,1
D014193,O015224,RIDER2245,32,31,14,1.0,0
D014194,O015225,RIDER0412,22,26,18,1.0,4
D014195,O015226,RIDER0461,38,48,18,0.6,10
D014196,O015227,RIDER0925,36,38,23,1.3,2
D014197,O015228,RIDER0670,41,64,41,3.5,23
D014198,O015229,RIDER1373,46,43,42,1.4,0
D014199,O015230,RIDER0360,32,34,16,0.8,2
D014200,O015231,RIDER0489,37,36,30,1.7,0
D014201,O015233,RIDER1448,41,45,14,0.3,4
D014202,O015234,RIDER0655,27,28,30,4.0,1
D014203,O015235,RIDER0099,42,56,29,1.2,14
D014204,O015236,RIDER0672,34,37,36,0.1,3
D014205,O015237,RIDER1645,33,28,17,0.9,0
D014206,O015238,RIDER0630,33,29,42,2.6,0
D014207,O015239,RIDER2086,34,35,35,2.8,1
D014208,O015240,RIDER2353,32,34,15,4.5,2
D014209,O015241,RIDER1315,23,18,38,1.9,0
D014210,O015242,RIDER0541,42,76,14,1.3,34
D014211,O015243,RIDER2002,31,35,40,1.5,4
D014212,O015244,RIDER0998,48,52,35,1.0,4
D014213,O015245,RIDER0925,21,22,40,3.1,1
D014214,O015246,RIDER0905,31,35,41,3.0,4
D014215,O015247,RIDER0574,24,39,27,1.2,15
D014216,O015248,RIDER0890,49,49,27,4.7,0
D014217,O015249,RIDER1036,28,60,18,2.8,32
D014218,O015250,RIDER1535,51,68,36,0.9,17
D014219,O015251,RIDER0544,40,46,18,2.0,6
D014220,O015252,RIDER1781,30,60,40,2.0,30
D014221,O015253,RIDER2483,30,35,39,7.9,5
D014222,O015254,RIDER1025,25,22,22,1.7,0
D014223,O015255,RIDER0354,58,77,32,1.2,19
D014224,O015256,RIDER2225,27,23,31,2.5,0
D014225,O015257,RIDER2244,45,46,38,2.7,1
D014226,O015258,RIDER0897,41,38,25,1.9,0
D014227,O015259,RIDER0466,40,41,41,2.9,1
D014228,O015260,RIDER2012,34,37,42,2.5,3
D014229,O015261,RIDER0772,51,53,23,2.7,2
D014230,O015262,RIDER1926,30,33,30,6.2,3
D014231,O015263,RIDER1554,25,23,32,3.6,0
D014232,O015264,RIDER1735,48,81,32,5.9,33
D014233,O015267,RIDER1420,26,27,24,1.5,1
D014234,O015268,RIDER1671,28,50,42,0.6,22
D014235,O015269,RIDER1146,41,37,36,1.4,0
D014236,O015270,RIDER0882,27,26,19,4.9,0
D014237,O015271,RIDER0020,32,35,28,4.3,3
D014238,O015272,RIDER1424,23,27,33,1.0,4
D014239,O015273,RIDER1425,47,57,38,3.8,10
D014240,O015274,RIDER1944,37,42,39,3.5,5
D014241,O015275,RIDER0796,31,31,30,2.4,0
D014242,O015276,RIDER0579,28,35,18,2.6,7
D014243,O015277,RIDER0666,70,75,14,4.0,5
D014244,O015279,RIDER1519,33,55,16,3.7,22
D014245,O015280,RIDER1916,26,21,16,1.0,0
D014246,O015281,RIDER1458,35,42,32,0.9,7
D014247,O015282,RIDER0681,36,37,16,0.3,1
D014248,O015283,RIDER1686,25,27,27,0.9,2
D014249,O015285,RIDER0118,40,45,38,3.6,5
D014250,O015286,RIDER0845,22,28,36,12.8,6
D014251,O015287,RIDER2009,30,37,37,1.9,7
D014252,O015288,RIDER0773,36,39,15,0.7,3
D014253,O015289,RIDER0512,32,27,37,1.3,0
D014254,O015290,RIDER1057,53,68,33,7.0,15
D014255,O015291,RIDER1044,44,50,24,1.5,6
D014256,O015292,RIDER1816,25,29,34,7.8,4
D014257,O015293,RIDER1419,36,36,38,0.4,0
D014258,O015294,RIDER2330,37,44,16,2.4,7
D014259,O015295,RIDER0940,40,43,28,0.6,3
D014260,O015296,RIDER0397,31,35,14,3.3,4
D014261,O015297,RIDER1052,37,52,35,7.4,15
D014262,O015298,RIDER1865,25,31,32,4.7,6
D014263,O015299,RIDER0238,34,38,23,2.3,4
D014264,O015300,RIDER0704,26,27,24,5.8,1
D014265,O015301,RIDER2248,31,40,21,3.8,9
D014266,O015302,RIDER1582,39,39,21,8.4,0
D014267,O015303,RIDER0119,38,34,42,3.4,0
D014268,O015304,RIDER0714,27,58,38,1.7,31
D014269,O015305,RIDER2195,27,42,14,1.0,15
D014270,O015306,RIDER2380,20,26,25,14.3,6
D014271,O015307,RIDER0032,32,37,34,1.6,5
D014272,O015308,RIDER1758,29,36,31,0.6,7
D014273,O015309,RIDER0188,29,39,42,0.6,10
D014274,O015310,RIDER1516,34,43,24,6.2,9
D014275,O015311,RIDER0342,41,38,19,4.4,0
D014276,O015313,RIDER0445,48,55,20,2.5,7
D014277,O015314,RIDER0271,42,47,17,1.7,5
D014278,O015315,RIDER2215,35,62,15,1.9,27
D014279,O015316,RIDER0927,19,46,29,2.2,27
D014280,O015317,RIDER0212,38,36,19,7.8,0
D014281,O015318,RIDER1331,29,36,15,4.6,7
D014282,O015319,RIDER1361,35,33,14,2.7,0
D014283,O015320,RIDER2317,38,36,33,7.5,0
D014284,O015321,RIDER0256,50,69,28,0.6,19
D014285,O015322,RIDER2351,26,44,31,3.7,18
D014286,O015325,RIDER2308,32,45,41,3.1,13
D014287,O015326,RIDER2112,34,29,16,4.0,0
D014288,O015328,RIDER1712,32,31,23,16.3,0
D014289,O015329,RIDER1904,20,26,36,0.7,6
D014290,O015331,RIDER1024,35,30,36,2.2,0
D014291,O015332,RIDER0204,30,43,19,1.9,13
D014292,O015333,RIDER1135,27,22,32,3.4,0
D014293,O015334,RIDER0662,56,81,40,7.5,25
D014294,O015335,RIDER0731,28,28,29,3.9,0
D014295,O015336,RIDER0728,27,31,31,3.0,4
D014296,O015337,RIDER1539,24,19,14,6.0,0
D014297,O015338,RIDER1084,23,27,26,1.9,4
D014298,O015339,RIDER0151,28,24,22,4.5,0
D014299,O015341,RIDER0526,24,47,15,6.9,23
D014300,O015342,RIDER1638,23,26,28,1.1,3
D014301,O015343,RIDER1388,41,67,16,7.8,26
D014302,O015344,RIDER0744,23,19,24,1.4,0
D014303,O015345,RIDER0905,33,58,30,1.5,25
D014304,O015346,RIDER0272,27,30,41,1.7,3
D014305,O015347,RIDER1478,20,33,22,1.4,13
D014306,O015348,RIDER0823,42,44,38,3.4,2
D014307,O015349,RIDER0204,29,25,25,5.0,0
D014308,O015350,RIDER1338,31,33,29,0.5,2
D014309,O015351,RIDER0516,22,29,40,1.4,7
D014310,O015352,RIDER1313,40,36,18,2.3,0
D014311,O015353,RIDER2274,66,81,30,2.0,15
D014312,O015354,RIDER1217,46,49,30,2.9,3
D014313,O015355,RIDER0395,42,37,30,1.5,0
D014314,O015356,RIDER0451,36,36,40,0.8,0
D014315,O015357,RIDER1004,52,78,24,3.0,26
D014316,O015358,RIDER1444,46,50,21,1.2,4
D014317,O015359,RIDER0832,29,26,18,1.6,0
D014318,O015360,RIDER0437,42,44,25,0.9,2
D014319,O015361,RIDER0800,33,32,22,0.5,0
D014320,O015362,RIDER1454,32,29,35,1.0,0
D014321,O015363,RIDER2258,32,56,27,0.4,24
D014322,O015364,RIDER2348,17,14,36,2.8,0
D014323,O015365,RIDER2282,47,54,15,1.1,7
D014324,O015366,RIDER2371,40,71,33,3.9,31
D014325,O015367,RIDER0234,46,42,14,0.7,0
D014326,O015368,RIDER1575,29,28,22,3.9,0
D014327,O015369,RIDER1569,31,54,21,1.3,23
D014328,O015370,RIDER2095,48,75,32,4.7,27
D014329,O015371,RIDER0667,50,54,14,1.7,4
D014330,O015372,RIDER1147,28,32,31,4.1,4
D014331,O015373,RIDER1461,26,28,19,0.5,2
D014332,O015374,RIDER0299,26,29,24,4.6,3
D014333,O015375,RIDER1591,27,26,29,2.0,0
D014334,O015376,RIDER0450,29,32,36,6.5,3
D014335,O015377,RIDER0908,27,33,25,6.2,6
D014336,O015378,RIDER1629,31,49,38,3.8,18
D014337,O015379,RIDER1174,34,40,32,4.0,6
D014338,O015380,RIDER0082,18,50,17,1.2,32
D014339,O015381,RIDER1708,26,33,33,0.5,7
D014340,O015382,RIDER0099,63,91,30,2.0,28
D014341,O015383,RIDER0270,26,28,19,0.8,2
D014342,O015384,RIDER0169,23,22,34,3.8,0
D014343,O015385,RIDER1930,40,53,30,3.0,13
D014344,O015386,RIDER2491,36,62,31,3.2,26
D014345,O015387,RIDER1452,34,29,38,2.7,0
D014346,O015388,RIDER1404,26,28,14,4.5,2
D014347,O015389,RIDER0229,28,41,22,8.2,13
D014348,O015390,RIDER1033,34,51,17,0.3,17
D014349,O015391,RIDER0988,32,33,39,3.4,1
D014350,O015392,RIDER0004,52,83,24,0.3,31
D014351,O015393,RIDER0398,35,63,31,2.3,28
D014352,O015394,RIDER0938,32,39,25,1.5,7
D014353,O015395,RIDER0658,26,32,35,0.5,6
D014354,O015396,RIDER1864,25,59,31,8.3,34
D014355,O015397,RIDER1932,42,60,28,10.5,18
D014356,O015398,RIDER0437,29,32,25,1.2,3
D014357,O015399,RIDER0468,28,43,28,7.6,15
D014358,O015400,RIDER2142,26,24,41,6.4,0
D014359,O015401,RIDER1617,61,94,31,3.9,33
D014360,O015402,RIDER0996,38,36,38,6.4,0
D014361,O015403,RIDER0810,25,24,29,0.6,0
D014362,O015404,RIDER0322,27,34,31,1.8,7
D014363,O015405,RIDER0776,30,50,17,1.5,20
D014364,O015406,RIDER0825,39,37,32,1.7,0
D014365,O015407,RIDER2295,43,65,28,4.7,22
D014366,O015408,RIDER2267,36,34,14,2.2,0
D014367,O015410,RIDER1183,23,49,31,1.3,26
D014368,O015411,RIDER1449,43,49,14,6.1,6
D014369,O015412,RIDER0361,31,49,19,5.0,18
D014370,O015413,RIDER1566,28,27,18,0.7,0
D014371,O015414,RIDER1390,29,35,41,4.5,6
D014372,O015415,RIDER2053,41,53,20,4.6,12
D014373,O015416,RIDER1748,46,59,22,3.3,13
D014374,O015417,RIDER2264,35,37,38,2.5,2
D014375,O015418,RIDER2330,27,29,25,2.8,2
D014376,O015420,RIDER0213,25,45,31,3.6,20
D014377,O015421,RIDER1161,36,42,34,2.8,6
D014378,O015422,RIDER0999,33,32,28,2.7,0
D014379,O015423,RIDER1887,31,38,36,0.3,7
D014380,O015424,RIDER0146,31,31,22,1.9,0
D014381,O015425,RIDER0738,24,21,42,1.7,0
D014382,O015426,RIDER1537,33,51,38,3.3,18
D014383,O015427,RIDER0187,24,57,38,5.3,33
D014384,O015428,RIDER2267,24,26,25,0.9,2
D014385,O015429,RIDER1922,43,42,33,6.5,0
D014386,O015430,RIDER1843,22,20,15,3.9,0
D014387,O015431,RIDER1339,26,30,40,1.3,4
D014388,O015433,RIDER2424,50,73,41,0.8,23
D014389,O015434,RIDER0661,32,33,15,1.2,1
D014390,O015435,RIDER0802,52,47,23,5.3,0
D014391,O015436,RIDER2485,34,41,42,6.3,7
D014392,O015437,RIDER1364,40,35,25,7.9,0
D014393,O015438,RIDER0219,29,62,25,3.7,33
D014394,O015439,RIDER0599,50,54,39,4.6,4
D014395,O015440,RIDER1869,30,31,19,6.1,1
D014396,O015441,RIDER0878,34,38,37,2.1,4
D014397,O015442,RIDER0690,28,24,42,7.3,0
D014398,O015443,RIDER0830,28,47,19,5.1,19
D014399,O015444,RIDER1641,32,37,25,0.8,5
D014400,O015445,RIDER1112,43,56,18,2.7,13
D014401,O015446,RIDER0037,24,21,33,4.4,0
D014402,O015447,RIDER1036,30,50,18,4.0,20
D014403,O015448,RIDER1811,47,64,28,1.4,17
D014404,O015449,RIDER2275,30,62,27,0.5,32
D014405,O015450,RIDER0299,32,57,18,4.7,25
D014406,O015451,RIDER0026,31,53,14,4.5,22
D014407,O015452,RIDER2444,32,33,39,6.7,1
D014408,O015453,RIDER2495,33,36,15,2.8,3
D014409,O015454,RIDER1228,41,40,15,8.1,0
D014410,O015455,RIDER2482,32,30,38,2.4,0
D014411,O015456,RIDER1542,29,26,18,3.1,0
D014412,O015457,RIDER2220,50,77,39,0.9,27
D014413,O015459,RIDER0468,38,37,19,1.0,0
D014414,O015460,RIDER0250,24,39,36,9.7,15
D014415,O015461,RIDER0775,54,83,25,6.2,29
D014416,O015462,RIDER2500,22,25,14,1.2,3
D014417,O015463,RIDER0133,39,46,38,3.4,7
D014418,O015464,RIDER0275,40,46,31,4.6,6
D014419,O015465,RIDER0923,32,34,18,0.4,2
D014420,O015466,RIDER1545,17,29,34,2.0,12
D014421,O015467,RIDER0899,26,39,31,1.3,13
D014422,O015468,RIDER1838,41,44,41,9.0,3
D014423,O015469,RIDER2406,28,34,36,3.1,6
D014424,O015470,RIDER0745,26,33,30,0.7,7
D014425,O015471,RIDER1838,32,33,31,1.0,1
D014426,O015472,RIDER1095,32,37,23,2.3,5
D014427,O015473,RIDER1551,39,38,15,0.5,0
D014428,O015474,RIDER1177,25,24,20,2.8,0
D014429,O015476,RIDER0232,27,32,27,3.9,5
D014430,O015477,RIDER2378,28,34,21,5.4,6
D014431,O015478,RIDER0980,23,20,24,7.5,0
D014432,O015479,RIDER1166,63,68,29,7.4,5
D014433,O015480,RIDER0785,49,46,34,3.2,0
D014434,O015481,RIDER0040,22,28,21,0.7,6
D014435,O015482,RIDER0802,42,64,35,1.1,22
D014436,O015483,RIDER1422,28,26,39,3.4,0
D014437,O015484,RIDER1754,50,55,40,3.9,5
D014438,O015485,RIDER0804,37,52,32,2.4,15
D014439,O015486,RIDER2126,33,37,29,6.9,4
D014440,O015487,RIDER1671,28,44,22,4.9,16
D014441,O015488,RIDER1556,27,58,40,1.7,31
D014442,O015489,RIDER1273,43,45,17,1.5,2
D014443,O015490,RIDER0339,37,66,17,1.8,29
D014444,O015491,RIDER2237,48,65,30,1.6,17
D014445,O015492,RIDER0363,22,39,35,6.4,17
D014446,O015493,RIDER1969,45,66,16,1.3,21
D014447,O015494,RIDER0410,52,73,15,1.0,21
D014448,O015495,RIDER2388,20,36,41,0.6,16
D014449,O015496,RIDER1128,31,26,40,0.3,0
D014450,O015497,RIDER2480,39,35,40,11.4,0
D014451,O015498,RIDER1388,19,21,14,1.8,2
D014452,O015499,RIDER0552,31,30,31,1.8,0
D014453,O015500,RIDER1141,43,61,17,4.4,18
D014454,O015501,RIDER0483,29,33,24,4.6,4
D014455,O015502,RIDER2160,31,36,38,5.7,5
D014456,O015503,RIDER1616,30,32,25,4.1,2
D014457,O015504,RIDER1982,44,48,16,4.6,4
D014458,O015505,RIDER2357,55,51,37,5.0,0
D014459,O015506,RIDER0260,33,35,33,2.5,2
D014460,O015507,RIDER0774,46,51,37,0.6,5
D014461,O015508,RIDER1552,32,28,28,2.2,0
D014462,O015509,RIDER1147,43,75,23,1.7,32
D014463,O015510,RIDER2461,25,49,27,1.7,24
D014464,O015512,RIDER0490,25,39,32,4.2,14
D014465,O015513,RIDER0676,31,33,31,1.7,2
D014466,O015514,RIDER1169,31,63,33,9.3,32
D014467,O015516,RIDER1625,27,26,38,1.3,0
D014468,O015518,RIDER0918,37,34,31,4.1,0
D014469,O015519,RIDER0550,22,34,39,0.2,12
D014470,O015520,RIDER0087,25,33,41,0.9,8
D014471,O015521,RIDER0531,38,50,24,1.7,12
D014472,O015522,RIDER1049,20,25,16,2.6,5
D014473,O015523,RIDER2421,43,44,15,1.1,1
D014474,O015525,RIDER2325,27,23,40,0.5,0
D014475,O015526,RIDER0563,23,27,25,1.8,4
D014476,O015527,RIDER0245,49,47,33,2.9,0
D014477,O015528,RIDER1034,68,87,17,3.1,19
D014478,O015529,RIDER0238,30,29,24,2.8,0
D014479,O015530,RIDER0629,31,27,41,4.4,0
D014480,O015531,RIDER1676,23,30,22,6.9,7
D014481,O015532,RIDER0797,24,32,15,4.8,8
D014482,O015533,RIDER2100,33,29,31,1.8,0
D014483,O015534,RIDER0651,26,53,34,4.0,27
D014484,O015535,RIDER1913,23,41,20,2.6,18
D014485,O015536,RIDER1544,20,37,19,6.8,17
D014486,O015537,RIDER2015,34,63,34,3.6,29
D014487,O015538,RIDER1179,33,48,28,0.2,15
D014488,O015539,RIDER0496,37,41,36,2.4,4
D014489,O015540,RIDER1519,46,45,31,4.7,0
D014490,O015541,RIDER1457,54,84,37,5.6,30
D014491,O015542,RIDER1830,40,41,14,2.7,1
D014492,O015543,RIDER0465,35,65,25,2.7,30
D014493,O015544,RIDER2040,33,39,27,1.0,6
D014494,O015545,RIDER1959,26,26,37,0.8,0
D014495,O015546,RIDER1027,21,18,25,1.6,0
D014496,O015547,RIDER1176,70,87,16,3.7,17
D014497,O015548,RIDER0494,43,41,30,2.4,0
D014498,O015549,RIDER2045,26,29,21,2.9,3
D014499,O015551,RIDER2124,27,30,21,0.6,3
D014500,O015552,RIDER1666,27,28,22,2.6,1
D014501,O015553,RIDER1027,22,28,15,8.8,6
D014502,O015554,RIDER0737,37,34,29,1.4,0
D014503,O015555,RIDER1356,70,99,31,3.9,29
D014504,O015556,RIDER1446,26,28,14,0.3,2
D014505,O015557,RIDER0992,29,57,36,1.1,28
D014506,O015558,RIDER2479,35,35,42,0.5,0
D014507,O015559,RIDER1915,28,41,37,5.5,13
D014508,O015560,RIDER0642,49,75,21,0.6,26
D014509,O015561,RIDER0812,61,93,31,1.2,32
D014510,O015563,RIDER2244,35,66,35,4.0,31
D014511,O015564,RIDER2412,47,52,18,4.1,5
D014512,O015565,RIDER2373,36,34,22,4.4,0
D014513,O015566,RIDER0254,24,25,18,11.0,1
D014514,O015567,RIDER1393,32,38,42,2.0,6
D014515,O015569,RIDER2323,24,30,15,2.2,6
D014516,O015570,RIDER0203,45,57,25,1.3,12
D014517,O015571,RIDER0395,44,48,22,6.0,4
D014518,O015572,RIDER0987,33,34,42,2.3,1
D014519,O015573,RIDER0447,32,66,32,0.7,34
D014520,O015575,RIDER0289,50,79,25,5.7,29
D014521,O015576,RIDER1554,34,33,35,3.2,0
D014522,O015577,RIDER1707,52,51,37,9.4,0
D014523,O015579,RIDER1961,55,78,17,6.3,23
D014524,O015581,RIDER1297,22,25,30,3.7,3
D014525,O015582,RIDER0204,45,51,24,6.2,6
D014526,O015585,RIDER1731,31,55,40,4.0,24
D014527,O015586,RIDER2435,25,59,33,1.4,34
D014528,O015587,RIDER1125,26,58,38,14.3,32
D014529,O015588,RIDER1362,28,35,33,4.3,7
D014530,O015589,RIDER1292,30,62,41,1.7,32
D014531,O015590,RIDER1577,28,32,21,1.7,4
D014532,O015591,RIDER1963,31,32,29,0.2,1
D014533,O015592,RIDER0139,24,31,18,1.7,7
D014534,O015593,RIDER1915,30,30,37,1.8,0
D014535,O015594,RIDER1342,56,57,28,7.5,1
D014536,O015595,RIDER1396,51,46,39,1.6,0
D014537,O015596,RIDER1201,24,34,18,5.3,10
D014538,O015597,RIDER0512,20,37,32,2.3,17
D014539,O015598,RIDER0331,44,77,24,5.7,33
D014540,O015599,RIDER1847,26,24,42,4.9,0
D014541,O015600,RIDER2279,34,58,16,1.3,24
D014542,O015601,RIDER0997,21,21,27,1.8,0
D014543,O015602,RIDER1772,28,57,18,2.5,29
D014544,O015604,RIDER2489,29,29,29,2.3,0
D014545,O015605,RIDER2171,42,66,30,7.6,24
D014546,O015606,RIDER1854,29,59,14,0.7,30
D014547,O015607,RIDER1598,30,35,16,3.1,5
D014548,O015608,RIDER2328,25,29,28,2.2,4
D014549,O015609,RIDER2126,39,40,37,4.9,1
D014550,O015610,RIDER0193,64,66,22,1.4,2
D014551,O015611,RIDER0528,34,59,32,0.8,25
D014552,O015612,RIDER0551,25,21,16,1.7,0
D014553,O015613,RIDER0894,53,48,41,2.8,0
D014554,O015614,RIDER2094,20,29,30,2.5,9
D014555,O015615,RIDER2230,22,26,27,6.9,4
D014556,O015616,RIDER0239,38,35,16,1.4,0
D014557,O015617,RIDER2489,35,35,16,1.8,0
D014558,O015618,RIDER2027,44,47,30,4.4,3
D014559,O015619,RIDER2145,52,56,30,1.2,4
D014560,O015620,RIDER1001,40,40,42,3.4,0
D014561,O015621,RIDER1468,22,23,29,4.2,1
D014562,O015622,RIDER0157,26,31,39,3.0,5
D014563,O015624,RIDER0275,39,45,18,1.3,6
D014564,O015625,RIDER1408,28,27,20,0.7,0
D014565,O015626,RIDER2320,26,26,24,0.8,0
D014566,O015627,RIDER0010,23,21,31,1.2,0
D014567,O015628,RIDER2450,70,78,28,0.5,8
D014568,O015629,RIDER0933,46,59,25,2.1,13
D014569,O015630,RIDER2174,33,38,22,2.0,5
D014570,O015631,RIDER2095,25,30,42,2.0,5
D014571,O015632,RIDER0089,54,57,27,3.5,3
D014572,O015633,RIDER0071,37,63,18,7.0,26
D014573,O015635,RIDER1420,21,22,14,1.7,1
D014574,O015636,RIDER1158,23,26,22,2.6,3
D014575,O015637,RIDER1688,68,74,31,1.0,6
D014576,O015638,RIDER2340,32,47,24,3.7,15
D014577,O015639,RIDER0185,46,77,17,7.9,31
D014578,O015641,RIDER1030,22,25,16,0.9,3
D014579,O015642,RIDER0895,29,34,15,4.3,5
D014580,O015643,RIDER0026,37,40,29,2.2,3
D014581,O015644,RIDER2240,40,50,38,0.8,10
D014582,O015645,RIDER2379,43,75,39,1.2,32
D014583,O015646,RIDER0531,44,50,37,2.8,6
D014584,O015647,RIDER1358,26,28,37,7.0,2
D014585,O015648,RIDER1249,33,62,20,1.5,29
D014586,O015649,RIDER0890,28,34,30,2.4,6
D014587,O015650,RIDER0228,36,33,25,1.6,0
D014588,O015651,RIDER0685,35,30,32,4.0,0
D014589,O015652,RIDER2048,36,34,37,14.2,0
D014590,O015653,RIDER0537,32,43,39,4.8,11
D014591,O015654,RIDER0285,18,22,42,0.3,4
D014592,O015655,RIDER1489,25,27,27,1.3,2
D014593,O015656,RIDER0984,35,30,30,4.8,0
D014594,O015657,RIDER0609,21,19,30,8.1,0
D014595,O015658,RIDER1527,27,32,32,7.4,5
D014596,O015659,RIDER0905,27,31,21,2.3,4
D014597,O015660,RIDER0907,27,32,14,0.3,5
D014598,O015661,RIDER0792,26,28,42,1.4,2
D014599,O015662,RIDER0365,27,27,30,0.9,0
D014600,O015663,RIDER0777,38,36,38,2.1,0
D014601,O015664,RIDER1852,39,58,28,1.1,19
D014602,O015665,RIDER1570,34,59,22,0.5,25
D014603,O015666,RIDER1813,42,53,36,6.4,11
D014604,O015667,RIDER0936,37,34,42,2.9,0
D014605,O015668,RIDER0444,33,31,33,1.5,0
D014606,O015669,RIDER0023,31,51,22,0.3,20
D014607,O015670,RIDER0790,40,74,29,3.7,34
D014608,O015672,RIDER0643,54,55,25,1.6,1
D014609,O015674,RIDER1553,26,30,15,0.8,4
D014610,O015675,RIDER0126,29,47,32,5.9,18
D014611,O015676,RIDER0242,32,33,20,7.2,1
D014612,O015677,RIDER0602,57,66,27,1.5,9
D014613,O015678,RIDER1662,35,38,36,1.5,3
D014614,O015679,RIDER2085,27,54,18,0.9,27
D014615,O015680,RIDER1147,22,56,38,1.1,34
D014616,O015681,RIDER1589,48,46,29,3.6,0
D014617,O015683,RIDER1599,36,36,28,7.5,0
D014618,O015684,RIDER1904,34,39,14,3.2,5
D014619,O015685,RIDER1931,24,28,32,1.9,4
D014620,O015686,RIDER2187,36,35,15,4.0,0
D014621,O015687,RIDER1768,50,54,31,4.8,4
D014622,O015688,RIDER0781,17,19,19,3.5,2
D014623,O015689,RIDER1920,46,46,27,1.8,0
D014624,O015690,RIDER0556,34,48,38,3.0,14
D014625,O015691,RIDER1540,23,34,22,5.4,11
D014626,O015692,RIDER0111,36,61,14,2.5,25
D014627,O015693,RIDER0561,42,67,42,2.7,25
D014628,O015694,RIDER0797,31,27,20,6.7,0
D014629,O015695,RIDER0263,38,42,16,1.9,4
D014630,O015696,RIDER0680,32,30,42,3.9,0
D014631,O015697,RIDER1601,24,23,36,5.8,0
D014632,O015699,RIDER1259,29,32,28,5.4,3
D014633,O015700,RIDER0210,36,35,15,8.2,0
D014634,O015701,RIDER0110,34,35,15,1.4,1
D014635,O015702,RIDER1301,25,24,30,2.2,0
D014636,O015703,RIDER1061,22,50,23,0.9,28
D014637,O015704,RIDER1918,27,28,32,0.7,1
D014638,O015705,RIDER2000,44,51,38,2.4,7
D014639,O015706,RIDER0102,36,39,16,3.1,3
D014640,O015707,RIDER1620,55,56,34,1.7,1
D014641,O015708,RIDER1953,32,37,32,2.9,5
D014642,O015709,RIDER1186,42,49,15,5.4,7
D014643,O015710,RIDER0284,22,20,37,3.5,0
D014644,O015711,RIDER1321,32,29,15,2.5,0
D014645,O015712,RIDER0087,23,45,35,0.4,22
D014646,O015713,RIDER2221,32,31,40,0.5,0
D014647,O015714,RIDER1546,49,45,28,7.9,0
D014648,O015715,RIDER2079,43,62,14,2.3,19
D014649,O015716,RIDER2191,27,37,37,0.8,10
D014650,O015717,RIDER1884,28,35,25,2.7,7
D014651,O015718,RIDER0230,25,25,36,2.4,0
D014652,O015719,RIDER1682,33,35,25,1.7,2
D014653,O015720,RIDER2012,22,17,19,5.1,0
D014654,O015721,RIDER2149,29,38,20,1.3,9
D014655,O015722,RIDER1816,56,90,38,3.1,34
D014656,O015723,RIDER1445,34,60,25,2.1,26
D014657,O015724,RIDER1180,22,20,35,0.5,0
D014658,O015725,RIDER2134,30,30,30,4.8,0
D014659,O015726,RIDER0932,35,42,24,5.4,7
D014660,O015727,RIDER1440,43,46,37,0.4,3
D014661,O015728,RIDER1128,47,60,31,1.5,13
D014662,O015729,RIDER0631,46,51,42,0.4,5
D014663,O015730,RIDER2154,33,32,16,0.5,0
D014664,O015731,RIDER0369,29,58,32,5.4,29
D014665,O015732,RIDER1593,33,38,35,4.0,5
D014666,O015733,RIDER2372,31,37,33,2.3,6
D014667,O015734,RIDER1519,35,52,33,3.4,17
D014668,O015735,RIDER0178,34,40,42,1.6,6
D014669,O015736,RIDER0441,20,17,27,4.7,0
D014670,O015737,RIDER1334,34,41,42,1.6,7
D014671,O015738,RIDER2290,24,19,24,4.7,0
D014672,O015739,RIDER2147,20,48,42,3.8,28
D014673,O015740,RIDER0850,30,34,21,4.0,4
D014674,O015741,RIDER0452,31,43,16,0.9,12
D014675,O015742,RIDER1469,27,25,37,1.2,0
D014676,O015743,RIDER0547,28,41,24,10.1,13
D014677,O015744,RIDER1367,25,25,31,2.2,0
D014678,O015745,RIDER0251,44,72,24,1.7,28
D014679,O015746,RIDER2442,35,40,29,0.7,5
D014680,O015747,RIDER0899,31,33,42,2.7,2
D014681,O015748,RIDER2254,28,28,34,4.0,0
D014682,O015749,RIDER0697,31,52,37,1.1,21
D014683,O015750,RIDER1498,52,49,16,3.1,0
D014684,O015751,RIDER0300,39,34,32,2.9,0
D014685,O015752,RIDER0881,28,57,41,4.0,29
D014686,O015753,RIDER0185,41,56,18,14.1,15
D014687,O015754,RIDER1230,30,38,18,3.3,8
D014688,O015755,RIDER2044,36,50,30,5.7,14
D014689,O015756,RIDER1660,39,36,28,0.2,0
D014690,O015757,RIDER2125,40,36,19,1.4,0
D014691,O015758,RIDER2289,28,30,23,5.1,2
D014692,O015759,RIDER0664,32,47,31,7.0,15
D014693,O015760,RIDER0980,50,51,32,1.1,1
D014694,O015761,RIDER0937,19,19,19,2.1,0
D014695,O015762,RIDER0226,24,21,23,2.6,0
D014696,O015763,RIDER2037,35,38,35,2.0,3
D014697,O015764,RIDER1161,29,51,15,0.4,22
D014698,O015766,RIDER0030,20,34,38,7.2,14
D014699,O015767,RIDER1314,18,20,19,1.3,2
D014700,O015768,RIDER0310,24,22,15,4.8,0
D014701,O015769,RIDER1030,28,28,21,0.9,0
D014702,O015770,RIDER0778,46,49,21,2.8,3
D014703,O015771,RIDER2260,21,23,25,1.1,2
D014704,O015772,RIDER1435,40,36,22,2.8,0
D014705,O015774,RIDER1557,25,32,16,2.1,7
D014706,O015775,RIDER0833,33,32,28,1.0,0
D014707,O015776,RIDER2356,49,78,36,2.4,29
D014708,O015778,RIDER2442,39,39,33,6.1,0
D014709,O015779,RIDER0277,34,49,42,1.6,15
D014710,O015780,RIDER0816,33,32,30,2.4,0
D014711,O015781,RIDER0481,32,42,30,2.9,10
D014712,O015782,RIDER1272,41,43,18,1.4,2
D014713,O015783,RIDER0474,48,43,15,1.3,0
D014714,O015784,RIDER1244,26,60,21,1.4,34
D014715,O015785,RIDER0627,46,69,27,10.3,23
D014716,O015786,RIDER1829,63,60,14,1.4,0
D014717,O015788,RIDER2280,27,32,16,1.9,5
D014718,O015789,RIDER2193,47,44,33,1.3,0
D014719,O015790,RIDER0611,25,24,21,2.3,0
D014720,O015791,RIDER0603,52,48,18,1.3,0
D014721,O015792,RIDER2450,40,37,29,1.0,0
D014722,O015794,RIDER2077,41,58,29,2.7,17
D014723,O015795,RIDER1679,26,29,25,2.3,3
D014724,O015796,RIDER0806,28,23,41,1.0,0
D014725,O015797,RIDER0168,42,48,19,1.6,6
D014726,O015799,RIDER0222,34,35,40,2.1,1
D014727,O015800,RIDER2055,18,41,37,3.2,23
D014728,O015801,RIDER0224,46,64,41,2.6,18
D014729,O015802,RIDER0129,48,71,20,11.2,23
D014730,O015804,RIDER2222,49,45,42,2.1,0
D014731,O015805,RIDER2124,22,37,27,1.3,15
D014732,O015806,RIDER0234,28,33,23,0.6,5
D014733,O015807,RIDER2091,34,67,24,3.0,33
D014734,O015808,RIDER1647,25,56,21,3.1,31
D014735,O015809,RIDER0117,40,47,22,6.3,7
D014736,O015810,RIDER0870,58,61,25,0.4,3
D014737,O015811,RIDER2467,33,34,27,4.6,1
D014738,O015812,RIDER0954,35,58,30,3.4,23
D014739,O015813,RIDER1336,41,43,31,1.3,2
D014740,O015814,RIDER1107,41,37,15,5.2,0
D014741,O015815,RIDER2411,29,29,21,0.4,0
D014742,O015816,RIDER0696,33,34,15,3.3,1
D014743,O015817,RIDER2035,51,70,28,1.1,19
D014744,O015818,RIDER1642,27,31,22,2.8,4
D014745,O015819,RIDER0177,25,24,21,5.9,0
D014746,O015820,RIDER0619,32,44,36,0.9,12
D014747,O015821,RIDER1731,31,32,26,0.9,1
D014748,O015822,RIDER0171,27,31,37,2.4,4
D014749,O015823,RIDER2202,33,39,25,3.8,6
D014750,O015824,RIDER1680,70,67,31,0.3,0
D014751,O015825,RIDER1164,24,55,19,1.1,31
D014752,O015826,RIDER0714,28,32,23,4.4,4
D014753,O015827,RIDER1929,29,33,28,1.1,4
D014754,O015828,RIDER0440,24,26,17,4.5,2
D014755,O015829,RIDER1146,44,47,24,0.1,3
D014756,O015830,RIDER1271,26,32,23,2.7,6
D014757,O015831,RIDER1868,70,76,19,0.9,6
D014758,O015832,RIDER1146,26,44,37,1.1,18
D014759,O015833,RIDER1253,30,36,22,6.0,6
D014760,O015834,RIDER0842,43,43,31,2.4,0
D014761,O015835,RIDER2151,29,48,32,3.3,19
D014762,O015836,RIDER1219,34,44,36,1.4,10
D014763,O015838,RIDER1028,35,62,39,5.4,27
D014764,O015839,RIDER2469,32,37,15,3.8,5
D014765,O015840,RIDER2358,30,30,17,5.5,0
D014766,O015841,RIDER2339,22,18,23,0.8,0
D014767,O015842,RIDER0226,43,45,30,0.7,2
D014768,O015843,RIDER1147,23,29,22,4.8,6
D014769,O015844,RIDER1810,26,58,18,1.4,32
D014770,O015845,RIDER1695,39,34,38,5.1,0
D014771,O015846,RIDER0744,19,15,16,0.8,0
D014772,O015847,RIDER1993,36,69,42,1.5,33
D014773,O015848,RIDER0875,26,26,38,0.1,0
D014774,O015849,RIDER0026,43,39,33,7.1,0
D014775,O015850,RIDER0267,26,27,25,2.4,1
D014776,O015851,RIDER2301,24,20,18,2.4,0
D014777,O015852,RIDER1032,50,54,16,4.9,4
D014778,O015853,RIDER2195,41,57,31,6.6,16
D014779,O015854,RIDER2325,36,34,28,1.1,0
D014780,O015855,RIDER0325,40,73,36,1.1,33
D014781,O015856,RIDER0789,31,38,22,10.4,7
D014782,O015858,RIDER1561,39,45,36,6.0,6
D014783,O015859,RIDER2500,27,29,34,0.5,2
D014784,O015860,RIDER1420,41,44,31,1.8,3
D014785,O015861,RIDER1705,31,29,32,2.4,0
D014786,O015862,RIDER1387,38,44,35,0.1,6
D014787,O015863,RIDER2300,45,40,14,1.6,0
D014788,O015864,RIDER2051,27,28,24,1.7,1
D014789,O015865,RIDER0023,51,64,22,3.9,13
D014790,O015866,RIDER0042,23,22,24,3.0,0
D014791,O015867,RIDER0895,35,50,31,5.4,15
D014792,O015869,RIDER1292,25,25,22,5.8,0
D014793,O015870,RIDER1625,30,26,28,2.1,0
D014794,O015871,RIDER1954,37,41,14,7.5,4
D014795,O015872,RIDER0130,33,59,21,1.5,26
D014796,O015873,RIDER0548,34,59,37,2.5,25
D014797,O015874,RIDER0811,33,31,21,3.3,0
D014798,O015875,RIDER0390,36,51,33,0.8,15
D014799,O015876,RIDER1732,49,44,31,3.1,0
D014800,O015877,RIDER0655,52,55,25,3.8,3
D014801,O015878,RIDER1761,70,86,37,1.6,16
D014802,O015879,RIDER1952,36,34,17,5.7,0
D014803,O015881,RIDER0418,26,33,31,1.7,7
D014804,O015882,RIDER1671,38,38,15,2.9,0
D014805,O015883,RIDER0968,54,58,42,2.8,4
D014806,O015884,RIDER0901,22,53,33,1.0,31
D014807,O015885,RIDER1886,21,55,30,4.4,34
D014808,O015886,RIDER0101,63,65,22,1.7,2
D014809,O015887,RIDER1408,30,35,15,2.3,5
D014810,O015888,RIDER1025,36,59,40,2.9,23
D014811,O015889,RIDER0886,25,37,34,1.1,12
D014812,O015890,RIDER1046,28,26,23,1.3,0
D014813,O015891,RIDER0056,34,57,31,1.9,23
D014814,O015892,RIDER1876,28,30,19,0.3,2
D014815,O015893,RIDER0905,36,34,37,2.7,0
D014816,O015894,RIDER2321,31,37,37,5.0,6
D014817,O015895,RIDER0278,23,25,30,2.2,2
D014818,O015896,RIDER2196,52,82,39,0.8,30
D014819,O015897,RIDER0015,21,19,17,2.0,0
D014820,O015898,RIDER0120,38,38,24,2.4,0
D014821,O015899,RIDER1747,33,60,14,0.3,27
D014822,O015900,RIDER2361,24,29,29,4.7,5
D014823,O015901,RIDER0243,30,37,31,2.2,7
D014824,O015902,RIDER1923,34,34,33,3.0,0
D014825,O015903,RIDER0131,37,69,18,1.7,32
D014826,O015904,RIDER1839,27,31,15,0.9,4
D014827,O015905,RIDER0515,60,69,24,4.8,9
D014828,O015906,RIDER1387,38,38,21,1.7,0
D014829,O015907,RIDER0647,34,45,16,3.0,11
D014830,O015909,RIDER2300,53,48,42,5.9,0
D014831,O015910,RIDER1616,39,67,38,2.7,28
D014832,O015911,RIDER0236,32,27,17,6.1,0
D014833,O015912,RIDER2434,31,31,30,8.0,0
D014834,O015913,RIDER2358,49,48,14,0.8,0
D014835,O015914,RIDER2217,32,27,25,2.3,0
D014836,O015915,RIDER1037,43,46,39,8.0,3
D014837,O015916,RIDER0691,58,87,33,1.9,29
D014838,O015917,RIDER1275,48,52,17,10.2,4
D014839,O015918,RIDER1625,49,81,29,2.8,32
D014840,O015919,RIDER0175,31,45,15,4.8,14
D014841,O015920,RIDER1296,28,30,15,1.9,2
D014842,O015921,RIDER2195,27,22,32,9.7,0
D014843,O015922,RIDER1842,51,76,30,1.2,25
D014844,O015923,RIDER1715,22,25,18,3.7,3
D014845,O015924,RIDER2235,22,25,42,0.2,3
D014846,O015925,RIDER0822,23,43,24,2.8,20
D014847,O015926,RIDER1837,24,30,35,8.8,6
D014848,O015927,RIDER1609,33,65,25,5.7,32
D014849,O015928,RIDER0007,40,40,21,6.3,0
D014850,O015929,RIDER0504,29,34,20,4.1,5
D014851,O015930,RIDER0082,31,51,19,2.0,20
D014852,O015931,RIDER0355,25,25,24,1.1,0
D014853,O015933,RIDER2155,31,38,16,0.8,7
D014854,O015934,RIDER0494,45,45,22,1.8,0
D014855,O015935,RIDER2121,32,34,25,1.6,2
D014856,O015936,RIDER1949,48,82,14,1.3,34
D014857,O015937,RIDER1110,26,26,15,8.9,0
D014858,O015938,RIDER1061,39,46,35,0.1,7
D014859,O015939,RIDER2282,31,41,21,6.0,10
D014860,O015940,RIDER0311,54,75,37,0.3,21
D014861,O015941,RIDER0877,30,25,23,2.6,0
D014862,O015942,RIDER0477,36,43,14,3.6,7
D014863,O015943,RIDER0476,60,58,40,1.1,0
D014864,O015944,RIDER1800,42,50,25,1.0,8
D014865,O015945,RIDER1837,46,53,19,5.1,7
D014866,O015946,RIDER1948,47,52,33,3.2,5
D014867,O015947,RIDER0072,40,65,19,5.6,25
D014868,O015948,RIDER0852,25,22,42,2.6,0
D014869,O015949,RIDER1942,24,22,27,8.6,0
D014870,O015950,RIDER0218,29,33,27,2.3,4
D014871,O015951,RIDER1962,34,41,17,2.8,7
D014872,O015952,RIDER0422,38,50,29,0.3,12
D014873,O015954,RIDER1352,49,63,35,2.4,14
D014874,O015955,RIDER0338,38,35,28,2.0,0
D014875,O015956,RIDER1284,22,52,19,4.5,30
D014876,O015957,RIDER1648,34,55,37,3.6,21
D014877,O015958,RIDER0976,23,25,29,0.9,2
D014878,O015959,RIDER2164,39,36,31,2.0,0
D014879,O015960,RIDER0802,49,47,28,0.7,0
D014880,O015961,RIDER2442,32,32,19,11.2,0
D014881,O015962,RIDER2487,30,63,21,0.6,33
D014882,O015963,RIDER0657,39,35,42,0.3,0
D014883,O015964,RIDER2390,41,47,42,7.1,6
D014884,O015965,RIDER2470,33,34,33,2.7,1
D014885,O015966,RIDER0212,23,50,35,5.4,27
D014886,O015967,RIDER1610,52,59,21,2.4,7
D014887,O015968,RIDER0563,22,28,35,1.7,6
D014888,O015969,RIDER1510,33,30,32,2.4,0
D014889,O015970,RIDER0734,34,39,41,4.5,5
D014890,O015971,RIDER2114,26,28,18,7.3,2
D014891,O015972,RIDER1403,20,51,42,4.9,31
D014892,O015973,RIDER1820,21,17,23,5.6,0
D014893,O015976,RIDER0021,25,33,28,1.0,8
D014894,O015978,RIDER2096,52,55,36,4.0,3
D014895,O015979,RIDER1559,26,25,17,4.1,0
D014896,O015980,RIDER1938,34,67,25,1.5,33
D014897,O015981,RIDER1759,37,35,15,4.0,0
D014898,O015982,RIDER1519,40,42,22,0.2,2
D014899,O015983,RIDER1937,30,27,16,9.5,0
D014900,O015984,RIDER0716,26,51,33,1.7,25
D014901,O015985,RIDER1042,36,33,36,2.4,0
D014902,O015986,RIDER0013,21,20,15,3.5,0
D014903,O015987,RIDER2161,27,32,39,6.8,5
D014904,O015988,RIDER1795,23,28,34,3.5,5
D014905,O015989,RIDER1085,27,24,28,6.4,0
D014906,O015990,RIDER0655,39,43,19,0.8,4
D014907,O015991,RIDER1469,34,35,31,8.8,1
D014908,O015992,RIDER1109,33,28,24,1.5,0
D014909,O015993,RIDER1473,38,46,29,5.6,8
D014910,O015994,RIDER1495,45,44,14,4.8,0
D014911,O015995,RIDER1366,25,48,33,1.2,23
D014912,O015996,RIDER1979,33,51,22,3.7,18
D014913,O015998,RIDER0022,41,71,14,5.6,30
D014914,O015999,RIDER0366,26,28,16,2.2,2
D014915,O016000,RIDER2058,46,70,31,0.4,24
D014916,O016001,RIDER0988,33,32,28,4.1,0
D014917,O016002,RIDER0638,49,54,16,1.2,5
D014918,O016003,RIDER0247,32,43,34,2.6,11
D014919,O016004,RIDER0504,40,50,16,0.6,10
D014920,O016005,RIDER0234,28,26,39,2.3,0
D014921,O016006,RIDER1039,33,66,22,3.1,33
D014922,O016007,RIDER0697,32,30,14,1.7,0
D014923,O016008,RIDER1440,27,22,35,4.5,0
D014924,O016009,RIDER0037,30,58,38,1.1,28
D014925,O016010,RIDER0684,49,58,21,0.4,9
D014926,O016011,RIDER1494,21,26,14,4.8,5
D014927,O016012,RIDER0615,22,18,25,2.5,0
D014928,O016015,RIDER0954,32,38,27,3.6,6
D014929,O016016,RIDER1929,44,74,15,4.3,30
D014930,O016017,RIDER1880,50,49,37,3.5,0
D014931,O016018,RIDER0112,34,50,15,0.5,16
D014932,O016019,RIDER0797,34,36,35,2.2,2
D014933,O016020,RIDER1111,25,57,37,0.2,32
D014934,O016021,RIDER0782,34,41,34,3.8,7
D014935,O016022,RIDER0639,30,63,42,1.8,33
D014936,O016023,RIDER0664,35,36,39,13.0,1
D014937,O016024,RIDER2237,31,31,14,3.4,0
D014938,O016025,RIDER0622,38,45,37,1.7,7
D014939,O016026,RIDER0529,37,59,15,2.9,22
D014940,O016027,RIDER2461,27,32,16,3.0,5
D014941,O016028,RIDER2298,23,19,25,7.5,0
D014942,O016029,RIDER1242,57,59,37,2.7,2
D014943,O016030,RIDER0452,30,26,41,1.4,0
D014944,O016031,RIDER2367,27,32,28,6.2,5
D014945,O016032,RIDER2361,26,21,37,3.3,0
D014946,O016033,RIDER1696,26,58,35,1.0,32
D014947,O016034,RIDER0425,25,29,28,1.9,4
D014948,O016035,RIDER2341,30,26,15,3.1,0
D014949,O016036,RIDER1989,60,91,25,1.9,31
D014950,O016037,RIDER1941,35,37,34,0.2,2
D014951,O016038,RIDER0513,51,47,21,2.1,0
D014952,O016039,RIDER0106,32,33,32,2.1,1
D014953,O016040,RIDER1983,22,20,15,1.1,0
D014954,O016041,RIDER1275,35,66,27,1.4,31
D014955,O016042,RIDER2105,28,27,15,0.7,0
D014956,O016043,RIDER0278,34,36,36,3.2,2
D014957,O016044,RIDER0120,34,49,31,3.9,15
D014958,O016045,RIDER0157,28,27,40,1.3,0
D014959,O016046,RIDER1293,43,40,15,3.4,0
D014960,O016047,RIDER2286,31,37,25,1.4,6
D014961,O016048,RIDER0421,24,57,39,7.6,33
D014962,O016049,RIDER1031,19,20,24,0.3,1
D014963,O016050,RIDER0516,31,42,14,8.2,11
D014964,O016051,RIDER2361,46,52,35,1.5,6
D014965,O016052,RIDER0035,29,36,37,3.4,7
D014966,O016053,RIDER0153,43,44,22,2.3,1
D014967,O016054,RIDER1751,35,46,32,4.2,11
D014968,O016055,RIDER0065,70,75,19,3.3,5
D014969,O016056,RIDER1345,58,78,21,0.4,20
D014970,O016057,RIDER2078,35,48,40,1.3,13
D014971,O016058,RIDER2490,43,45,14,2.5,2
D014972,O016060,RIDER2349,27,24,31,0.9,0
D014973,O016061,RIDER1375,25,45,42,3.0,20
D014974,O016062,RIDER0394,28,59,21,1.1,31
D014975,O016063,RIDER1318,28,33,40,2.7,5
D014976,O016064,RIDER1509,37,45,32,1.4,8
D014977,O016065,RIDER1049,32,38,30,5.2,6
D014978,O016067,RIDER1699,43,62,39,4.9,19
D014979,O016068,RIDER2193,27,30,36,3.7,3
D014980,O016069,RIDER1473,61,56,38,1.8,0
D014981,O016070,RIDER2049,37,51,30,3.6,14
D014982,O016072,RIDER0413,24,32,20,0.5,8
D014983,O016073,RIDER0216,40,42,23,0.8,2
D014984,O016074,RIDER2032,36,54,17,0.3,18
D014985,O016075,RIDER2254,31,39,17,2.5,8
D014986,O016076,RIDER1862,29,30,42,0.7,1
D014987,O016077,RIDER0054,47,42,16,1.2,0
D014988,O016078,RIDER1122,23,26,31,1.1,3
D014989,O016079,RIDER1306,37,40,18,5.4,3
D014990,O016080,RIDER2229,29,44,40,5.1,15
D014991,O016081,RIDER1737,24,22,31,0.7,0
D014992,O016082,RIDER2245,36,64,31,0.2,28
D014993,O016083,RIDER0531,29,54,24,4.6,25
D014994,O016084,RIDER2304,28,23,39,1.1,0
D014995,O016085,RIDER1915,43,54,14,15.5,11
D014996,O016087,RIDER1948,34,49,41,3.1,15
D014997,O016088,RIDER1062,27,28,42,3.7,1
D014998,O016089,RIDER1077,25,59,21,0.2,34
D014999,O016090,RIDER0254,27,29,36,2.6,2
D015000,O016091,RIDER0389,33,35,20,1.8,2
D015001,O016092,RIDER0645,25,21,14,3.2,0
D015002,O016093,RIDER2334,33,31,33,4.8,0
D015003,O016094,RIDER0055,56,60,27,11.5,4
D015004,O016095,RIDER2417,36,35,38,18.2,0
D015005,O016096,RIDER0019,24,28,42,6.8,4
D015006,O016097,RIDER1399,51,71,40,5.4,20
D015007,O016098,RIDER1684,34,37,18,13.2,3
D015008,O016099,RIDER0472,33,55,38,3.3,22
D015009,O016100,RIDER0912,25,58,35,4.0,33
D015010,O016101,RIDER2436,47,46,21,6.4,0
D015011,O016102,RIDER1183,25,44,23,1.6,19
D015012,O016104,RIDER0156,42,46,31,1.5,4
D015013,O016105,RIDER2239,21,50,15,4.8,29
D015014,O016107,RIDER1437,33,66,36,3.5,33
D015015,O016108,RIDER1566,40,45,28,1.6,5
D015016,O016110,RIDER2226,47,74,22,1.5,27
D015017,O016111,RIDER1796,35,63,25,5.0,28
D015018,O016112,RIDER0451,22,23,21,1.4,1
D015019,O016113,RIDER0780,18,32,39,4.0,14
D015020,O016114,RIDER1068,44,73,14,3.0,29
D015021,O016115,RIDER0822,51,65,14,0.6,14
D015022,O016116,RIDER1019,35,39,25,6.3,4
D015023,O016118,RIDER0259,27,29,27,1.8,2
D015024,O016119,RIDER2045,19,26,36,1.6,7
D015025,O016120,RIDER2039,22,32,28,1.6,10
D015026,O016122,RIDER1072,40,67,40,4.4,27
D015027,O016123,RIDER1514,49,46,15,6.5,0
D015028,O016125,RIDER2275,52,53,16,13.4,1
D015029,O016126,RIDER1460,24,41,28,0.6,17
D015030,O016127,RIDER2331,32,61,36,0.8,29
D015031,O016128,RIDER1072,38,67,31,4.3,29
D015032,O016129,RIDER0170,51,50,21,3.9,0
D015033,O016130,RIDER1788,22,28,15,2.8,6
D015034,O016131,RIDER0132,37,44,41,0.8,7
D015035,O016132,RIDER1025,24,20,35,1.4,0
D015036,O016133,RIDER1459,65,94,28,3.8,29
D015037,O016134,RIDER0613,23,53,16,7.5,30
D015038,O016135,RIDER0089,65,71,29,2.1,6
D015039,O016136,RIDER2158,25,31,35,2.4,6
D015040,O016137,RIDER1115,30,31,38,9.9,1
D015041,O016138,RIDER0538,23,29,40,0.4,6
D015042,O016139,RIDER0366,27,25,41,1.2,0
D015043,O016140,RIDER0697,36,61,36,1.3,25
D015044,O016141,RIDER2151,30,27,17,2.2,0
D015045,O016142,RIDER0433,25,54,28,0.3,29
D015046,O016144,RIDER2174,31,28,16,4.6,0
D015047,O016145,RIDER2274,18,16,26,0.4,0
D015048,O016146,RIDER1172,37,53,42,2.9,16
D015049,O016147,RIDER1547,22,22,17,3.7,0
D015050,O016149,RIDER2227,29,24,18,5.0,0
D015051,O016151,RIDER1117,29,28,27,2.4,0
D015052,O016152,RIDER0388,45,79,16,1.6,34
D015053,O016153,RIDER2042,32,35,32,0.7,3
D015054,O016154,RIDER2094,22,24,31,3.7,2
D015055,O016155,RIDER0159,59,64,24,7.5,5
D015056,O016156,RIDER0514,25,21,27,2.1,0
D015057,O016157,RIDER0998,25,27,20,4.7,2
D015058,O016158,RIDER1582,24,22,38,1.2,0
D015059,O016159,RIDER2054,30,31,40,0.8,1
D015060,O016160,RIDER1637,25,26,21,0.8,1
D015061,O016161,RIDER0171,33,43,16,5.5,10
D015062,O016162,RIDER0565,28,29,42,4.2,1
D015063,O016163,RIDER1646,23,21,37,6.9,0
D015064,O016164,RIDER1142,37,42,22,0.9,5
D015065,O016165,RIDER1927,37,33,25,6.7,0
D015066,O016166,RIDER0568,50,50,38,4.0,0
D015067,O016167,RIDER1461,26,33,33,6.7,7
D015068,O016168,RIDER0098,25,27,38,0.5,2
D015069,O016169,RIDER0761,22,32,23,1.5,10
D015070,O016170,RIDER0897,37,36,38,7.2,0
D015071,O016171,RIDER0127,39,36,33,4.0,0
D015072,O016172,RIDER1177,28,26,17,4.2,0
D015073,O016173,RIDER2035,30,31,31,1.5,1
D015074,O016174,RIDER0470,70,89,27,0.7,19
D015075,O016175,RIDER0687,28,25,25,2.7,0
D015076,O016176,RIDER1697,31,31,21,0.7,0
D015077,O016177,RIDER1472,38,54,37,6.2,16
D015078,O016178,RIDER0183,41,61,23,2.0,20
D015079,O016179,RIDER2443,41,42,21,4.6,1
D015080,O016180,RIDER1127,30,48,18,3.5,18
D015081,O016181,RIDER0439,29,28,15,1.5,0
D015082,O016182,RIDER1367,23,37,36,4.2,14
D015083,O016183,RIDER1007,27,33,40,0.5,6
D015084,O016184,RIDER0648,30,41,29,2.6,11
D015085,O016186,RIDER0438,24,46,27,0.4,22
D015086,O016187,RIDER1555,21,41,37,6.4,20
D015087,O016188,RIDER2058,42,46,42,1.8,4
D015088,O016189,RIDER1469,51,83,21,0.8,32
D015089,O016190,RIDER0888,26,24,38,11.5,0
D015090,O016191,RIDER0203,24,39,19,0.2,15
D015091,O016192,RIDER1446,32,34,37,1.3,2
D015092,O016193,RIDER2365,25,31,24,1.7,6
D015093,O016194,RIDER1903,38,40,36,0.8,2
D015094,O016195,RIDER1333,41,39,38,6.3,0
D015095,O016196,RIDER2390,42,44,31,4.0,2
D015096,O016198,RIDER2403,37,36,30,1.7,0
D015097,O016199,RIDER0912,27,35,33,1.2,8
D015098,O016200,RIDER1918,33,28,18,8.0,0
D015099,O016201,RIDER0104,23,41,22,4.0,18
D015100,O016202,RIDER1899,39,57,41,0.5,18
D015101,O016203,RIDER0997,52,82,31,0.1,30
D015102,O016204,RIDER2488,39,37,14,1.6,0
D015103,O016205,RIDER0966,28,32,31,8.5,4
D015104,O016206,RIDER1067,30,30,14,1.2,0
D015105,O016207,RIDER2449,52,56,31,0.5,4
D015106,O016208,RIDER0100,31,30,14,1.5,0
D015107,O016209,RIDER2476,36,41,30,6.1,5
D015108,O016210,RIDER2409,54,49,29,4.6,0
D015109,O016211,RIDER0202,42,50,36,9.5,8
D015110,O016213,RIDER2352,40,53,33,3.4,13
D015111,O016214,RIDER1335,25,29,14,1.9,4
D015112,O016215,RIDER0614,30,26,42,2.1,0
D015113,O016216,RIDER1813,44,72,16,1.7,28
D015114,O016217,RIDER0993,38,41,28,3.9,3
D015115,O016218,RIDER1149,56,60,36,3.9,4
D015116,O016219,RIDER1452,40,64,31,1.7,24
D015117,O016220,RIDER2242,70,85,32,6.8,15
D015118,O016221,RIDER2397,49,44,41,3.3,0
D015119,O016222,RIDER0563,31,50,30,9.5,19
D015120,O016223,RIDER0463,46,42,14,2.0,0
D015121,O016224,RIDER2206,22,22,37,2.3,0
D015122,O016225,RIDER2016,36,47,23,4.0,11
D015123,O016226,RIDER1538,26,22,27,0.5,0
D015124,O016228,RIDER0413,24,19,21,2.6,0
D015125,O016230,RIDER2304,29,30,35,3.6,1
D015126,O016231,RIDER0972,28,30,38,4.2,2
D015127,O016232,RIDER1810,28,27,36,3.0,0
D015128,O016233,RIDER1441,28,32,32,0.8,4
D015129,O016234,RIDER1576,51,66,24,0.5,15
D015130,O016235,RIDER0271,29,26,40,1.5,0
D015131,O016236,RIDER0109,44,44,24,2.3,0
D015132,O016237,RIDER0210,41,70,33,1.8,29
D015133,O016238,RIDER2286,41,58,37,3.5,17
D015134,O016239,RIDER1502,44,65,34,5.2,21
D015135,O016240,RIDER1354,27,28,24,2.6,1
D015136,O016241,RIDER2463,39,51,42,1.2,12
D015137,O016242,RIDER0540,39,41,37,3.6,2
D015138,O016244,RIDER0834,32,52,36,4.0,20
D015139,O016245,RIDER1843,22,44,38,2.9,22
D015140,O016246,RIDER0769,48,55,37,2.2,7
D015141,O016247,RIDER2461,39,35,25,2.3,0
D015142,O016249,RIDER1938,35,39,23,1.6,4
D015143,O016250,RIDER0896,52,67,31,2.1,15
D015144,O016251,RIDER1269,21,28,15,0.3,7
D015145,O016252,RIDER0563,57,61,29,3.7,4
D015146,O016253,RIDER0919,47,45,31,1.9,0
D015147,O016254,RIDER1890,34,37,37,3.6,3
D015148,O016255,RIDER1902,63,96,29,2.1,33
D015149,O016256,RIDER1692,62,68,42,1.2,6
D015150,O016257,RIDER1098,34,31,15,0.6,0
D015151,O016258,RIDER2323,27,22,18,6.9,0
D015152,O016259,RIDER2098,24,26,32,3.0,2
D015153,O016260,RIDER2000,17,13,27,3.3,0
D015154,O016261,RIDER1088,35,58,24,1.2,23
D015155,O016262,RIDER0363,23,26,31,1.5,3
D015156,O016263,RIDER0158,36,46,22,2.4,10
D015157,O016264,RIDER0040,30,62,14,7.7,32
D015158,O016265,RIDER1838,33,65,29,2.4,32
D015159,O016266,RIDER0970,39,38,18,1.4,0
D015160,O016267,RIDER1817,23,25,19,0.8,2
D015161,O016268,RIDER2130,36,48,37,0.9,12
D015162,O016270,RIDER0309,33,28,21,1.8,0
D015163,O016271,RIDER1409,43,58,41,10.8,15
D015164,O016272,RIDER0463,23,35,33,0.7,12
D015165,O016273,RIDER2016,43,72,40,5.6,29
D015166,O016274,RIDER0156,38,34,25,1.8,0
D015167,O016275,RIDER0115,29,38,28,0.1,9
D015168,O016276,RIDER1828,29,26,42,0.0,0
D015169,O016277,RIDER0408,28,36,21,1.8,8
D015170,O016278,RIDER2041,32,34,14,2.1,2
D015171,O016279,RIDER0879,58,62,33,1.5,4
D015172,O016280,RIDER2278,29,26,15,1.0,0
D015173,O016281,RIDER0432,27,25,14,1.9,0
D015174,O016282,RIDER1712,22,31,33,1.7,9
D015175,O016284,RIDER1590,49,45,29,1.3,0
D015176,O016285,RIDER1355,24,24,23,5.2,0
D015177,O016286,RIDER1008,27,28,14,3.0,1
D015178,O016287,RIDER1925,40,42,31,5.7,2
D015179,O016288,RIDER0681,37,40,24,6.3,3
D015180,O016289,RIDER0601,50,53,16,3.8,3
D015181,O016290,RIDER2165,25,31,18,1.6,6
D015182,O016291,RIDER0285,24,25,28,0.6,1
D015183,O016292,RIDER1833,56,75,15,1.1,19
D015184,O016293,RIDER1595,60,67,38,1.0,7
D015185,O016294,RIDER1037,38,66,17,1.2,28
D015186,O016295,RIDER2092,37,33,40,0.6,0
D015187,O016296,RIDER2317,31,36,27,0.9,5
D015188,O016297,RIDER2362,31,50,29,2.1,19
D015189,O016298,RIDER0296,29,32,14,4.8,3
D015190,O016299,RIDER0716,24,51,27,3.4,27
D015191,O016300,RIDER0196,27,43,29,6.0,16
D015192,O016301,RIDER2398,30,56,25,1.7,26
D015193,O016302,RIDER0128,30,29,18,0.3,0
D015194,O016303,RIDER0872,38,68,14,7.3,30
D015195,O016304,RIDER0426,27,27,32,5.9,0
D015196,O016305,RIDER2216,22,17,32,2.0,0
D015197,O016306,RIDER2123,27,54,29,6.6,27
D015198,O016307,RIDER1662,30,27,31,0.5,0
D015199,O016308,RIDER0218,38,41,36,2.0,3
D015200,O016309,RIDER1517,25,21,41,6.3,0
D015201,O016310,RIDER1637,27,31,25,3.8,4
D015202,O016311,RIDER0281,30,32,31,3.2,2
D015203,O016312,RIDER0659,30,32,35,3.5,2
D015204,O016313,RIDER1121,52,55,14,4.7,3
D015205,O016314,RIDER0079,28,24,25,1.1,0
D015206,O016315,RIDER1650,27,31,14,1.0,4
D015207,O016316,RIDER2495,32,37,14,1.2,5
D015208,O016318,RIDER0901,43,50,41,3.6,7
D015209,O016319,RIDER0574,39,71,15,4.7,32
D015210,O016320,RIDER2431,31,51,31,5.2,20
D015211,O016321,RIDER1173,43,62,17,4.9,19
D015212,O016322,RIDER1954,31,60,16,2.0,29
D015213,O016323,RIDER2406,32,54,21,3.0,22
D015214,O016324,RIDER1254,21,43,15,6.1,22
D015215,O016325,RIDER2484,45,44,17,4.4,0
D015216,O016326,RIDER0917,18,17,33,3.3,0
D015217,O016327,RIDER0335,26,23,25,6.4,0
D015218,O016328,RIDER1656,28,36,31,5.7,8
D015219,O016329,RIDER2160,34,32,15,1.0,0
D015220,O016331,RIDER1048,26,38,31,3.5,12
D015221,O016332,RIDER0971,20,20,31,1.8,0
D015222,O016334,RIDER2337,51,85,25,1.3,34
D015223,O016335,RIDER0203,30,64,30,5.2,34
D015224,O016336,RIDER1541,23,51,21,6.2,28
D015225,O016337,RIDER1752,23,26,14,10.3,3
D015226,O016338,RIDER0480,23,22,28,6.1,0
D015227,O016339,RIDER1218,22,19,28,3.3,0
D015228,O016340,RIDER2337,26,23,29,3.2,0
D015229,O016341,RIDER2122,31,30,24,2.1,0
D015230,O016342,RIDER2272,24,19,14,4.9,0
D015231,O016343,RIDER0463,34,29,31,2.3,0
D015232,O016345,RIDER2356,31,53,40,4.7,22
D015233,O016346,RIDER2392,37,70,14,2.2,33
D015234,O016348,RIDER1613,26,24,38,5.3,0
D015235,O016349,RIDER2421,28,27,27,4.1,0
D015236,O016350,RIDER2192,45,44,27,0.2,0
D015237,O016351,RIDER1261,46,55,36,7.5,9
D015238,O016352,RIDER1899,26,33,14,2.2,7
D015239,O016353,RIDER0155,32,38,18,2.4,6
D015240,O016354,RIDER0816,43,44,25,3.5,1
D015241,O016355,RIDER0528,21,20,28,2.2,0
D015242,O016356,RIDER2400,36,37,35,3.2,1
D015243,O016357,RIDER0331,24,29,16,1.3,5
D015244,O016359,RIDER1185,31,58,19,2.7,27
D015245,O016360,RIDER0293,33,45,15,4.3,12
D015246,O016361,RIDER1531,28,40,31,8.7,12
D015247,O016362,RIDER0714,25,30,37,2.5,5
D015248,O016363,RIDER1128,44,50,16,4.3,6
D015249,O016364,RIDER2416,30,27,16,5.0,0
D015250,O016365,RIDER1500,23,41,35,1.9,18
D015251,O016366,RIDER2345,37,35,14,3.5,0
D015252,O016369,RIDER0867,28,58,31,4.3,30
D015253,O016370,RIDER1233,23,48,14,10.2,25
D015254,O016372,RIDER1259,24,55,18,0.4,31
D015255,O016373,RIDER1296,26,32,28,1.5,6
D015256,O016374,RIDER1948,20,35,14,8.7,15
D015257,O016375,RIDER1129,34,44,16,3.4,10
D015258,O016377,RIDER0601,27,27,28,3.9,0
D015259,O016378,RIDER2357,26,22,23,2.5,0
D015260,O016379,RIDER1054,53,49,15,3.9,0
D015261,O016380,RIDER2155,26,60,33,2.1,34
D015262,O016381,RIDER0989,44,46,41,2.8,2
D015263,O016382,RIDER0265,26,32,15,1.7,6
D015264,O016383,RIDER1460,30,33,18,5.0,3
D015265,O016384,RIDER1259,33,37,38,5.0,4
D015266,O016385,RIDER1281,21,26,35,1.6,5
D015267,O016386,RIDER0968,26,27,23,0.1,1
D015268,O016387,RIDER2182,35,37,38,1.7,2
D015269,O016388,RIDER2075,48,47,15,2.4,0
D015270,O016389,RIDER2374,33,65,38,0.1,32
D015271,O016390,RIDER0796,33,50,30,1.0,17
D015272,O016391,RIDER0250,25,23,37,1.3,0
D015273,O016392,RIDER1113,29,29,26,6.1,0
D015274,O016393,RIDER1207,24,31,14,4.0,7
D015275,O016394,RIDER1470,30,26,26,6.1,0
D015276,O016395,RIDER2065,34,56,31,4.2,22
D015277,O016397,RIDER0639,35,41,14,0.6,6
D015278,O016398,RIDER0836,36,45,42,3.4,9
D015279,O016399,RIDER0780,28,23,36,8.0,0
D015280,O016400,RIDER0509,44,58,32,3.0,14
D015281,O016401,RIDER1843,42,40,22,1.0,0
D015282,O016402,RIDER2099,70,65,37,1.4,0
D015283,O016403,RIDER1616,57,61,35,4.8,4
D015284,O016404,RIDER0221,28,26,18,2.3,0
D015285,O016405,RIDER1716,30,26,29,2.2,0
D015286,O016406,RIDER0244,20,24,22,4.4,4
D015287,O016407,RIDER0712,28,34,36,7.5,6
D015288,O016408,RIDER1579,45,45,14,4.2,0
D015289,O016409,RIDER0617,35,39,25,4.1,4
D015290,O016411,RIDER0633,41,37,28,5.0,0
D015291,O016412,RIDER0986,24,27,16,8.1,3
D015292,O016413,RIDER2053,27,22,29,6.2,0
D015293,O016414,RIDER0775,42,45,22,4.0,3
D015294,O016415,RIDER2397,34,33,35,11.5,0
D015295,O016416,RIDER1216,34,32,25,0.5,0
D015296,O016417,RIDER0370,43,72,32,6.5,29
D015297,O016418,RIDER1292,26,21,30,2.1,0
D015298,O016419,RIDER1289,24,50,18,0.4,26
D015299,O016420,RIDER1714,23,49,27,1.9,26
D015300,O016421,RIDER0701,27,35,18,1.3,8
D015301,O016422,RIDER0218,32,35,33,1.7,3
D015302,O016423,RIDER0855,27,34,29,2.0,7
D015303,O016424,RIDER0954,30,26,23,1.7,0
D015304,O016425,RIDER0660,31,35,42,5.0,4
D015305,O016427,RIDER0046,30,33,40,1.5,3
D015306,O016428,RIDER2472,31,33,31,3.2,2
D015307,O016429,RIDER2080,42,40,21,5.9,0
D015308,O016430,RIDER2048,37,50,23,2.8,13
D015309,O016431,RIDER1150,34,54,38,3.1,20
D015310,O016432,RIDER0401,36,34,37,2.5,0
D015311,O016433,RIDER0325,29,29,38,0.7,0
D015312,O016434,RIDER0186,29,44,37,0.9,15
D015313,O016435,RIDER0386,29,36,23,2.0,7
D015314,O016436,RIDER1383,20,19,32,0.6,0
D015315,O016438,RIDER1785,23,24,36,7.1,1
D015316,O016439,RIDER1489,30,29,42,3.3,0
D015317,O016440,RIDER1611,21,23,29,6.9,2
D015318,O016441,RIDER0932,38,36,32,1.2,0
D015319,O016442,RIDER0573,32,27,14,5.0,0
D015320,O016444,RIDER1601,37,36,14,4.1,0
D015321,O016445,RIDER1325,20,20,21,0.7,0
D015322,O016446,RIDER1080,23,25,19,9.6,2
D015323,O016447,RIDER0123,41,43,40,2.7,2
D015324,O016448,RIDER1957,37,48,38,7.2,11
D015325,O016450,RIDER2442,31,56,22,2.6,25
D015326,O016451,RIDER0263,33,56,40,3.0,23
D015327,O016452,RIDER2409,47,44,39,2.2,0
D015328,O016453,RIDER1217,26,28,38,4.1,2
D015329,O016454,RIDER0944,37,58,29,1.4,21
D015330,O016455,RIDER0842,39,37,23,0.2,0
D015331,O016456,RIDER0220,40,35,21,1.3,0
D015332,O016458,RIDER1908,41,43,18,2.3,2
D015333,O016461,RIDER2132,28,30,33,1.7,2
D015334,O016462,RIDER0282,48,56,42,1.2,8
D015335,O016463,RIDER0930,19,36,14,6.7,17
D015336,O016464,RIDER0485,29,26,33,0.8,0
D015337,O016465,RIDER0414,43,43,33,1.6,0
D015338,O016466,RIDER2044,21,23,31,1.1,2
D015339,O016467,RIDER2488,58,56,21,1.6,0
D015340,O016468,RIDER1129,45,40,29,2.0,0
D015341,O016469,RIDER0321,30,25,38,1.4,0
D015342,O016470,RIDER1310,47,80,40,6.4,33
D015343,O016471,RIDER2280,21,20,25,2.1,0
D015344,O016472,RIDER0952,25,30,16,0.6,5
D015345,O016473,RIDER2117,21,41,39,0.7,20
D015346,O016474,RIDER0859,42,44,42,3.1,2
D015347,O016475,RIDER0215,22,29,38,4.8,7
D015348,O016477,RIDER1843,25,35,21,11.0,10
D015349,O016478,RIDER1660,23,43,29,2.5,20
D015350,O016479,RIDER0312,42,66,15,8.6,24
D015351,O016480,RIDER1405,27,29,20,5.2,2
D015352,O016481,RIDER2261,39,37,30,0.4,0
D015353,O016482,RIDER1786,31,32,21,1.5,1
D015354,O016483,RIDER2421,37,44,29,1.2,7
D015355,O016484,RIDER0554,40,36,31,4.5,0
D015356,O016485,RIDER0732,31,27,16,0.9,0
D015357,O016487,RIDER1345,31,31,24,5.9,0
D015358,O016488,RIDER0378,66,65,19,0.3,0
D015359,O016489,RIDER2189,18,17,38,1.0,0
D015360,O016490,RIDER1279,31,27,36,5.0,0
D015361,O016491,RIDER1524,33,64,22,3.2,31
D015362,O016493,RIDER1544,33,31,21,4.5,0
D015363,O016495,RIDER0324,52,79,29,2.4,27
D015364,O016496,RIDER1855,17,15,27,3.3,0
D015365,O016497,RIDER0054,34,34,14,8.7,0
D015366,O016498,RIDER0646,66,85,37,3.5,19
D015367,O016499,RIDER0317,30,37,27,3.0,7
D015368,O016500,RIDER1035,42,43,33,0.9,1
D015369,O016502,RIDER0675,34,44,42,2.5,10
D015370,O016503,RIDER0598,41,69,37,1.7,28
D015371,O016504,RIDER2237,32,60,38,0.6,28
D015372,O016505,RIDER0584,30,61,14,1.5,31
D015373,O016506,RIDER2317,22,17,25,2.8,0
D015374,O016508,RIDER0670,40,54,19,5.9,14
D015375,O016509,RIDER1686,35,64,24,0.6,29
D015376,O016511,RIDER0601,41,64,16,0.9,23
D015377,O016512,RIDER1497,25,37,24,8.5,12
D015378,O016513,RIDER0564,21,53,40,1.2,32
D015379,O016514,RIDER0134,23,25,17,1.5,2
D015380,O016516,RIDER2393,32,27,35,0.4,0
D015381,O016517,RIDER1655,26,29,23,1.2,3
D015382,O016518,RIDER0203,32,53,38,3.8,21
D015383,O016519,RIDER0828,28,56,38,2.2,28
D015384,O016520,RIDER1600,20,17,23,1.0,0
D015385,O016521,RIDER0106,28,34,32,0.2,6
D015386,O016523,RIDER1496,34,35,33,1.8,1
D015387,O016524,RIDER0166,31,50,15,2.7,19
D015388,O016525,RIDER2131,33,44,21,4.3,11
D015389,O016526,RIDER1472,33,31,39,0.6,0
D015390,O016527,RIDER1640,35,39,21,2.9,4
D015391,O016528,RIDER2145,27,30,25,1.5,3
D015392,O016529,RIDER2036,29,50,37,1.5,21
D015393,O016530,RIDER0384,47,52,42,6.7,5
D015394,O016531,RIDER1784,45,48,31,3.1,3
D015395,O016532,RIDER2138,38,35,21,0.6,0
D015396,O016533,RIDER2433,49,51,33,1.5,2
D015397,O016534,RIDER2341,24,58,40,6.3,34
D015398,O016535,RIDER1250,40,42,33,1.3,2
D015399,O016536,RIDER0336,33,33,30,4.0,0
D015400,O016537,RIDER1066,33,40,31,0.4,7
D015401,O016538,RIDER2137,37,69,37,5.6,32
D015402,O016539,RIDER0178,26,27,14,2.0,1
D015403,O016540,RIDER2210,23,19,34,2.8,0
D015404,O016541,RIDER2172,29,26,16,6.2,0
D015405,O016542,RIDER2322,31,47,14,1.6,16
D015406,O016543,RIDER0429,29,35,34,6.3,6
D015407,O016544,RIDER0985,24,29,21,3.1,5
D015408,O016545,RIDER0631,29,25,36,5.0,0
D015409,O016547,RIDER1034,31,52,42,1.0,21
D015410,O016548,RIDER1692,40,45,22,2.6,5
D015411,O016549,RIDER1820,29,26,30,0.4,0
D015412,O016550,RIDER0764,24,19,31,3.5,0
D015413,O016551,RIDER1007,44,47,37,4.7,3
D015414,O016553,RIDER2196,33,33,31,1.9,0
D015415,O016554,RIDER1384,46,59,30,2.2,13
D015416,O016555,RIDER2034,42,39,31,3.0,0
D015417,O016556,RIDER0996,44,41,16,1.8,0
D015418,O016557,RIDER0757,30,29,38,3.9,0
D015419,O016558,RIDER1124,46,53,18,2.9,7
D015420,O016559,RIDER0227,37,53,41,1.7,16
D015421,O016560,RIDER1991,35,37,31,1.6,2
D015422,O016561,RIDER0819,48,60,28,5.5,12
D015423,O016562,RIDER0536,32,41,41,5.6,9
D015424,O016563,RIDER1738,47,79,35,5.6,32
D015425,O016564,RIDER2145,33,37,39,5.4,4
D015426,O016565,RIDER0785,47,53,31,2.8,6
D015427,O016566,RIDER2286,35,31,14,0.8,0
D015428,O016567,RIDER0136,35,39,40,1.8,4
D015429,O016568,RIDER1645,22,36,15,6.8,14
D015430,O016569,RIDER0568,27,31,31,2.0,4
D015431,O016571,RIDER0929,43,48,41,3.7,5
D015432,O016572,RIDER0365,70,94,37,3.5,24
D015433,O016573,RIDER1565,32,49,23,5.3,17
D015434,O016574,RIDER2141,37,50,20,1.4,13
D015435,O016575,RIDER0432,29,52,24,1.3,23
D015436,O016577,RIDER0143,23,18,38,0.7,0
D015437,O016578,RIDER1539,35,39,33,0.9,4
D015438,O016579,RIDER1636,55,57,37,3.5,2
D015439,O016580,RIDER1611,59,71,33,4.3,12
D015440,O016581,RIDER1149,32,28,21,1.9,0
D015441,O016582,RIDER2127,35,44,35,6.7,9
D015442,O016583,RIDER0405,34,39,14,1.2,5
D015443,O016584,RIDER1542,26,29,31,3.2,3
D015444,O016585,RIDER0802,42,38,24,6.5,0
D015445,O016586,RIDER0046,36,38,38,1.4,2
D015446,O016587,RIDER1986,45,65,37,2.5,20
D015447,O016588,RIDER0413,33,28,16,0.9,0
D015448,O016589,RIDER0891,30,25,33,3.4,0
D015449,O016590,RIDER2092,35,39,38,2.7,4
D015450,O016591,RIDER1968,27,57,37,4.2,30
D015451,O016592,RIDER0367,22,21,37,5.2,0
D015452,O016593,RIDER1913,20,27,16,7.6,7
D015453,O016594,RIDER1560,22,23,23,2.7,1
D015454,O016595,RIDER0927,25,27,20,3.0,2
D015455,O016596,RIDER0055,31,27,19,3.6,0
D015456,O016597,RIDER1786,29,44,15,7.7,15
D015457,O016598,RIDER0115,19,39,41,0.2,20
D015458,O016599,RIDER1332,37,33,24,2.2,0
D015459,O016600,RIDER2350,40,46,24,1.6,6
D015460,O016601,RIDER2182,39,52,36,4.0,13
D015461,O016602,RIDER0415,32,34,15,0.5,2
D015462,O016603,RIDER1424,30,29,23,3.9,0
D015463,O016605,RIDER1360,29,62,27,1.4,33
D015464,O016606,RIDER1607,29,30,15,5.8,1
D015465,O016607,RIDER2306,50,54,19,13.2,4
D015466,O016608,RIDER2425,18,18,38,5.1,0
D015467,O016609,RIDER0999,40,46,30,1.5,6
D015468,O016610,RIDER1934,32,39,14,1.7,7
D015469,O016611,RIDER1207,32,35,29,1.7,3
D015470,O016612,RIDER2403,20,27,40,1.2,7
D015471,O016613,RIDER1116,34,36,21,0.5,2
D015472,O016614,RIDER0545,28,47,18,6.9,19
D015473,O016615,RIDER1651,35,35,14,2.5,0
D015474,O016616,RIDER1933,25,35,27,0.9,10
D015475,O016617,RIDER0689,32,38,42,0.5,6
D015476,O016618,RIDER2028,19,31,18,2.4,12
D015477,O016619,RIDER0200,33,34,21,4.1,1
D015478,O016620,RIDER1254,23,26,17,1.3,3
D015479,O016621,RIDER1593,40,35,27,3.4,0
D015480,O016622,RIDER1141,53,78,24,2.1,25
D015481,O016623,RIDER1008,67,66,23,1.0,0
D015482,O016624,RIDER0080,28,50,31,0.5,22
D015483,O016625,RIDER0975,23,30,37,3.0,7
D015484,O016626,RIDER1432,43,39,21,1.0,0
D015485,O016627,RIDER1275,32,38,14,1.3,6
D015486,O016628,RIDER2046,25,41,21,7.1,16
D015487,O016630,RIDER1131,43,46,29,0.3,3
D015488,O016631,RIDER1054,31,63,27,2.3,32
D015489,O016632,RIDER2040,27,61,15,0.8,34
D015490,O016633,RIDER1928,28,30,19,3.5,2
D015491,O016634,RIDER1267,28,29,18,2.6,1
D015492,O016635,RIDER0505,37,39,28,1.1,2
D015493,O016636,RIDER1348,29,36,15,4.9,7
D015494,O016638,RIDER1811,57,75,29,1.2,18
D015495,O016639,RIDER0587,30,50,35,0.5,20
D015496,O016640,RIDER1418,50,48,28,3.3,0
D015497,O016641,RIDER1852,61,63,15,1.4,2
D015498,O016642,RIDER0530,37,66,19,2.3,29
D015499,O016643,RIDER2108,34,43,14,4.3,9
D015500,O016644,RIDER1758,38,34,39,0.5,0
D015501,O016645,RIDER0624,34,34,23,2.0,0
D015502,O016646,RIDER0891,27,51,37,4.1,24
D015503,O016649,RIDER1464,33,42,25,4.4,9
D015504,O016650,RIDER0958,26,25,16,1.4,0
D015505,O016651,RIDER0929,29,34,17,1.3,5
D015506,O016652,RIDER0881,37,33,14,9.6,0
D015507,O016653,RIDER0374,30,30,21,0.6,0
D015508,O016654,RIDER0211,38,56,38,0.0,18
D015509,O016655,RIDER2386,29,28,22,0.5,0
D015510,O016656,RIDER0730,34,50,14,0.7,16
D015511,O016657,RIDER0069,44,42,28,2.6,0
D015512,O016658,RIDER0884,38,49,28,4.6,11
D015513,O016659,RIDER1956,40,37,16,2.7,0
D015514,O016660,RIDER1865,31,29,41,1.4,0
D015515,O016661,RIDER2327,22,20,28,4.9,0
D015516,O016663,RIDER0181,42,58,31,1.9,16
D015517,O016664,RIDER1297,23,48,14,2.9,25
D015518,O016665,RIDER0192,31,58,33,1.4,27
D015519,O016667,RIDER0136,33,35,34,0.5,2
D015520,O016669,RIDER1173,31,34,36,1.4,3
D015521,O016671,RIDER1867,48,58,31,6.1,10
D015522,O016672,RIDER1068,33,35,14,1.8,2
D015523,O016673,RIDER2113,26,40,22,1.0,14
D015524,O016674,RIDER0796,33,40,31,2.9,7
D015525,O016675,RIDER1595,26,56,15,5.3,30
D015526,O016676,RIDER1226,35,39,25,0.1,4
D015527,O016677,RIDER1602,29,26,35,3.8,0
D015528,O016678,RIDER1006,28,26,22,3.0,0
D015529,O016679,RIDER1458,41,67,18,1.1,26
D015530,O016681,RIDER0140,29,24,39,1.2,0
D015531,O016682,RIDER0001,55,59,40,2.0,4
D015532,O016683,RIDER1902,33,48,30,1.9,15
D015533,O016684,RIDER2251,44,47,25,0.9,3
D015534,O016685,RIDER1828,27,60,28,2.6,33
D015535,O016686,RIDER1888,20,24,31,4.8,4
D015536,O016687,RIDER0085,22,23,34,1.4,1
D015537,O016688,RIDER0794,26,31,42,1.0,5
D015538,O016690,RIDER1139,32,33,25,1.8,1
D015539,O016691,RIDER0339,43,56,19,0.4,13
D015540,O016693,RIDER2400,23,43,19,1.7,20
D015541,O016694,RIDER2218,31,30,21,3.0,0
D015542,O016695,RIDER1096,54,84,28,2.5,30
D015543,O016696,RIDER2278,25,32,30,2.8,7
D015544,O016697,RIDER1347,26,29,16,1.8,3
D015545,O016698,RIDER0764,31,36,31,4.6,5
D015546,O016699,RIDER0102,24,27,36,1.1,3
D015547,O016700,RIDER0163,32,37,16,2.1,5
D015548,O016701,RIDER1494,24,26,29,2.1,2
D015549,O016702,RIDER0079,31,50,19,2.3,19
D015550,O016703,RIDER0312,31,32,16,7.8,1
D015551,O016704,RIDER2438,29,26,32,3.5,0
D015552,O016705,RIDER2059,23,24,16,7.0,1
D015553,O016706,RIDER1628,50,68,39,1.7,18
D015554,O016707,RIDER0033,70,73,21,0.3,3
D015555,O016708,RIDER2074,20,25,21,2.6,5
D015556,O016709,RIDER0161,36,63,21,1.5,27
D015557,O016710,RIDER0984,22,17,31,2.6,0
D015558,O016711,RIDER0363,24,26,33,5.7,2
D015559,O016712,RIDER2364,21,26,36,1.0,5
D015560,O016713,RIDER2103,30,55,32,2.0,25
D015561,O016714,RIDER0337,22,25,28,2.6,3
D015562,O016715,RIDER0549,45,79,14,6.3,34
D015563,O016716,RIDER0647,28,29,30,1.5,1
D015564,O016717,RIDER0626,24,19,18,0.0,0
D015565,O016718,RIDER2356,30,30,17,2.2,0
D015566,O016720,RIDER1538,37,61,14,1.4,24
D015567,O016721,RIDER0344,32,60,36,3.9,28
D015568,O016722,RIDER2400,26,60,21,14.4,34
D015569,O016725,RIDER0291,36,68,24,6.7,32
D015570,O016727,RIDER0790,42,57,24,3.9,15
D015571,O016728,RIDER1592,35,60,15,8.5,25
D015572,O016730,RIDER2477,52,70,29,2.8,18
D015573,O016731,RIDER1793,42,39,25,2.4,0
D015574,O016732,RIDER2287,19,21,35,7.9,2
D015575,O016733,RIDER2287,30,36,31,2.9,6
D015576,O016734,RIDER2126,33,64,34,1.6,31
D015577,O016735,RIDER0977,23,41,18,2.9,18
D015578,O016736,RIDER2396,45,74,15,0.2,29
D015579,O016737,RIDER0471,24,28,37,1.0,4
D015580,O016738,RIDER0703,34,30,38,1.9,0
D015581,O016739,RIDER0542,42,38,27,2.6,0
D015582,O016740,RIDER2435,30,45,29,1.2,15
D015583,O016741,RIDER0124,38,40,33,0.1,2
D015584,O016742,RIDER1026,22,21,42,5.7,0
D015585,O016743,RIDER1000,39,46,21,2.4,7
D015586,O016744,RIDER0704,27,22,42,1.4,0
D015587,O016745,RIDER2372,43,55,29,1.8,12
D015588,O016746,RIDER0975,67,73,24,3.4,6
D015589,O016747,RIDER1921,35,67,21,2.8,32
D015590,O016749,RIDER0290,25,24,32,4.4,0
D015591,O016750,RIDER0862,55,80,18,2.7,25
D015592,O016751,RIDER1876,39,54,38,0.3,15
D015593,O016752,RIDER1124,27,28,31,2.5,1
D015594,O016753,RIDER0606,39,38,16,7.9,0
D015595,O016754,RIDER1923,52,59,24,2.0,7
D015596,O016755,RIDER1815,49,48,39,4.6,0
D015597,O016756,RIDER2328,53,59,37,7.9,6
D015598,O016757,RIDER1438,42,48,24,3.3,6
D015599,O016758,RIDER0365,52,68,31,4.1,16
D015600,O016759,RIDER1560,49,54,24,7.4,5
D015601,O016760,RIDER0259,21,22,21,2.5,1
D015602,O016762,RIDER1114,32,42,32,1.2,10
D015603,O016763,RIDER0378,36,34,42,1.9,0
D015604,O016764,RIDER1025,31,32,26,1.8,1
D015605,O016765,RIDER1064,27,39,38,5.9,12
D015606,O016766,RIDER2218,44,43,22,3.8,0
D015607,O016768,RIDER1418,27,24,15,2.1,0
D015608,O016769,RIDER1414,28,24,30,0.9,0
D015609,O016770,RIDER1743,36,33,17,8.7,0
D015610,O016771,RIDER0908,27,40,32,2.8,13
D015611,O016772,RIDER0753,27,30,39,0.8,3
D015612,O016773,RIDER2271,28,51,40,2.4,23
D015613,O016774,RIDER1166,27,31,31,3.3,4
D015614,O016775,RIDER2191,24,51,36,2.0,27
D015615,O016776,RIDER2494,34,33,14,2.2,0
D015616,O016777,RIDER0362,41,45,14,4.1,4
D015617,O016778,RIDER0162,22,22,35,1.3,0
D015618,O016779,RIDER0017,36,40,29,5.8,4
D015619,O016780,RIDER0783,44,47,21,5.1,3
D015620,O016781,RIDER0722,29,44,14,3.3,15
D015621,O016782,RIDER2494,36,37,28,1.2,1
D015622,O016783,RIDER2237,34,37,38,2.1,3
D015623,O016784,RIDER1483,31,58,32,0.9,27
D015624,O016785,RIDER0866,30,26,27,1.7,0
D015625,O016786,RIDER0080,32,31,18,3.7,0
D015626,O016787,RIDER0664,25,29,37,5.7,4
D015627,O016788,RIDER1881,33,29,31,0.9,0
D015628,O016789,RIDER0862,42,37,41,2.2,0
D015629,O016790,RIDER0382,24,19,24,5.6,0
D015630,O016791,RIDER0352,23,20,24,6.0,0
D015631,O016792,RIDER2034,24,20,16,12.3,0
D015632,O016793,RIDER0724,20,22,37,4.0,2
D015633,O016794,RIDER0486,55,51,32,2.1,0
D015634,O016795,RIDER1545,43,43,36,1.8,0
D015635,O016796,RIDER2406,35,36,14,5.2,1
D015636,O016797,RIDER1110,19,33,33,1.8,14
D015637,O016798,RIDER0122,29,31,30,0.6,2
D015638,O016799,RIDER2204,37,39,29,1.4,2
D015639,O016800,RIDER0314,49,47,42,2.3,0
D015640,O016801,RIDER0345,45,68,24,2.8,23
D015641,O016802,RIDER0135,58,72,20,8.6,14
D015642,O016804,RIDER1335,37,64,41,1.9,27
D015643,O016805,RIDER2334,61,59,28,1.6,0
D015644,O016806,RIDER0234,24,43,33,2.6,19
D015645,O016807,RIDER0043,41,44,30,0.9,3
D015646,O016808,RIDER2336,45,75,14,5.0,30
D015647,O016811,RIDER1836,23,35,22,3.1,12
D015648,O016812,RIDER1307,29,29,35,1.0,0
D015649,O016813,RIDER0980,52,57,24,6.6,5
D015650,O016814,RIDER2469,46,48,16,2.6,2
D015651,O016815,RIDER1710,31,40,32,3.9,9
D015652,O016816,RIDER2477,25,21,21,2.5,0
D015653,O016817,RIDER0553,21,32,15,7.6,11
D015654,O016818,RIDER0856,21,18,17,0.7,0
D015655,O016820,RIDER0888,55,77,15,5.9,22
D015656,O016821,RIDER2144,24,19,25,5.2,0
D015657,O016822,RIDER2362,26,57,35,3.1,31
D015658,O016823,RIDER2092,26,43,21,1.3,17
D015659,O016824,RIDER1348,23,54,14,15.1,31
D015660,O016825,RIDER0549,23,38,31,0.9,15
D015661,O016826,RIDER0351,28,59,37,4.2,31
D015662,O016827,RIDER2175,36,33,15,0.8,0
D015663,O016828,RIDER0132,34,57,15,2.1,23
D015664,O016829,RIDER1612,36,43,19,5.5,7
D015665,O016830,RIDER0273,50,48,36,13.5,0
D015666,O016831,RIDER1624,28,27,33,2.2,0
D015667,O016832,RIDER1530,32,34,20,2.5,2
D015668,O016833,RIDER0055,29,38,29,15.0,9
D015669,O016834,RIDER1546,39,41,36,3.6,2
D015670,O016835,RIDER2070,31,47,36,2.2,16
D015671,O016836,RIDER1200,46,44,28,4.5,0
D015672,O016837,RIDER1960,21,19,40,5.1,0
D015673,O016838,RIDER0777,20,25,14,1.3,5
D015674,O016839,RIDER1998,49,51,18,2.5,2
D015675,O016840,RIDER1882,36,40,38,0.7,4
D015676,O016841,RIDER0845,26,23,18,3.6,0
D015677,O016842,RIDER0165,41,42,29,3.5,1
D015678,O016843,RIDER0148,27,28,21,1.2,1
D015679,O016844,RIDER0513,34,30,41,3.3,0
D015680,O016846,RIDER2066,44,74,33,1.7,30
D015681,O016847,RIDER1287,29,46,42,4.0,17
D015682,O016848,RIDER0976,33,59,31,2.5,26
D015683,O016849,RIDER1732,28,49,39,1.6,21
D015684,O016850,RIDER0334,23,20,42,2.1,0
D015685,O016851,RIDER2101,39,37,34,3.7,0
D015686,O016853,RIDER1413,31,38,27,2.5,7
D015687,O016854,RIDER1418,54,72,15,0.3,18
D015688,O016855,RIDER2061,23,29,27,3.1,6
D015689,O016856,RIDER0919,33,28,42,3.8,0
D015690,O016857,RIDER1286,24,21,42,0.5,0
D015691,O016858,RIDER0711,30,29,34,2.6,0
D015692,O016860,RIDER1200,47,70,42,6.8,23
D015693,O016861,RIDER2135,25,31,25,4.5,6
D015694,O016862,RIDER2381,31,33,15,1.7,2
D015695,O016863,RIDER0375,31,33,41,4.3,2
D015696,O016864,RIDER0812,38,70,22,3.1,32
D015697,O016865,RIDER0964,29,29,38,8.8,0
D015698,O016867,RIDER2065,42,70,29,2.4,28
D015699,O016868,RIDER0787,49,56,24,2.8,7
D015700,O016869,RIDER1137,33,32,16,6.3,0
D015701,O016870,RIDER0202,26,32,37,1.3,6
D015702,O016871,RIDER0053,32,27,26,3.6,0
D015703,O016872,RIDER2090,28,27,29,0.7,0
D015704,O016873,RIDER0282,32,38,14,1.1,6
D015705,O016874,RIDER0888,37,41,14,2.0,4
D015706,O016875,RIDER0387,36,37,30,0.2,1
D015707,O016876,RIDER2233,53,58,20,1.8,5
D015708,O016877,RIDER1303,31,35,26,6.7,4
D015709,O016879,RIDER0141,39,68,16,1.7,29
D015710,O016880,RIDER0484,22,38,28,1.6,16
D015711,O016881,RIDER2383,43,57,33,2.1,14
D015712,O016882,RIDER0219,26,29,28,4.4,3
D015713,O016883,RIDER0359,46,73,28,2.3,27
D015714,O016884,RIDER1905,33,67,18,3.3,34
D015715,O016885,RIDER1216,29,27,34,3.1,0
D015716,O016888,RIDER2082,27,46,24,0.6,19
D015717,O016889,RIDER1100,41,61,14,5.9,20
D015718,O016890,RIDER0622,31,39,23,8.9,8
D015719,O016891,RIDER2206,28,29,14,7.1,1
D015720,O016892,RIDER1529,22,28,23,4.2,6
D015721,O016893,RIDER1573,31,39,36,1.6,8
D015722,O016894,RIDER0397,23,18,15,1.8,0
D015723,O016895,RIDER1691,28,56,33,5.1,28
D015724,O016896,RIDER1922,40,37,34,3.2,0
D015725,O016897,RIDER1292,30,35,17,2.9,5
D015726,O016898,RIDER2271,30,36,15,1.0,6
D015727,O016899,RIDER1868,39,48,18,2.1,9
D015728,O016900,RIDER2356,40,45,39,3.0,5
D015729,O016901,RIDER2073,39,34,25,4.5,0
D015730,O016902,RIDER0543,70,74,30,0.2,4
D015731,O016903,RIDER0377,43,52,40,0.4,9
D015732,O016904,RIDER2245,32,39,14,2.7,7
D015733,O016905,RIDER0270,25,44,24,7.9,19
D015734,O016906,RIDER0366,33,30,14,0.3,0
D015735,O016907,RIDER0880,33,40,25,4.9,7
D015736,O016908,RIDER0365,38,69,21,5.3,31
D015737,O016909,RIDER0955,55,75,24,3.6,20
D015738,O016910,RIDER1428,35,39,29,1.5,4
D015739,O016911,RIDER2169,27,34,37,1.2,7
D015740,O016912,RIDER1167,26,36,34,0.3,10
D015741,O016913,RIDER1912,24,23,15,2.8,0
D015742,O016914,RIDER1000,26,37,40,3.6,11
D015743,O016915,RIDER2342,26,48,29,3.4,22
D015744,O016916,RIDER1973,34,32,18,0.4,0
D015745,O016917,RIDER1384,34,64,31,0.8,30
D015746,O016919,RIDER1860,26,21,14,1.6,0
D015747,O016921,RIDER0511,24,24,39,5.0,0
D015748,O016922,RIDER2450,26,23,19,3.0,0
D015749,O016923,RIDER1388,39,53,29,5.2,14
D015750,O016924,RIDER0711,43,70,40,3.1,27
D015751,O016925,RIDER2374,40,37,34,2.8,0
D015752,O016926,RIDER1317,39,71,30,0.6,32
D015753,O016927,RIDER1626,33,37,36,2.5,4
D015754,O016928,RIDER1113,34,30,24,7.0,0
D015755,O016929,RIDER0431,26,27,31,3.9,1
D015756,O016930,RIDER1375,33,40,18,0.5,7
D015757,O016931,RIDER0055,24,21,15,6.2,0
D015758,O016932,RIDER0323,44,47,27,0.6,3
D015759,O016933,RIDER2076,55,75,24,2.7,20
D015760,O016934,RIDER2370,40,38,41,1.5,0
D015761,O016935,RIDER1905,40,44,20,2.7,4
D015762,O016936,RIDER1237,41,39,16,0.5,0
D015763,O016937,RIDER0391,37,35,38,2.9,0
D015764,O016938,RIDER1012,29,60,30,0.7,31
D015765,O016939,RIDER2258,37,35,40,0.5,0
D015766,O016940,RIDER1529,41,36,36,5.3,0
D015767,O016941,RIDER0181,35,38,24,7.4,3
D015768,O016942,RIDER0911,26,23,15,1.7,0
D015769,O016943,RIDER1920,29,29,27,2.9,0
D015770,O016944,RIDER2323,36,37,28,5.8,1
D015771,O016945,RIDER0046,58,57,35,9.1,0
D015772,O016946,RIDER0087,30,54,29,0.9,24
D015773,O016947,RIDER1157,31,35,31,2.9,4
D015774,O016948,RIDER2253,24,30,25,2.7,6
D015775,O016949,RIDER1216,42,52,21,4.3,10
D015776,O016950,RIDER2256,34,30,39,4.9,0
D015777,O016951,RIDER0812,31,30,34,0.5,0
D015778,O016952,RIDER2114,33,39,33,3.7,6
D015779,O016953,RIDER0270,30,28,24,1.4,0
D015780,O016954,RIDER2289,22,17,18,2.7,0
D015781,O016955,RIDER2050,41,60,38,0.8,19
D015782,O016956,RIDER0185,29,25,16,1.8,0
D015783,O016957,RIDER0997,47,44,24,0.3,0
D015784,O016958,RIDER0772,38,49,40,2.5,11
D015785,O016959,RIDER0084,35,57,22,0.4,22
D015786,O016960,RIDER0542,39,71,14,1.7,32
D015787,O016962,RIDER1314,28,34,15,6.2,6
D015788,O016963,RIDER1297,30,28,33,2.0,0
D015789,O016964,RIDER2014,33,34,25,8.1,1
D015790,O016965,RIDER0674,30,30,30,0.2,0
D015791,O016966,RIDER1634,24,23,14,0.9,0
D015792,O016967,RIDER1794,34,31,15,2.4,0
D015793,O016968,RIDER1234,43,76,14,8.4,33
D015794,O016969,RIDER0133,39,44,23,1.3,5
D015795,O016970,RIDER1785,34,60,14,1.5,26
D015796,O016971,RIDER2207,17,28,27,0.5,11
D015797,O016972,RIDER1089,24,20,16,1.7,0
D015798,O016973,RIDER1065,27,24,38,5.1,0
D015799,O016974,RIDER2277,28,26,25,2.4,0
D015800,O016976,RIDER2193,25,32,24,0.2,7
D015801,O016977,RIDER0050,46,45,38,2.9,0
D015802,O016978,RIDER1799,33,38,28,0.7,5
D015803,O016979,RIDER1048,28,27,24,4.1,0
D015804,O016980,RIDER1702,36,40,25,2.7,4
D015805,O016981,RIDER1206,30,50,36,0.5,20
D015806,O016982,RIDER0323,32,27,25,3.6,0
D015807,O016983,RIDER1661,34,61,31,4.1,27
D015808,O016984,RIDER0101,25,25,36,6.7,0
D015809,O016985,RIDER0796,25,38,17,2.3,13
D015810,O016986,RIDER0443,28,30,37,4.6,2
D015811,O016987,RIDER2381,35,33,20,3.3,0
D015812,O016988,RIDER0335,27,23,29,2.1,0
D015813,O016989,RIDER0171,30,36,32,1.8,6
D015814,O016990,RIDER0172,28,57,14,4.4,29
D015815,O016991,RIDER1010,34,33,36,7.8,0
D015816,O016992,RIDER2178,29,29,16,0.7,0
D015817,O016993,RIDER1511,29,32,38,4.5,3
D015818,O016994,RIDER2435,34,41,15,3.7,7
D015819,O016995,RIDER1005,27,32,29,2.0,5
D015820,O016996,RIDER1293,33,36,40,3.0,3
D015821,O016997,RIDER0941,37,33,36,2.4,0
D015822,O016999,RIDER1774,20,15,15,1.4,0
D015823,O017000,RIDER2061,34,32,34,8.7,0
D015824,O017001,RIDER1564,33,39,31,4.3,6
D015825,O017002,RIDER0189,44,71,27,1.2,27
D015826,O017003,RIDER2326,34,40,15,1.2,6
D015827,O017004,RIDER1398,54,57,38,1.1,3
D015828,O017005,RIDER0047,26,46,38,0.3,20
D015829,O017006,RIDER1397,25,31,38,1.5,6
D015830,O017007,RIDER0882,40,73,15,3.8,33
D015831,O017008,RIDER0870,35,32,28,9.7,0
D015832,O017009,RIDER2389,40,73,29,0.7,33
D015833,O017011,RIDER1639,26,30,14,0.4,4
D015834,O017012,RIDER1271,31,55,18,3.5,24
D015835,O017014,RIDER0988,55,65,27,2.6,10
D015836,O017015,RIDER1451,30,27,38,1.0,0
D015837,O017016,RIDER0745,36,36,28,4.1,0
D015838,O017018,RIDER0565,31,37,31,1.6,6
D015839,O017019,RIDER1342,44,42,42,2.5,0
D015840,O017020,RIDER1535,27,28,15,1.1,1
D015841,O017021,RIDER1278,32,36,21,1.2,4
D015842,O017022,RIDER0217,31,47,24,0.6,16
D015843,O017023,RIDER1946,19,21,41,1.1,2
D015844,O017024,RIDER0948,62,63,31,1.4,1
D015845,O017025,RIDER1109,43,72,34,3.7,29
D015846,O017026,RIDER1698,27,26,15,1.8,0
D015847,O017027,RIDER0302,39,48,27,2.4,9
D015848,O017028,RIDER1465,35,37,37,4.5,2
D015849,O017029,RIDER0614,22,17,14,11.7,0
D015850,O017030,RIDER0125,34,37,19,2.0,3
D015851,O017031,RIDER0395,29,40,33,1.1,11
D015852,O017032,RIDER0995,35,48,37,5.3,13
D015853,O017034,RIDER1808,33,37,29,0.6,4
D015854,O017035,RIDER0108,32,37,24,3.1,5
D015855,O017036,RIDER1456,33,36,30,6.1,3
D015856,O017037,RIDER1263,20,53,30,4.2,33
D015857,O017038,RIDER1611,34,45,22,5.9,11
D015858,O017040,RIDER0939,34,29,21,0.2,0
D015859,O017041,RIDER1839,28,24,40,1.9,0
D015860,O017042,RIDER1529,23,26,16,1.7,3
D015861,O017043,RIDER1414,21,23,40,7.7,2
D015862,O017044,RIDER1495,36,40,33,1.3,4
D015863,O017045,RIDER1855,28,27,32,5.9,0
D015864,O017046,RIDER2170,30,26,40,10.2,0
D015865,O017048,RIDER1783,32,35,27,1.2,3
D015866,O017049,RIDER0499,34,29,27,0.3,0
D015867,O017050,RIDER1478,51,75,16,2.6,24
D015868,O017051,RIDER0585,22,22,31,2.2,0
D015869,O017052,RIDER1393,26,25,37,2.2,0
D015870,O017053,RIDER0302,27,34,38,0.4,7
D015871,O017055,RIDER0351,64,70,29,2.3,6
D015872,O017056,RIDER0812,22,19,18,9.3,0
D015873,O017057,RIDER2445,23,42,42,1.6,19
D015874,O017058,RIDER1048,29,34,28,1.9,5
D015875,O017059,RIDER2447,20,18,42,7.4,0
D015876,O017060,RIDER0965,23,20,25,3.8,0
D015877,O017061,RIDER1531,40,47,33,0.5,7
D015878,O017062,RIDER2124,66,64,16,3.1,0
D015879,O017063,RIDER1642,56,59,16,6.0,3
D015880,O017064,RIDER1000,22,23,32,2.9,1
D015881,O017065,RIDER1944,38,44,35,3.0,6
D015882,O017066,RIDER1752,30,58,19,1.8,28
D015883,O017067,RIDER0541,26,37,33,0.6,11
D015884,O017068,RIDER1513,24,52,24,3.0,28
D015885,O017069,RIDER0438,40,42,34,2.4,2
D015886,O017070,RIDER1333,24,45,15,0.2,21
D015887,O017071,RIDER1516,19,26,42,3.1,7
D015888,O017073,RIDER2227,20,22,35,4.2,2
D015889,O017074,RIDER1562,27,55,33,1.7,28
D015890,O017075,RIDER0554,21,48,32,3.0,27
D015891,O017076,RIDER1764,27,52,14,1.0,25
D015892,O017077,RIDER2161,37,59,23,5.9,22
D015893,O017078,RIDER1497,29,42,21,4.2,13
D015894,O017080,RIDER1617,26,27,42,2.1,1
D015895,O017081,RIDER1864,39,49,25,0.3,10
D015896,O017082,RIDER2045,49,56,31,2.2,7
D015897,O017083,RIDER2460,35,39,37,2.2,4
D015898,O017084,RIDER0193,44,48,30,2.4,4
D015899,O017085,RIDER1822,41,44,31,4.0,3
D015900,O017086,RIDER2315,40,61,27,19.5,21
D015901,O017087,RIDER1513,33,53,19,1.3,20
D015902,O017088,RIDER1704,26,23,27,0.7,0
D015903,O017089,RIDER0548,23,46,33,1.6,23
D015904,O017090,RIDER1770,41,48,29,0.9,7
D015905,O017091,RIDER0089,30,27,24,4.3,0
D015906,O017092,RIDER0058,51,64,31,1.7,13
D015907,O017095,RIDER1027,30,35,38,4.4,5
D015908,O017096,RIDER0171,34,47,35,0.6,13
D015909,O017097,RIDER1483,24,33,31,3.2,9
D015910,O017098,RIDER0943,29,26,25,0.9,0
D015911,O017099,RIDER0541,31,64,37,5.0,33
D015912,O017100,RIDER0163,40,55,15,4.7,15
D015913,O017101,RIDER0747,22,28,21,4.3,6
D015914,O017103,RIDER0054,27,30,29,1.3,3
D015915,O017104,RIDER1602,25,29,14,4.2,4
D015916,O017105,RIDER1003,22,17,15,1.5,0
D015917,O017106,RIDER2283,32,45,30,3.4,13
D015918,O017107,RIDER0030,31,38,37,2.9,7
D015919,O017108,RIDER1969,44,59,38,1.8,15
D015920,O017109,RIDER2217,36,32,15,5.0,0
D015921,O017110,RIDER0801,40,46,42,3.2,6
D015922,O017111,RIDER1364,32,35,24,4.3,3
D015923,O017112,RIDER2480,35,32,23,8.3,0
D015924,O017114,RIDER0495,50,81,14,5.4,31
D015925,O017115,RIDER2232,34,31,23,4.8,0
D015926,O017116,RIDER0216,39,48,21,0.7,9
D015927,O017117,RIDER0779,38,34,37,1.0,0
D015928,O017118,RIDER0772,22,31,33,1.9,9
D015929,O017120,RIDER0982,65,77,31,0.3,12
D015930,O017121,RIDER2322,38,65,42,8.9,27
D015931,O017122,RIDER0384,22,36,16,1.0,14
D015932,O017123,RIDER1922,40,37,36,5.7,0
D015933,O017124,RIDER1114,32,36,31,6.3,4
D015934,O017125,RIDER1371,38,61,22,0.7,23
D015935,O017126,RIDER1712,39,41,18,2.4,2
D015936,O017127,RIDER2356,54,59,35,0.5,5
D015937,O017128,RIDER0607,23,49,31,2.1,26
D015938,O017129,RIDER2284,23,20,17,2.5,0
D015939,O017130,RIDER1149,24,51,30,4.2,27
D015940,O017131,RIDER2376,41,48,33,1.7,7
D015941,O017132,RIDER2108,21,26,42,2.0,5
D015942,O017133,RIDER0675,42,65,24,3.0,23
D015943,O017134,RIDER0290,45,47,22,2.1,2
D015944,O017135,RIDER0782,28,40,42,2.1,12
D015945,O017136,RIDER2345,26,56,23,7.1,30
D015946,O017137,RIDER1931,27,34,14,1.7,7
D015947,O017138,RIDER1172,30,27,20,7.7,0
D015948,O017140,RIDER1890,30,56,19,3.6,26
D015949,O017141,RIDER0852,51,51,28,0.4,0
D015950,O017142,RIDER0851,70,71,42,3.3,1
D015951,O017143,RIDER1944,33,63,14,1.7,30
D015952,O017144,RIDER0794,32,32,35,3.3,0
D015953,O017145,RIDER1067,26,28,37,1.3,2
D015954,O017146,RIDER1192,44,71,22,0.5,27
D015955,O017147,RIDER1035,32,39,16,4.3,7
D015956,O017148,RIDER1750,23,30,39,2.9,7
D015957,O017150,RIDER1296,22,18,31,1.9,0
D015958,O017151,RIDER1997,29,27,21,3.0,0
D015959,O017152,RIDER1318,27,29,14,0.3,2
D015960,O017153,RIDER2014,48,46,42,1.5,0
D015961,O017154,RIDER0747,45,54,14,3.0,9
D015962,O017155,RIDER0175,23,30,31,5.5,7
D015963,O017156,RIDER0108,37,67,15,0.3,30
D015964,O017158,RIDER1432,45,62,14,0.5,17
D015965,O017159,RIDER0240,23,27,26,2.7,4
D015966,O017160,RIDER2096,27,29,37,0.9,2
D015967,O017161,RIDER1546,23,37,16,3.9,14
D015968,O017162,RIDER1164,40,46,21,0.6,6
D015969,O017163,RIDER1804,56,62,25,1.0,6
D015970,O017164,RIDER2357,35,42,21,5.0,7
D015971,O017165,RIDER1396,23,29,22,0.5,6
D015972,O017166,RIDER0371,27,35,27,5.0,8
D015973,O017167,RIDER0901,19,52,29,1.8,33
D015974,O017168,RIDER0361,29,32,31,7.3,3
D015975,O017169,RIDER2396,43,46,31,3.7,3
D015976,O017171,RIDER1591,24,23,17,2.1,0
D015977,O017172,RIDER0401,34,67,41,1.1,33
D015978,O017173,RIDER1377,34,35,16,4.5,1
D015979,O017174,RIDER1641,23,20,16,5.5,0
D015980,O017175,RIDER0760,32,31,24,1.4,0
D015981,O017176,RIDER1759,28,30,31,1.0,2
D015982,O017177,RIDER0726,30,30,31,7.2,0
D015983,O017178,RIDER0233,33,34,27,1.0,1
D015984,O017179,RIDER0696,33,56,25,1.9,23
D015985,O017180,RIDER0166,57,75,30,6.8,18
D015986,O017181,RIDER0616,22,18,36,2.9,0
D015987,O017182,RIDER0581,33,28,31,2.5,0
D015988,O017183,RIDER0336,38,42,27,4.3,4
D015989,O017184,RIDER2114,23,30,21,0.5,7
D015990,O017185,RIDER2165,33,63,15,1.5,30
D015991,O017186,RIDER0895,34,56,14,5.7,22
D015992,O017187,RIDER2429,19,22,26,5.6,3
D015993,O017188,RIDER1764,40,35,38,1.2,0
D015994,O017189,RIDER1439,59,56,27,3.6,0
D015995,O017190,RIDER2121,30,32,21,1.6,2
D015996,O017191,RIDER1223,38,33,27,4.0,0
D015997,O017192,RIDER2151,28,31,31,1.0,3
D015998,O017193,RIDER2008,27,28,21,8.3,1
D015999,O017194,RIDER1200,36,33,14,4.0,0
D016000,O017195,RIDER1518,48,81,37,3.7,33
D016001,O017196,RIDER1677,46,56,37,8.2,10
D016002,O017197,RIDER1749,44,41,14,4.5,0
D016003,O017198,RIDER2318,30,42,39,2.5,12
D016004,O017199,RIDER0443,31,63,33,0.8,32
D016005,O017200,RIDER2364,21,19,39,3.5,0
D016006,O017201,RIDER1016,32,32,38,2.4,0
D016007,O017202,RIDER1435,41,37,32,5.0,0
D016008,O017203,RIDER0097,23,22,22,3.8,0
D016009,O017204,RIDER0691,30,35,24,2.8,5
D016010,O017206,RIDER2455,50,55,26,0.6,5
D016011,O017207,RIDER0039,41,68,27,1.6,27
D016012,O017208,RIDER1070,22,26,14,6.3,4
D016013,O017209,RIDER0068,17,26,41,7.2,9
D016014,O017210,RIDER0952,41,53,37,5.7,12
D016015,O017211,RIDER0528,40,46,14,1.0,6
D016016,O017212,RIDER1145,28,45,16,3.2,17
D016017,O017213,RIDER0181,35,65,16,3.2,30
D016018,O017214,RIDER2435,25,25,27,4.4,0
D016019,O017215,RIDER1020,55,73,16,0.6,18
D016020,O017216,RIDER0618,61,64,40,1.6,3
D016021,O017217,RIDER1333,37,42,31,2.4,5
D016022,O017218,RIDER0401,24,26,14,2.8,2
D016023,O017219,RIDER0999,27,45,31,1.8,18
D016024,O017220,RIDER0723,32,57,36,2.0,25
D016025,O017221,RIDER0910,24,23,25,0.6,0
D016026,O017222,RIDER1257,51,70,23,3.7,19
D016027,O017224,RIDER2021,39,43,14,3.5,4
D016028,O017226,RIDER0687,25,56,33,5.1,31
D016029,O017227,RIDER1518,46,79,25,4.9,33
D016030,O017228,RIDER1730,28,31,31,0.4,3
D016031,O017229,RIDER1925,33,28,22,3.0,0
D016032,O017230,RIDER2384,28,41,23,1.4,13
D016033,O017231,RIDER0720,40,46,41,4.2,6
D016034,O017232,RIDER0468,30,25,35,2.0,0
D016035,O017234,RIDER0241,36,40,40,4.4,4
D016036,O017235,RIDER0162,49,83,25,2.3,34
D016037,O017236,RIDER0730,34,66,37,3.7,32
D016038,O017237,RIDER0813,29,42,30,1.3,13
D016039,O017238,RIDER1575,46,79,16,1.9,33
D016040,O017239,RIDER2155,39,40,39,4.5,1
D016041,O017240,RIDER1111,34,40,29,0.5,6
D016042,O017241,RIDER2126,28,35,21,5.6,7
D016043,O017243,RIDER2193,37,46,14,2.7,9
D016044,O017244,RIDER0566,40,65,25,4.4,25
D016045,O017245,RIDER2490,23,26,28,5.2,3
D016046,O017246,RIDER0591,26,23,23,3.0,0
D016047,O017247,RIDER2023,49,80,27,1.1,31
D016048,O017248,RIDER1020,31,42,24,2.8,11
D016049,O017249,RIDER2255,35,30,33,1.1,0
D016050,O017250,RIDER1375,31,46,31,3.0,15
D016051,O017251,RIDER2334,35,42,37,1.4,7
D016052,O017252,RIDER2358,33,36,42,2.0,3
D016053,O017253,RIDER1306,25,36,40,7.4,11
D016054,O017254,RIDER0512,23,30,40,0.9,7
D016055,O017255,RIDER0295,20,26,29,2.7,6
D016056,O017256,RIDER2410,25,32,21,1.9,7
D016057,O017257,RIDER1023,42,49,19,2.5,7
D016058,O017258,RIDER1706,42,37,31,1.2,0
D016059,O017259,RIDER0011,42,63,20,1.6,21
D016060,O017260,RIDER2083,34,33,21,2.2,0
D016061,O017261,RIDER0528,26,30,38,4.0,4
D016062,O017263,RIDER1475,47,61,39,2.0,14
D016063,O017264,RIDER0127,51,64,35,3.6,13
D016064,O017265,RIDER1328,41,46,32,1.4,5
D016065,O017266,RIDER0412,28,60,37,1.3,32
D016066,O017267,RIDER1477,27,32,32,3.8,5
D016067,O017269,RIDER1160,55,71,40,5.3,16
D016068,O017270,RIDER1684,35,42,19,2.3,7
D016069,O017271,RIDER0344,25,20,15,4.5,0
D016070,O017272,RIDER1525,49,50,38,5.9,1
D016071,O017273,RIDER1451,43,71,31,5.4,28
D016072,O017274,RIDER0805,42,39,34,1.9,0
D016073,O017275,RIDER0555,23,18,39,3.1,0
D016074,O017276,RIDER2314,21,28,39,2.8,7
D016075,O017277,RIDER1164,24,28,25,6.0,4
D016076,O017278,RIDER0938,36,42,27,3.4,6
D016077,O017279,RIDER1901,32,29,19,2.5,0
D016078,O017280,RIDER0636,40,53,40,3.0,13
D016079,O017281,RIDER0546,26,31,15,2.0,5
D016080,O017283,RIDER1922,39,36,29,3.6,0
D016081,O017284,RIDER0468,28,25,29,2.0,0
D016082,O017285,RIDER2131,31,36,36,1.8,5
D016083,O017286,RIDER1828,26,28,19,1.2,2
D016084,O017287,RIDER2468,30,25,17,4.0,0
D016085,O017288,RIDER0042,31,31,21,1.3,0
D016086,O017290,RIDER2461,34,40,29,0.9,6
D016087,O017291,RIDER2406,28,31,41,8.3,3
D016088,O017293,RIDER1455,45,58,25,4.2,13
D016089,O017294,RIDER0008,41,50,30,8.1,9
D016090,O017295,RIDER2021,24,25,28,4.8,1
D016091,O017296,RIDER1238,28,45,23,1.1,17
D016092,O017297,RIDER1908,40,47,20,4.0,7
D016093,O017298,RIDER2488,52,80,14,2.3,28
D016094,O017299,RIDER0537,23,51,40,4.5,28
D016095,O017300,RIDER0669,26,31,23,2.8,5
D016096,O017301,RIDER1973,26,47,39,2.2,21
D016097,O017303,RIDER0160,31,53,28,3.6,22
D016098,O017304,RIDER1680,39,45,15,4.6,6
D016099,O017305,RIDER2034,29,25,29,4.9,0
D016100,O017306,RIDER0210,26,31,23,1.4,5
D016101,O017307,RIDER2405,20,18,29,4.4,0
D016102,O017308,RIDER0875,32,34,25,2.8,2
D016103,O017309,RIDER2196,25,49,35,2.7,24
D016104,O017310,RIDER1811,22,29,14,2.2,7
D016105,O017312,RIDER1680,41,59,18,1.9,18
D016106,O017313,RIDER0303,38,37,37,4.0,0
D016107,O017314,RIDER2260,24,24,36,1.8,0
D016108,O017315,RIDER0463,24,33,18,2.1,9
D016109,O017317,RIDER0109,41,42,14,11.9,1
D016110,O017318,RIDER1063,29,52,15,0.3,23
D016111,O017319,RIDER0180,29,27,37,1.3,0
D016112,O017320,RIDER0038,30,33,15,1.8,3
D016113,O017321,RIDER1718,27,38,38,3.4,11
D016114,O017322,RIDER0692,19,38,32,5.6,19
D016115,O017323,RIDER1519,33,37,14,3.4,4
D016116,O017324,RIDER0568,45,41,34,2.3,0
D016117,O017325,RIDER1293,24,30,40,1.5,6
D016118,O017326,RIDER2045,53,48,33,3.0,0
D016119,O017327,RIDER1321,36,41,15,3.2,5
D016120,O017328,RIDER1745,36,40,42,11.9,4
D016121,O017329,RIDER1636,48,65,31,0.4,17
D016122,O017330,RIDER1546,26,29,32,2.0,3
D016123,O017331,RIDER0168,30,46,35,2.1,16
D016124,O017332,RIDER1093,25,22,21,2.7,0
D016125,O017333,RIDER2264,35,61,25,2.6,26
D016126,O017334,RIDER2246,44,39,20,1.1,0
D016127,O017335,RIDER0432,26,33,31,0.9,7
D016128,O017336,RIDER1385,29,34,16,3.7,5
D016129,O017337,RIDER0596,20,20,16,3.9,0
D016130,O017338,RIDER0025,33,30,15,1.0,0
D016131,O017339,RIDER1114,31,27,29,4.3,0
D016132,O017341,RIDER1492,26,25,30,5.1,0
D016133,O017342,RIDER0237,47,67,21,1.5,20
D016134,O017343,RIDER1946,31,50,24,3.1,19
D016135,O017344,RIDER1743,37,58,15,2.4,21
D016136,O017345,RIDER0799,54,71,18,2.2,17
D016137,O017346,RIDER1654,28,50,42,3.8,22
D016138,O017348,RIDER1527,25,23,19,2.3,0
D016139,O017349,RIDER1030,48,78,31,5.7,30
D016140,O017350,RIDER0049,28,29,21,0.3,1
D016141,O017351,RIDER1180,20,18,16,2.9,0
D016142,O017352,RIDER0904,41,43,22,5.5,2
D016143,O017353,RIDER1843,43,61,32,13.4,18
D016144,O017354,RIDER0662,35,49,25,6.5,14
D016145,O017355,RIDER2051,44,42,33,2.0,0
D016146,O017357,RIDER0797,31,36,33,4.1,5
D016147,O017358,RIDER0795,21,25,21,0.1,4
D016148,O017359,RIDER2492,39,41,39,2.9,2
D016149,O017360,RIDER1518,42,49,22,0.3,7
D016150,O017361,RIDER1575,52,48,30,3.7,0
D016151,O017362,RIDER0339,54,50,21,4.4,0
D016152,O017363,RIDER1619,40,39,31,0.7,0
D016153,O017364,RIDER1362,21,25,29,3.3,4
D016154,O017365,RIDER2136,26,22,25,0.8,0
D016155,O017366,RIDER0090,45,44,25,1.2,0
D016156,O017367,RIDER0649,56,69,38,0.7,13
D016157,O017369,RIDER0580,49,45,39,1.7,0
D016158,O017370,RIDER1900,38,56,22,1.1,18
D016159,O017371,RIDER0672,28,24,31,1.7,0
D016160,O017372,RIDER0089,44,56,23,5.1,12
D016161,O017373,RIDER0001,30,33,31,3.3,3
D016162,O017374,RIDER0546,25,29,21,1.4,4
D016163,O017375,RIDER0935,20,26,27,6.8,6
D016164,O017377,RIDER0671,24,44,31,1.7,20
D016165,O017378,RIDER0205,31,32,16,6.6,1
D016166,O017379,RIDER1580,46,51,30,4.2,5
D016167,O017380,RIDER1602,30,36,34,5.1,6
D016168,O017382,RIDER0936,28,41,42,2.0,13
D016169,O017383,RIDER1652,35,42,33,0.8,7
D016170,O017384,RIDER0091,24,48,42,8.6,24
D016171,O017385,RIDER1483,30,35,33,4.1,5
D016172,O017386,RIDER1935,29,40,15,2.8,11
D016173,O017387,RIDER1204,35,46,27,2.3,11
D016174,O017388,RIDER1354,35,42,24,3.8,7
D016175,O017390,RIDER2044,25,20,21,1.4,0
D016176,O017391,RIDER1861,36,40,31,3.9,4
D016177,O017392,RIDER0280,32,36,23,3.7,4
D016178,O017393,RIDER0747,33,29,14,6.3,0
D016179,O017395,RIDER2450,31,40,20,1.1,9
D016180,O017396,RIDER0201,29,25,33,2.0,0
D016181,O017397,RIDER0775,41,44,34,10.4,3
D016182,O017398,RIDER1154,28,61,21,1.1,33
D016183,O017399,RIDER1382,31,30,24,7.1,0
D016184,O017400,RIDER1277,27,29,22,2.1,2
D016185,O017401,RIDER2248,34,37,38,4.5,3
D016186,O017402,RIDER0970,30,37,29,4.9,7
D016187,O017403,RIDER0927,24,21,39,12.2,0
D016188,O017404,RIDER2119,24,19,36,1.3,0
D016189,O017405,RIDER1634,42,58,14,1.4,16
D016190,O017406,RIDER0681,23,49,32,3.3,26
D016191,O017407,RIDER2216,34,41,33,0.2,7
D016192,O017408,RIDER1658,31,49,21,3.9,18
D016193,O017409,RIDER2383,23,20,27,5.3,0
D016194,O017410,RIDER0378,24,21,31,7.1,0
D016195,O017411,RIDER0348,38,36,23,1.3,0
D016196,O017412,RIDER2277,29,25,35,2.5,0
D016197,O017413,RIDER1132,25,54,35,2.0,29
D016198,O017414,RIDER1483,29,50,23,1.3,21
D016199,O017415,RIDER1846,27,22,14,6.3,0
D016200,O017416,RIDER0553,32,46,39,4.6,14
D016201,O017417,RIDER1980,57,61,38,2.7,4
D016202,O017418,RIDER0398,31,37,30,0.8,6
D016203,O017419,RIDER0660,29,31,19,0.5,2
D016204,O017420,RIDER1397,32,31,16,1.1,0
D016205,O017421,RIDER2172,39,46,25,0.6,7
D016206,O017422,RIDER1245,30,34,23,2.5,4
D016207,O017423,RIDER1021,23,25,18,6.0,2
D016208,O017424,RIDER0813,26,30,21,0.6,4
D016209,O017425,RIDER0889,30,29,38,0.6,0
D016210,O017426,RIDER1465,31,31,37,0.3,0
D016211,O017428,RIDER2171,23,20,17,3.8,0
D016212,O017430,RIDER1352,30,38,21,3.6,8
D016213,O017431,RIDER2288,33,66,38,7.2,33
D016214,O017432,RIDER2220,38,65,17,3.4,27
D016215,O017433,RIDER0131,44,54,24,3.0,10
D016216,O017434,RIDER2351,21,22,41,9.8,1
D016217,O017435,RIDER0311,29,29,39,2.3,0
D016218,O017436,RIDER1767,43,43,16,2.9,0
D016219,O017437,RIDER2245,19,15,41,0.3,0
D016220,O017439,RIDER0298,21,22,22,3.6,1
D016221,O017440,RIDER1870,28,33,35,5.2,5
D016222,O017441,RIDER1137,30,31,22,0.9,1
D016223,O017442,RIDER1244,32,36,33,0.8,4
D016224,O017443,RIDER0425,26,31,32,1.9,5
D016225,O017444,RIDER1081,30,35,31,0.1,5
D016226,O017445,RIDER0386,37,70,27,2.9,33
D016227,O017446,RIDER2101,31,26,33,1.2,0
D016228,O017447,RIDER2024,26,42,38,0.5,16
D016229,O017448,RIDER2161,24,26,36,2.6,2
D016230,O017449,RIDER0208,29,29,16,0.9,0
D016231,O017450,RIDER2026,31,34,29,3.0,3
D016232,O017451,RIDER0604,21,47,42,2.8,26
D016233,O017452,RIDER0063,32,38,19,1.0,6
D016234,O017453,RIDER2477,44,42,39,2.5,0
D016235,O017454,RIDER2217,28,29,19,1.8,1
D016236,O017455,RIDER0541,20,26,27,1.1,6
D016237,O017456,RIDER0002,35,49,14,2.2,14
D016238,O017457,RIDER1682,42,45,30,5.8,3
D016239,O017458,RIDER2227,28,25,37,3.1,0
D016240,O017459,RIDER1279,25,32,17,3.9,7
D016241,O017461,RIDER0633,32,30,31,7.5,0
D016242,O017462,RIDER0404,28,51,27,2.1,23
D016243,O017463,RIDER0039,44,65,40,9.1,21
D016244,O017464,RIDER0127,23,26,38,5.1,3
D016245,O017465,RIDER0111,32,32,38,1.3,0
D016246,O017466,RIDER1888,28,36,32,3.0,8
D016247,O017467,RIDER0952,27,32,21,5.1,5
D016248,O017468,RIDER0127,55,57,29,3.9,2
D016249,O017469,RIDER0747,36,35,14,1.0,0
D016250,O017470,RIDER0763,18,21,30,5.0,3
D016251,O017471,RIDER1931,32,44,31,2.1,12
D016252,O017472,RIDER0527,22,20,17,3.3,0
D016253,O017473,RIDER0214,25,27,30,3.4,2
D016254,O017474,RIDER0444,40,63,15,0.8,23
D016255,O017475,RIDER1583,33,36,36,2.6,3
D016256,O017477,RIDER0054,35,61,22,0.2,26
D016257,O017478,RIDER0537,33,60,17,3.8,27
D016258,O017479,RIDER2453,57,59,22,1.6,2
D016259,O017480,RIDER1142,26,27,14,4.4,1
D016260,O017481,RIDER1670,29,54,16,1.3,25
D016261,O017482,RIDER0723,22,31,42,3.5,9
D016262,O017483,RIDER2222,38,40,38,7.6,2
D016263,O017484,RIDER2351,43,66,38,3.5,23
D016264,O017485,RIDER0302,36,34,38,1.5,0
D016265,O017487,RIDER2446,32,63,25,3.1,31
D016266,O017488,RIDER2209,25,23,33,1.4,0
D016267,O017489,RIDER1349,35,53,24,5.5,18
D016268,O017491,RIDER1615,28,24,16,2.0,0
D016269,O017492,RIDER1057,25,33,28,1.2,8
D016270,O017493,RIDER0129,32,27,34,3.6,0
D016271,O017494,RIDER2240,23,26,37,2.0,3
D016272,O017495,RIDER1773,33,38,33,0.3,5
D016273,O017496,RIDER2493,30,57,37,6.1,27
D016274,O017497,RIDER0731,30,32,15,1.0,2
D016275,O017498,RIDER0408,28,46,34,4.8,18
D016276,O017499,RIDER0050,21,44,15,1.4,23
D016277,O017500,RIDER1494,40,69,40,9.5,29
D016278,O017501,RIDER1755,29,31,14,4.9,2
D016279,O017502,RIDER0209,40,43,29,5.2,3
D016280,O017503,RIDER1695,29,33,22,4.4,4
D016281,O017504,RIDER2311,26,27,34,4.1,1
D016282,O017505,RIDER0219,30,63,28,10.9,33
D016283,O017506,RIDER1692,30,35,42,5.4,5
D016284,O017507,RIDER1532,37,37,32,1.7,0
D016285,O017508,RIDER0118,27,30,31,1.0,3
D016286,O017509,RIDER2296,33,39,25,5.1,6
D016287,O017510,RIDER0811,21,22,41,10.1,1
D016288,O017511,RIDER1691,31,31,30,1.6,0
D016289,O017513,RIDER0746,20,21,19,2.2,1
D016290,O017514,RIDER2289,36,39,14,0.5,3
D016291,O017515,RIDER2309,23,27,29,0.5,4
D016292,O017517,RIDER1228,36,54,38,3.2,18
D016293,O017518,RIDER0729,33,28,25,3.5,0
D016294,O017519,RIDER2467,41,43,30,1.2,2
D016295,O017520,RIDER0327,35,39,37,3.2,4
D016296,O017521,RIDER0674,33,28,15,0.6,0
D016297,O017522,RIDER2001,52,54,29,5.7,2
D016298,O017523,RIDER0114,38,72,21,2.6,34
D016299,O017524,RIDER2005,29,60,41,9.2,31
D016300,O017525,RIDER1706,48,49,28,3.1,1
D016301,O017526,RIDER0281,38,62,38,4.0,24
D016302,O017527,RIDER0902,18,16,25,3.2,0
D016303,O017528,RIDER2379,70,85,31,3.5,15
D016304,O017529,RIDER0957,24,36,33,5.1,12
D016305,O017530,RIDER0315,21,26,21,2.5,5
D016306,O017531,RIDER2144,34,59,31,4.1,25
D016307,O017532,RIDER0198,34,39,25,2.8,5
D016308,O017534,RIDER1556,29,36,40,1.6,7
D016309,O017535,RIDER0031,31,49,17,4.9,18
D016310,O017536,RIDER0399,25,28,14,0.9,3
D016311,O017537,RIDER0174,26,21,20,8.5,0
D016312,O017538,RIDER0859,29,35,34,3.0,6
D016313,O017539,RIDER2483,41,63,40,0.4,22
D016314,O017540,RIDER0962,33,64,20,1.8,31
D016315,O017541,RIDER0654,32,55,34,1.0,23
D016316,O017542,RIDER0640,48,71,31,0.7,23
D016317,O017543,RIDER0611,28,40,20,8.4,12
D016318,O017544,RIDER0327,25,25,14,4.3,0
D016319,O017545,RIDER0203,26,44,42,0.8,18
D016320,O017546,RIDER0212,38,39,25,0.7,1
D016321,O017547,RIDER2078,35,41,41,0.4,6
D016322,O017548,RIDER0852,25,27,29,1.8,2
D016323,O017549,RIDER1689,41,43,18,1.1,2
D016324,O017550,RIDER2203,37,54,41,1.6,17
D016325,O017551,RIDER0638,31,55,16,6.1,24
D016326,O017552,RIDER0440,23,30,32,2.3,7
D016327,O017553,RIDER1292,29,62,20,2.4,33
D016328,O017554,RIDER1494,27,25,37,1.7,0
D016329,O017555,RIDER1289,28,32,31,0.8,4
D016330,O017556,RIDER0167,35,60,29,0.8,25
D016331,O017557,RIDER2184,31,61,30,0.8,30
D016332,O017558,RIDER1141,24,39,27,2.8,15
D016333,O017559,RIDER0169,34,39,31,3.3,5
D016334,O017560,RIDER1852,30,49,14,2.6,19
D016335,O017561,RIDER0690,27,28,39,1.8,1
D016336,O017562,RIDER2151,24,28,24,4.0,4
D016337,O017563,RIDER1831,24,30,15,1.1,6
D016338,O017564,RIDER0173,39,67,31,1.3,28
D016339,O017565,RIDER0822,27,29,31,3.4,2
D016340,O017566,RIDER0301,22,38,21,4.3,16
D016341,O017567,RIDER1555,24,40,30,2.3,16
D016342,O017568,RIDER1798,32,49,37,2.9,17
D016343,O017569,RIDER0577,25,57,23,5.1,32
D016344,O017570,RIDER1591,37,40,40,0.7,3
D016345,O017571,RIDER0125,34,38,41,5.1,4
D016346,O017572,RIDER0730,21,19,24,1.9,0
D016347,O017573,RIDER1319,41,43,14,3.8,2
D016348,O017574,RIDER1043,44,46,25,2.7,2
D016349,O017575,RIDER0254,41,36,23,3.2,0
D016350,O017576,RIDER0028,19,15,29,0.4,0
D016351,O017577,RIDER2259,18,16,42,8.7,0
D016352,O017578,RIDER1704,26,43,31,10.5,17
D016353,O017579,RIDER1560,52,59,15,0.3,7
D016354,O017580,RIDER1667,32,65,37,0.7,33
D016355,O017581,RIDER1351,31,36,17,5.6,5
D016356,O017582,RIDER0898,27,31,21,0.6,4
D016357,O017583,RIDER0339,24,42,21,1.1,18
D016358,O017584,RIDER1225,60,60,31,3.7,0
D016359,O017585,RIDER2479,27,28,31,3.9,1
D016360,O017586,RIDER1907,23,28,42,4.4,5
D016361,O017587,RIDER1740,39,60,25,3.7,21
D016362,O017588,RIDER2151,25,29,18,9.0,4
D016363,O017589,RIDER1329,25,56,31,2.2,31
D016364,O017590,RIDER1835,26,56,31,4.1,30
D016365,O017591,RIDER2112,20,28,37,2.4,8
D016366,O017592,RIDER1950,24,21,38,5.3,0
D016367,O017593,RIDER1261,54,80,16,2.0,26
D016368,O017594,RIDER0715,51,53,42,5.0,2
D016369,O017595,RIDER0948,36,40,29,4.8,4
D016370,O017596,RIDER0347,20,21,29,3.0,1
D016371,O017597,RIDER0003,33,50,41,1.2,17
D016372,O017598,RIDER1328,27,29,31,3.2,2
D016373,O017599,RIDER2172,36,56,14,0.9,20
D016374,O017600,RIDER0341,36,68,41,4.8,32
D016375,O017602,RIDER2467,51,54,30,1.7,3
D016376,O017603,RIDER1440,33,58,21,1.7,25
D016377,O017604,RIDER1461,40,38,37,3.8,0
D016378,O017605,RIDER1548,35,65,22,4.1,30
D016379,O017607,RIDER0431,37,49,15,2.3,12
D016380,O017608,RIDER2018,29,46,24,2.7,17
D016381,O017609,RIDER0116,21,21,23,1.3,0
D016382,O017610,RIDER1647,31,35,42,0.6,4
D016383,O017611,RIDER0554,52,78,31,0.5,26
D016384,O017612,RIDER2070,54,53,28,2.2,0
D016385,O017613,RIDER1320,28,32,18,3.0,4
D016386,O017614,RIDER1582,51,49,14,11.2,0
D016387,O017616,RIDER0850,41,42,35,5.0,1
D016388,O017617,RIDER0829,40,36,23,2.2,0
D016389,O017618,RIDER1275,29,45,35,2.7,16
D016390,O017619,RIDER0963,35,30,30,0.7,0
D016391,O017620,RIDER1164,42,60,30,1.5,18
D016392,O017621,RIDER0077,25,23,16,2.7,0
D016393,O017622,RIDER0796,44,51,24,2.3,7
D016394,O017623,RIDER1734,20,23,14,2.5,3
D016395,O017624,RIDER1860,26,32,29,3.3,6
D016396,O017625,RIDER1734,32,37,16,5.3,5
D016397,O017627,RIDER2147,28,60,31,1.9,32
D016398,O017629,RIDER0026,28,33,35,6.1,5
D016399,O017630,RIDER0841,41,41,26,1.6,0
D016400,O017631,RIDER2298,37,71,14,2.5,34
D016401,O017632,RIDER1233,24,20,29,7.0,0
D016402,O017633,RIDER0770,24,27,16,1.0,3
D016403,O017634,RIDER0373,26,27,41,2.8,1
D016404,O017635,RIDER0236,29,31,30,2.5,2
D016405,O017636,RIDER2183,31,30,15,2.4,0
D016406,O017637,RIDER1001,38,49,33,0.3,11
D016407,O017638,RIDER2242,25,29,15,2.0,4
D016408,O017639,RIDER0403,21,20,23,4.6,0
D016409,O017640,RIDER1866,23,28,19,1.2,5
D016410,O017641,RIDER2426,40,35,30,1.2,0
D016411,O017642,RIDER2112,24,29,15,1.9,5
D016412,O017643,RIDER1012,30,51,31,1.8,21
D016413,O017644,RIDER0203,39,39,36,4.6,0
D016414,O017645,RIDER1111,26,34,17,2.1,8
D016415,O017646,RIDER0165,20,48,30,1.1,28
D016416,O017647,RIDER0831,38,40,36,4.3,2
D016417,O017648,RIDER0657,29,55,32,1.2,26
D016418,O017650,RIDER0355,27,32,18,5.0,5
D016419,O017651,RIDER1296,47,48,27,3.5,1
D016420,O017652,RIDER0707,51,56,25,0.4,5
D016421,O017653,RIDER1659,29,56,32,0.1,27
D016422,O017654,RIDER0718,24,19,14,4.1,0
D016423,O017655,RIDER0995,27,47,17,1.3,20
D016424,O017656,RIDER1715,63,79,26,0.3,16
D016425,O017657,RIDER0513,26,39,33,5.5,13
D016426,O017658,RIDER1686,35,69,21,0.4,34
D016427,O017659,RIDER0242,21,20,14,1.7,0
D016428,O017660,RIDER0949,28,25,23,2.3,0
D016429,O017661,RIDER1023,37,37,18,6.5,0
D016430,O017663,RIDER0383,32,27,40,1.3,0
D016431,O017664,RIDER0291,39,36,21,5.4,0
D016432,O017665,RIDER0333,36,56,18,2.1,20
D016433,O017666,RIDER0584,47,48,33,3.6,1
D016434,O017667,RIDER0091,41,60,26,7.6,19
D016435,O017668,RIDER1889,23,27,15,2.8,4
D016436,O017669,RIDER0862,38,33,28,1.3,0
D016437,O017670,RIDER1356,24,31,37,5.8,7
D016438,O017671,RIDER2375,34,33,14,1.4,0
D016439,O017672,RIDER1799,17,31,42,3.9,14
D016440,O017673,RIDER1538,33,35,34,0.7,2
D016441,O017675,RIDER1057,24,29,42,3.7,5
D016442,O017676,RIDER0835,33,30,29,1.7,0
D016443,O017678,RIDER0442,21,17,19,1.3,0
D016444,O017679,RIDER0739,41,53,39,2.9,12
D016445,O017680,RIDER0096,24,22,27,5.6,0
D016446,O017681,RIDER0387,21,26,42,5.7,5
D016447,O017682,RIDER0916,21,35,37,6.2,14
D016448,O017683,RIDER1616,46,62,37,3.8,16
D016449,O017684,RIDER0917,25,25,38,1.3,0
D016450,O017685,RIDER2420,27,34,14,0.1,7
D016451,O017686,RIDER0592,20,34,42,2.3,14
D016452,O017687,RIDER2163,29,48,17,3.1,19
D016453,O017688,RIDER0547,31,31,36,5.2,0
D016454,O017689,RIDER2444,51,73,31,6.6,22
D016455,O017690,RIDER1685,33,48,31,3.6,15
D016456,O017691,RIDER1317,25,29,29,2.8,4
D016457,O017692,RIDER2054,38,35,31,1.3,0
D016458,O017693,RIDER2485,31,37,21,5.5,6
D016459,O017694,RIDER1875,36,31,38,0.8,0
D016460,O017695,RIDER1673,29,60,31,3.3,31
D016461,O017696,RIDER1945,36,39,14,1.0,3
D016462,O017697,RIDER0037,31,27,29,0.2,0
D016463,O017698,RIDER2113,49,72,39,4.7,23
D016464,O017699,RIDER2359,40,38,37,0.2,0
D016465,O017700,RIDER2410,29,30,16,3.3,1
D016466,O017701,RIDER1098,45,47,31,0.4,2
D016467,O017702,RIDER2439,34,42,14,8.8,8
D016468,O017703,RIDER2380,42,57,42,2.8,15
D016469,O017704,RIDER0731,26,24,39,2.7,0
D016470,O017705,RIDER2074,39,53,36,1.5,14
D016471,O017706,RIDER1578,53,54,25,10.8,1
D016472,O017707,RIDER0927,18,22,21,6.7,4
D016473,O017708,RIDER0797,35,37,28,1.7,2
D016474,O017709,RIDER0613,37,66,19,3.9,29
D016475,O017710,RIDER2396,40,69,37,0.8,29
D016476,O017711,RIDER0163,37,39,26,0.9,2
D016477,O017712,RIDER0359,25,24,32,9.8,0
D016478,O017713,RIDER0628,38,71,34,4.4,33
D016479,O017714,RIDER0227,29,35,34,1.6,6
D016480,O017715,RIDER1560,39,38,27,0.1,0
D016481,O017716,RIDER1327,35,55,14,1.8,20
D016482,O017717,RIDER2170,27,27,30,11.5,0
D016483,O017718,RIDER0798,32,58,38,12.3,26
D016484,O017720,RIDER1469,22,18,30,2.6,0
D016485,O017721,RIDER2132,54,64,21,3.1,10
D016486,O017722,RIDER2150,48,43,22,3.6,0
D016487,O017723,RIDER0687,46,60,28,4.7,14
D016488,O017724,RIDER1397,47,54,15,1.6,7
D016489,O017726,RIDER1797,48,51,15,2.1,3
D016490,O017727,RIDER0136,32,36,23,6.8,4
D016491,O017728,RIDER0192,25,26,37,0.3,1
D016492,O017729,RIDER0398,24,43,27,8.4,19
D016493,O017730,RIDER0450,36,60,22,0.9,24
D016494,O017731,RIDER2350,70,79,33,3.1,9
D016495,O017732,RIDER1687,27,32,21,4.6,5
D016496,O017734,RIDER1239,49,58,27,0.3,9
D016497,O017735,RIDER0200,25,53,25,2.2,28
D016498,O017736,RIDER0755,33,32,31,0.3,0
D016499,O017737,RIDER0676,47,67,15,4.5,20
D016500,O017738,RIDER1653,20,20,19,7.8,0
D016501,O017739,RIDER1126,25,52,37,1.3,27
D016502,O017740,RIDER0213,26,23,36,1.6,0
D016503,O017741,RIDER2366,34,39,22,1.6,5
D016504,O017742,RIDER2435,47,66,32,13.2,19
D016505,O017743,RIDER0164,45,77,22,1.6,32
D016506,O017744,RIDER2141,30,30,22,4.3,0
D016507,O017747,RIDER0407,28,24,21,1.1,0
D016508,O017748,RIDER1987,22,20,15,0.9,0
D016509,O017749,RIDER0534,27,28,19,2.2,1
D016510,O017750,RIDER1397,26,30,17,0.0,4
D016511,O017751,RIDER1192,23,22,31,4.4,0
D016512,O017752,RIDER0358,42,69,31,3.7,27
D016513,O017753,RIDER2309,30,37,34,2.2,7
D016514,O017755,RIDER2213,36,31,32,5.0,0
D016515,O017756,RIDER0932,34,46,29,2.3,12
D016516,O017757,RIDER2333,40,46,24,3.4,6
D016517,O017759,RIDER2308,63,75,40,6.4,12
D016518,O017760,RIDER1942,40,66,31,1.6,26
D016519,O017761,RIDER2418,32,60,28,1.6,28
D016520,O017762,RIDER0683,56,63,23,1.2,7
D016521,O017764,RIDER1314,26,51,36,5.8,25
D016522,O017765,RIDER1563,40,41,39,1.4,1
D016523,O017766,RIDER1702,38,33,19,4.8,0
D016524,O017767,RIDER1187,30,31,14,10.6,1
D016525,O017768,RIDER1717,31,29,31,2.2,0
D016526,O017769,RIDER0124,30,30,18,0.9,0
D016527,O017770,RIDER0110,43,49,36,8.6,6
D016528,O017771,RIDER0859,35,69,38,1.7,34
D016529,O017772,RIDER1569,31,36,29,2.8,5
D016530,O017773,RIDER0325,21,50,35,0.4,29
D016531,O017774,RIDER1499,48,72,14,2.6,24
D016532,O017775,RIDER2254,33,48,30,3.4,15
D016533,O017776,RIDER0817,28,48,14,1.0,20
D016534,O017777,RIDER1348,32,35,14,1.2,3
D016535,O017778,RIDER2064,69,75,39,2.2,6
D016536,O017779,RIDER0953,28,49,31,4.2,21
D016537,O017780,RIDER2348,28,41,15,1.7,13
D016538,O017781,RIDER1046,32,36,36,2.1,4
D016539,O017782,RIDER2297,30,55,31,2.3,25
D016540,O017783,RIDER1470,24,19,34,4.7,0
D016541,O017784,RIDER1723,29,34,42,0.4,5
D016542,O017785,RIDER1212,23,27,23,0.9,4
D016543,O017786,RIDER0502,28,23,24,1.6,0
D016544,O017787,RIDER1792,33,40,29,3.1,7
D016545,O017788,RIDER0218,26,30,14,2.1,4
D016546,O017789,RIDER1128,57,61,40,1.3,4
D016547,O017790,RIDER2172,36,51,16,1.3,15
D016548,O017791,RIDER2220,49,70,30,1.5,21
D016549,O017792,RIDER0122,47,47,31,0.6,0
D016550,O017793,RIDER0314,70,97,37,3.2,27
D016551,O017794,RIDER0211,25,59,15,2.7,34
D016552,O017795,RIDER0975,67,88,41,2.5,21
D016553,O017796,RIDER1897,26,28,24,4.7,2
D016554,O017797,RIDER2121,24,21,30,3.9,0
D016555,O017798,RIDER0225,42,51,21,0.3,9
D016556,O017799,RIDER2075,69,83,23,3.0,14
D016557,O017800,RIDER0797,28,25,21,1.1,0
D016558,O017801,RIDER0685,28,32,30,6.0,4
D016559,O017802,RIDER1041,29,46,27,1.1,17
D016560,O017803,RIDER0421,25,28,24,4.6,3
D016561,O017804,RIDER2356,41,57,34,0.3,16
D016562,O017805,RIDER0945,29,27,14,10.8,0
D016563,O017806,RIDER2206,28,33,33,0.8,5
D016564,O017807,RIDER1314,29,57,36,3.2,28
D016565,O017808,RIDER2238,37,34,25,0.1,0
D016566,O017809,RIDER0311,28,26,28,1.0,0
D016567,O017811,RIDER0518,31,36,18,2.1,5
D016568,O017812,RIDER2225,32,37,29,1.8,5
D016569,O017813,RIDER0055,37,33,23,0.2,0
D016570,O017814,RIDER1889,39,43,38,3.3,4
D016571,O017815,RIDER0901,68,71,14,3.1,3
D016572,O017816,RIDER1777,30,41,20,4.7,11
D016573,O017817,RIDER0998,32,32,27,2.1,0
D016574,O017818,RIDER0086,37,34,23,16.0,0
D016575,O017819,RIDER2238,40,43,33,3.5,3
D016576,O017820,RIDER0909,46,56,20,1.3,10
D016577,O017821,RIDER0805,29,26,30,6.1,0
D016578,O017822,RIDER0655,27,39,14,2.4,12
D016579,O017823,RIDER0491,29,24,33,1.0,0
D016580,O017825,RIDER0555,50,65,33,4.0,15
D016581,O017826,RIDER0822,45,47,29,4.3,2
D016582,O017827,RIDER0143,39,46,15,7.1,7
D016583,O017828,RIDER1575,39,42,38,3.8,3
D016584,O017831,RIDER1928,27,60,23,1.5,33
D016585,O017832,RIDER1769,18,38,25,0.6,20
D016586,O017833,RIDER1599,22,17,22,3.3,0
D016587,O017834,RIDER1822,27,40,22,0.4,13
D016588,O017835,RIDER1264,26,56,24,3.3,30
D016589,O017836,RIDER0120,37,43,29,2.8,6
D016590,O017838,RIDER2186,29,35,19,9.0,6
D016591,O017839,RIDER0497,26,28,32,6.1,2
D016592,O017840,RIDER1501,39,46,21,1.0,7
D016593,O017841,RIDER2483,52,58,21,4.2,6
D016594,O017842,RIDER1074,41,46,15,4.6,5
D016595,O017843,RIDER1561,69,78,18,3.2,9
D016596,O017844,RIDER2413,40,45,41,2.8,5
D016597,O017845,RIDER0055,24,22,38,2.4,0
D016598,O017846,RIDER2000,19,21,32,1.7,2
D016599,O017847,RIDER1574,45,50,21,2.2,5
D016600,O017849,RIDER1862,56,63,31,0.8,7
D016601,O017851,RIDER0953,26,23,36,1.5,0
D016602,O017852,RIDER2390,22,25,18,2.4,3
D016603,O017853,RIDER2071,27,60,31,2.9,33
D016604,O017854,RIDER2439,41,37,37,5.6,0
D016605,O017856,RIDER1305,24,49,28,1.3,25
D016606,O017857,RIDER0406,31,34,19,5.5,3
D016607,O017858,RIDER0527,40,35,33,0.5,0
D016608,O017859,RIDER0125,37,59,15,7.0,22
D016609,O017861,RIDER0384,29,40,37,1.1,11
D016610,O017862,RIDER1300,41,50,18,4.2,9
D016611,O017863,RIDER0121,45,79,22,6.9,34
D016612,O017864,RIDER1162,45,49,32,6.7,4
D016613,O017865,RIDER1134,30,45,33,4.8,15
D016614,O017866,RIDER0541,35,67,17,2.3,32
D016615,O017867,RIDER1311,21,49,28,8.3,28
D016616,O017868,RIDER1468,29,40,29,1.0,11
D016617,O017869,RIDER0549,29,31,15,0.1,2
D016618,O017870,RIDER0882,29,26,31,1.8,0
D016619,O017872,RIDER2097,39,61,40,4.1,22
D016620,O017873,RIDER0785,40,42,15,9.3,2
D016621,O017875,RIDER1535,24,28,39,1.5,4
D016622,O017876,RIDER1256,33,31,39,3.8,0
D016623,O017877,RIDER1195,26,23,30,6.9,0
D016624,O017878,RIDER1996,29,36,30,4.2,7
D016625,O017879,RIDER1959,24,30,40,10.1,6
D016626,O017880,RIDER0267,36,33,42,1.6,0
D016627,O017881,RIDER0635,30,41,15,0.7,11
D016628,O017882,RIDER0493,31,63,42,2.5,32
D016629,O017886,RIDER0011,28,28,37,0.2,0
D016630,O017887,RIDER2097,40,37,33,2.2,0
D016631,O017888,RIDER1045,27,28,23,1.5,1
D016632,O017889,RIDER1573,27,30,33,5.0,3
D016633,O017890,RIDER1533,36,35,16,1.7,0
D016634,O017891,RIDER1977,38,39,18,1.0,1
D016635,O017892,RIDER0532,29,34,32,0.2,5
D016636,O017893,RIDER1378,38,41,21,4.4,3
D016637,O017894,RIDER1510,32,45,30,1.6,13
D016638,O017895,RIDER2079,41,36,15,4.1,0
D016639,O017896,RIDER0926,27,27,24,3.0,0
D016640,O017897,RIDER0841,67,95,24,1.4,28
D016641,O017898,RIDER2015,32,27,28,1.3,0
D016642,O017900,RIDER0567,34,36,21,4.1,2
D016643,O017902,RIDER0133,25,20,21,14.5,0
D016644,O017903,RIDER1694,39,42,40,6.5,3
D016645,O017904,RIDER0725,30,33,31,0.4,3
D016646,O017905,RIDER1488,30,32,38,7.0,2
D016647,O017906,RIDER0490,27,32,23,2.2,5
D016648,O017907,RIDER1334,29,30,38,1.9,1
D016649,O017908,RIDER1485,35,66,32,0.5,31
D016650,O017909,RIDER0630,38,71,32,0.2,33
D016651,O017910,RIDER1597,35,48,35,0.1,13
D016652,O017911,RIDER1495,42,51,15,4.1,9
D016653,O017912,RIDER1759,32,37,14,6.1,5
D016654,O017913,RIDER2385,62,88,38,0.8,26
D016655,O017914,RIDER0419,29,31,31,2.6,2
D016656,O017915,RIDER0925,47,54,37,3.5,7
D016657,O017916,RIDER1129,32,37,30,0.6,5
D016658,O017917,RIDER1129,22,25,30,6.1,3
D016659,O017918,RIDER0709,32,29,38,1.5,0
D016660,O017919,RIDER0179,48,50,35,4.7,2
D016661,O017920,RIDER1499,60,62,35,3.1,2
D016662,O017921,RIDER1886,20,25,38,1.7,5
D016663,O017922,RIDER2045,47,46,42,6.2,0
D016664,O017923,RIDER1717,21,26,31,5.4,5
D016665,O017924,RIDER0607,62,88,16,1.9,26
D016666,O017925,RIDER2204,20,49,42,3.8,29
D016667,O017926,RIDER1904,23,37,14,2.7,14
D016668,O017927,RIDER0768,48,74,19,3.7,26
D016669,O017929,RIDER0301,39,44,21,5.2,5
D016670,O017930,RIDER0429,33,35,17,1.8,2
D016671,O017931,RIDER0523,42,49,18,1.8,7
D016672,O017932,RIDER1071,29,27,37,2.2,0
D016673,O017933,RIDER2199,51,51,21,1.3,0
D016674,O017934,RIDER1081,60,65,14,5.8,5
D016675,O017935,RIDER0647,23,21,24,3.8,0
D016676,O017936,RIDER1364,48,69,29,0.6,21
D016677,O017937,RIDER2179,35,36,14,1.8,1
D016678,O017938,RIDER1067,31,63,21,2.5,32
D016679,O017939,RIDER2170,36,43,16,1.5,7
D016680,O017940,RIDER2409,27,26,27,1.9,0
D016681,O017941,RIDER1384,29,33,17,2.0,4
D016682,O017942,RIDER1704,20,15,14,6.5,0
D016683,O017943,RIDER0997,33,28,42,2.1,0
D016684,O017944,RIDER1238,26,57,38,3.2,31
D016685,O017945,RIDER2434,49,66,18,1.6,17
D016686,O017947,RIDER1800,44,49,41,8.0,5
D016687,O017948,RIDER0647,44,42,22,4.5,0
D016688,O017949,RIDER2442,22,30,23,7.2,8
D016689,O017950,RIDER0031,35,39,24,3.0,4
D016690,O017952,RIDER0542,38,65,21,2.5,27
D016691,O017953,RIDER0328,34,45,36,1.7,11
D016692,O017954,RIDER0225,33,38,30,2.5,5
D016693,O017955,RIDER1619,55,85,25,0.7,30
D016694,O017956,RIDER1069,34,50,26,2.4,16
D016695,O017957,RIDER0839,50,45,38,3.5,0
D016696,O017958,RIDER0323,29,34,21,2.4,5
D016697,O017959,RIDER0645,31,53,32,2.9,22
D016698,O017960,RIDER0849,31,65,32,4.0,34
D016699,O017961,RIDER0704,29,61,31,3.1,32
D016700,O017962,RIDER1679,54,74,32,3.6,20
D016701,O017963,RIDER0489,33,47,28,0.7,14
D016702,O017964,RIDER0524,36,34,31,8.5,0
D016703,O017965,RIDER1783,26,29,40,9.0,3
D016704,O017966,RIDER0435,33,32,27,1.4,0
D016705,O017967,RIDER2460,30,40,28,0.7,10
D016706,O017968,RIDER2226,27,45,32,2.9,18
D016707,O017969,RIDER0598,32,27,18,1.5,0
D016708,O017970,RIDER0245,29,33,29,2.7,4
D016709,O017971,RIDER0852,43,60,37,0.7,17
D016710,O017972,RIDER0779,26,21,33,0.7,0
D016711,O017973,RIDER2439,28,49,25,0.9,21
D016712,O017976,RIDER1949,35,44,14,3.8,9
D016713,O017977,RIDER1801,51,84,17,6.1,33
D016714,O017978,RIDER0384,42,46,33,2.3,4
D016715,O017979,RIDER0007,37,39,42,1.4,2
D016716,O017980,RIDER1512,37,48,18,1.3,11
D016717,O017981,RIDER1451,26,49,28,5.8,23
D016718,O017982,RIDER0662,46,59,38,0.7,13
D016719,O017983,RIDER0975,33,28,38,1.1,0
D016720,O017984,RIDER1098,30,44,21,2.5,14
D016721,O017987,RIDER1977,70,102,37,3.5,32
D016722,O017988,RIDER0876,40,72,31,1.1,32
D016723,O017989,RIDER1709,48,44,32,0.5,0
D016724,O017990,RIDER0830,28,39,14,9.3,11
D016725,O017991,RIDER0025,50,61,29,4.0,11
D016726,O017992,RIDER0687,27,30,33,2.4,3
D016727,O017993,RIDER2048,37,39,42,4.1,2
D016728,O017994,RIDER2442,37,36,24,1.5,0
D016729,O017996,RIDER2354,20,23,25,3.9,3
D016730,O017997,RIDER1727,24,24,28,5.3,0
D016731,O017998,RIDER2422,37,56,15,3.6,19
D016732,O017999,RIDER1459,31,65,24,5.4,34
D016733,O018000,RIDER1988,35,35,14,0.8,0
D016734,O018002,RIDER0251,36,62,25,0.1,26
D016735,O018003,RIDER1255,29,30,31,6.3,1
D016736,O018004,RIDER1755,26,36,21,1.5,10
D016737,O018005,RIDER0481,23,18,22,0.2,0
D016738,O018006,RIDER1469,28,37,16,1.0,9
D016739,O018007,RIDER0016,36,32,21,1.5,0
D016740,O018008,RIDER0228,28,38,31,3.2,10
D016741,O018009,RIDER0398,30,42,37,1.2,12
D016742,O018010,RIDER1743,28,26,42,3.6,0
D016743,O018011,RIDER1628,22,37,30,1.1,15
D016744,O018012,RIDER0590,29,46,30,1.6,17
D016745,O018014,RIDER1319,28,28,14,1.3,0
D016746,O018015,RIDER1987,53,65,17,4.1,12
D016747,O018016,RIDER1486,39,55,38,3.4,16
D016748,O018017,RIDER1063,30,39,21,0.6,9
D016749,O018018,RIDER0075,41,47,35,5.1,6
D016750,O018019,RIDER1813,37,39,22,6.5,2
D016751,O018021,RIDER0914,27,27,31,0.7,0
D016752,O018022,RIDER0162,40,54,30,4.3,14
D016753,O018023,RIDER0022,35,31,28,2.5,0
D016754,O018024,RIDER0638,25,32,28,1.8,7
D016755,O018025,RIDER0666,42,47,37,4.8,5
D016756,O018027,RIDER1992,35,37,30,8.3,2
D016757,O018028,RIDER0086,28,54,18,2.3,26
D016758,O018029,RIDER0537,33,31,25,0.3,0
D016759,O018031,RIDER2270,37,35,17,5.0,0
D016760,O018032,RIDER2191,61,65,21,3.0,4
D016761,O018033,RIDER0813,22,28,33,2.1,6
D016762,O018034,RIDER1601,41,71,23,3.2,30
D016763,O018035,RIDER0004,37,63,14,1.3,26
D016764,O018036,RIDER1712,35,39,23,2.8,4
D016765,O018037,RIDER1966,46,45,27,1.2,0
D016766,O018038,RIDER1767,40,47,27,5.8,7
D016767,O018039,RIDER1237,33,29,17,0.8,0
D016768,O018040,RIDER1157,25,29,32,0.1,4
D016769,O018042,RIDER0658,28,31,40,3.5,3
D016770,O018043,RIDER1187,41,66,17,1.0,25
D016771,O018045,RIDER1506,53,51,39,1.4,0
D016772,O018046,RIDER2471,28,35,28,2.3,7
D016773,O018047,RIDER1063,48,55,20,1.0,7
D016774,O018048,RIDER2184,31,62,38,2.6,31
D016775,O018049,RIDER2427,37,48,25,3.6,11
D016776,O018050,RIDER0344,44,44,30,1.9,0
D016777,O018051,RIDER1169,24,31,29,1.8,7
D016778,O018053,RIDER1243,33,29,21,7.1,0
D016779,O018054,RIDER2072,29,35,15,0.3,6
D016780,O018055,RIDER1616,37,60,27,7.1,23
D016781,O018056,RIDER0388,42,57,15,3.8,15
D016782,O018057,RIDER0700,21,53,19,3.4,32
D016783,O018058,RIDER1773,44,64,21,2.1,20
D016784,O018059,RIDER2195,64,66,38,1.9,2
D016785,O018060,RIDER1554,31,60,29,1.9,29
D016786,O018061,RIDER0382,42,44,21,0.2,2
D016787,O018062,RIDER1058,26,23,31,3.7,0
D016788,O018063,RIDER1303,19,24,26,0.4,5
D016789,O018064,RIDER2471,18,17,36,7.3,0
D016790,O018065,RIDER2364,30,43,21,0.5,13
D016791,O018066,RIDER1851,47,67,23,8.2,20
D016792,O018067,RIDER2352,30,36,38,5.1,6
D016793,O018068,RIDER0834,27,26,24,2.5,0
D016794,O018069,RIDER1676,34,68,34,3.7,34
D016795,O018070,RIDER2327,27,48,15,4.5,21
D016796,O018071,RIDER1545,26,24,14,2.0,0
D016797,O018072,RIDER2357,38,65,35,4.9,27
D016798,O018073,RIDER1700,60,56,32,0.8,0
D016799,O018074,RIDER0343,21,19,29,8.2,0
D016800,O018075,RIDER1930,23,24,37,3.9,1
D016801,O018076,RIDER2305,30,41,30,8.5,11
D016802,O018077,RIDER1638,25,22,29,4.9,0
D016803,O018078,RIDER0354,34,64,19,2.3,30
D016804,O018079,RIDER1309,30,27,31,5.4,0
D016805,O018080,RIDER0805,23,37,15,5.9,14
D016806,O018081,RIDER1785,53,52,37,1.8,0
D016807,O018082,RIDER0863,42,60,19,2.5,18
D016808,O018083,RIDER1178,51,47,31,1.4,0
D016809,O018084,RIDER2419,30,54,42,0.5,24
D016810,O018085,RIDER0081,38,69,15,2.4,31
D016811,O018086,RIDER2216,32,34,30,0.1,2
D016812,O018087,RIDER1914,27,44,24,1.1,17
D016813,O018088,RIDER1445,56,56,16,0.3,0
D016814,O018089,RIDER0257,35,58,40,5.6,23
D016815,O018090,RIDER2096,29,36,27,0.7,7
D016816,O018092,RIDER1876,40,51,39,1.7,11
D016817,O018093,RIDER1589,36,46,16,3.4,10
D016818,O018094,RIDER2453,21,36,29,1.8,15
D016819,O018095,RIDER1825,25,20,37,2.2,0
D016820,O018096,RIDER2440,30,26,38,1.6,0
D016821,O018097,RIDER1224,29,47,14,5.2,18
D016822,O018098,RIDER1536,24,30,23,7.0,6
D016823,O018099,RIDER1203,25,20,23,1.2,0
D016824,O018101,RIDER0012,45,67,27,1.7,22
D016825,O018102,RIDER2168,26,24,26,1.0,0
D016826,O018103,RIDER0354,37,43,14,2.3,6
D016827,O018104,RIDER0117,56,72,15,0.9,16
D016828,O018105,RIDER0712,28,44,15,5.2,16
D016829,O018106,RIDER0109,30,25,33,0.8,0
D016830,O018107,RIDER2189,51,52,17,0.9,1
D016831,O018108,RIDER1472,38,39,31,4.2,1
D016832,O018109,RIDER0462,19,34,21,3.3,15
D016833,O018110,RIDER0569,21,18,30,0.7,0
D016834,O018111,RIDER0308,69,86,21,2.7,17
D016835,O018112,RIDER1292,53,61,32,5.2,8
D016836,O018114,RIDER2160,47,77,37,0.5,30
D016837,O018115,RIDER1545,50,52,37,1.4,2
D016838,O018116,RIDER1080,30,32,14,2.6,2
D016839,O018117,RIDER1700,22,19,42,0.7,0
D016840,O018118,RIDER0457,60,65,18,10.0,5
D016841,O018119,RIDER0101,43,57,31,2.2,14
D016842,O018120,RIDER0499,40,73,24,4.4,33
D016843,O018121,RIDER1818,20,26,33,1.0,6
D016844,O018122,RIDER2472,22,27,36,6.5,5
D016845,O018123,RIDER1001,32,33,33,1.8,1
D016846,O018124,RIDER0062,25,29,15,0.2,4
D016847,O018125,RIDER1491,42,45,38,1.1,3
D016848,O018126,RIDER0726,34,61,42,0.5,27
D016849,O018127,RIDER1787,24,28,38,4.7,4
D016850,O018128,RIDER0494,31,53,28,2.0,22
D016851,O018129,RIDER0908,50,83,24,7.7,33
D016852,O018130,RIDER1262,27,25,16,0.2,0
D016853,O018131,RIDER0207,28,29,31,5.1,1
D016854,O018132,RIDER1473,45,62,36,0.5,17
D016855,O018133,RIDER0624,28,59,41,0.5,31
D016856,O018134,RIDER1634,42,71,15,2.7,29
D016857,O018135,RIDER0779,33,49,33,2.8,16
D016858,O018136,RIDER1366,34,34,14,2.3,0
D016859,O018138,RIDER1796,18,23,22,2.8,5
D016860,O018139,RIDER1130,34,36,38,3.2,2
D016861,O018140,RIDER0745,22,29,30,0.6,7
D016862,O018141,RIDER0605,52,53,28,2.5,1
D016863,O018142,RIDER1369,39,58,33,5.8,19
D016864,O018143,RIDER0789,38,70,37,0.2,32
D016865,O018144,RIDER1311,28,28,38,0.8,0
D016866,O018146,RIDER0630,26,24,37,2.5,0
D016867,O018147,RIDER0873,30,25,34,4.6,0
D016868,O018148,RIDER0708,21,19,22,0.4,0
D016869,O018149,RIDER0663,23,26,25,9.0,3
D016870,O018150,RIDER2102,18,16,31,0.3,0
D016871,O018151,RIDER1664,25,28,33,0.1,3
D016872,O018152,RIDER1062,38,41,21,1.4,3
D016873,O018153,RIDER1746,23,24,22,2.4,1
D016874,O018154,RIDER0041,21,20,21,0.9,0
D016875,O018155,RIDER2320,31,34,40,1.4,3
D016876,O018156,RIDER1610,25,21,28,0.2,0
D016877,O018157,RIDER0226,29,33,30,3.5,4
D016878,O018158,RIDER0958,49,45,41,3.4,0
D016879,O018159,RIDER0838,26,22,25,0.8,0
D016880,O018160,RIDER1143,39,37,15,3.4,0
D016881,O018161,RIDER2232,28,24,27,2.1,0
D016882,O018162,RIDER1389,22,20,14,2.5,0
D016883,O018163,RIDER0260,32,27,35,3.3,0
D016884,O018164,RIDER0529,42,55,21,4.1,13
D016885,O018165,RIDER0391,30,61,24,5.3,31
D016886,O018166,RIDER2084,53,55,32,11.2,2
D016887,O018167,RIDER0240,37,33,28,3.9,0
D016888,O018169,RIDER0244,34,32,38,4.5,0
D016889,O018170,RIDER0511,28,33,38,0.3,5
D016890,O018171,RIDER0910,48,43,35,2.0,0
D016891,O018172,RIDER0131,48,58,33,3.7,10
D016892,O018173,RIDER1261,37,60,40,5.5,23
D016893,O018174,RIDER0918,27,41,18,0.9,14
D016894,O018175,RIDER0694,34,39,37,0.3,5
D016895,O018176,RIDER1799,31,56,42,4.4,25
D016896,O018177,RIDER1378,36,62,20,12.5,26
D016897,O018178,RIDER0916,23,33,16,4.2,10
D016898,O018180,RIDER1172,38,39,19,4.1,1
D016899,O018181,RIDER2008,69,91,28,3.1,22
D016900,O018182,RIDER0021,43,58,31,2.6,15
D016901,O018183,RIDER1671,33,40,14,2.5,7
D016902,O018184,RIDER1100,25,50,38,2.6,25
D016903,O018185,RIDER1796,34,60,39,1.3,26
D016904,O018186,RIDER0849,32,38,19,1.5,6
D016905,O018187,RIDER0228,39,69,27,1.2,30
D016906,O018188,RIDER1820,61,61,22,1.9,0
D016907,O018189,RIDER2031,36,32,19,3.5,0
D016908,O018190,RIDER2382,50,54,40,8.1,4
D016909,O018191,RIDER1786,48,46,28,6.2,0
D016910,O018192,RIDER2180,43,41,17,4.1,0
D016911,O018193,RIDER0662,37,41,31,1.4,4
D016912,O018194,RIDER2336,23,24,31,2.3,1
D016913,O018195,RIDER0034,25,35,21,4.8,10
D016914,O018196,RIDER2313,33,43,37,3.9,10
D016915,O018197,RIDER0150,22,31,35,3.6,9
D016916,O018198,RIDER0546,41,45,35,0.7,4
D016917,O018199,RIDER1614,33,61,37,1.7,28
D016918,O018200,RIDER2080,22,25,38,1.2,3
D016919,O018201,RIDER1590,31,29,24,2.8,0
D016920,O018202,RIDER0428,25,21,30,4.9,0
D016921,O018203,RIDER2246,26,40,33,3.2,14
D016922,O018204,RIDER1234,23,55,18,3.2,32
D016923,O018205,RIDER0257,26,28,36,1.4,2
D016924,O018206,RIDER2074,58,60,19,0.9,2
D016925,O018207,RIDER1752,19,28,40,3.1,9
D016926,O018208,RIDER1179,21,51,21,4.4,30
D016927,O018209,RIDER0983,34,41,42,5.7,7
D016928,O018210,RIDER2348,28,23,25,4.4,0
D016929,O018212,RIDER1810,27,23,22,2.7,0
D016930,O018213,RIDER2030,27,28,40,1.5,1
D016931,O018214,RIDER2354,21,23,34,0.9,2
D016932,O018215,RIDER2107,34,54,34,1.8,20
D016933,O018216,RIDER2174,21,20,24,5.7,0
D016934,O018218,RIDER0436,21,40,39,7.3,19
D016935,O018219,RIDER1393,34,60,32,6.1,26
D016936,O018220,RIDER0727,27,28,27,3.5,1
D016937,O018222,RIDER0471,17,21,19,7.5,4
D016938,O018223,RIDER0971,31,45,30,7.8,14
D016939,O018224,RIDER2095,34,37,35,1.9,3
D016940,O018225,RIDER2277,48,53,14,6.2,5
D016941,O018226,RIDER0095,26,29,18,2.3,3
D016942,O018227,RIDER1557,42,45,33,2.4,3
D016943,O018228,RIDER0522,47,53,21,2.1,6
D016944,O018229,RIDER2425,38,53,31,10.9,15
D016945,O018230,RIDER2287,24,22,42,6.5,0
D016946,O018231,RIDER1726,68,74,25,3.4,6
D016947,O018232,RIDER1576,35,42,22,0.7,7
D016948,O018233,RIDER2358,37,48,28,9.5,11
D016949,O018234,RIDER2443,38,55,26,1.0,17
D016950,O018236,RIDER0561,28,34,42,0.4,6
D016951,O018238,RIDER0808,19,24,21,2.5,5
D016952,O018239,RIDER1752,19,32,25,5.3,13
D016953,O018240,RIDER0879,27,26,21,5.2,0
D016954,O018242,RIDER1860,21,26,24,0.8,5
D016955,O018243,RIDER0159,24,20,35,1.3,0
D016956,O018244,RIDER2300,32,27,15,0.9,0
D016957,O018245,RIDER2457,29,63,15,4.1,34
D016958,O018246,RIDER0958,27,38,29,0.1,11
D016959,O018247,RIDER0785,58,69,39,1.3,11
D016960,O018248,RIDER0390,30,60,16,3.7,30
D016961,O018249,RIDER0724,27,31,31,1.8,4
D016962,O018250,RIDER1367,23,26,15,3.5,3
D016963,O018251,RIDER2387,24,29,40,0.9,5
D016964,O018252,RIDER1962,46,41,40,2.2,0
D016965,O018253,RIDER1838,56,65,14,1.9,9
D016966,O018254,RIDER0381,54,64,14,1.4,10
D016967,O018255,RIDER0707,29,27,15,0.1,0
D016968,O018256,RIDER0443,30,32,30,2.2,2
D016969,O018257,RIDER0018,39,40,21,1.2,1
D016970,O018258,RIDER0738,30,48,28,1.2,18
D016971,O018259,RIDER0300,40,47,14,3.3,7
D016972,O018260,RIDER2460,40,61,17,6.9,21
D016973,O018261,RIDER0483,37,53,30,4.4,16
D016974,O018262,RIDER2137,30,35,33,2.3,5
D016975,O018265,RIDER0736,31,32,28,4.4,1
D016976,O018266,RIDER1002,33,33,15,5.6,0
D016977,O018267,RIDER0966,43,47,25,1.0,4
D016978,O018268,RIDER1272,44,56,25,7.8,12
D016979,O018269,RIDER1719,26,31,21,5.2,5
D016980,O018270,RIDER0951,23,24,27,2.5,1
D016981,O018271,RIDER1529,24,41,30,2.0,17
D016982,O018272,RIDER0952,35,45,34,5.4,10
D016983,O018273,RIDER0789,31,60,22,5.4,29
D016984,O018274,RIDER1333,34,55,34,5.1,21
D016985,O018275,RIDER1628,47,51,33,3.1,4
D016986,O018276,RIDER0892,29,58,21,12.7,29
D016987,O018277,RIDER2103,52,53,24,0.2,1
D016988,O018278,RIDER0151,58,86,28,18.5,28
D016989,O018279,RIDER1739,41,45,38,6.6,4
D016990,O018280,RIDER0861,37,47,32,0.7,10
D016991,O018281,RIDER0084,32,31,27,2.3,0
D016992,O018282,RIDER1277,36,49,15,2.6,13
D016993,O018283,RIDER0039,34,38,24,3.3,4
D016994,O018284,RIDER1046,25,24,15,0.3,0
D016995,O018285,RIDER0023,45,68,25,4.3,23
D016996,O018286,RIDER2496,39,59,31,6.1,20
D016997,O018287,RIDER0674,33,35,16,1.2,2
D016998,O018288,RIDER2186,34,58,15,2.3,24
D016999,O018289,RIDER0504,26,56,31,4.8,30
D017000,O018290,RIDER1364,39,55,33,2.2,16
D017001,O018291,RIDER0554,47,47,14,1.2,0
D017002,O018294,RIDER0047,24,20,42,1.3,0
D017003,O018295,RIDER1825,31,65,25,13.3,34
D017004,O018296,RIDER0480,36,60,22,2.8,24
D017005,O018297,RIDER1723,37,44,27,5.8,7
D017006,O018298,RIDER1316,27,53,22,0.6,26
D017007,O018299,RIDER2460,46,41,42,1.2,0
D017008,O018300,RIDER0862,24,38,24,3.5,14
D017009,O018301,RIDER0598,28,34,41,2.6,6
D017010,O018302,RIDER0979,28,25,22,0.7,0
D017011,O018303,RIDER2261,28,36,33,4.0,8
D017012,O018304,RIDER2410,40,66,42,0.7,26
D017013,O018306,RIDER2242,38,60,31,0.9,22
D017014,O018307,RIDER1556,35,56,35,1.4,21
D017015,O018308,RIDER0783,27,29,15,1.1,2
D017016,O018309,RIDER0923,31,37,23,3.9,6
D017017,O018310,RIDER1106,56,59,22,1.1,3
D017018,O018311,RIDER2041,43,44,30,11.6,1
D017019,O018312,RIDER0783,24,28,24,1.2,4
D017020,O018313,RIDER1162,27,26,20,5.1,0
D017021,O018314,RIDER0980,31,33,17,0.6,2
D017022,O018315,RIDER0358,22,27,40,2.2,5
D017023,O018316,RIDER1703,44,48,39,0.8,4
D017024,O018318,RIDER1257,29,38,14,1.7,9
D017025,O018319,RIDER0072,40,41,17,4.0,1
D017026,O018320,RIDER1187,31,28,16,5.7,0
D017027,O018321,RIDER0121,25,24,36,2.1,0
D017028,O018322,RIDER1645,43,53,30,1.3,10
D017029,O018323,RIDER0155,44,71,22,1.1,27
D017030,O018324,RIDER0214,40,48,21,2.9,8
D017031,O018325,RIDER0933,32,48,15,1.5,16
D017032,O018326,RIDER0142,37,37,39,6.5,0
D017033,O018327,RIDER2326,25,56,29,8.7,31
D017034,O018328,RIDER0732,35,56,15,0.3,21
D017035,O018329,RIDER2285,39,39,25,1.3,0
D017036,O018330,RIDER2372,36,47,14,0.6,11
D017037,O018331,RIDER0620,32,33,32,1.1,1
D017038,O018332,RIDER0303,40,47,31,3.9,7
D017039,O018333,RIDER2339,29,53,34,6.0,24
D017040,O018334,RIDER0745,24,21,36,4.2,0
D017041,O018335,RIDER1370,43,44,39,1.9,1
D017042,O018336,RIDER1455,43,38,38,1.8,0
D017043,O018337,RIDER0697,45,67,37,7.1,22
D017044,O018338,RIDER1210,40,72,25,2.6,32
D017045,O018339,RIDER2264,48,54,18,2.0,6
D017046,O018340,RIDER1258,53,52,22,2.6,0
D017047,O018341,RIDER0226,65,95,42,0.7,30
D017048,O018342,RIDER1251,34,31,21,0.7,0
D017049,O018343,RIDER0179,35,43,39,3.6,8
D017050,O018344,RIDER0261,23,25,30,0.5,2
D017051,O018345,RIDER1877,37,43,28,11.6,6
D017052,O018346,RIDER0942,46,63,41,2.2,17
D017053,O018348,RIDER1505,65,79,31,0.6,14
D017054,O018349,RIDER0754,54,56,28,2.8,2
D017055,O018350,RIDER2368,34,62,31,1.5,28
D017056,O018351,RIDER2488,46,44,14,2.6,0
D017057,O018352,RIDER1422,56,84,39,4.4,28
D017058,O018353,RIDER2056,35,56,17,0.8,21
D017059,O018354,RIDER2029,39,61,20,4.5,22
D017060,O018355,RIDER2105,27,34,32,1.0,7
D017061,O018356,RIDER0801,29,28,14,3.8,0
D017062,O018357,RIDER1579,22,35,28,2.6,13
D017063,O018358,RIDER1506,21,17,21,5.0,0
D017064,O018359,RIDER2322,28,31,38,2.6,3
D017065,O018360,RIDER0130,26,30,37,0.8,4
D017066,O018361,RIDER0466,44,72,37,5.5,28
D017067,O018362,RIDER1533,24,21,39,3.4,0
D017068,O018363,RIDER0608,36,67,14,2.9,31
D017069,O018364,RIDER2436,29,29,21,2.0,0
D017070,O018365,RIDER0944,31,31,42,1.7,0
D017071,O018366,RIDER0551,25,25,16,3.8,0
D017072,O018367,RIDER0541,26,23,27,3.7,0
D017073,O018368,RIDER0526,30,61,15,6.6,31
D017074,O018369,RIDER1044,27,37,19,4.0,10
D017075,O018370,RIDER2235,25,23,38,5.1,0
D017076,O018371,RIDER2172,26,30,26,1.4,4
D017077,O018372,RIDER1468,47,44,19,5.7,0
D017078,O018373,RIDER1617,24,26,36,8.3,2
D017079,O018374,RIDER1069,69,75,19,5.0,6
D017080,O018376,RIDER1601,46,50,24,2.9,4
D017081,O018377,RIDER2353,20,16,14,0.4,0
D017082,O018378,RIDER1717,20,39,30,2.8,19
D017083,O018379,RIDER1641,25,25,19,1.5,0
D017084,O018380,RIDER0587,41,37,26,10.0,0
D017085,O018381,RIDER0291,35,34,21,3.6,0
D017086,O018382,RIDER1759,28,36,40,4.7,8
D017087,O018383,RIDER1801,33,37,21,5.7,4
D017088,O018384,RIDER2182,36,62,22,4.6,26
D017089,O018385,RIDER0422,20,34,34,0.2,14
D017090,O018386,RIDER1061,38,35,30,0.7,0
D017091,O018389,RIDER1001,31,28,29,1.6,0
D017092,O018390,RIDER2274,27,33,35,0.5,6
D017093,O018391,RIDER1338,30,29,41,7.4,0
D017094,O018392,RIDER2247,43,77,21,2.3,34
D017095,O018393,RIDER1282,24,29,28,3.5,5
D017096,O018394,RIDER0823,28,28,37,3.3,0
D017097,O018395,RIDER1517,26,32,16,0.1,6
D017098,O018396,RIDER2313,36,41,17,3.7,5
D017099,O018397,RIDER1433,21,21,24,0.3,0
D017100,O018398,RIDER1941,26,24,28,2.1,0
D017101,O018399,RIDER1050,52,69,22,1.0,17
D017102,O018400,RIDER1097,26,21,31,8.7,0
D017103,O018401,RIDER2144,43,71,29,4.2,28
D017104,O018402,RIDER1242,26,21,14,0.8,0
D017105,O018403,RIDER1436,33,48,18,9.7,15
D017106,O018404,RIDER0319,37,32,39,3.4,0
D017107,O018405,RIDER2485,25,35,33,2.3,10
D017108,O018406,RIDER1347,28,27,33,0.1,0
D017109,O018407,RIDER1417,47,64,40,5.9,17
D017110,O018408,RIDER0367,44,69,37,1.6,25
D017111,O018409,RIDER2478,58,59,32,12.4,1
D017112,O018410,RIDER1418,37,48,14,1.7,11
D017113,O018411,RIDER2317,40,44,37,4.5,4
D017114,O018412,RIDER1309,24,26,41,9.1,2
D017115,O018413,RIDER0502,25,28,28,0.7,3
D017116,O018414,RIDER0782,24,22,42,2.0,0
D017117,O018415,RIDER0567,29,37,27,5.5,8
D017118,O018416,RIDER1712,28,32,33,8.7,4
D017119,O018417,RIDER1321,40,41,22,3.4,1
D017120,O018418,RIDER1109,27,57,21,6.6,30
D017121,O018419,RIDER1482,32,37,22,3.8,5
D017122,O018420,RIDER0678,29,30,35,1.2,1
D017123,O018421,RIDER1550,29,27,18,0.6,0
D017124,O018422,RIDER2368,34,43,25,0.3,9
D017125,O018423,RIDER2463,45,49,25,1.1,4
D017126,O018424,RIDER0227,28,50,20,1.7,22
D017127,O018425,RIDER1562,35,36,38,2.2,1
D017128,O018426,RIDER0723,58,63,38,3.1,5
D017129,O018427,RIDER2290,18,38,21,2.9,20
D017130,O018428,RIDER1514,28,45,25,1.1,17
D017131,O018429,RIDER1130,27,56,41,5.3,29
D017132,O018430,RIDER0781,44,49,26,10.9,5
D017133,O018431,RIDER1291,47,80,34,1.3,33
D017134,O018432,RIDER1015,37,36,14,4.4,0
D017135,O018433,RIDER0493,35,64,36,1.4,29
D017136,O018434,RIDER0561,42,66,38,3.6,24
D017137,O018435,RIDER0694,39,73,25,4.4,34
D017138,O018436,RIDER2498,32,51,29,0.4,19
D017139,O018437,RIDER0133,39,40,36,8.8,1
D017140,O018438,RIDER1263,24,54,25,5.0,30
D017141,O018439,RIDER0542,24,40,22,1.5,16
D017142,O018440,RIDER2209,25,23,15,0.9,0
D017143,O018441,RIDER0075,24,27,30,0.7,3
D017144,O018442,RIDER1976,32,37,29,1.2,5
D017145,O018443,RIDER2432,28,35,40,1.7,7
D017146,O018444,RIDER2438,25,22,37,0.7,0
D017147,O018445,RIDER0990,37,68,20,3.4,31
D017148,O018446,RIDER2131,67,73,15,1.5,6
D017149,O018447,RIDER2419,41,54,21,1.9,13
D017150,O018448,RIDER1758,32,59,21,6.5,27
D017151,O018449,RIDER1004,20,33,41,0.9,13
D017152,O018450,RIDER2261,32,33,36,4.7,1
D017153,O018451,RIDER2111,28,52,31,0.2,24
D017154,O018452,RIDER0105,24,32,22,5.4,8
D017155,O018453,RIDER2334,34,32,19,2.9,0
D017156,O018455,RIDER0702,23,18,17,3.3,0
D017157,O018456,RIDER1612,44,45,34,1.7,1
D017158,O018457,RIDER2008,27,31,25,3.5,4
D017159,O018458,RIDER0881,28,47,19,4.5,19
D017160,O018459,RIDER1000,17,20,29,5.3,3
D017161,O018460,RIDER1035,27,22,28,1.9,0
D017162,O018461,RIDER1847,38,43,16,4.4,5
D017163,O018462,RIDER0693,30,44,25,1.1,14
D017164,O018463,RIDER0757,37,62,29,1.3,25
D017165,O018464,RIDER2386,35,33,41,1.6,0
D017166,O018465,RIDER0833,36,62,42,4.4,26
D017167,O018466,RIDER2391,23,20,40,3.9,0
D017168,O018467,RIDER1228,29,24,19,3.1,0
D017169,O018468,RIDER0363,33,34,22,0.5,1
D017170,O018469,RIDER0002,39,60,17,1.1,21
D017171,O018470,RIDER0953,35,40,42,1.1,5
D017172,O018471,RIDER2110,21,18,21,2.1,0
D017173,O018472,RIDER1399,27,26,19,1.7,0
D017174,O018473,RIDER0446,49,48,37,1.2,0
D017175,O018474,RIDER1113,31,34,14,2.4,3
D017176,O018475,RIDER1194,29,27,21,4.2,0
D017177,O018476,RIDER0252,32,30,37,1.5,0
D017178,O018477,RIDER0234,24,21,20,1.0,0
D017179,O018478,RIDER0626,32,35,36,2.7,3
D017180,O018479,RIDER0281,20,27,33,0.2,7
D017181,O018480,RIDER1928,46,46,19,1.4,0
D017182,O018481,RIDER1312,26,28,39,3.0,2
D017183,O018482,RIDER1604,34,37,42,3.5,3
D017184,O018484,RIDER0333,32,28,21,3.7,0
D017185,O018485,RIDER0218,32,53,36,2.3,21
D017186,O018486,RIDER1023,24,25,30,1.6,1
D017187,O018488,RIDER0928,38,38,31,4.2,0
D017188,O018489,RIDER1089,43,43,37,1.6,0
D017189,O018491,RIDER0649,23,42,23,2.5,19
D017190,O018492,RIDER1265,27,22,28,0.5,0
D017191,O018493,RIDER1088,30,58,25,8.6,28
D017192,O018496,RIDER1220,32,37,42,4.4,5
D017193,O018497,RIDER1326,51,56,35,1.6,5
D017194,O018498,RIDER2013,42,69,31,0.1,27
D017195,O018499,RIDER1452,42,40,32,3.4,0
D017196,O018500,RIDER1949,25,31,38,4.8,6
D017197,O018501,RIDER0653,33,28,29,14.2,0
D017198,O018502,RIDER0364,54,62,42,4.2,8
D017199,O018503,RIDER2143,23,51,41,5.3,28
D017200,O018504,RIDER0222,40,60,27,0.2,20
D017201,O018505,RIDER2111,36,38,18,4.4,2
D017202,O018506,RIDER0820,27,42,41,2.1,15
D017203,O018507,RIDER0857,22,26,22,2.3,4
D017204,O018508,RIDER0934,44,68,16,1.9,24
D017205,O018509,RIDER1903,30,27,40,2.6,0
D017206,O018510,RIDER1765,41,40,18,4.0,0
D017207,O018511,RIDER1555,29,42,41,0.4,13
D017208,O018512,RIDER2322,32,48,37,4.3,16
D017209,O018513,RIDER1232,22,17,42,4.6,0
D017210,O018514,RIDER0610,30,59,33,0.9,29
D017211,O018515,RIDER2062,27,35,37,1.9,8
D017212,O018516,RIDER0408,33,34,21,3.1,1
D017213,O018517,RIDER1103,39,46,22,4.3,7
D017214,O018518,RIDER2408,32,39,33,4.0,7
D017215,O018519,RIDER0940,25,45,42,2.8,20
D017216,O018520,RIDER1720,23,28,40,6.1,5
D017217,O018521,RIDER0759,58,92,19,1.7,34
D017218,O018522,RIDER1370,34,30,24,1.8,0
D017219,O018523,RIDER2408,25,38,28,0.9,13
D017220,O018524,RIDER0196,45,42,42,0.2,0
D017221,O018525,RIDER1705,48,77,31,1.5,29
D017222,O018527,RIDER0346,23,19,21,11.4,0
D017223,O018528,RIDER1847,20,54,37,11.8,34
D017224,O018529,RIDER2180,35,37,18,1.7,2
D017225,O018530,RIDER0780,30,28,30,15.1,0
D017226,O018531,RIDER2480,27,22,32,0.2,0
D017227,O018532,RIDER2275,29,30,37,3.1,1
D017228,O018533,RIDER0754,27,31,37,1.9,4
D017229,O018534,RIDER0561,39,42,39,5.3,3
D017230,O018535,RIDER1859,31,29,21,1.2,0
D017231,O018536,RIDER1536,31,34,16,1.2,3
D017232,O018537,RIDER0382,23,30,38,2.1,7
D017233,O018539,RIDER0185,24,21,29,1.9,0
D017234,O018540,RIDER1562,24,55,33,2.5,31
D017235,O018541,RIDER0025,46,45,30,2.3,0
D017236,O018542,RIDER2020,26,25,39,1.9,0
D017237,O018543,RIDER1436,21,22,17,6.8,1
D017238,O018544,RIDER0111,30,31,31,1.2,1
D017239,O018545,RIDER0339,36,33,22,0.7,0
D017240,O018547,RIDER1659,28,32,18,0.4,4
D017241,O018549,RIDER0309,39,42,20,10.6,3
D017242,O018550,RIDER0658,39,38,37,1.0,0
D017243,O018551,RIDER2116,24,26,30,2.0,2
D017244,O018552,RIDER2113,48,80,28,1.3,32
D017245,O018553,RIDER1067,58,62,34,1.6,4
D017246,O018554,RIDER1845,20,17,19,1.8,0
D017247,O018555,RIDER1089,31,41,36,0.1,10
D017248,O018556,RIDER1115,39,60,37,4.2,21
D017249,O018557,RIDER2302,27,28,19,11.0,1
D017250,O018558,RIDER1969,28,34,28,3.3,6
D017251,O018559,RIDER1967,27,34,28,1.1,7
D017252,O018560,RIDER1886,65,61,39,0.3,0
D017253,O018561,RIDER1797,28,57,21,2.5,29
D017254,O018562,RIDER1037,68,101,24,1.1,33
D017255,O018563,RIDER0317,24,25,25,0.8,1
D017256,O018564,RIDER1375,19,26,24,1.4,7
D017257,O018565,RIDER0362,34,32,28,3.9,0
D017258,O018566,RIDER2115,23,38,15,2.2,15
D017259,O018567,RIDER0604,38,39,27,2.1,1
D017260,O018568,RIDER1531,46,67,19,1.8,21
D017261,O018569,RIDER1210,34,40,16,4.5,6
D017262,O018570,RIDER0266,34,44,42,4.7,10
D017263,O018571,RIDER2273,26,30,21,1.9,4
D017264,O018572,RIDER2066,36,37,42,2.1,1
D017265,O018573,RIDER0815,30,25,16,3.2,0
D017266,O018574,RIDER1160,49,54,41,2.2,5
D017267,O018575,RIDER2220,31,38,18,1.5,7
D017268,O018576,RIDER0579,27,32,36,3.3,5
D017269,O018577,RIDER2314,49,80,26,1.1,31
D017270,O018578,RIDER2477,42,74,16,3.7,32
D017271,O018579,RIDER1329,51,50,21,3.8,0
D017272,O018580,RIDER1829,33,40,35,1.8,7
D017273,O018581,RIDER1094,42,55,30,2.7,13
D017274,O018582,RIDER1707,21,36,18,0.6,15
D017275,O018583,RIDER0128,29,55,25,4.0,26
D017276,O018584,RIDER1713,36,70,32,1.9,34
D017277,O018585,RIDER0929,30,42,37,1.5,12
D017278,O018586,RIDER1365,31,27,38,5.0,0
D017279,O018587,RIDER2098,42,76,30,0.9,34
D017280,O018588,RIDER0581,36,40,38,4.3,4
D017281,O018589,RIDER1666,22,39,24,2.6,17
D017282,O018590,RIDER2165,45,45,25,1.3,0
D017283,O018591,RIDER2421,26,49,14,5.8,23
D017284,O018592,RIDER1845,50,53,15,2.6,3
D017285,O018593,RIDER0743,32,39,30,3.3,7
D017286,O018594,RIDER2224,31,53,21,6.1,22
D017287,O018595,RIDER0056,31,30,21,3.6,0
D017288,O018596,RIDER1616,26,39,18,1.5,13
D017289,O018597,RIDER0208,30,25,18,2.2,0
D017290,O018598,RIDER1820,27,48,37,1.5,21
D017291,O018599,RIDER0939,30,43,14,6.0,13
D017292,O018600,RIDER0124,31,41,30,0.4,10
D017293,O018601,RIDER0032,28,35,37,1.6,7
D017294,O018602,RIDER1639,28,58,31,3.8,30
D017295,O018603,RIDER0542,46,45,14,5.1,0
D017296,O018604,RIDER1566,20,16,25,3.2,0
D017297,O018605,RIDER1427,31,51,15,1.5,20
D017298,O018606,RIDER0899,52,47,21,13.0,0
D017299,O018607,RIDER2038,23,24,14,2.7,1
D017300,O018608,RIDER1913,51,66,14,3.1,15
D017301,O018609,RIDER0187,36,32,28,2.3,0
D017302,O018610,RIDER1034,58,83,42,2.5,25
D017303,O018611,RIDER0753,34,29,41,11.6,0
D017304,O018612,RIDER0476,25,30,20,4.1,5
D017305,O018613,RIDER1211,30,35,15,4.1,5
D017306,O018614,RIDER1420,29,24,34,9.7,0
D017307,O018616,RIDER1324,30,32,41,8.9,2
D017308,O018617,RIDER1567,34,34,40,1.7,0
D017309,O018618,RIDER0100,35,30,39,3.5,0
D017310,O018619,RIDER0489,38,59,14,3.7,21
D017311,O018620,RIDER1167,19,18,37,0.5,0
D017312,O018621,RIDER0432,25,35,31,3.7,10
D017313,O018622,RIDER0141,27,32,36,5.6,5
D017314,O018623,RIDER2488,43,73,14,7.8,30
D017315,O018624,RIDER0111,33,40,37,2.5,7
D017316,O018625,RIDER1344,32,33,38,4.0,1
D017317,O018626,RIDER1820,39,58,14,3.0,19
D017318,O018627,RIDER2414,57,59,42,4.8,2
D017319,O018628,RIDER1958,30,25,21,10.7,0
D017320,O018629,RIDER0794,30,51,21,7.2,21
D017321,O018630,RIDER1260,21,21,23,5.1,0
D017322,O018631,RIDER0891,68,93,32,4.6,25
D017323,O018632,RIDER1202,30,64,25,0.6,34
D017324,O018633,RIDER0363,23,49,28,0.0,26
D017325,O018634,RIDER2074,38,36,31,1.8,0
D017326,O018635,RIDER2047,30,34,37,4.8,4
D017327,O018636,RIDER0847,34,55,33,3.7,21
D017328,O018637,RIDER1312,34,43,27,1.5,9
D017329,O018638,RIDER0885,27,27,22,2.2,0
D017330,O018639,RIDER0916,28,53,22,1.2,25
D017331,O018640,RIDER2435,31,36,22,1.0,5
D017332,O018641,RIDER0872,44,51,31,2.0,7
D017333,O018642,RIDER1413,28,28,22,0.3,0
D017334,O018643,RIDER0609,42,49,18,0.3,7
D017335,O018644,RIDER1270,70,97,31,1.3,27
D017336,O018645,RIDER0313,45,67,22,5.2,22
D017337,O018646,RIDER0562,26,51,37,3.7,25
D017338,O018647,RIDER2317,31,29,40,2.5,0
D017339,O018649,RIDER1032,38,37,33,4.7,0
D017340,O018650,RIDER1737,38,44,27,4.9,6
D017341,O018651,RIDER0991,32,52,31,7.2,20
D017342,O018652,RIDER0898,31,44,27,1.9,13
D017343,O018653,RIDER2448,37,39,14,0.3,2
D017344,O018654,RIDER0225,29,62,40,8.8,33
D017345,O018655,RIDER1931,47,44,21,4.1,0
D017346,O018656,RIDER1061,34,44,22,0.9,10
D017347,O018657,RIDER0639,28,32,14,3.3,4
D017348,O018658,RIDER1146,23,24,35,0.3,1
D017349,O018660,RIDER2197,36,39,41,2.9,3
D017350,O018661,RIDER2288,30,28,14,1.3,0
D017351,O018662,RIDER0298,30,34,28,4.5,4
D017352,O018663,RIDER2363,30,25,17,8.6,0
D017353,O018665,RIDER1996,30,49,37,2.4,19
D017354,O018666,RIDER2377,38,40,39,1.7,2
D017355,O018667,RIDER1520,32,29,16,0.9,0
D017356,O018668,RIDER1846,21,24,30,4.6,3
D017357,O018669,RIDER2318,30,32,37,1.7,2
D017358,O018670,RIDER2050,22,26,25,2.5,4
D017359,O018671,RIDER0148,31,50,21,1.1,19
D017360,O018672,RIDER1535,22,50,23,0.1,28
D017361,O018673,RIDER2346,27,25,38,1.3,0
D017362,O018674,RIDER1843,43,62,37,12.5,19
D017363,O018675,RIDER1223,31,47,14,4.6,16
D017364,O018676,RIDER0984,42,39,30,3.4,0
D017365,O018677,RIDER1954,28,36,28,2.3,8
D017366,O018679,RIDER1365,28,34,24,7.1,6
D017367,O018680,RIDER1435,37,39,17,1.7,2
D017368,O018681,RIDER0874,23,30,38,1.6,7
D017369,O018684,RIDER1224,23,28,25,1.3,5
D017370,O018685,RIDER0708,38,60,36,4.5,22
D017371,O018686,RIDER1003,37,32,22,3.1,0
D017372,O018687,RIDER0382,22,38,39,1.6,16
D017373,O018688,RIDER1219,32,27,15,1.9,0
D017374,O018689,RIDER2399,52,61,14,2.1,9
D017375,O018690,RIDER0119,23,25,31,1.9,2
D017376,O018691,RIDER1018,28,43,20,3.6,15
D017377,O018692,RIDER0968,35,41,40,3.5,6
D017378,O018694,RIDER1303,26,44,16,2.0,18
D017379,O018695,RIDER0893,35,37,33,5.3,2
D017380,O018696,RIDER0037,44,42,32,0.1,0
D017381,O018697,RIDER2377,31,26,35,0.7,0
D017382,O018698,RIDER1277,25,31,24,2.7,6
D017383,O018699,RIDER0428,34,63,22,2.4,29
D017384,O018700,RIDER0978,49,68,37,7.1,19
D017385,O018701,RIDER1081,46,52,27,3.7,6
D017386,O018704,RIDER0659,23,24,34,1.0,1
D017387,O018705,RIDER0687,46,66,27,2.3,20
D017388,O018706,RIDER2102,50,82,14,3.1,32
D017389,O018707,RIDER0474,24,56,31,3.2,32
D017390,O018709,RIDER0663,38,57,20,1.2,19
D017391,O018710,RIDER1641,52,75,28,3.9,23
D017392,O018711,RIDER2148,29,26,31,0.2,0
D017393,O018712,RIDER1703,46,66,19,1.3,20
D017394,O018713,RIDER1626,40,46,15,0.5,6
D017395,O018714,RIDER1670,37,69,27,4.1,32
D017396,O018715,RIDER1013,50,53,16,6.4,3
D017397,O018716,RIDER2104,34,48,22,1.6,14
D017398,O018717,RIDER0469,43,38,33,5.6,0
D017399,O018718,RIDER0509,20,20,18,10.7,0
D017400,O018719,RIDER0386,21,26,42,1.4,5
D017401,O018720,RIDER1906,35,42,37,2.6,7
D017402,O018721,RIDER0051,24,27,25,3.1,3
D017403,O018722,RIDER0213,30,25,22,0.3,0
D017404,O018723,RIDER0849,25,25,30,1.6,0
D017405,O018724,RIDER1493,28,27,36,3.6,0
D017406,O018725,RIDER1020,32,35,26,2.7,3
D017407,O018726,RIDER2044,51,48,17,1.1,0
D017408,O018727,RIDER1222,30,26,29,1.0,0
D017409,O018728,RIDER0190,17,24,15,1.9,7
D017410,O018729,RIDER0860,36,33,27,5.4,0
D017411,O018731,RIDER1346,26,31,21,2.7,5
D017412,O018732,RIDER1317,24,25,35,2.9,1
D017413,O018733,RIDER1564,31,27,42,1.8,0
D017414,O018734,RIDER1582,38,41,24,1.6,3
D017415,O018735,RIDER0065,47,54,32,5.9,7
D017416,O018736,RIDER0495,32,32,34,0.8,0
D017417,O018737,RIDER0950,31,34,21,0.3,3
D017418,O018738,RIDER2310,29,25,30,3.1,0
D017419,O018739,RIDER0004,39,36,38,0.6,0
D017420,O018741,RIDER1843,19,21,16,2.7,2
D017421,O018742,RIDER1091,22,34,34,6.0,12
D017422,O018743,RIDER1268,40,61,21,4.4,21
D017423,O018744,RIDER0820,43,48,25,0.4,5
D017424,O018745,RIDER2296,49,83,17,1.2,34
D017425,O018746,RIDER0060,21,51,14,0.4,30
D017426,O018747,RIDER2177,26,29,21,1.9,3
D017427,O018748,RIDER1680,29,52,40,1.6,23
D017428,O018749,RIDER0415,26,25,24,9.8,0
D017429,O018750,RIDER2396,47,72,24,4.7,25
D017430,O018751,RIDER0513,28,27,27,0.5,0
D017431,O018752,RIDER0400,31,42,28,5.5,11
D017432,O018753,RIDER1596,70,77,30,4.7,7
D017433,O018754,RIDER1581,23,54,28,2.5,31
D017434,O018755,RIDER1066,36,31,24,7.5,0
D017435,O018756,RIDER2426,25,26,36,1.0,1
D017436,O018757,RIDER0152,31,33,16,1.2,2
D017437,O018758,RIDER1956,22,20,16,8.2,0
D017438,O018759,RIDER1689,33,40,40,2.0,7
D017439,O018760,RIDER2059,38,36,21,5.2,0
D017440,O018761,RIDER0467,43,43,27,6.8,0
D017441,O018762,RIDER0976,38,44,24,2.0,6
D017442,O018763,RIDER1362,52,55,36,0.9,3
D017443,O018764,RIDER0992,32,41,28,2.5,9
D017444,O018765,RIDER2243,35,68,15,1.7,33
D017445,O018766,RIDER2458,33,35,37,15.6,2
D017446,O018767,RIDER0085,36,68,31,5.8,32
D017447,O018768,RIDER0618,22,24,31,0.6,2
D017448,O018769,RIDER1501,26,28,19,10.2,2
D017449,O018770,RIDER1276,28,23,24,2.9,0
D017450,O018771,RIDER1315,38,38,29,1.3,0
D017451,O018772,RIDER0992,37,53,40,14.7,16
D017452,O018773,RIDER2130,29,35,35,0.4,6
D017453,O018774,RIDER0974,27,24,30,0.9,0
D017454,O018777,RIDER0676,25,24,40,3.3,0
D017455,O018778,RIDER1245,48,53,18,1.6,5
D017456,O018779,RIDER1908,26,29,41,1.5,3
D017457,O018780,RIDER1146,28,28,15,5.3,0
D017458,O018781,RIDER1994,22,18,31,14.8,0
D017459,O018782,RIDER2004,30,36,29,0.5,6
D017460,O018783,RIDER1871,44,66,16,3.5,22
D017461,O018784,RIDER2476,33,37,34,2.4,4
D017462,O018785,RIDER2061,30,26,37,4.8,0
D017463,O018786,RIDER1247,35,42,37,6.4,7
D017464,O018787,RIDER0608,45,59,21,4.2,14
D017465,O018788,RIDER0996,37,56,24,2.3,19
D017466,O018789,RIDER1470,26,22,18,6.5,0
D017467,O018790,RIDER0220,38,44,19,4.6,6
D017468,O018791,RIDER1332,47,69,14,1.9,22
D017469,O018792,RIDER0677,26,25,24,1.7,0
D017470,O018793,RIDER2369,26,23,16,1.5,0
D017471,O018794,RIDER2062,49,68,42,0.2,19
D017472,O018795,RIDER1694,25,23,31,1.7,0
D017473,O018796,RIDER0130,35,33,38,7.9,0
D017474,O018797,RIDER0315,36,40,37,3.4,4
D017475,O018798,RIDER0085,27,50,36,9.6,23
D017476,O018799,RIDER0960,29,35,31,4.2,6
D017477,O018800,RIDER0674,32,27,42,3.3,0
D017478,O018801,RIDER0149,24,48,30,11.8,24
D017479,O018802,RIDER2471,24,51,24,9.7,27
D017480,O018803,RIDER1730,52,53,33,3.0,1
D017481,O018804,RIDER1119,29,33,30,2.1,4
D017482,O018805,RIDER1601,35,39,29,5.8,4
D017483,O018806,RIDER0690,30,34,14,6.2,4
D017484,O018807,RIDER0128,43,62,21,3.6,19
D017485,O018808,RIDER1472,34,41,21,2.8,7
D017486,O018809,RIDER0571,26,30,18,4.8,4
D017487,O018810,RIDER0381,43,44,26,9.0,1
D017488,O018811,RIDER1206,39,42,21,3.4,3
D017489,O018813,RIDER1732,60,76,27,0.3,16
D017490,O018814,RIDER0233,31,30,42,0.5,0
D017491,O018815,RIDER0766,54,79,38,4.2,25
D017492,O018816,RIDER0193,22,22,42,2.3,0
D017493,O018817,RIDER1944,30,45,14,1.1,15
D017494,O018818,RIDER1375,54,57,29,9.3,3
D017495,O018819,RIDER0976,26,31,15,0.8,5
D017496,O018820,RIDER2177,30,29,37,5.1,0
D017497,O018821,RIDER2486,32,38,27,4.8,6
D017498,O018822,RIDER2151,28,61,24,4.3,33
D017499,O018823,RIDER0478,25,26,36,5.6,1
D017500,O018824,RIDER0817,41,56,34,2.0,15
D017501,O018825,RIDER1218,26,28,31,0.7,2
D017502,O018826,RIDER2471,54,58,26,2.8,4
D017503,O018827,RIDER0107,27,32,28,5.9,5
D017504,O018828,RIDER1922,24,24,18,2.6,0
D017505,O018829,RIDER1102,23,31,34,2.0,8
D017506,O018830,RIDER0952,24,58,19,2.8,34
D017507,O018831,RIDER0300,69,83,16,0.7,14
D017508,O018832,RIDER1240,27,58,15,3.5,31
D017509,O018833,RIDER0385,30,44,26,0.9,14
D017510,O018834,RIDER1812,29,60,16,1.6,31
D017511,O018835,RIDER2485,38,36,25,7.0,0
D017512,O018836,RIDER1166,47,44,38,1.3,0
D017513,O018837,RIDER1773,38,57,18,4.1,19
D017514,O018839,RIDER0300,25,21,33,0.7,0
D017515,O018841,RIDER1072,40,56,39,0.7,16
D017516,O018842,RIDER1895,20,54,22,1.1,34
D017517,O018843,RIDER1971,36,39,18,1.3,3
D017518,O018844,RIDER0218,41,50,37,4.1,9
D017519,O018845,RIDER1950,40,39,32,0.9,0
D017520,O018846,RIDER2287,38,43,18,3.3,5
D017521,O018847,RIDER2232,33,29,14,6.4,0
D017522,O018848,RIDER0026,36,32,37,2.4,0
D017523,O018849,RIDER0468,57,63,41,0.2,6
D017524,O018850,RIDER0253,32,27,19,1.4,0
D017525,O018851,RIDER0287,27,32,25,2.6,5
D017526,O018852,RIDER0376,40,72,15,0.3,32
D017527,O018853,RIDER0070,36,38,22,0.5,2
D017528,O018855,RIDER1135,35,40,37,1.0,5
D017529,O018856,RIDER2232,32,66,41,1.8,34
D017530,O018857,RIDER0911,25,21,37,7.2,0
D017531,O018860,RIDER0989,32,60,42,2.9,28
D017532,O018861,RIDER1546,23,52,24,5.1,29
D017533,O018862,RIDER0568,24,19,15,1.3,0
D017534,O018863,RIDER0672,21,32,23,4.5,11
D017535,O018864,RIDER0643,36,34,31,1.3,0
D017536,O018865,RIDER0307,20,24,23,0.9,4
D017537,O018866,RIDER2359,28,32,14,4.6,4
D017538,O018867,RIDER1458,35,32,37,8.9,0
D017539,O018868,RIDER1587,25,21,17,1.6,0
D017540,O018869,RIDER2050,44,42,38,2.0,0
D017541,O018870,RIDER0383,47,50,29,10.1,3
D017542,O018871,RIDER0110,24,29,29,7.2,5
D017543,O018872,RIDER0886,51,84,22,3.8,33
D017544,O018873,RIDER0856,19,51,23,1.4,32
D017545,O018874,RIDER0357,51,65,38,4.7,14
D017546,O018875,RIDER0164,43,47,22,12.3,4
D017547,O018876,RIDER1103,25,21,27,3.6,0
D017548,O018877,RIDER0761,34,36,21,3.1,2
D017549,O018878,RIDER1719,35,42,33,4.4,7
D017550,O018879,RIDER0337,64,68,18,5.1,4
D017551,O018880,RIDER2267,34,42,14,0.2,8
D017552,O018881,RIDER1102,31,42,30,1.2,11
D017553,O018882,RIDER0323,21,21,34,0.9,0
D017554,O018883,RIDER0218,42,44,29,0.6,2
D017555,O018884,RIDER0439,40,49,27,2.2,9
D017556,O018885,RIDER0732,19,19,30,9.2,0
D017557,O018886,RIDER1653,40,70,41,2.6,30
D017558,O018887,RIDER2065,39,38,42,0.3,0
D017559,O018888,RIDER1180,28,50,31,1.9,22
D017560,O018889,RIDER1550,24,20,41,5.4,0
D017561,O018890,RIDER0679,20,22,18,2.2,2
D017562,O018891,RIDER1519,24,52,33,3.1,28
D017563,O018892,RIDER1397,21,17,41,10.1,0
D017564,O018893,RIDER0286,28,30,30,1.1,2
D017565,O018894,RIDER0017,22,38,39,5.7,16
D017566,O018895,RIDER0367,37,35,42,4.8,0
D017567,O018896,RIDER0025,44,45,40,10.0,1
D017568,O018897,RIDER0026,33,30,30,2.4,0
D017569,O018898,RIDER1559,30,35,40,1.1,5
D017570,O018899,RIDER0173,35,38,33,2.5,3
D017571,O018901,RIDER0222,28,34,14,3.0,6
D017572,O018902,RIDER1807,49,47,25,1.8,0
D017573,O018903,RIDER0512,32,31,28,2.0,0
D017574,O018904,RIDER0007,39,34,17,0.8,0
D017575,O018905,RIDER1288,29,27,42,2.9,0
D017576,O018906,RIDER0724,43,67,15,3.2,24
D017577,O018907,RIDER1917,20,26,32,6.9,6
D017578,O018908,RIDER2043,27,29,27,0.5,2
D017579,O018909,RIDER0681,43,57,37,0.9,14
D017580,O018910,RIDER1966,33,36,24,3.3,3
D017581,O018912,RIDER1583,41,48,31,5.3,7
D017582,O018913,RIDER0405,24,19,22,2.8,0
D017583,O018914,RIDER2399,42,46,31,8.4,4
D017584,O018916,RIDER1383,27,58,19,2.5,31
D017585,O018917,RIDER1707,32,51,42,2.8,19
D017586,O018918,RIDER1510,53,83,20,2.1,30
D017587,O018920,RIDER0875,23,37,25,1.9,14
D017588,O018921,RIDER0307,48,51,36,2.6,3
D017589,O018922,RIDER1533,30,28,40,4.1,0
D017590,O018923,RIDER0684,33,30,40,2.1,0
D017591,O018924,RIDER0757,26,26,40,2.9,0
D017592,O018925,RIDER2452,22,36,41,0.3,14
D017593,O018926,RIDER1612,58,86,19,3.0,28
D017594,O018927,RIDER0002,23,18,24,9.1,0
D017595,O018928,RIDER1379,34,40,33,1.7,6
D017596,O018929,RIDER2138,29,41,25,5.3,12
D017597,O018930,RIDER2183,26,33,30,5.0,7
D017598,O018931,RIDER0761,33,59,21,0.8,26
D017599,O018932,RIDER1795,28,28,23,0.5,0
D017600,O018933,RIDER1104,42,46,42,2.7,4
D017601,O018934,RIDER1452,35,37,14,1.3,2
D017602,O018935,RIDER1886,47,54,18,0.3,7
D017603,O018937,RIDER0627,26,30,37,4.6,4
D017604,O018938,RIDER1674,22,32,30,5.1,10
D017605,O018939,RIDER2380,27,57,39,3.5,30
D017606,O018941,RIDER0447,46,62,21,3.9,16
D017607,O018942,RIDER0462,41,59,33,2.4,18
D017608,O018943,RIDER1719,27,28,27,4.4,1
D017609,O018944,RIDER0742,43,52,38,1.6,9
D017610,O018945,RIDER0589,28,58,20,1.3,30
D017611,O018946,RIDER1914,23,51,37,5.7,28
D017612,O018947,RIDER0812,24,24,16,0.9,0
D017613,O018948,RIDER0402,33,31,40,1.1,0
D017614,O018949,RIDER1651,34,62,21,4.4,28
D017615,O018950,RIDER2082,32,38,36,5.8,6
D017616,O018951,RIDER0971,29,33,39,3.3,4
D017617,O018952,RIDER1938,42,52,32,4.2,10
D017618,O018953,RIDER0498,62,78,34,7.5,16
D017619,O018954,RIDER1807,24,20,32,2.9,0
D017620,O018955,RIDER0295,31,65,18,0.8,34
D017621,O018957,RIDER1412,36,36,24,0.6,0
D017622,O018959,RIDER1745,38,45,38,2.7,7
D017623,O018960,RIDER2332,35,40,15,0.4,5
D017624,O018961,RIDER0020,26,29,34,4.2,3
D017625,O018962,RIDER2475,52,56,17,2.7,4
D017626,O018963,RIDER1848,27,50,16,4.6,23
D017627,O018964,RIDER0065,32,65,38,1.3,33
D017628,O018965,RIDER1125,22,19,33,4.0,0
D017629,O018966,RIDER2228,25,21,38,1.6,0
D017630,O018967,RIDER0992,35,38,36,3.5,3
D017631,O018968,RIDER1285,30,36,37,1.5,6
D017632,O018970,RIDER2316,34,31,29,7.0,0
D017633,O018971,RIDER0136,33,33,18,1.1,0
D017634,O018972,RIDER1269,66,64,37,1.7,0
D017635,O018973,RIDER1667,53,67,25,5.3,14
D017636,O018974,RIDER0067,23,30,42,11.0,7
D017637,O018975,RIDER1182,30,33,14,3.8,3
D017638,O018976,RIDER2331,30,37,33,1.5,7
D017639,O018977,RIDER1873,37,40,42,0.6,3
D017640,O018978,RIDER2245,23,24,25,5.1,1
D017641,O018979,RIDER1196,18,21,21,0.7,3
D017642,O018980,RIDER1326,32,35,30,9.1,3
D017643,O018981,RIDER1757,60,83,29,4.1,23
D017644,O018982,RIDER1706,39,51,23,5.2,12
D017645,O018983,RIDER0306,55,54,34,3.4,0
D017646,O018984,RIDER0471,38,62,24,0.8,24
D017647,O018985,RIDER0872,32,37,33,4.0,5
D017648,O018987,RIDER1522,26,28,15,6.9,2
D017649,O018988,RIDER0150,25,38,42,4.1,13
D017650,O018989,RIDER1610,28,52,31,1.8,24
D017651,O018990,RIDER1193,49,69,34,0.7,20
D017652,O018991,RIDER0384,41,44,28,5.6,3
D017653,O018992,RIDER1295,48,53,37,0.4,5
D017654,O018993,RIDER2043,23,21,24,1.6,0
D017655,O018994,RIDER1632,22,22,36,1.4,0
D017656,O018995,RIDER0088,41,59,28,0.7,18
D017657,O018996,RIDER0110,26,52,40,6.3,26
D017658,O018997,RIDER2034,34,37,42,4.8,3
D017659,O018998,RIDER2145,34,56,40,1.0,22
D017660,O018999,RIDER2488,49,53,30,5.9,4
D017661,O019000,RIDER2214,27,23,40,0.9,0
D017662,O019001,RIDER0765,19,24,29,0.5,5
D017663,O019002,RIDER1848,23,33,14,1.6,10
D017664,O019003,RIDER2219,28,29,29,7.4,1
D017665,O019004,RIDER1026,32,28,16,6.2,0
D017666,O019005,RIDER0292,28,28,24,1.2,0
D017667,O019006,RIDER1186,44,44,35,9.3,0
D017668,O019007,RIDER0819,32,37,37,3.0,5
D017669,O019008,RIDER1429,31,52,14,5.1,21
D017670,O019009,RIDER0855,42,38,14,1.2,0
D017671,O019010,RIDER2272,26,58,28,4.3,32
D017672,O019011,RIDER0630,19,42,30,4.2,23
D017673,O019012,RIDER1586,50,75,15,1.9,25
D017674,O019013,RIDER1735,26,42,40,2.6,16
D017675,O019014,RIDER1761,26,42,16,3.2,16
D017676,O019015,RIDER0447,28,26,22,3.3,0
D017677,O019016,RIDER1107,26,43,40,4.4,17
D017678,O019018,RIDER0190,22,23,17,2.1,1
D017679,O019019,RIDER0439,25,24,24,1.3,0
D017680,O019020,RIDER0151,24,25,39,1.6,1
D017681,O019021,RIDER1865,32,36,40,9.2,4
D017682,O019022,RIDER2409,42,43,26,2.5,1
D017683,O019023,RIDER1363,34,37,41,2.0,3
D017684,O019024,RIDER2470,33,30,29,1.5,0
D017685,O019025,RIDER0513,22,56,36,0.7,34
D017686,O019027,RIDER0235,27,24,29,4.1,0
D017687,O019028,RIDER1707,31,38,25,0.4,7
D017688,O019029,RIDER1606,42,65,16,0.5,23
D017689,O019030,RIDER1764,32,60,42,1.3,28
D017690,O019031,RIDER2217,41,47,42,4.1,6
D017691,O019032,RIDER0269,52,80,17,1.3,28
D017692,O019033,RIDER1406,34,31,29,2.0,0
D017693,O019034,RIDER0260,40,41,14,2.2,1
D017694,O019035,RIDER0618,39,36,25,5.0,0
D017695,O019037,RIDER1211,38,49,33,5.8,11
D017696,O019038,RIDER0437,32,31,22,2.2,0
D017697,O019039,RIDER0031,23,49,28,3.2,26
D017698,O019040,RIDER2136,37,33,39,4.6,0
D017699,O019041,RIDER1252,32,36,33,3.7,4
D017700,O019042,RIDER1976,45,42,14,2.8,0
D017701,O019043,RIDER0333,21,27,39,1.3,6
D017702,O019044,RIDER0075,32,63,32,1.8,31
D017703,O019045,RIDER1432,33,37,19,3.3,4
D017704,O019046,RIDER1385,25,32,28,1.3,7
D017705,O019047,RIDER1715,32,63,40,1.2,31
D017706,O019048,RIDER1487,35,39,27,1.3,4
D017707,O019049,RIDER0208,26,30,28,2.0,4
D017708,O019050,RIDER1059,31,35,27,0.7,4
D017709,O019051,RIDER0639,30,42,30,4.7,12
D017710,O019052,RIDER1153,47,72,37,3.1,25
D017711,O019053,RIDER0176,33,58,33,0.7,25
D017712,O019054,RIDER1156,26,58,30,5.5,32
D017713,O019055,RIDER2169,51,52,42,0.6,1
D017714,O019056,RIDER1102,29,54,17,3.5,25
D017715,O019057,RIDER1648,28,29,30,2.4,1
D017716,O019058,RIDER2372,39,41,42,2.6,2
D017717,O019059,RIDER0538,36,38,31,2.3,2
D017718,O019060,RIDER1328,31,46,35,1.2,15
D017719,O019061,RIDER1107,17,17,30,2.9,0
D017720,O019062,RIDER1353,35,42,15,4.2,7
D017721,O019063,RIDER0489,29,28,38,2.6,0
D017722,O019064,RIDER2287,47,46,18,1.3,0
D017723,O019065,RIDER0866,28,43,31,0.2,15
D017724,O019066,RIDER2364,37,46,15,1.1,9
D017725,O019067,RIDER2085,34,54,40,1.5,20
D017726,O019068,RIDER0902,58,79,16,2.6,21
D017727,O019069,RIDER2372,36,32,16,13.0,0
D017728,O019070,RIDER1690,61,64,18,0.6,3
D017729,O019072,RIDER0856,38,49,22,0.7,11
D017730,O019073,RIDER2462,30,27,19,0.7,0
D017731,O019074,RIDER0860,26,25,27,2.2,0
D017732,O019075,RIDER1473,45,51,22,2.7,6
D017733,O019076,RIDER0511,34,56,39,11.8,22
D017734,O019077,RIDER0473,53,53,27,3.7,0
D017735,O019078,RIDER1145,35,68,14,9.2,33
D017736,O019079,RIDER1538,35,65,15,4.3,30
D017737,O019080,RIDER1143,32,35,36,1.3,3
D017738,O019081,RIDER2114,35,33,35,5.1,0
D017739,O019082,RIDER0781,33,35,25,8.5,2
D017740,O019083,RIDER1136,32,33,38,2.5,1
D017741,O019085,RIDER1898,36,36,23,2.0,0
D017742,O019086,RIDER0688,23,21,31,2.3,0
D017743,O019087,RIDER2158,45,54,32,1.8,9
D017744,O019088,RIDER1505,50,55,20,1.6,5
D017745,O019089,RIDER1492,43,42,37,1.0,0
D017746,O019090,RIDER1803,30,43,33,0.5,13
D017747,O019091,RIDER0532,21,29,29,4.4,8
D017748,O019094,RIDER0372,40,38,23,2.7,0
D017749,O019095,RIDER1642,28,24,32,2.3,0
D017750,O019096,RIDER0281,26,39,34,13.2,13
D017751,O019097,RIDER0903,43,47,28,3.3,4
D017752,O019098,RIDER0329,34,31,23,3.3,0
D017753,O019099,RIDER0723,29,48,28,3.2,19
D017754,O019100,RIDER1227,70,94,29,3.7,24
D017755,O019101,RIDER1008,53,68,17,3.3,15
D017756,O019102,RIDER1957,31,36,31,7.0,5
D017757,O019103,RIDER2261,50,57,32,6.7,7
D017758,O019104,RIDER2187,19,14,14,0.7,0
D017759,O019105,RIDER2041,42,39,29,1.4,0
D017760,O019106,RIDER1026,29,31,18,4.6,2
D017761,O019107,RIDER0528,30,50,33,1.9,20
D017762,O019108,RIDER1035,26,28,27,1.2,2
D017763,O019109,RIDER2127,21,19,39,1.8,0
D017764,O019110,RIDER0168,48,46,41,3.2,0
D017765,O019111,RIDER1356,32,56,15,4.1,24
D017766,O019112,RIDER0453,58,60,35,4.1,2
D017767,O019113,RIDER1768,31,36,33,5.2,5
D017768,O019114,RIDER0367,37,45,42,3.8,8
D017769,O019115,RIDER1654,29,27,30,6.0,0
D017770,O019116,RIDER0870,44,50,16,5.8,6
D017771,O019117,RIDER1182,33,34,28,3.5,1
D017772,O019118,RIDER1100,32,30,32,0.8,0
D017773,O019119,RIDER1299,33,47,42,0.7,14
D017774,O019120,RIDER1619,29,62,42,0.8,33
D017775,O019121,RIDER1848,33,33,27,1.3,0
D017776,O019123,RIDER1663,27,23,33,1.9,0
D017777,O019124,RIDER0315,49,77,37,7.7,28
D017778,O019125,RIDER0109,20,19,42,6.9,0
D017779,O019126,RIDER1611,25,28,31,2.7,3
D017780,O019128,RIDER1602,26,36,27,2.1,10
D017781,O019129,RIDER1371,53,55,29,7.4,2
D017782,O019130,RIDER1411,27,26,25,3.3,0
D017783,O019131,RIDER0198,26,23,22,2.6,0
D017784,O019132,RIDER0685,27,30,37,3.0,3
D017785,O019133,RIDER1279,39,49,25,1.6,10
D017786,O019134,RIDER1223,29,31,15,2.0,2
D017787,O019135,RIDER0782,26,23,23,2.5,0
D017788,O019136,RIDER1580,24,44,15,8.5,20
D017789,O019137,RIDER0795,29,60,29,1.2,31
D017790,O019138,RIDER0144,24,57,28,0.3,33
D017791,O019139,RIDER1745,48,54,37,2.3,6
D017792,O019141,RIDER2428,26,27,15,0.5,1
D017793,O019142,RIDER2100,32,47,24,7.1,15
D017794,O019143,RIDER2168,30,45,28,2.0,15
D017795,O019145,RIDER2216,45,41,22,5.2,0
D017796,O019146,RIDER1080,29,61,18,1.8,32
D017797,O019147,RIDER2032,27,26,28,8.3,0
D017798,O019149,RIDER0574,30,29,40,3.6,0
D017799,O019150,RIDER0382,68,98,22,2.6,30
D017800,O019151,RIDER1681,33,34,15,3.9,1
D017801,O019152,RIDER2345,30,27,27,1.8,0
D017802,O019153,RIDER0176,31,33,37,3.6,2
D017803,O019154,RIDER0151,30,56,39,7.7,26
D017804,O019155,RIDER0085,28,28,30,1.2,0
D017805,O019156,RIDER0163,43,55,15,1.4,12
D017806,O019157,RIDER0564,24,26,27,1.4,2
D017807,O019158,RIDER1522,33,35,24,1.4,2
D017808,O019159,RIDER0807,26,31,29,3.7,5
D017809,O019160,RIDER2101,37,60,15,2.4,23
D017810,O019161,RIDER0828,29,31,31,3.3,2
D017811,O019162,RIDER2199,26,48,15,5.1,22
D017812,O019163,RIDER0997,42,44,22,1.6,2
D017813,O019164,RIDER0797,28,34,35,3.0,6
D017814,O019165,RIDER2480,30,27,30,2.0,0
D017815,O019166,RIDER2332,46,65,27,0.6,19
D017816,O019167,RIDER0836,42,73,34,4.6,31
D017817,O019169,RIDER1725,22,50,36,11.7,28
D017818,O019170,RIDER2032,30,30,23,1.4,0
D017819,O019172,RIDER2350,32,54,21,4.2,22
D017820,O019173,RIDER2247,27,25,37,3.2,0
D017821,O019174,RIDER0087,39,69,26,0.2,30
D017822,O019175,RIDER1828,22,20,38,1.9,0
D017823,O019176,RIDER2155,35,33,21,5.1,0
D017824,O019177,RIDER1265,31,30,41,0.1,0
D017825,O019178,RIDER0631,26,49,31,0.6,23
D017826,O019179,RIDER1759,33,29,24,1.8,0
D017827,O019180,RIDER1881,35,39,21,0.8,4
D017828,O019182,RIDER1607,31,37,30,2.0,6
D017829,O019184,RIDER0149,39,43,38,3.6,4
D017830,O019185,RIDER0582,28,25,38,1.8,0
D017831,O019187,RIDER1625,29,50,28,0.3,21
D017832,O019188,RIDER1416,32,28,24,2.8,0
D017833,O019189,RIDER0861,18,33,23,5.8,15
D017834,O019190,RIDER1630,44,52,21,0.8,8
D017835,O019191,RIDER1117,31,27,38,0.7,0
D017836,O019192,RIDER0091,52,63,40,0.4,11
D017837,O019193,RIDER1673,44,59,42,3.2,15
D017838,O019194,RIDER0877,35,51,24,1.7,16
D017839,O019195,RIDER1028,28,41,14,3.3,13
D017840,O019196,RIDER0309,47,52,14,4.9,5
D017841,O019197,RIDER1030,23,23,39,7.0,0
D017842,O019198,RIDER0085,33,40,14,0.7,7
D017843,O019199,RIDER1523,53,55,23,1.1,2
D017844,O019200,RIDER2385,40,41,29,0.6,1
D017845,O019201,RIDER1659,23,27,35,1.7,4
D017846,O019202,RIDER0536,31,26,14,2.6,0
D017847,O019203,RIDER0311,31,34,21,2.1,3
D017848,O019204,RIDER1707,26,29,29,5.9,3
D017849,O019205,RIDER1679,48,58,21,1.5,10
D017850,O019206,RIDER0494,53,73,33,6.6,20
D017851,O019207,RIDER2075,38,72,23,3.5,34
D017852,O019208,RIDER1642,24,54,36,1.0,30
D017853,O019209,RIDER1127,32,33,37,1.2,1
D017854,O019210,RIDER1495,47,52,30,0.8,5
D017855,O019211,RIDER1525,32,40,31,0.5,8
D017856,O019212,RIDER2079,28,31,22,6.9,3
D017857,O019213,RIDER1731,21,19,18,2.5,0
D017858,O019214,RIDER2367,30,28,19,2.0,0
D017859,O019216,RIDER1554,36,67,35,5.2,31
D017860,O019217,RIDER0189,32,44,32,1.7,12
D017861,O019218,RIDER0072,31,49,38,5.3,18
D017862,O019219,RIDER2146,51,53,21,2.2,2
D017863,O019220,RIDER0415,22,18,16,1.4,0
D017864,O019221,RIDER1762,34,67,16,4.4,33
D017865,O019222,RIDER1766,37,59,18,3.6,22
D017866,O019224,RIDER0999,47,44,36,4.6,0
D017867,O019225,RIDER0481,38,34,33,5.7,0
D017868,O019226,RIDER0544,23,30,15,4.2,7
D017869,O019227,RIDER0771,28,37,31,1.4,9
D017870,O019229,RIDER0519,27,33,21,5.2,6
D017871,O019230,RIDER1560,26,32,30,4.0,6
D017872,O019231,RIDER0025,42,54,42,1.7,12
D017873,O019232,RIDER2308,29,26,21,1.5,0
D017874,O019233,RIDER0048,27,52,38,0.7,25
D017875,O019234,RIDER1513,34,46,19,0.7,12
D017876,O019235,RIDER1124,32,29,28,1.1,0
D017877,O019236,RIDER2163,53,52,42,2.1,0
D017878,O019237,RIDER1351,51,70,14,2.9,19
D017879,O019238,RIDER0075,23,44,20,3.5,21
D017880,O019239,RIDER0357,20,17,17,2.8,0
D017881,O019240,RIDER2384,70,82,29,1.0,12
D017882,O019241,RIDER2088,27,28,30,0.9,1
D017883,O019242,RIDER2081,35,40,31,3.8,5
D017884,O019243,RIDER0437,43,40,30,5.4,0
D017885,O019244,RIDER0207,29,26,25,2.4,0
D017886,O019245,RIDER1724,26,34,25,1.5,8
D017887,O019246,RIDER0425,37,53,23,0.8,16
D017888,O019247,RIDER1164,29,57,14,2.8,28
D017889,O019248,RIDER0815,47,54,15,9.0,7
D017890,O019249,RIDER0172,41,47,31,2.2,6
D017891,O019250,RIDER0443,38,38,30,6.5,0
D017892,O019251,RIDER1873,28,23,14,0.2,0
D017893,O019252,RIDER1819,17,29,29,2.4,12
D017894,O019253,RIDER1740,40,37,21,7.4,0
D017895,O019255,RIDER0976,29,25,14,2.3,0
D017896,O019256,RIDER1144,34,64,25,2.1,30
D017897,O019257,RIDER0696,25,52,42,0.5,27
D017898,O019258,RIDER0609,29,59,38,1.9,30
D017899,O019259,RIDER0280,44,56,29,1.0,12
D017900,O019260,RIDER0424,40,74,15,5.6,34
D017901,O019261,RIDER1757,45,52,31,3.2,7
D017902,O019262,RIDER0972,44,52,29,5.1,8
D017903,O019264,RIDER1431,38,69,25,0.7,31
D017904,O019266,RIDER2057,60,56,27,2.8,0
D017905,O019267,RIDER0195,47,42,27,10.5,0
D017906,O019268,RIDER0649,27,31,25,7.6,4
D017907,O019269,RIDER1414,38,42,21,2.4,4
D017908,O019270,RIDER0097,27,49,37,6.0,22
D017909,O019271,RIDER1018,25,22,26,6.5,0
D017910,O019272,RIDER2364,30,34,39,2.6,4
D017911,O019273,RIDER1848,37,53,42,3.4,16
D017912,O019274,RIDER2007,34,57,26,2.5,23
D017913,O019275,RIDER0257,25,29,27,5.0,4
D017914,O019276,RIDER1037,39,43,20,3.7,4
D017915,O019277,RIDER0458,38,53,19,1.6,15
D017916,O019279,RIDER0311,28,56,37,4.0,28
D017917,O019280,RIDER0407,29,62,28,0.7,33
D017918,O019281,RIDER1180,39,59,31,1.2,20
D017919,O019282,RIDER0517,42,40,40,7.6,0
D017920,O019283,RIDER1610,34,41,14,0.2,7
D017921,O019284,RIDER0465,21,19,31,7.0,0
D017922,O019285,RIDER1011,34,57,21,6.6,23
D017923,O019286,RIDER0384,23,55,29,1.2,32
D017924,O019287,RIDER0090,32,31,41,1.3,0
D017925,O019288,RIDER0966,22,21,32,3.0,0
D017926,O019289,RIDER1541,26,30,37,0.9,4
D017927,O019290,RIDER0965,38,45,16,3.5,7
D017928,O019291,RIDER2436,30,57,38,6.2,27
D017929,O019292,RIDER0009,32,33,29,0.5,1
D017930,O019293,RIDER2195,37,35,31,0.8,0
D017931,O019294,RIDER1564,35,36,27,0.6,1
D017932,O019295,RIDER0813,28,31,30,3.0,3
D017933,O019296,RIDER0798,36,67,19,3.9,31
D017934,O019297,RIDER1438,23,27,14,1.2,4
D017935,O019298,RIDER1723,37,36,27,0.0,0
D017936,O019299,RIDER1613,50,47,22,3.5,0
D017937,O019300,RIDER0178,30,28,32,0.3,0
D017938,O019301,RIDER2332,29,31,42,5.7,2
D017939,O019302,RIDER0127,26,30,22,3.2,4
D017940,O019303,RIDER2086,37,36,32,1.8,0
D017941,O019304,RIDER2406,31,37,16,7.4,6
D017942,O019305,RIDER0935,31,29,27,1.4,0
D017943,O019306,RIDER2220,43,40,14,2.8,0
D017944,O019307,RIDER1677,30,32,38,2.6,2
D017945,O019308,RIDER0843,33,39,29,2.3,6
D017946,O019309,RIDER0066,22,27,37,2.2,5
D017947,O019310,RIDER2328,36,38,16,0.8,2
D017948,O019311,RIDER0147,37,64,29,5.8,27
D017949,O019312,RIDER2490,30,64,36,1.9,34
D017950,O019313,RIDER2243,25,29,16,3.6,4
D017951,O019314,RIDER2082,29,33,32,2.2,4
D017952,O019315,RIDER0242,55,61,36,0.4,6
D017953,O019316,RIDER1796,60,64,42,1.9,4
D017954,O019317,RIDER1487,35,35,15,2.1,0
D017955,O019318,RIDER0825,35,42,36,6.4,7
D017956,O019319,RIDER2120,34,36,42,2.0,2
D017957,O019320,RIDER0350,29,27,15,4.6,0
D017958,O019321,RIDER1106,26,23,42,4.7,0
D017959,O019322,RIDER0154,27,30,41,1.4,3
D017960,O019323,RIDER0025,25,21,31,1.8,0
D017961,O019324,RIDER2212,33,28,39,0.9,0
D017962,O019325,RIDER2231,32,56,16,0.4,24
D017963,O019326,RIDER1151,36,32,21,0.7,0
D017964,O019327,RIDER0546,49,51,18,2.1,2
D017965,O019328,RIDER1275,42,52,32,0.1,10
D017966,O019329,RIDER1946,64,74,33,5.6,10
D017967,O019330,RIDER0221,38,42,14,1.3,4
D017968,O019332,RIDER1129,23,31,16,3.4,8
D017969,O019333,RIDER1695,32,48,33,3.2,16
D017970,O019334,RIDER0391,29,26,30,1.7,0
D017971,O019335,RIDER2406,33,30,42,0.9,0
D017972,O019336,RIDER1866,29,27,31,5.5,0
D017973,O019338,RIDER1820,29,48,38,3.5,19
D017974,O019339,RIDER2092,33,36,39,1.8,3
D017975,O019340,RIDER1565,39,39,36,2.1,0
D017976,O019341,RIDER1810,27,32,38,3.3,5
D017977,O019342,RIDER1313,28,34,33,2.6,6
D017978,O019343,RIDER2297,36,35,19,3.2,0
D017979,O019344,RIDER0447,57,60,41,1.2,3
D017980,O019345,RIDER1243,31,31,16,4.4,0
D017981,O019346,RIDER1885,40,73,27,6.7,33
D017982,O019347,RIDER0844,50,73,29,1.7,23
D017983,O019348,RIDER0215,22,26,18,3.1,4
D017984,O019349,RIDER1820,34,35,36,5.3,1
D017985,O019351,RIDER0178,44,48,17,4.9,4
D017986,O019352,RIDER0240,23,55,23,4.7,32
D017987,O019353,RIDER0571,30,51,18,0.9,21
D017988,O019354,RIDER2254,32,32,38,3.9,0
D017989,O019355,RIDER0351,36,70,22,1.0,34
D017990,O019357,RIDER2388,43,62,19,6.6,19
D017991,O019358,RIDER1451,47,74,30,4.1,27
D017992,O019359,RIDER1607,35,63,18,4.7,28
D017993,O019360,RIDER0610,26,24,30,6.1,0
D017994,O019361,RIDER2264,38,65,35,1.6,27
D017995,O019364,RIDER1178,42,41,31,0.2,0
D017996,O019365,RIDER1445,40,45,27,1.4,5
D017997,O019366,RIDER2244,21,17,22,9.7,0
D017998,O019367,RIDER1882,29,36,40,5.0,7
D017999,O019368,RIDER2461,44,56,32,3.1,12
D018000,O019369,RIDER2080,52,49,15,1.1,0
D018001,O019370,RIDER1399,33,55,40,2.7,22
D018002,O019371,RIDER2077,20,24,37,0.4,4
D018003,O019372,RIDER2379,67,73,30,1.1,6
D018004,O019373,RIDER1333,36,52,42,0.2,16
D018005,O019374,RIDER2208,45,48,15,0.2,3
D018006,O019375,RIDER1065,34,41,30,2.4,7
D018007,O019376,RIDER2130,48,76,30,1.4,28
D018008,O019377,RIDER0789,53,57,31,3.2,4
D018009,O019378,RIDER0579,35,31,32,3.5,0
D018010,O019379,RIDER1969,30,35,22,4.9,5
D018011,O019380,RIDER0893,24,26,29,7.2,2
D018012,O019381,RIDER0144,26,39,38,1.4,13
D018013,O019382,RIDER1309,27,30,41,3.1,3
D018014,O019383,RIDER1335,22,18,29,3.3,0
D018015,O019386,RIDER0732,21,35,40,1.1,14
D018016,O019387,RIDER1451,20,21,23,0.6,1
D018017,O019388,RIDER0550,50,51,35,5.0,1
D018018,O019389,RIDER2097,38,38,18,1.4,0
D018019,O019390,RIDER0569,39,36,27,4.4,0
D018020,O019393,RIDER2214,27,50,39,3.3,23
D018021,O019394,RIDER0227,30,59,25,1.4,29
D018022,O019395,RIDER2491,34,61,21,2.8,27
D018023,O019396,RIDER1912,31,34,26,4.4,3
D018024,O019397,RIDER0604,35,42,14,2.6,7
D018025,O019398,RIDER0684,25,20,37,0.7,0
D018026,O019399,RIDER2168,45,45,14,1.7,0
D018027,O019400,RIDER1100,33,32,25,2.6,0
D018028,O019402,RIDER2060,35,30,30,4.0,0
D018029,O019403,RIDER1287,22,21,39,5.1,0
D018030,O019404,RIDER1121,34,36,39,0.8,2
D018031,O019405,RIDER0321,39,58,37,2.8,19
D018032,O019406,RIDER0749,32,31,28,5.0,0
D018033,O019407,RIDER2271,41,61,14,3.8,20
D018034,O019408,RIDER2274,33,45,36,1.1,12
D018035,O019409,RIDER0502,33,36,22,3.1,3
D018036,O019410,RIDER0811,33,31,29,1.5,0
D018037,O019412,RIDER1526,32,35,21,0.8,3
D018038,O019413,RIDER0658,27,23,31,0.6,0
D018039,O019414,RIDER1354,40,37,33,5.6,0
D018040,O019415,RIDER2149,49,54,14,4.5,5
D018041,O019416,RIDER0360,36,49,23,8.7,13
D018042,O019417,RIDER0385,20,17,42,4.3,0
D018043,O019419,RIDER1530,43,47,31,12.2,4
D018044,O019420,RIDER2063,31,30,20,2.5,0
D018045,O019421,RIDER0857,30,37,15,1.9,7
D018046,O019422,RIDER0685,38,71,33,0.9,33
D018047,O019423,RIDER0582,26,31,36,6.9,5
D018048,O019424,RIDER2201,29,25,30,4.9,0
D018049,O019425,RIDER0966,31,33,33,5.6,2
D018050,O019426,RIDER0964,24,56,27,2.1,32
D018051,O019427,RIDER1910,39,51,22,5.4,12
D018052,O019428,RIDER0198,27,32,19,2.4,5
D018053,O019429,RIDER2026,32,31,25,6.8,0
D018054,O019431,RIDER2146,35,30,19,2.2,0
D018055,O019432,RIDER0564,30,31,41,14.5,1
D018056,O019433,RIDER0858,47,47,19,4.3,0
D018057,O019434,RIDER1879,30,26,37,1.5,0
D018058,O019435,RIDER1049,30,50,34,4.3,20
D018059,O019436,RIDER0034,46,51,36,1.7,5
D018060,O019437,RIDER2279,29,28,24,6.4,0
D018061,O019438,RIDER2429,21,27,21,8.5,6
D018062,O019439,RIDER1316,30,40,20,7.9,10
D018063,O019440,RIDER0459,55,72,17,9.8,17
D018064,O019442,RIDER0789,48,50,16,1.8,2
D018065,O019443,RIDER2201,26,31,40,8.0,5
D018066,O019444,RIDER2186,26,23,33,2.5,0
D018067,O019445,RIDER0791,28,62,29,3.6,34
D018068,O019446,RIDER0042,28,35,30,5.9,7
D018069,O019447,RIDER0118,41,61,39,4.0,20
D018070,O019448,RIDER1969,33,41,32,9.5,8
D018071,O019449,RIDER1138,36,58,14,3.8,22
D018072,O019450,RIDER1268,43,66,32,1.3,23
D018073,O019451,RIDER2141,31,35,42,1.8,4
D018074,O019452,RIDER2102,35,51,29,5.8,16
D018075,O019453,RIDER2363,24,30,30,1.1,6
D018076,O019454,RIDER0477,33,34,19,2.2,1
D018077,O019455,RIDER0287,42,39,31,1.3,0
D018078,O019456,RIDER0718,24,29,42,4.9,5
D018079,O019459,RIDER1288,24,44,32,2.9,20
D018080,O019460,RIDER0130,48,56,40,2.5,8
D018081,O019461,RIDER0562,27,25,31,2.4,0
D018082,O019462,RIDER0573,38,42,16,4.6,4
D018083,O019463,RIDER0297,48,79,40,1.9,31
D018084,O019464,RIDER2044,22,52,18,4.6,30
D018085,O019465,RIDER0097,47,42,38,0.1,0
D018086,O019466,RIDER1920,41,45,38,0.1,4
D018087,O019467,RIDER0685,29,24,29,2.6,0
D018088,O019468,RIDER0168,36,32,21,4.5,0
D018089,O019469,RIDER0502,24,43,32,10.7,19
D018090,O019470,RIDER1116,30,26,29,1.8,0
D018091,O019471,RIDER0250,34,33,31,0.9,0
D018092,O019472,RIDER2283,42,65,40,3.7,23
D018093,O019473,RIDER0970,33,34,35,6.5,1
D018094,O019474,RIDER0657,44,55,22,2.3,11
D018095,O019475,RIDER1322,23,20,14,0.7,0
D018096,O019476,RIDER0560,36,60,31,0.2,24
D018097,O019477,RIDER0886,32,29,17,4.6,0
D018098,O019478,RIDER0310,30,33,29,1.3,3
D018099,O019479,RIDER2082,32,30,41,6.9,0
D018100,O019480,RIDER0706,18,25,37,2.2,7
D018101,O019481,RIDER2154,25,30,39,3.6,5
D018102,O019482,RIDER1723,27,56,15,5.7,29
D018103,O019483,RIDER0277,28,30,37,2.1,2
D018104,O019484,RIDER1673,29,35,16,5.5,6
D018105,O019485,RIDER0771,32,45,35,0.7,13
D018106,O019486,RIDER1611,28,36,38,1.6,8
D018107,O019487,RIDER0412,40,61,39,2.1,21
D018108,O019488,RIDER0526,31,26,15,5.7,0
D018109,O019489,RIDER1426,43,49,31,2.7,6
D018110,O019490,RIDER1230,28,29,27,1.7,1
D018111,O019492,RIDER0631,31,50,17,2.1,19
D018112,O019493,RIDER0459,20,27,36,3.3,7
D018113,O019494,RIDER0069,28,52,19,6.1,24
D018114,O019495,RIDER0978,22,18,36,1.5,0
D018115,O019496,RIDER2207,48,72,28,3.1,24
D018116,O019497,RIDER2061,36,43,14,1.5,7
D018117,O019498,RIDER1844,25,24,15,1.5,0
D018118,O019499,RIDER0623,25,28,22,2.7,3
D018119,O019500,RIDER0069,40,66,19,5.1,26
D018120,O019501,RIDER0771,46,44,39,0.2,0
D018121,O019502,RIDER2446,40,45,38,0.4,5
D018122,O019503,RIDER0635,26,44,26,9.8,18
D018123,O019504,RIDER1770,28,26,29,3.2,0
D018124,O019505,RIDER0418,35,40,33,1.4,5
D018125,O019506,RIDER0300,34,33,39,6.5,0
D018126,O019507,RIDER1470,31,33,23,2.3,2
D018127,O019508,RIDER1811,25,50,22,6.1,25
D018128,O019509,RIDER2388,41,64,39,5.8,23
D018129,O019511,RIDER1358,18,13,35,2.9,0
D018130,O019512,RIDER1626,26,26,21,12.7,0
D018131,O019513,RIDER0040,26,33,25,1.5,7
D018132,O019514,RIDER1258,30,55,39,0.6,25
D018133,O019515,RIDER1917,31,61,29,0.8,30
D018134,O019516,RIDER0080,50,53,36,2.1,3
D018135,O019517,RIDER2276,49,65,41,2.3,16
D018136,O019518,RIDER0379,33,30,14,4.0,0
D018137,O019519,RIDER0001,18,18,38,3.4,0
D018138,O019520,RIDER2207,52,54,36,7.1,2
D018139,O019521,RIDER1821,33,45,36,1.5,12
D018140,O019522,RIDER2500,51,57,16,4.8,6
D018141,O019523,RIDER0520,25,36,34,1.7,11
D018142,O019524,RIDER2152,32,33,31,9.9,1
D018143,O019525,RIDER0927,26,27,25,3.1,1
D018144,O019526,RIDER2473,29,55,31,0.5,26
D018145,O019528,RIDER1846,26,41,25,3.9,15
D018146,O019529,RIDER1435,50,49,36,0.3,0
D018147,O019530,RIDER0265,41,44,19,8.0,3
D018148,O019531,RIDER1655,33,36,20,5.2,3
D018149,O019532,RIDER1565,58,57,15,1.4,0
D018150,O019533,RIDER0616,54,75,19,2.0,21
D018151,O019534,RIDER0330,31,29,25,6.5,0
D018152,O019535,RIDER0403,31,33,17,0.9,2
D018153,O019536,RIDER0985,28,35,31,1.0,7
D018154,O019537,RIDER1127,39,45,32,0.5,6
D018155,O019538,RIDER1874,34,42,38,2.4,8
D018156,O019539,RIDER1150,43,44,15,5.3,1
D018157,O019540,RIDER2399,31,64,14,1.1,33
D018158,O019542,RIDER0522,27,30,21,0.5,3
D018159,O019543,RIDER2414,29,28,39,1.4,0
D018160,O019544,RIDER1184,34,31,31,4.6,0
D018161,O019545,RIDER2412,43,47,15,5.5,4
D018162,O019547,RIDER1486,22,22,39,1.9,0
D018163,O019548,RIDER2409,31,34,37,1.0,3
D018164,O019549,RIDER0800,25,25,31,3.2,0
D018165,O019550,RIDER2367,31,44,41,0.5,13
D018166,O019551,RIDER1131,24,27,15,5.8,3
D018167,O019552,RIDER2422,45,48,15,0.3,3
D018168,O019553,RIDER0840,21,29,30,3.3,8
D018169,O019554,RIDER2480,21,22,15,1.0,1
D018170,O019555,RIDER1720,29,39,35,8.1,10
D018171,O019557,RIDER0884,29,36,34,1.2,7
D018172,O019559,RIDER1617,43,52,30,1.1,9
D018173,O019560,RIDER1027,27,30,20,0.6,3
D018174,O019561,RIDER2437,31,37,22,2.1,6
D018175,O019562,RIDER1378,42,47,16,1.5,5
D018176,O019563,RIDER2061,17,19,37,6.0,2
D018177,O019564,RIDER1953,30,51,14,3.3,21
D018178,O019565,RIDER2391,42,66,18,6.1,24
D018179,O019566,RIDER1922,35,43,34,4.2,8
D018180,O019567,RIDER0856,23,23,40,4.1,0
D018181,O019568,RIDER0851,19,23,22,4.3,4
D018182,O019569,RIDER2071,23,42,37,2.7,19
D018183,O019570,RIDER0287,27,32,38,5.1,5
D018184,O019572,RIDER0903,36,31,24,6.7,0
D018185,O019573,RIDER0882,33,59,18,1.4,26
D018186,O019574,RIDER0984,27,27,20,1.8,0
D018187,O019575,RIDER1269,29,61,41,9.0,32
D018188,O019576,RIDER1025,24,29,28,3.5,5
D018189,O019577,RIDER1491,29,33,19,2.3,4
D018190,O019578,RIDER2185,21,26,22,5.9,5
D018191,O019579,RIDER1950,23,42,33,4.1,19
D018192,O019580,RIDER2414,27,32,16,2.7,5
D018193,O019581,RIDER1246,39,51,15,2.1,12
D018194,O019582,RIDER1522,70,73,16,5.4,3
D018195,O019583,RIDER0090,45,48,19,3.3,3
D018196,O019584,RIDER2332,21,29,42,7.2,8
D018197,O019585,RIDER1213,35,35,42,4.4,0
D018198,O019586,RIDER0950,25,59,30,2.0,34
D018199,O019587,RIDER1600,43,38,29,0.3,0
D018200,O019588,RIDER2250,65,71,32,3.0,6
D018201,O019589,RIDER1385,32,34,25,0.4,2
D018202,O019590,RIDER0378,51,62,17,1.5,11
D018203,O019591,RIDER0804,29,34,33,2.1,5
D018204,O019592,RIDER0612,54,60,29,5.9,6
D018205,O019593,RIDER0767,39,37,39,0.6,0
D018206,O019594,RIDER1495,29,44,17,0.8,15
D018207,O019595,RIDER1303,29,27,25,4.1,0
D018208,O019597,RIDER1921,26,52,15,2.9,26
D018209,O019598,RIDER1212,55,55,15,0.8,0
D018210,O019599,RIDER1654,38,69,29,1.7,31
D018211,O019600,RIDER2174,37,62,22,1.7,25
D018212,O019601,RIDER2272,25,26,29,3.5,1
D018213,O019602,RIDER0554,28,28,32,3.7,0
D018214,O019603,RIDER2160,26,30,40,6.4,4
D018215,O019604,RIDER0220,26,30,31,1.6,4
D018216,O019605,RIDER0879,46,79,31,2.0,33
D018217,O019606,RIDER1637,25,47,25,0.8,22
D018218,O019607,RIDER0557,27,42,33,0.8,15
D018219,O019609,RIDER1849,23,18,40,2.5,0
D018220,O019610,RIDER1901,32,59,28,3.6,27
D018221,O019611,RIDER1841,24,25,32,2.3,1
D018222,O019612,RIDER2131,31,27,33,1.6,0
D018223,O019613,RIDER2030,40,35,37,2.8,0
D018224,O019614,RIDER2453,43,38,28,4.9,0
D018225,O019615,RIDER1106,38,37,16,5.8,0
D018226,O019616,RIDER2227,53,56,31,1.1,3
D018227,O019617,RIDER0438,30,38,14,1.3,8
D018228,O019618,RIDER1495,32,56,32,1.1,24
D018229,O019619,RIDER0836,26,30,37,1.6,4
D018230,O019620,RIDER0199,35,36,30,0.8,1
D018231,O019621,RIDER2135,29,31,22,6.0,2
D018232,O019622,RIDER0956,23,19,30,2.3,0
D018233,O019623,RIDER1645,23,56,17,2.3,33
D018234,O019624,RIDER1374,30,43,36,1.0,13
D018235,O019626,RIDER2214,31,48,34,0.2,17
D018236,O019627,RIDER2079,34,42,36,4.6,8
D018237,O019628,RIDER2418,42,47,28,0.7,5
D018238,O019629,RIDER1276,24,28,31,12.3,4
D018239,O019630,RIDER1224,19,15,25,3.2,0
D018240,O019631,RIDER0235,41,42,25,14.8,1
D018241,O019632,RIDER0414,29,57,30,2.2,28
D018242,O019634,RIDER1190,46,49,15,2.2,3
D018243,O019635,RIDER2079,39,41,36,5.3,2
D018244,O019636,RIDER0515,29,52,35,9.0,23
D018245,O019637,RIDER1435,29,25,32,3.4,0
D018246,O019638,RIDER1788,52,71,21,2.0,19
D018247,O019639,RIDER0317,33,28,40,0.3,0
D018248,O019640,RIDER1711,26,21,21,2.5,0
D018249,O019641,RIDER0078,29,41,21,0.3,12
D018250,O019643,RIDER1277,48,49,17,2.7,1
D018251,O019645,RIDER2243,41,47,27,2.2,6
D018252,O019648,RIDER2476,24,28,23,0.6,4
D018253,O019649,RIDER2067,42,43,19,2.0,1
D018254,O019650,RIDER1868,23,30,35,0.1,7
D018255,O019651,RIDER0719,37,48,15,13.2,11
D018256,O019652,RIDER1892,24,28,36,0.5,4
D018257,O019653,RIDER0489,29,32,22,3.4,3
D018258,O019654,RIDER0532,22,19,16,1.8,0
D018259,O019656,RIDER0707,30,61,20,3.1,31
D018260,O019657,RIDER0612,35,39,38,7.1,4
D018261,O019658,RIDER0217,41,42,18,0.8,1
D018262,O019659,RIDER1522,27,50,24,2.6,23
D018263,O019660,RIDER0658,27,24,35,2.7,0
D018264,O019661,RIDER1236,35,58,25,1.9,23
D018265,O019662,RIDER1128,31,32,24,0.5,1
D018266,O019663,RIDER0614,37,44,18,2.6,7
D018267,O019664,RIDER1596,29,34,24,2.9,5
D018268,O019665,RIDER2330,36,41,35,4.9,5
D018269,O019666,RIDER2030,30,55,18,2.4,25
D018270,O019668,RIDER0427,18,13,16,4.5,0
D018271,O019669,RIDER2228,22,19,40,1.8,0
D018272,O019670,RIDER2127,32,28,20,0.4,0
D018273,O019671,RIDER1458,46,74,42,4.4,28
D018274,O019672,RIDER1767,32,30,36,0.5,0
D018275,O019673,RIDER0717,30,33,29,5.4,3
D018276,O019674,RIDER2148,34,36,15,4.1,2
D018277,O019675,RIDER2296,33,65,15,2.6,32
D018278,O019676,RIDER0111,33,34,28,6.4,1
D018279,O019677,RIDER0515,39,40,31,1.5,1
D018280,O019678,RIDER2328,28,23,16,1.7,0
D018281,O019679,RIDER1717,31,35,24,1.9,4
D018282,O019680,RIDER0894,37,35,40,0.6,0
D018283,O019681,RIDER0103,26,24,28,2.0,0
D018284,O019682,RIDER1441,25,32,15,3.5,7
D018285,O019683,RIDER0296,43,39,14,2.3,0
D018286,O019684,RIDER1350,30,61,42,3.1,31
D018287,O019685,RIDER0367,30,29,27,0.6,0
D018288,O019686,RIDER0917,31,47,14,1.0,16
D018289,O019687,RIDER0462,34,33,15,6.0,0
D018290,O019688,RIDER1230,33,56,33,9.6,23
D018291,O019689,RIDER0549,30,26,32,5.4,0
D018292,O019690,RIDER0922,67,83,28,0.4,16
D018293,O019691,RIDER1242,34,55,15,1.0,21
D018294,O019692,RIDER0929,28,33,21,5.8,5
D018295,O019694,RIDER0386,41,45,42,2.1,4
D018296,O019695,RIDER1375,31,37,14,1.2,6
D018297,O019696,RIDER2281,28,25,22,1.2,0
D018298,O019697,RIDER2452,25,28,28,5.7,3
D018299,O019698,RIDER0353,37,35,29,1.5,0
D018300,O019699,RIDER0075,68,86,25,1.2,18
D018301,O019700,RIDER2291,37,48,31,4.4,11
D018302,O019701,RIDER0773,36,32,35,1.4,0
D018303,O019702,RIDER1660,29,34,42,2.9,5
D018304,O019703,RIDER0725,40,37,37,0.9,0
D018305,O019704,RIDER0843,28,25,21,14.2,0
D018306,O019705,RIDER2335,27,27,40,0.9,0
D018307,O019706,RIDER1631,26,24,38,7.6,0
D018308,O019707,RIDER1531,18,38,37,1.9,20
D018309,O019708,RIDER1481,26,39,15,0.6,13
D018310,O019709,RIDER0556,30,57,29,3.3,27
D018311,O019710,RIDER1948,31,52,33,3.8,21
D018312,O019711,RIDER0754,44,71,30,1.5,27
D018313,O019712,RIDER1202,19,44,14,3.1,25
D018314,O019713,RIDER1743,44,40,23,1.6,0
D018315,O019715,RIDER0816,22,22,37,8.1,0
D018316,O019716,RIDER2472,50,53,30,1.1,3
D018317,O019717,RIDER1982,34,33,22,1.4,0
D018318,O019718,RIDER0594,29,48,27,1.2,19
D018319,O019719,RIDER1316,39,68,16,4.4,29
D018320,O019720,RIDER0741,29,31,25,1.9,2
D018321,O019721,RIDER2218,40,71,14,4.7,31
D018322,O019722,RIDER1030,51,54,24,1.1,3
D018323,O019723,RIDER0264,43,75,37,2.1,32
D018324,O019725,RIDER2228,29,27,31,6.5,0
D018325,O019726,RIDER0545,35,36,32,0.4,1
D018326,O019727,RIDER0720,26,57,27,5.0,31
D018327,O019728,RIDER0745,27,27,38,0.4,0
D018328,O019729,RIDER2229,42,46,37,0.6,4
D018329,O019731,RIDER0150,21,18,18,6.6,0
D018330,O019732,RIDER0280,25,30,31,6.5,5
D018331,O019733,RIDER1394,21,27,42,1.1,6
D018332,O019734,RIDER2419,30,46,15,4.6,16
D018333,O019735,RIDER0913,38,40,30,4.0,2
D018334,O019736,RIDER0578,25,27,17,3.1,2
D018335,O019737,RIDER1166,41,39,42,1.9,0
D018336,O019738,RIDER2147,28,57,15,0.5,29
D018337,O019739,RIDER0970,24,24,36,3.9,0
D018338,O019740,RIDER2305,28,31,32,4.1,3
D018339,O019741,RIDER2061,31,34,14,2.8,3
D018340,O019742,RIDER2278,35,47,33,3.8,12
D018341,O019743,RIDER1964,38,44,35,3.3,6
D018342,O019744,RIDER1103,39,55,19,2.2,16
D018343,O019745,RIDER2175,19,16,20,2.0,0
D018344,O019747,RIDER1788,27,32,14,3.7,5
D018345,O019748,RIDER2349,37,32,16,0.2,0
D018346,O019749,RIDER1185,31,31,18,8.6,0
D018347,O019750,RIDER0238,50,74,42,8.5,24
D018348,O019751,RIDER1961,40,67,29,2.7,27
D018349,O019752,RIDER1025,27,22,19,3.5,0
D018350,O019753,RIDER0660,22,27,39,5.1,5
D018351,O019754,RIDER1762,43,61,42,1.1,18
D018352,O019755,RIDER0770,36,39,38,4.6,3
D018353,O019756,RIDER1751,23,33,15,3.9,10
D018354,O019757,RIDER2077,28,28,27,5.3,0
D018355,O019758,RIDER1375,36,60,23,3.9,24
D018356,O019759,RIDER0049,35,35,28,0.9,0
D018357,O019760,RIDER0631,28,29,25,5.4,1
D018358,O019761,RIDER0292,46,68,30,2.5,22
D018359,O019762,RIDER1301,46,77,42,5.2,31
D018360,O019763,RIDER0975,25,25,15,0.4,0
D018361,O019764,RIDER2003,32,35,32,0.4,3
D018362,O019765,RIDER0425,30,49,14,0.6,19
D018363,O019766,RIDER0461,33,55,29,0.7,22
D018364,O019767,RIDER2249,49,51,37,3.6,2
D018365,O019768,RIDER2335,47,47,35,3.6,0
D018366,O019769,RIDER0717,29,35,17,0.6,6
D018367,O019771,RIDER2182,26,29,25,12.3,3
D018368,O019772,RIDER2199,37,50,16,2.6,13
D018369,O019773,RIDER0523,25,32,19,7.7,7
D018370,O019774,RIDER1987,27,27,16,1.2,0
D018371,O019775,RIDER1595,45,42,36,0.5,0
D018372,O019776,RIDER0370,67,79,18,6.2,12
D018373,O019777,RIDER2082,30,37,18,1.6,7
D018374,O019778,RIDER1509,21,20,21,4.6,0
D018375,O019779,RIDER1942,37,38,34,2.3,1
D018376,O019780,RIDER0788,31,38,24,0.3,7
D018377,O019781,RIDER0884,25,25,38,2.8,0
D018378,O019782,RIDER1205,32,32,22,3.6,0
D018379,O019783,RIDER1804,30,30,16,9.7,0
D018380,O019784,RIDER1109,29,27,30,3.2,0
D018381,O019785,RIDER0976,28,49,14,3.6,21
D018382,O019786,RIDER0749,24,31,28,1.1,7
D018383,O019787,RIDER0234,70,87,36,3.6,17
D018384,O019788,RIDER1945,41,41,41,1.1,0
D018385,O019789,RIDER0943,29,29,33,0.7,0
D018386,O019790,RIDER0448,38,65,21,1.8,27
D018387,O019791,RIDER1011,41,63,37,4.7,22
D018388,O019792,RIDER1710,35,64,31,4.0,29
D018389,O019793,RIDER0126,34,33,14,2.4,0
D018390,O019794,RIDER1354,28,46,32,11.0,18
D018391,O019795,RIDER0661,36,66,19,2.4,30
D018392,O019796,RIDER0788,24,24,15,4.4,0
D018393,O019797,RIDER2443,26,28,22,1.0,2
D018394,O019798,RIDER1550,19,30,21,2.2,11
D018395,O019800,RIDER0613,22,36,35,1.7,14
D018396,O019801,RIDER1943,20,26,24,2.8,6
D018397,O019802,RIDER0882,23,56,14,2.9,33
D018398,O019803,RIDER0627,44,61,18,1.4,17
D018399,O019804,RIDER2043,37,51,37,0.5,14
D018400,O019805,RIDER2059,22,54,21,4.2,32
D018401,O019806,RIDER1385,50,58,40,1.4,8
D018402,O019807,RIDER2362,26,40,28,0.5,14
D018403,O019808,RIDER2426,51,78,35,4.4,27
D018404,O019809,RIDER1749,31,31,21,3.5,0
D018405,O019810,RIDER2326,27,32,36,2.3,5
D018406,O019811,RIDER0283,20,43,15,3.9,23
D018407,O019812,RIDER0251,35,33,28,4.6,0
D018408,O019813,RIDER1395,35,49,22,1.7,14
D018409,O019814,RIDER0861,23,18,18,3.8,0
D018410,O019815,RIDER0149,28,28,40,4.1,0
D018411,O019816,RIDER0214,42,68,30,3.2,26
D018412,O019817,RIDER2029,40,69,21,1.6,29
D018413,O019818,RIDER1622,27,43,33,0.5,16
D018414,O019820,RIDER1951,41,44,16,1.0,3
D018415,O019821,RIDER0774,55,60,30,2.7,5
D018416,O019822,RIDER0912,28,33,16,9.6,5
D018417,O019823,RIDER0189,20,50,14,2.5,30
D018418,O019824,RIDER1944,34,55,36,1.2,21
D018419,O019825,RIDER1869,45,40,31,2.6,0
D018420,O019826,RIDER0350,36,63,18,1.2,27
D018421,O019827,RIDER0256,26,44,29,1.7,18
D018422,O019828,RIDER2321,43,46,33,2.1,3
D018423,O019829,RIDER0799,27,29,14,3.5,2
D018424,O019830,RIDER2366,45,67,34,5.0,22
D018425,O019831,RIDER0818,26,38,30,4.7,12
D018426,O019832,RIDER0253,32,31,14,6.1,0
D018427,O019835,RIDER1549,17,24,21,3.9,7
D018428,O019836,RIDER0566,18,24,30,3.9,6
D018429,O019837,RIDER1736,44,56,25,8.5,12
D018430,O019838,RIDER0186,35,31,14,9.3,0
D018431,O019839,RIDER0229,26,24,31,3.7,0
D018432,O019841,RIDER1918,22,19,29,0.4,0
D018433,O019842,RIDER2059,31,63,38,5.2,32
D018434,O019843,RIDER0485,31,58,19,1.2,27
D018435,O019844,RIDER1468,30,36,37,5.7,6
D018436,O019845,RIDER1500,43,65,14,8.0,22
D018437,O019846,RIDER0259,63,78,40,0.3,15
D018438,O019847,RIDER0444,36,45,18,2.2,9
D018439,O019848,RIDER2418,49,55,25,0.9,6
D018440,O019849,RIDER1458,36,59,14,0.3,23
D018441,O019850,RIDER0405,35,36,23,0.2,1
D018442,O019851,RIDER2157,40,59,21,4.8,19
D018443,O019852,RIDER2185,54,61,14,2.3,7
D018444,O019853,RIDER1779,34,40,24,0.8,6
D018445,O019854,RIDER1706,27,33,14,2.3,6
D018446,O019855,RIDER1666,30,45,28,4.1,15
D018447,O019856,RIDER2267,34,42,38,8.4,8
D018448,O019857,RIDER0618,30,33,17,4.3,3
D018449,O019858,RIDER1547,38,36,22,1.1,0
D018450,O019859,RIDER1600,33,52,36,8.3,19
D018451,O019860,RIDER1510,36,40,31,6.1,4
D018452,O019861,RIDER0751,26,21,24,1.2,0
D018453,O019862,RIDER0084,35,40,17,6.5,5
D018454,O019863,RIDER1730,34,36,21,4.6,2
D018455,O019864,RIDER1536,25,22,21,2.0,0
D018456,O019865,RIDER1321,41,40,22,0.7,0
D018457,O019866,RIDER1402,23,42,24,3.0,19
D018458,O019867,RIDER0402,41,72,18,0.9,31
D018459,O019868,RIDER2030,26,38,14,2.1,12
D018460,O019869,RIDER2385,26,28,25,2.8,2
D018461,O019870,RIDER1448,30,35,21,1.7,5
D018462,O019871,RIDER1101,35,60,15,0.5,25
D018463,O019872,RIDER2006,34,38,18,3.9,4
D018464,O019873,RIDER0447,25,20,37,3.1,0
D018465,O019874,RIDER0127,23,26,35,2.4,3
D018466,O019875,RIDER2182,24,29,36,2.7,5
D018467,O019876,RIDER2162,25,41,28,1.4,16
D018468,O019877,RIDER0297,50,79,31,3.1,29
D018469,O019878,RIDER0373,44,44,42,2.3,0
D018470,O019879,RIDER2223,26,53,37,2.3,27
D018471,O019880,RIDER1264,27,32,25,5.7,5
D018472,O019881,RIDER2417,30,34,35,1.4,4
D018473,O019883,RIDER0985,19,23,16,3.6,4
D018474,O019884,RIDER1627,28,29,25,3.4,1
D018475,O019885,RIDER1719,22,19,16,1.2,0
D018476,O019886,RIDER1526,38,40,22,2.8,2
D018477,O019887,RIDER2223,30,26,29,3.3,0
D018478,O019888,RIDER1504,29,47,18,3.3,18
D018479,O019889,RIDER1325,41,42,36,2.6,1
D018480,O019890,RIDER0446,37,71,14,11.0,34
D018481,O019891,RIDER0074,22,48,41,5.0,26
D018482,O019892,RIDER0778,26,26,22,3.3,0
D018483,O019893,RIDER1217,28,25,33,0.6,0
D018484,O019894,RIDER1896,34,40,40,10.2,6
D018485,O019895,RIDER2178,44,44,28,0.6,0
D018486,O019896,RIDER0082,26,41,17,4.3,15
D018487,O019897,RIDER1079,28,42,41,3.2,14
D018488,O019898,RIDER0428,22,52,36,6.8,30
D018489,O019899,RIDER0167,50,48,28,1.1,0
D018490,O019900,RIDER0487,25,28,22,0.1,3
D018491,O019901,RIDER0592,41,48,27,2.5,7
D018492,O019902,RIDER0895,26,33,19,2.7,7
D018493,O019903,RIDER1707,30,56,14,12.3,26
D018494,O019904,RIDER0669,48,47,32,1.5,0
D018495,O019905,RIDER0850,34,64,30,0.5,30
D018496,O019906,RIDER0678,29,48,21,9.3,19
D018497,O019907,RIDER1745,36,43,29,1.7,7
D018498,O019908,RIDER0426,36,51,14,1.9,15
D018499,O019909,RIDER1822,25,30,14,3.1,5
D018500,O019910,RIDER1759,52,47,15,1.9,0
D018501,O019911,RIDER0171,31,32,33,2.1,1
D018502,O019913,RIDER0324,51,71,29,3.8,20
D018503,O019914,RIDER0027,37,41,21,8.2,4
D018504,O019915,RIDER1960,29,27,41,4.3,0
D018505,O019916,RIDER0988,29,33,16,2.3,4
D018506,O019917,RIDER1462,25,53,42,2.7,28
D018507,O019918,RIDER2171,33,30,28,6.6,0
D018508,O019919,RIDER0249,31,56,39,1.0,25
D018509,O019920,RIDER0293,32,33,22,6.5,1
D018510,O019921,RIDER0362,38,34,37,0.2,0
D018511,O019922,RIDER1844,25,43,14,0.3,18
D018512,O019923,RIDER0026,45,50,23,3.2,5
D018513,O019924,RIDER1262,33,39,29,0.9,6
D018514,O019925,RIDER0591,28,25,36,6.8,0
D018515,O019926,RIDER1260,29,34,39,1.8,5
D018516,O019927,RIDER1365,34,41,14,0.8,7
D018517,O019928,RIDER0987,36,62,21,2.1,26
D018518,O019929,RIDER0743,40,60,29,4.2,20
D018519,O019930,RIDER1105,39,48,39,3.5,9
D018520,O019931,RIDER1146,48,43,21,0.9,0
D018521,O019932,RIDER1317,30,37,24,1.2,7
D018522,O019934,RIDER0782,46,51,23,3.1,5
D018523,O019935,RIDER0043,36,39,33,3.6,3
D018524,O019936,RIDER2443,28,30,24,4.9,2
D018525,O019937,RIDER0115,30,25,15,1.3,0
D018526,O019938,RIDER0750,26,40,18,1.7,14
D018527,O019940,RIDER1005,33,28,31,1.6,0
D018528,O019941,RIDER1509,34,38,37,4.5,4
D018529,O019943,RIDER2158,30,31,24,8.4,1
D018530,O019944,RIDER0437,31,58,29,11.4,27
D018531,O019945,RIDER2309,32,40,42,0.8,8
D018532,O019947,RIDER1989,33,53,23,4.7,20
D018533,O019948,RIDER1746,36,31,23,1.5,0
D018534,O019949,RIDER0618,29,24,29,0.7,0
D018535,O019950,RIDER1308,30,36,15,3.4,6
D018536,O019951,RIDER1511,30,28,21,1.2,0
D018537,O019952,RIDER1649,26,23,28,2.6,0
D018538,O019953,RIDER0648,28,24,14,3.6,0
D018539,O019954,RIDER1517,27,25,33,2.6,0
D018540,O019955,RIDER2308,33,38,29,0.6,5
D018541,O019956,RIDER2420,32,27,38,2.9,0
D018542,O019957,RIDER2427,21,35,34,6.7,14
D018543,O019958,RIDER2003,35,38,25,2.7,3
D018544,O019960,RIDER0237,31,52,41,1.0,21
D018545,O019961,RIDER1572,37,64,14,4.6,27
D018546,O019962,RIDER0664,24,57,36,7.0,33
D018547,O019963,RIDER1798,43,54,39,2.0,11
D018548,O019964,RIDER1442,38,49,20,5.9,11
D018549,O019965,RIDER1316,25,30,39,5.0,5
D018550,O019966,RIDER2452,31,30,18,4.2,0
D018551,O019967,RIDER1937,31,41,21,4.0,10
D018552,O019968,RIDER0070,42,43,39,4.2,1
D018553,O019969,RIDER0897,27,32,35,3.2,5
D018554,O019970,RIDER1981,33,37,24,2.5,4
D018555,O019971,RIDER0217,45,75,33,5.5,30
D018556,O019972,RIDER1768,17,14,33,1.5,0
D018557,O019973,RIDER2469,32,49,23,7.8,17
D018558,O019974,RIDER0184,25,59,35,5.7,34
D018559,O019975,RIDER1265,20,23,18,11.2,3
D018560,O019976,RIDER0313,29,30,38,6.4,1
D018561,O019977,RIDER0679,24,49,36,4.0,25
D018562,O019978,RIDER2360,25,42,35,0.7,17
D018563,O019979,RIDER2448,19,53,36,0.5,34
D018564,O019980,RIDER0171,42,75,37,1.2,33
D018565,O019981,RIDER1410,39,44,41,5.4,5
D018566,O019982,RIDER2172,34,38,39,8.2,4
D018567,O019983,RIDER0127,27,31,38,1.2,4
D018568,O019984,RIDER0059,23,19,39,1.0,0
D018569,O019985,RIDER2295,38,53,22,4.4,15
D018570,O019986,RIDER1217,28,23,34,1.6,0
D018571,O019987,RIDER0998,38,49,14,2.3,11
D018572,O019988,RIDER1525,24,40,31,6.6,16
D018573,O019989,RIDER1448,51,50,37,1.9,0
D018574,O019990,RIDER0621,35,36,42,1.4,1
D018575,O019991,RIDER2227,29,61,16,0.9,32
D018576,O019992,RIDER0006,31,65,28,4.9,34
D018577,O019993,RIDER0035,28,39,40,0.4,11
D018578,O019994,RIDER1479,31,28,16,0.0,0
D018579,O019995,RIDER2401,26,29,25,5.1,3
D018580,O019996,RIDER0974,40,35,19,10.5,0
D018581,O019997,RIDER2466,26,25,35,1.0,0
D018582,O019999,RIDER0908,35,43,32,6.9,8
D018583,O020000,RIDER0778,68,70,30,2.0,2
D018584,O020001,RIDER1684,33,34,33,1.4,1
D018585,O020002,RIDER0150,22,17,22,3.0,0
D018586,O020003,RIDER2257,24,29,14,3.2,5
D018587,O020004,RIDER1865,55,73,30,2.2,18
D018588,O020005,RIDER1113,46,52,18,5.0,6
D018589,O020006,RIDER0533,30,37,21,4.3,7
D018590,O020007,RIDER0814,46,63,15,10.7,17
D018591,O020008,RIDER0924,37,44,30,2.5,7
D018592,O020009,RIDER0257,31,35,14,5.6,4
D018593,O020010,RIDER0351,29,28,37,3.5,0
D018594,O020012,RIDER1211,43,46,31,4.9,3
D018595,O020013,RIDER1407,32,39,29,3.2,7
D018596,O020014,RIDER1841,21,17,33,0.4,0
D018597,O020015,RIDER2048,64,62,14,4.0,0
D018598,O020016,RIDER0240,29,37,29,3.2,8
D018599,O020018,RIDER1660,26,28,37,0.6,2
D018600,O020019,RIDER0123,34,38,32,11.4,4
D018601,O020020,RIDER1489,24,20,14,1.6,0
D018602,O020021,RIDER1958,37,44,41,6.1,7
D018603,O020022,RIDER2459,34,55,15,7.8,21
D018604,O020023,RIDER0027,41,38,33,4.9,0
D018605,O020024,RIDER1727,30,29,42,2.8,0
D018606,O020025,RIDER0578,35,38,28,5.4,3
D018607,O020026,RIDER2365,34,50,14,1.8,16
D018608,O020027,RIDER1329,27,37,33,7.4,10
D018609,O020028,RIDER2345,58,85,15,5.9,27
D018610,O020029,RIDER0354,32,28,19,2.9,0
D018611,O020030,RIDER1709,28,29,17,3.2,1
D018612,O020032,RIDER1298,34,38,36,1.4,4
D018613,O020033,RIDER0039,38,36,37,3.9,0
D018614,O020036,RIDER2194,33,61,30,3.1,28
D018615,O020038,RIDER1281,30,28,24,0.4,0
D018616,O020039,RIDER1013,45,73,30,0.2,28
D018617,O020040,RIDER1944,51,84,21,1.9,33
D018618,O020041,RIDER1197,27,22,27,3.5,0
D018619,O020042,RIDER0343,42,64,42,6.8,22
D018620,O020043,RIDER0577,45,75,35,4.1,30
D018621,O020044,RIDER2327,39,39,24,7.5,0
D018622,O020045,RIDER1666,31,26,19,1.6,0
D018623,O020046,RIDER2394,26,28,16,0.7,2
D018624,O020048,RIDER0402,38,44,41,8.3,6
D018625,O020049,RIDER1471,44,46,41,4.2,2
D018626,O020050,RIDER1414,39,67,37,15.2,28
D018627,O020051,RIDER1686,42,69,24,1.6,27
D018628,O020052,RIDER1913,37,69,25,4.8,32
D018629,O020053,RIDER1662,27,33,34,2.9,6
D018630,O020054,RIDER1126,17,34,25,6.3,17
D018631,O020055,RIDER0301,37,42,35,5.0,5
D018632,O020056,RIDER0066,20,20,34,0.8,0
D018633,O020057,RIDER2270,36,44,33,2.9,8
D018634,O020058,RIDER0210,62,60,25,1.6,0
D018635,O020059,RIDER0724,41,61,21,0.5,20
D018636,O020060,RIDER2459,45,69,23,1.5,24
D018637,O020061,RIDER0280,26,26,15,3.5,0
D018638,O020062,RIDER0045,60,84,15,1.2,24
D018639,O020063,RIDER0660,27,37,34,1.8,10
D018640,O020064,RIDER0937,44,53,36,5.5,9
D018641,O020065,RIDER0747,42,67,18,0.5,25
D018642,O020066,RIDER1078,30,32,16,1.0,2
D018643,O020067,RIDER0182,20,35,34,1.5,15
D018644,O020068,RIDER1790,28,29,39,2.6,1
D018645,O020069,RIDER2466,31,36,37,10.3,5
D018646,O020070,RIDER1937,28,24,38,0.4,0
D018647,O020071,RIDER1544,24,31,18,0.3,7
D018648,O020072,RIDER0478,29,25,28,2.6,0
D018649,O020073,RIDER0002,33,34,38,5.5,1
D018650,O020074,RIDER2046,32,36,38,2.2,4
D018651,O020075,RIDER0934,35,36,34,3.9,1
D018652,O020076,RIDER0164,44,47,30,0.9,3
D018653,O020077,RIDER1521,26,23,15,6.2,0
D018654,O020078,RIDER1228,25,21,32,18.0,0
D018655,O020079,RIDER1185,37,33,19,0.2,0
D018656,O020080,RIDER1390,36,42,38,10.7,6
D018657,O020081,RIDER0824,38,39,32,0.5,1
D018658,O020082,RIDER0668,24,47,19,5.1,23
D018659,O020083,RIDER1813,43,51,32,0.6,8
D018660,O020085,RIDER0431,21,25,16,0.8,4
D018661,O020086,RIDER0172,30,25,14,3.6,0
D018662,O020087,RIDER0725,18,24,30,2.2,6
D018663,O020088,RIDER2057,40,40,30,0.3,0
D018664,O020089,RIDER1602,26,35,40,2.2,9
D018665,O020090,RIDER0253,32,28,14,2.9,0
D018666,O020091,RIDER1477,47,54,33,2.4,7
D018667,O020092,RIDER0298,33,60,16,0.8,27
D018668,O020093,RIDER2370,37,66,16,2.0,29
D018669,O020094,RIDER2304,33,65,29,1.3,32
D018670,O020095,RIDER1251,22,19,19,2.0,0
D018671,O020096,RIDER1869,28,60,29,4.9,32
D018672,O020097,RIDER0097,34,34,38,0.9,0
D018673,O020098,RIDER0098,32,38,26,3.9,6
D018674,O020100,RIDER1369,29,25,24,4.7,0
D018675,O020101,RIDER0782,32,35,31,0.9,3
D018676,O020102,RIDER1819,27,27,34,0.9,0
D018677,O020103,RIDER1030,24,22,42,3.0,0
D018678,O020104,RIDER2150,48,49,37,9.6,1
D018679,O020105,RIDER0806,27,48,28,1.3,21
D018680,O020106,RIDER0324,33,32,18,1.0,0
D018681,O020107,RIDER1488,25,27,37,1.3,2
D018682,O020108,RIDER0505,27,31,25,3.4,4
D018683,O020109,RIDER2211,25,21,14,2.0,0
D018684,O020110,RIDER1597,25,30,37,8.1,5
D018685,O020111,RIDER0169,68,70,33,2.1,2
D018686,O020112,RIDER0616,57,84,30,3.5,27
D018687,O020113,RIDER1087,42,49,30,0.6,7
D018688,O020114,RIDER0969,35,35,32,2.7,0
D018689,O020115,RIDER2000,42,67,29,1.5,25
D018690,O020117,RIDER1326,32,47,27,1.7,15
D018691,O020118,RIDER0441,25,34,42,5.9,9
D018692,O020121,RIDER2125,34,33,31,4.3,0
D018693,O020123,RIDER2216,34,39,24,9.3,5
D018694,O020124,RIDER1012,32,35,15,9.4,3
D018695,O020125,RIDER0115,31,39,15,11.4,8
D018696,O020126,RIDER0432,26,33,28,1.8,7
D018697,O020127,RIDER0966,37,42,14,4.3,5
D018698,O020128,RIDER2488,46,56,29,5.3,10
D018699,O020129,RIDER1871,24,31,18,3.4,7
D018700,O020130,RIDER1205,42,49,39,3.3,7
D018701,O020131,RIDER2160,32,61,21,3.5,29
D018702,O020132,RIDER0902,30,29,37,5.6,0
D018703,O020133,RIDER2444,26,21,31,2.4,0
D018704,O020134,RIDER1350,28,24,28,2.5,0
D018705,O020135,RIDER0166,22,35,17,0.8,13
D018706,O020136,RIDER1199,26,24,16,1.0,0
D018707,O020137,RIDER0927,25,45,31,3.9,20
D018708,O020138,RIDER1457,28,29,24,2.7,1
D018709,O020139,RIDER2154,22,19,34,0.2,0
D018710,O020140,RIDER0820,37,33,39,2.6,0
D018711,O020141,RIDER1044,36,46,31,0.6,10
D018712,O020142,RIDER1339,38,52,28,1.7,14
D018713,O020143,RIDER0261,30,33,20,5.0,3
D018714,O020145,RIDER1138,32,37,15,3.9,5
D018715,O020146,RIDER1447,39,63,18,3.5,24
D018716,O020148,RIDER1034,26,30,35,0.4,4
D018717,O020150,RIDER1047,32,31,20,1.8,0
D018718,O020151,RIDER0723,32,27,21,0.6,0
D018719,O020152,RIDER1519,36,34,14,5.9,0
D018720,O020154,RIDER1195,41,66,40,1.3,25
D018721,O020155,RIDER0238,29,25,42,4.0,0
D018722,O020156,RIDER0939,23,19,14,4.5,0
D018723,O020157,RIDER0371,29,63,31,4.9,34
D018724,O020158,RIDER1700,31,33,36,0.8,2
D018725,O020159,RIDER0382,35,35,27,3.9,0
D018726,O020160,RIDER0456,24,25,15,1.0,1
D018727,O020161,RIDER0302,29,50,31,7.6,21
D018728,O020162,RIDER2006,33,43,19,1.1,10
D018729,O020164,RIDER2038,36,59,37,0.8,23
D018730,O020165,RIDER1813,36,43,39,3.3,7
D018731,O020166,RIDER2029,40,41,18,3.4,1
D018732,O020167,RIDER1968,38,36,41,3.2,0
D018733,O020168,RIDER2099,44,47,26,1.2,3
D018734,O020169,RIDER0816,26,36,16,5.6,10
D018735,O020170,RIDER2192,51,58,28,5.9,7
D018736,O020171,RIDER1155,52,56,33,6.9,4
D018737,O020172,RIDER2438,23,29,32,2.3,6
D018738,O020173,RIDER0870,31,35,14,4.6,4
D018739,O020174,RIDER2460,28,25,24,2.2,0
D018740,O020175,RIDER1918,22,31,33,3.3,9
D018741,O020176,RIDER1899,53,71,34,9.4,18
D018742,O020177,RIDER2476,32,30,28,2.0,0
D018743,O020178,RIDER1746,42,44,38,1.6,2
D018744,O020179,RIDER2382,44,61,21,1.8,17
D018745,O020180,RIDER0023,36,35,39,1.6,0
D018746,O020181,RIDER0179,29,45,42,1.1,16
D018747,O020182,RIDER1736,20,54,22,2.2,34
D018748,O020183,RIDER0562,34,40,30,1.7,6
D018749,O020184,RIDER2076,35,59,15,4.5,24
D018750,O020185,RIDER2330,21,22,33,0.2,1
D018751,O020186,RIDER2489,30,33,28,4.0,3
D018752,O020187,RIDER2094,28,35,18,4.1,7
D018753,O020188,RIDER0321,38,39,39,3.9,1
D018754,O020189,RIDER0441,38,42,36,4.1,4
D018755,O020190,RIDER1775,25,36,15,1.1,11
D018756,O020191,RIDER0146,46,45,30,2.2,0
D018757,O020192,RIDER2222,44,47,37,1.8,3
D018758,O020193,RIDER0601,27,30,22,8.3,3
D018759,O020194,RIDER1619,32,64,22,2.6,32
D018760,O020195,RIDER1241,31,35,30,1.3,4
D018761,O020196,RIDER1922,26,32,18,2.9,6
D018762,O020197,RIDER1136,47,51,33,4.3,4
D018763,O020198,RIDER2078,26,33,31,0.4,7
D018764,O020199,RIDER2216,36,47,34,5.0,11
D018765,O020200,RIDER0671,28,32,39,1.0,4
D018766,O020201,RIDER0372,31,27,18,1.4,0
D018767,O020202,RIDER0349,26,24,33,5.1,0
D018768,O020204,RIDER0859,50,46,25,1.5,0
D018769,O020205,RIDER1089,32,56,38,2.9,24
D018770,O020206,RIDER1432,41,41,14,4.5,0
D018771,O020207,RIDER0396,28,27,21,2.4,0
D018772,O020208,RIDER0570,38,40,28,2.8,2
D018773,O020209,RIDER1500,34,35,14,11.2,1
D018774,O020210,RIDER0680,23,21,25,0.5,0
D018775,O020211,RIDER0327,36,40,33,6.0,4
D018776,O020212,RIDER2475,28,49,28,0.7,21
D018777,O020213,RIDER2411,20,36,21,2.7,16
D018778,O020214,RIDER2191,52,57,32,8.1,5
D018779,O020215,RIDER2324,17,44,18,0.3,27
D018780,O020216,RIDER0647,22,17,16,3.4,0
D018781,O020217,RIDER0976,26,31,14,1.7,5
D018782,O020218,RIDER0026,48,53,15,2.7,5
D018783,O020219,RIDER2231,43,50,38,2.4,7
D018784,O020220,RIDER0471,27,22,33,1.8,0
D018785,O020221,RIDER0398,38,45,40,0.3,7
D018786,O020222,RIDER0132,33,48,18,6.6,15
D018787,O020223,RIDER0461,27,30,15,4.4,3
D018788,O020224,RIDER2233,25,31,18,3.3,6
D018789,O020225,RIDER1041,34,34,34,1.5,0
D018790,O020226,RIDER1558,24,53,15,1.6,29
D018791,O020227,RIDER1414,26,23,29,1.4,0
D018792,O020228,RIDER1619,28,34,25,1.8,6
D018793,O020229,RIDER0642,39,46,23,0.8,7
D018794,O020230,RIDER2344,35,55,37,1.4,20
D018795,O020231,RIDER1079,50,46,21,0.5,0
D018796,O020232,RIDER2245,27,33,15,0.3,6
D018797,O020233,RIDER0118,23,35,16,2.0,12
D018798,O020234,RIDER2258,32,30,35,11.7,0
D018799,O020235,RIDER1510,25,22,40,2.0,0
D018800,O020236,RIDER1110,44,42,25,6.7,0
D018801,O020237,RIDER2432,26,29,36,9.3,3
D018802,O020238,RIDER0059,41,37,39,1.3,0
D018803,O020239,RIDER0965,33,33,28,13.1,0
D018804,O020240,RIDER1329,29,30,28,2.8,1
D018805,O020241,RIDER2264,38,33,31,4.2,0
D018806,O020242,RIDER0227,29,47,23,3.4,18
D018807,O020243,RIDER1948,21,18,39,7.8,0
D018808,O020244,RIDER0436,35,41,40,3.1,6
D018809,O020245,RIDER0258,36,50,41,6.9,14
D018810,O020246,RIDER0042,31,32,14,2.9,1
D018811,O020247,RIDER2101,23,30,22,1.5,7
D018812,O020248,RIDER0088,42,48,20,3.7,6
D018813,O020249,RIDER0664,22,19,19,4.8,0
D018814,O020250,RIDER0412,22,23,23,6.3,1
D018815,O020251,RIDER1375,27,27,34,1.7,0
D018816,O020252,RIDER1772,40,67,17,2.1,27
D018817,O020253,RIDER0979,34,33,36,3.6,0
D018818,O020254,RIDER1346,32,49,21,5.2,17
D018819,O020255,RIDER2128,23,25,41,0.3,2
D018820,O020256,RIDER2193,55,87,18,3.3,32
D018821,O020257,RIDER1058,25,30,29,3.6,5
D018822,O020258,RIDER2010,54,60,37,3.8,6
D018823,O020259,RIDER0497,48,44,21,0.4,0
D018824,O020260,RIDER2199,27,38,37,4.9,11
D018825,O020261,RIDER1617,43,47,37,6.3,4
D018826,O020262,RIDER2101,25,30,40,5.2,5
D018827,O020263,RIDER1132,22,23,21,1.5,1
D018828,O020264,RIDER0612,35,67,41,1.1,32
D018829,O020265,RIDER1196,44,60,40,4.5,16
D018830,O020266,RIDER0077,52,58,28,1.6,6
D018831,O020267,RIDER1156,34,33,30,5.5,0
D018832,O020269,RIDER0680,21,19,31,0.2,0
D018833,O020270,RIDER1161,29,31,19,2.2,2
D018834,O020271,RIDER1797,32,39,31,4.0,7
D018835,O020272,RIDER1768,28,27,39,4.1,0
D018836,O020273,RIDER0395,28,24,42,5.1,0
D018837,O020274,RIDER0438,25,31,19,6.2,6
D018838,O020275,RIDER1311,28,34,33,4.8,6
D018839,O020277,RIDER2317,30,36,37,7.8,6
D018840,O020278,RIDER1754,53,84,30,9.1,31
D018841,O020279,RIDER0482,27,31,19,8.9,4
D018842,O020280,RIDER1054,23,33,18,0.5,10
D018843,O020281,RIDER2446,25,25,28,2.2,0
D018844,O020283,RIDER0413,28,28,21,3.9,0
D018845,O020284,RIDER0907,44,44,14,2.2,0
D018846,O020285,RIDER2439,24,31,15,2.9,7
D018847,O020286,RIDER1751,25,23,30,2.3,0
D018848,O020288,RIDER1615,23,27,27,2.9,4
D018849,O020289,RIDER0020,29,36,14,3.6,7
D018850,O020290,RIDER0067,32,30,37,8.4,0
D018851,O020291,RIDER1493,35,65,24,10.9,30
D018852,O020292,RIDER1958,61,61,38,3.4,0
D018853,O020294,RIDER2386,50,52,32,4.7,2
D018854,O020295,RIDER1358,40,46,33,5.5,6
D018855,O020296,RIDER0349,26,41,21,7.8,15
D018856,O020297,RIDER1278,36,41,42,0.7,5
D018857,O020298,RIDER0166,40,71,32,1.7,31
D018858,O020299,RIDER2245,26,24,39,0.1,0
D018859,O020300,RIDER0641,30,26,31,0.8,0
D018860,O020301,RIDER1852,28,30,21,2.5,2
D018861,O020302,RIDER1222,29,36,14,1.2,7
D018862,O020303,RIDER0427,47,57,23,1.1,10
D018863,O020304,RIDER0657,38,38,34,1.0,0
D018864,O020305,RIDER0849,39,35,17,1.9,0
D018865,O020306,RIDER0483,32,57,23,0.6,25
D018866,O020307,RIDER2169,64,59,16,2.8,0
D018867,O020308,RIDER0348,44,49,42,3.4,5
D018868,O020309,RIDER0554,40,50,32,3.1,10
D018869,O020310,RIDER0582,29,26,21,0.8,0
D018870,O020311,RIDER1117,32,30,17,0.6,0
D018871,O020312,RIDER1626,45,66,30,9.3,21
D018872,O020313,RIDER0925,25,28,34,0.4,3
D018873,O020314,RIDER1362,49,48,31,5.8,0
D018874,O020315,RIDER2080,37,33,22,2.5,0
D018875,O020316,RIDER1008,32,37,22,6.7,5
D018876,O020317,RIDER0462,54,58,17,3.7,4
D018877,O020318,RIDER0919,27,28,22,3.9,1
D018878,O020319,RIDER1962,45,78,30,0.6,33
D018879,O020320,RIDER0113,58,64,30,2.1,6
D018880,O020321,RIDER2085,25,29,16,1.9,4
D018881,O020322,RIDER2054,40,40,29,7.1,0
D018882,O020323,RIDER1209,25,23,30,4.6,0
D018883,O020324,RIDER0571,26,30,30,5.9,4
D018884,O020325,RIDER0231,25,26,30,3.4,1
D018885,O020326,RIDER1739,31,30,21,1.3,0
D018886,O020327,RIDER2401,24,52,31,3.7,28
D018887,O020328,RIDER2436,47,71,14,8.2,24
D018888,O020329,RIDER1512,25,54,38,1.8,29
D018889,O020330,RIDER2312,46,59,14,4.7,13
D018890,O020331,RIDER0611,29,27,31,2.9,0
D018891,O020332,RIDER0462,22,34,38,4.0,12
D018892,O020333,RIDER2078,28,25,40,5.5,0
D018893,O020334,RIDER0428,39,42,14,0.9,3
D018894,O020335,RIDER1339,23,30,33,5.4,7
D018895,O020336,RIDER2277,70,79,19,1.9,9
D018896,O020337,RIDER0620,28,27,25,0.9,0
D018897,O020339,RIDER1214,31,65,35,0.2,34
D018898,O020340,RIDER2429,23,19,21,0.9,0
D018899,O020341,RIDER1132,29,33,24,3.7,4
D018900,O020342,RIDER1307,37,66,36,0.8,29
D018901,O020343,RIDER0910,33,61,35,3.0,28
D018902,O020345,RIDER2052,36,47,16,0.5,11
D018903,O020346,RIDER2444,23,26,18,1.5,3
D018904,O020347,RIDER0623,33,43,17,1.7,10
D018905,O020348,RIDER0852,48,80,37,3.4,32
D018906,O020349,RIDER1823,45,65,14,2.0,20
D018907,O020350,RIDER1092,25,22,21,0.3,0
D018908,O020351,RIDER1265,55,80,31,1.2,25
D018909,O020352,RIDER0073,22,39,32,4.6,17
D018910,O020353,RIDER0749,37,71,26,6.8,34
D018911,O020354,RIDER1117,25,59,34,2.4,34
D018912,O020355,RIDER1084,25,31,30,3.2,6
D018913,O020357,RIDER1853,25,39,27,3.4,14
D018914,O020358,RIDER1110,55,61,29,4.3,6
D018915,O020359,RIDER2200,35,34,25,0.7,0
D018916,O020360,RIDER2015,46,49,15,4.3,3
D018917,O020362,RIDER2055,38,37,16,0.8,0
D018918,O020363,RIDER2248,31,41,28,1.6,10
D018919,O020364,RIDER0851,37,54,31,2.9,17
D018920,O020365,RIDER1732,62,69,21,3.1,7
D018921,O020366,RIDER1483,37,43,14,1.4,6
D018922,O020367,RIDER0980,32,40,34,1.0,8
D018923,O020368,RIDER1761,33,42,38,8.9,9
D018924,O020369,RIDER1414,39,51,42,2.0,12
D018925,O020370,RIDER0412,27,32,42,8.6,5
D018926,O020371,RIDER1862,23,32,15,2.3,9
D018927,O020372,RIDER2050,31,36,23,5.0,5
D018928,O020374,RIDER0744,40,43,29,0.9,3
D018929,O020375,RIDER1263,48,50,39,1.0,2
D018930,O020376,RIDER1642,34,51,21,4.1,17
D018931,O020377,RIDER1877,30,57,42,8.5,27
D018932,O020378,RIDER0748,36,54,24,4.3,18
D018933,O020379,RIDER0160,29,28,29,9.2,0
D018934,O020380,RIDER1747,51,53,15,1.4,2
D018935,O020381,RIDER0285,36,32,18,0.4,0
D018936,O020382,RIDER2288,40,44,34,0.9,4
D018937,O020383,RIDER0581,26,32,14,2.2,6
D018938,O020384,RIDER1768,51,82,32,1.7,31
D018939,O020385,RIDER2461,39,62,15,1.5,23
D018940,O020386,RIDER0297,23,24,25,2.3,1
D018941,O020387,RIDER0334,25,22,35,0.4,0
D018942,O020388,RIDER2250,29,61,21,3.1,32
D018943,O020389,RIDER0346,33,39,15,4.9,6
D018944,O020390,RIDER0265,24,30,37,0.9,6
D018945,O020391,RIDER1526,41,66,21,1.6,25
D018946,O020392,RIDER1442,31,31,38,7.0,0
D018947,O020393,RIDER1375,29,35,27,4.8,6
D018948,O020394,RIDER0090,43,49,24,1.2,6
D018949,O020395,RIDER0424,52,54,42,2.1,2
D018950,O020396,RIDER0501,28,62,29,1.5,34
D018951,O020397,RIDER0256,37,47,19,3.1,10
D018952,O020398,RIDER0446,30,37,30,6.6,7
D018953,O020400,RIDER0832,37,68,29,6.9,31
D018954,O020401,RIDER2207,33,30,28,1.5,0
D018955,O020402,RIDER1095,41,43,22,2.7,2
D018956,O020403,RIDER1748,21,20,15,10.7,0
D018957,O020404,RIDER1245,18,16,31,8.7,0
D018958,O020405,RIDER1573,27,22,24,3.3,0
D018959,O020406,RIDER0683,32,38,15,1.8,6
D018960,O020407,RIDER1074,31,33,15,1.5,2
D018961,O020408,RIDER2091,27,32,35,6.6,5
D018962,O020409,RIDER0402,31,63,33,1.3,32
D018963,O020410,RIDER0312,33,40,14,0.6,7
D018964,O020411,RIDER1062,36,62,37,1.4,26
D018965,O020412,RIDER2471,20,23,34,1.2,3
D018966,O020413,RIDER1245,23,26,17,0.5,3
D018967,O020414,RIDER0760,39,58,19,6.2,19
D018968,O020415,RIDER1049,30,39,40,3.5,9
D018969,O020416,RIDER1335,32,27,38,0.2,0
D018970,O020417,RIDER0467,34,33,15,1.7,0
D018971,O020418,RIDER0477,28,45,33,4.2,17
D018972,O020419,RIDER0474,30,26,36,2.2,0
D018973,O020420,RIDER2186,28,50,33,2.6,22
D018974,O020421,RIDER0780,70,65,15,1.7,0
D018975,O020422,RIDER0685,22,17,21,1.8,0
D018976,O020423,RIDER2331,34,41,14,5.2,7
D018977,O020424,RIDER1928,27,30,15,3.2,3
D018978,O020425,RIDER0058,33,60,38,1.2,27
D018979,O020426,RIDER1202,41,54,39,2.7,13
D018980,O020427,RIDER1321,34,41,31,1.8,7
D018981,O020428,RIDER0238,39,39,27,3.0,0
D018982,O020429,RIDER0213,32,38,15,1.8,6
D018983,O020430,RIDER1046,34,38,36,2.4,4
D018984,O020431,RIDER1266,23,55,23,5.6,32
D018985,O020432,RIDER2430,38,49,35,4.5,11
D018986,O020433,RIDER1048,28,30,35,6.8,2
D018987,O020434,RIDER1341,20,25,19,3.3,5
D018988,O020435,RIDER1458,42,46,39,4.0,4
D018989,O020436,RIDER1279,24,23,17,2.4,0
D018990,O020437,RIDER1574,25,29,41,5.1,4
D018991,O020438,RIDER0051,28,53,38,3.1,25
D018992,O020439,RIDER1967,22,26,20,1.4,4
D018993,O020440,RIDER1211,35,32,21,3.0,0
D018994,O020441,RIDER0380,25,21,16,1.5,0
D018995,O020442,RIDER0897,36,53,15,1.8,17
D018996,O020444,RIDER0715,33,40,38,1.6,7
D018997,O020445,RIDER1705,31,63,35,1.4,32
D018998,O020447,RIDER1780,29,26,24,4.4,0
D018999,O020448,RIDER1019,34,38,22,8.4,4
D019000,O020449,RIDER2293,25,28,15,1.2,3
D019001,O020450,RIDER1449,22,36,27,2.0,14
D019002,O020451,RIDER2331,27,55,30,0.5,28
D019003,O020452,RIDER2322,34,31,25,0.5,0
D019004,O020453,RIDER2478,35,38,30,2.8,3
D019005,O020454,RIDER1486,41,57,29,1.6,16
D019006,O020455,RIDER2425,32,58,25,5.3,26
D019007,O020456,RIDER0347,37,36,21,1.1,0
D019008,O020457,RIDER0283,26,31,29,0.9,5
D019009,O020458,RIDER1671,44,41,15,1.1,0
D019010,O020460,RIDER0011,30,46,32,1.5,16
D019011,O020461,RIDER2095,27,46,31,1.8,19
D019012,O020462,RIDER0912,29,25,15,1.8,0
D019013,O020463,RIDER0576,24,23,37,1.2,0
D019014,O020464,RIDER1920,26,27,38,0.5,1
D019015,O020465,RIDER2316,26,53,21,1.2,27
D019016,O020466,RIDER0401,37,67,21,2.8,30
D019017,O020467,RIDER2389,39,54,27,5.2,15
D019018,O020468,RIDER1873,20,16,15,5.9,0
D019019,O020469,RIDER2401,53,59,30,1.9,6
D019020,O020470,RIDER1293,24,19,29,7.3,0
D019021,O020471,RIDER0296,26,24,18,2.9,0
D019022,O020472,RIDER2238,39,73,38,0.4,34
D019023,O020473,RIDER1862,27,22,34,1.7,0
D019024,O020475,RIDER1908,55,72,21,4.3,17
D019025,O020476,RIDER0388,44,43,38,9.6,0
D019026,O020477,RIDER1664,42,69,18,1.3,27
D019027,O020478,RIDER0952,23,30,24,1.6,7
D019028,O020479,RIDER2341,30,29,14,10.3,0
D019029,O020480,RIDER1143,41,56,23,1.3,15
D019030,O020481,RIDER1621,35,32,35,3.1,0
D019031,O020482,RIDER2199,25,20,24,6.9,0
D019032,O020483,RIDER0551,23,42,42,2.9,19
D019033,O020484,RIDER2350,48,59,27,1.5,11
D019034,O020485,RIDER0675,70,69,34,3.5,0
D019035,O020486,RIDER1262,21,22,24,0.2,1
D019036,O020487,RIDER0245,28,23,33,1.2,0
D019037,O020488,RIDER1417,57,58,37,3.1,1
D019038,O020489,RIDER1080,29,51,15,1.5,22
D019039,O020490,RIDER2380,29,30,40,0.6,1
D019040,O020491,RIDER0951,23,30,14,0.6,7
D019041,O020492,RIDER1036,43,46,17,3.2,3
D019042,O020493,RIDER1214,46,48,28,0.9,2
D019043,O020494,RIDER1566,32,34,35,4.6,2
D019044,O020495,RIDER1132,30,50,42,3.0,20
D019045,O020497,RIDER0761,23,34,19,0.8,11
D019046,O020498,RIDER0382,28,58,15,2.4,30
D019047,O020499,RIDER1208,39,72,31,3.6,33
D019048,O020500,RIDER0439,22,19,23,3.2,0
D019049,O020502,RIDER2308,26,37,24,5.6,11
D019050,O020503,RIDER1622,33,37,31,1.1,4
D019051,O020504,RIDER2201,59,54,37,3.8,0
D019052,O020505,RIDER1457,41,57,25,0.4,16
D019053,O020506,RIDER0989,22,35,19,0.4,13
D019054,O020507,RIDER1107,31,47,28,0.7,16
D019055,O020508,RIDER1460,24,21,21,2.5,0
D019056,O020509,RIDER0607,42,45,16,0.6,3
D019057,O020510,RIDER1847,28,23,28,3.0,0
D019058,O020511,RIDER0800,31,32,37,1.6,1
D019059,O020512,RIDER0827,47,45,28,1.6,0
D019060,O020513,RIDER0068,27,22,25,4.5,0
D019061,O020514,RIDER2004,70,77,27,2.6,7
D019062,O020515,RIDER0814,44,51,27,1.2,7
D019063,O020516,RIDER0800,39,37,42,0.6,0
D019064,O020517,RIDER1261,32,43,31,4.1,11
D019065,O020518,RIDER0016,29,29,24,3.1,0
D019066,O020519,RIDER0830,26,33,39,4.3,7
D019067,O020520,RIDER2329,53,69,23,3.1,16
D019068,O020521,RIDER0843,30,30,37,3.4,0
D019069,O020523,RIDER0559,22,26,27,11.1,4
D019070,O020524,RIDER1273,19,15,29,5.2,0
D019071,O020525,RIDER0162,19,14,38,2.7,0
D019072,O020526,RIDER0696,46,49,39,0.7,3
D019073,O020527,RIDER1392,46,51,15,1.8,5
D019074,O020528,RIDER1430,24,29,19,1.5,5
D019075,O020529,RIDER0395,28,29,15,1.5,1
D019076,O020530,RIDER2083,27,27,26,7.4,0
D019077,O020531,RIDER2394,51,49,36,2.9,0
D019078,O020532,RIDER0624,24,20,15,5.0,0
D019079,O020533,RIDER0561,36,51,37,0.9,15
D019080,O020534,RIDER2170,21,26,18,2.6,5
D019081,O020536,RIDER0581,43,40,27,4.0,0
D019082,O020537,RIDER2095,41,42,19,1.2,1
D019083,O020538,RIDER0394,40,37,18,8.2,0
D019084,O020541,RIDER0242,22,27,36,6.4,5
D019085,O020542,RIDER0383,43,55,19,0.5,12
D019086,O020544,RIDER0471,24,20,30,1.0,0
D019087,O020545,RIDER0515,31,31,42,2.0,0
D019088,O020546,RIDER1135,38,62,21,1.0,24
D019089,O020547,RIDER0234,36,31,14,0.2,0
D019090,O020548,RIDER1096,38,43,33,1.4,5
D019091,O020549,RIDER0841,45,44,28,2.1,0
D019092,O020550,RIDER0647,29,29,15,0.9,0
D019093,O020551,RIDER1021,35,50,21,2.3,15
D019094,O020552,RIDER0641,39,43,39,1.1,4
D019095,O020553,RIDER1809,31,30,14,1.3,0
D019096,O020554,RIDER1447,27,49,35,1.6,22
D019097,O020555,RIDER2109,28,27,30,0.5,0
D019098,O020556,RIDER2257,30,33,38,0.2,3
D019099,O020557,RIDER1362,19,16,25,1.5,0
D019100,O020558,RIDER2286,41,45,30,0.5,4
D019101,O020559,RIDER0394,46,75,33,0.2,29
D019102,O020560,RIDER0654,42,39,19,0.5,0
D019103,O020561,RIDER1646,25,22,36,1.3,0
D019104,O020562,RIDER1600,32,54,30,4.4,22
D019105,O020563,RIDER0416,22,37,32,7.4,15
D019106,O020564,RIDER0631,23,28,15,2.7,5
D019107,O020566,RIDER0930,31,26,35,3.8,0
D019108,O020567,RIDER1086,39,43,31,12.5,4
D019109,O020568,RIDER1329,30,28,37,2.3,0
D019110,O020569,RIDER1500,20,18,39,6.3,0
D019111,O020571,RIDER0871,37,37,34,2.1,0
D019112,O020572,RIDER0953,30,30,18,0.4,0
D019113,O020573,RIDER1681,27,49,16,1.5,22
D019114,O020574,RIDER2309,59,73,27,1.2,14
D019115,O020575,RIDER1484,26,50,25,4.4,24
D019116,O020576,RIDER1325,28,35,23,2.9,7
D019117,O020577,RIDER1823,26,25,40,4.1,0
D019118,O020578,RIDER0909,22,19,37,5.9,0
D019119,O020579,RIDER1308,19,18,22,1.2,0
D019120,O020580,RIDER0524,18,18,42,10.3,0
D019121,O020581,RIDER2267,41,45,21,0.8,4
D019122,O020582,RIDER0481,30,35,16,2.2,5
D019123,O020583,RIDER1271,25,51,15,2.4,26
D019124,O020584,RIDER1505,25,20,30,4.9,0
D019125,O020585,RIDER0823,39,68,16,5.1,29
D019126,O020586,RIDER2298,33,39,27,11.8,6
D019127,O020587,RIDER0653,29,35,41,2.7,6
D019128,O020588,RIDER0464,25,36,33,1.6,11
D019129,O020589,RIDER2053,30,55,33,3.5,25
D019130,O020590,RIDER0956,54,54,37,4.5,0
D019131,O020591,RIDER0088,23,18,14,0.3,0
D019132,O020592,RIDER1509,42,49,23,4.6,7
D019133,O020593,RIDER2433,21,16,25,2.5,0
D019134,O020594,RIDER1881,47,61,21,3.1,14
D019135,O020595,RIDER0536,22,29,27,6.7,7
D019136,O020596,RIDER0060,65,93,38,0.5,28
D019137,O020597,RIDER1045,27,32,24,3.0,5
D019138,O020598,RIDER0918,21,19,15,5.7,0
D019139,O020599,RIDER1256,28,60,33,6.1,32
D019140,O020600,RIDER0919,31,29,31,1.0,0
D019141,O020601,RIDER2302,49,65,40,7.3,16
D019142,O020602,RIDER1012,25,27,40,3.0,2
D019143,O020603,RIDER0442,37,32,33,4.3,0
D019144,O020604,RIDER0639,23,31,14,6.5,8
D019145,O020605,RIDER2425,22,21,37,4.1,0
D019146,O020606,RIDER0016,20,19,38,3.0,0
D019147,O020607,RIDER0132,23,27,31,0.6,4
D019148,O020608,RIDER1532,29,33,38,11.8,4
D019149,O020609,RIDER0260,39,41,37,0.9,2
D019150,O020610,RIDER0420,34,60,15,5.1,26
D019151,O020611,RIDER2146,31,51,21,2.5,20
D019152,O020612,RIDER0168,23,30,31,1.3,7
D019153,O020613,RIDER1331,51,80,40,2.7,29
D019154,O020614,RIDER0195,29,24,40,6.2,0
D019155,O020615,RIDER1326,24,23,22,3.1,0
D019156,O020616,RIDER0270,49,69,21,0.5,20
D019157,O020617,RIDER1602,29,63,31,7.5,34
D019158,O020618,RIDER1258,32,32,15,3.1,0
D019159,O020619,RIDER0124,37,33,31,1.3,0
D019160,O020620,RIDER1499,27,51,23,3.4,24
D019161,O020621,RIDER0660,41,45,41,0.6,4
D019162,O020623,RIDER0659,36,41,30,1.1,5
D019163,O020624,RIDER1403,22,18,35,1.6,0
D019164,O020625,RIDER1488,26,35,24,9.0,9
D019165,O020626,RIDER1891,47,48,22,5.5,1
D019166,O020627,RIDER0476,29,30,22,4.0,1
D019167,O020628,RIDER0375,28,59,29,0.4,31
D019168,O020629,RIDER1726,47,43,33,2.7,0
D019169,O020630,RIDER0260,26,59,35,1.0,33
D019170,O020631,RIDER2378,40,39,38,3.0,0
D019171,O020632,RIDER1556,34,55,19,5.8,21
D019172,O020633,RIDER2157,25,22,24,5.1,0
D019173,O020634,RIDER2287,30,33,25,8.9,3
D019174,O020635,RIDER0460,41,43,31,6.4,2
D019175,O020636,RIDER1282,29,32,21,2.3,3
D019176,O020637,RIDER2075,28,30,25,3.8,2
D019177,O020638,RIDER0486,34,38,23,0.4,4
D019178,O020639,RIDER1378,47,63,18,2.5,16
D019179,O020640,RIDER0019,34,34,28,4.4,0
D019180,O020641,RIDER0788,32,27,26,7.0,0
D019181,O020642,RIDER1910,26,25,16,1.0,0
D019182,O020643,RIDER0411,26,42,18,8.5,16
D019183,O020644,RIDER2186,41,41,25,4.4,0
D019184,O020645,RIDER1379,44,44,31,0.6,0
D019185,O020646,RIDER2394,37,34,16,0.9,0
D019186,O020647,RIDER0647,34,48,24,3.2,14
D019187,O020648,RIDER0781,25,31,22,5.4,6
D019188,O020649,RIDER1178,25,28,28,5.0,3
D019189,O020650,RIDER2027,24,48,15,3.3,24
D019190,O020652,RIDER0906,27,28,15,1.7,1
D019191,O020653,RIDER1697,70,73,37,3.7,3
D019192,O020654,RIDER0914,47,53,24,2.2,6
D019193,O020655,RIDER0037,34,64,28,6.4,30
D019194,O020656,RIDER1857,30,64,40,2.4,34
D019195,O020657,RIDER2284,33,51,36,1.2,18
D019196,O020658,RIDER2057,46,47,14,3.3,1
D019197,O020659,RIDER0614,35,52,28,5.4,17
D019198,O020660,RIDER1906,36,64,18,4.2,28
D019199,O020661,RIDER2273,48,46,21,0.9,0
D019200,O020662,RIDER1707,30,51,23,4.3,21
D019201,O020663,RIDER2054,27,34,20,4.7,7
D019202,O020664,RIDER0289,32,31,18,1.5,0
D019203,O020665,RIDER1186,23,54,29,0.4,31
D019204,O020666,RIDER1543,26,30,24,4.1,4
D019205,O020667,RIDER2227,48,80,34,9.6,32
D019206,O020669,RIDER0109,25,47,26,3.7,22
D019207,O020670,RIDER2118,43,44,32,0.2,1
D019208,O020671,RIDER0935,28,34,35,5.4,6
D019209,O020672,RIDER1948,22,18,23,4.5,0
D019210,O020673,RIDER2298,46,57,35,7.7,11
D019211,O020674,RIDER1503,43,74,29,5.3,31
D019212,O020675,RIDER0472,28,23,21,3.9,0
D019213,O020676,RIDER1765,23,28,27,1.7,5
D019214,O020678,RIDER1202,49,80,17,2.0,31
D019215,O020679,RIDER0491,30,36,37,0.8,6
D019216,O020680,RIDER1884,22,21,24,1.8,0
D019217,O020681,RIDER1018,56,78,29,1.3,22
D019218,O020683,RIDER2327,21,20,23,4.3,0
D019219,O020684,RIDER1272,31,29,39,0.8,0
D019220,O020685,RIDER0658,31,32,23,2.3,1
D019221,O020686,RIDER0090,41,44,33,4.0,3
D019222,O020687,RIDER0385,26,27,33,7.8,1
D019223,O020688,RIDER1454,27,26,21,7.6,0
D019224,O020689,RIDER1175,24,31,39,1.3,7
D019225,O020690,RIDER0111,29,44,18,1.4,15
D019226,O020691,RIDER1371,20,15,21,1.0,0
D019227,O020692,RIDER1070,27,28,21,1.6,1
D019228,O020694,RIDER0153,26,52,14,3.1,26
D019229,O020695,RIDER1365,33,53,30,6.6,20
D019230,O020696,RIDER0500,22,19,30,7.6,0
D019231,O020697,RIDER0108,19,26,34,8.1,7
D019232,O020698,RIDER1278,61,65,35,1.5,4
D019233,O020699,RIDER1933,43,66,23,1.4,23
D019234,O020700,RIDER2369,36,55,37,3.2,19
D019235,O020701,RIDER1407,28,31,23,3.4,3
D019236,O020703,RIDER1821,34,31,16,4.2,0
D019237,O020704,RIDER2287,24,29,31,1.3,5
D019238,O020705,RIDER0949,37,66,30,1.7,29
D019239,O020706,RIDER2209,28,29,18,1.9,1
D019240,O020707,RIDER1384,33,65,26,3.5,32
D019241,O020708,RIDER0303,39,66,15,6.3,27
D019242,O020709,RIDER1724,25,27,25,0.7,2
D019243,O020710,RIDER0747,22,17,38,0.4,0
D019244,O020711,RIDER0379,37,43,37,3.7,6
D019245,O020712,RIDER2154,30,30,33,3.4,0
D019246,O020713,RIDER2204,39,42,21,1.1,3
D019247,O020714,RIDER1438,37,68,14,4.8,31
D019248,O020715,RIDER2087,26,33,35,3.6,7
D019249,O020716,RIDER0056,51,54,24,0.6,3
D019250,O020717,RIDER2207,46,45,14,2.7,0
D019251,O020718,RIDER0362,44,44,17,2.2,0
D019252,O020720,RIDER1140,22,25,21,1.2,3
D019253,O020721,RIDER0177,49,79,25,5.4,30
D019254,O020722,RIDER1258,31,33,38,2.4,2
D019255,O020724,RIDER1563,45,43,33,4.0,0
D019256,O020725,RIDER0363,40,40,20,6.7,0
D019257,O020726,RIDER1252,39,35,18,1.1,0
D019258,O020728,RIDER2119,39,38,32,1.4,0
D019259,O020729,RIDER1244,41,39,33,6.4,0
D019260,O020731,RIDER0110,36,64,27,5.3,28
D019261,O020732,RIDER2445,62,88,21,7.0,26
D019262,O020733,RIDER0192,35,42,15,2.6,7
D019263,O020734,RIDER0058,31,36,32,1.3,5
D019264,O020735,RIDER1446,25,21,42,4.9,0
D019265,O020736,RIDER1391,21,22,41,1.7,1
D019266,O020737,RIDER0363,32,29,24,0.4,0
D019267,O020738,RIDER1027,46,48,17,0.9,2
D019268,O020739,RIDER1362,30,39,22,3.1,9
D019269,O020740,RIDER0622,40,35,27,16.5,0
D019270,O020741,RIDER1895,36,46,42,0.9,10
D019271,O020742,RIDER1107,36,32,32,3.3,0
D019272,O020743,RIDER1504,66,67,27,3.3,1
D019273,O020744,RIDER2492,40,47,35,1.5,7
D019274,O020745,RIDER1824,30,49,34,3.7,19
D019275,O020746,RIDER0215,20,34,24,4.4,14
D019276,O020747,RIDER0636,24,27,31,4.9,3
D019277,O020748,RIDER0566,31,65,14,1.6,34
D019278,O020749,RIDER1698,35,31,42,6.8,0
D019279,O020750,RIDER0479,44,73,39,3.0,29
D019280,O020751,RIDER1337,40,43,40,2.7,3
D019281,O020752,RIDER0841,29,40,18,3.5,11
D019282,O020753,RIDER1187,64,78,25,0.5,14
D019283,O020754,RIDER1078,33,34,21,4.5,1
D019284,O020755,RIDER1974,31,38,18,3.2,7
D019285,O020756,RIDER1665,30,28,36,1.9,0
D019286,O020757,RIDER2491,21,30,33,4.5,9
D019287,O020758,RIDER0776,36,70,31,4.2,34
D019288,O020759,RIDER2165,44,57,28,0.9,13
D019289,O020760,RIDER0424,26,44,35,1.9,18
D019290,O020761,RIDER1238,38,36,39,0.7,0
D019291,O020762,RIDER1356,23,27,31,1.0,4
D019292,O020763,RIDER1477,20,15,28,3.5,0
D019293,O020764,RIDER1325,33,32,41,5.5,0
D019294,O020765,RIDER0575,27,34,18,1.5,7
D019295,O020766,RIDER1079,36,41,22,5.3,5
D019296,O020767,RIDER0995,28,33,30,1.0,5
D019297,O020769,RIDER1421,28,32,15,4.6,4
D019298,O020770,RIDER2031,43,40,14,1.5,0
D019299,O020771,RIDER1257,34,39,15,4.6,5
D019300,O020772,RIDER0264,31,55,14,1.3,24
D019301,O020773,RIDER2392,21,26,39,5.3,5
D019302,O020775,RIDER1821,26,28,38,1.4,2
D019303,O020776,RIDER1412,29,31,22,3.0,2
D019304,O020777,RIDER1113,30,63,31,5.2,33
D019305,O020778,RIDER0345,29,26,31,1.3,0
D019306,O020779,RIDER0140,35,35,31,1.1,0
D019307,O020780,RIDER1017,69,78,42,1.4,9
D019308,O020781,RIDER1456,42,41,17,2.3,0
D019309,O020782,RIDER1902,43,40,31,5.0,0
D019310,O020783,RIDER1767,40,40,18,2.5,0
D019311,O020784,RIDER1288,46,73,36,0.0,27
D019312,O020785,RIDER0897,27,28,36,2.1,1
D019313,O020786,RIDER2032,28,32,19,1.0,4
D019314,O020787,RIDER2151,28,62,24,7.1,34
D019315,O020788,RIDER1825,31,32,14,2.8,1
D019316,O020789,RIDER1594,31,54,21,4.3,23
D019317,O020790,RIDER1011,48,71,21,3.9,23
D019318,O020791,RIDER1453,41,38,22,2.3,0
D019319,O020792,RIDER1259,31,35,21,1.6,4
D019320,O020793,RIDER0292,37,42,30,1.0,5
D019321,O020794,RIDER1473,22,20,24,1.6,0
D019322,O020795,RIDER0135,49,44,25,1.5,0
D019323,O020796,RIDER1931,39,37,21,3.5,0
D019324,O020797,RIDER2122,17,17,27,3.1,0
D019325,O020798,RIDER1607,46,60,28,1.8,14
D019326,O020799,RIDER1535,44,44,38,0.5,0
D019327,O020800,RIDER1976,26,46,33,1.1,20
D019328,O020801,RIDER1877,35,62,26,6.1,27
D019329,O020802,RIDER0422,50,57,18,0.6,7
D019330,O020803,RIDER2218,33,61,21,0.7,28
D019331,O020804,RIDER1004,32,35,21,2.3,3
D019332,O020805,RIDER1785,35,67,31,1.0,32
D019333,O020806,RIDER1112,31,35,35,1.9,4
D019334,O020807,RIDER2493,31,51,28,5.8,20
D019335,O020808,RIDER1699,21,19,24,4.2,0
D019336,O020810,RIDER1281,31,38,39,3.5,7
D019337,O020811,RIDER1130,35,33,38,2.2,0
D019338,O020812,RIDER1163,28,27,27,0.2,0
D019339,O020813,RIDER2195,69,89,20,5.2,20
D019340,O020814,RIDER2200,30,34,20,7.3,4
D019341,O020815,RIDER2378,37,44,34,3.8,7
D019342,O020816,RIDER0207,42,58,24,8.2,16
D019343,O020817,RIDER1867,24,29,33,0.5,5
D019344,O020818,RIDER2290,27,60,26,1.9,33
D019345,O020819,RIDER1555,24,26,21,1.6,2
D019346,O020820,RIDER0680,33,64,21,3.0,31
D019347,O020821,RIDER1730,24,47,42,7.6,23
D019348,O020822,RIDER0395,34,34,24,2.7,0
D019349,O020823,RIDER2217,40,53,14,2.7,13
D019350,O020824,RIDER0697,26,21,40,1.8,0
D019351,O020825,RIDER1667,36,65,18,0.4,29
D019352,O020826,RIDER0892,30,28,39,2.6,0
D019353,O020827,RIDER2277,23,26,19,3.7,3
D019354,O020828,RIDER0836,24,29,28,4.9,5
D019355,O020829,RIDER1930,31,27,31,0.9,0
D019356,O020830,RIDER0800,44,57,38,3.2,13
D019357,O020831,RIDER0425,42,45,27,5.9,3
D019358,O020832,RIDER1380,23,25,39,9.2,2
D019359,O020834,RIDER2190,23,29,21,0.3,6
D019360,O020835,RIDER1976,63,66,14,0.3,3
D019361,O020836,RIDER1249,35,40,30,8.8,5
D019362,O020837,RIDER1479,43,58,42,2.2,15
D019363,O020838,RIDER2422,43,40,27,8.1,0
D019364,O020839,RIDER0813,24,30,21,4.3,6
D019365,O020841,RIDER0165,35,30,28,1.4,0
D019366,O020842,RIDER0458,32,38,15,2.9,6
D019367,O020843,RIDER0988,43,42,24,3.7,0
D019368,O020844,RIDER1296,58,53,18,4.3,0
D019369,O020846,RIDER2214,63,63,33,0.1,0
D019370,O020847,RIDER2136,29,41,41,2.7,12
D019371,O020848,RIDER1348,41,40,39,6.2,0
D019372,O020849,RIDER0485,40,40,19,1.9,0
D019373,O020850,RIDER0759,31,26,34,3.0,0
D019374,O020851,RIDER1548,36,66,30,4.7,30
D019375,O020852,RIDER1806,70,85,27,4.0,15
D019376,O020853,RIDER0652,25,22,31,2.7,0
D019377,O020854,RIDER1797,33,35,22,1.1,2
D019378,O020855,RIDER0076,36,46,42,1.1,10
D019379,O020856,RIDER0346,24,30,37,2.4,6
D019380,O020857,RIDER1217,37,40,20,0.6,3
D019381,O020858,RIDER2409,44,51,40,4.1,7
D019382,O020859,RIDER1357,18,13,22,3.7,0
D019383,O020861,RIDER0403,31,34,21,2.9,3
D019384,O020862,RIDER1563,50,80,14,7.2,30
D019385,O020863,RIDER1407,54,49,39,0.7,0
D019386,O020864,RIDER2102,28,42,27,3.2,14
D019387,O020865,RIDER0307,47,62,30,0.9,15
D019388,O020866,RIDER0115,54,67,15,9.1,13
D019389,O020868,RIDER0874,37,34,29,5.0,0
D019390,O020869,RIDER1142,29,29,14,1.6,0
D019391,O020870,RIDER1104,25,42,15,2.3,17
D019392,O020871,RIDER2426,48,52,37,1.9,4
D019393,O020872,RIDER0632,39,52,37,6.9,13
D019394,O020873,RIDER2481,27,30,40,2.9,3
D019395,O020874,RIDER0229,37,40,29,0.8,3
D019396,O020875,RIDER2149,31,42,39,4.0,11
D019397,O020876,RIDER2187,24,28,33,7.4,4
D019398,O020877,RIDER2380,33,33,36,4.2,0
D019399,O020878,RIDER0970,40,45,42,2.2,5
D019400,O020879,RIDER1073,36,37,14,1.9,1
D019401,O020880,RIDER2141,39,36,27,3.5,0
D019402,O020881,RIDER1877,28,39,42,3.8,11
D019403,O020883,RIDER1304,36,38,18,5.4,2
D019404,O020884,RIDER1862,28,31,24,1.7,3
D019405,O020885,RIDER1843,49,54,40,6.7,5
D019406,O020886,RIDER1073,26,52,30,1.5,26
D019407,O020887,RIDER0492,49,75,18,3.0,26
D019408,O020888,RIDER1342,34,61,24,1.9,27
D019409,O020889,RIDER1510,35,30,19,0.9,0
D019410,O020890,RIDER0238,45,48,38,2.7,3
D019411,O020891,RIDER2338,31,33,27,4.2,2
D019412,O020892,RIDER1926,33,35,22,1.1,2
D019413,O020894,RIDER0512,35,42,33,4.7,7
D019414,O020895,RIDER0248,28,34,21,1.2,6
D019415,O020896,RIDER0190,22,27,14,9.2,5
D019416,O020897,RIDER1167,38,42,30,2.3,4
D019417,O020898,RIDER1199,69,72,31,0.8,3
D019418,O020900,RIDER1111,25,27,21,0.6,2
D019419,O020901,RIDER1590,31,38,14,0.0,7
D019420,O020902,RIDER0518,24,50,18,5.0,26
D019421,O020903,RIDER1204,36,42,18,2.6,6
D019422,O020904,RIDER1601,39,36,38,4.8,0
D019423,O020905,RIDER1272,23,28,36,0.5,5
D019424,O020906,RIDER1413,27,25,16,2.3,0
D019425,O020907,RIDER0423,28,32,14,6.4,4
D019426,O020908,RIDER2201,35,30,29,1.8,0
D019427,O020909,RIDER0349,29,47,15,2.1,18
D019428,O020911,RIDER0414,27,28,23,0.2,1
D019429,O020913,RIDER2311,34,43,28,4.9,9
D019430,O020914,RIDER2294,19,24,27,5.3,5
D019431,O020915,RIDER2491,41,67,40,0.3,26
D019432,O020916,RIDER0017,26,53,17,2.5,27
D019433,O020917,RIDER1411,26,22,25,1.9,0
D019434,O020918,RIDER1294,34,57,42,6.1,23
D019435,O020919,RIDER1525,30,36,21,0.6,6
D019436,O020920,RIDER1670,36,41,24,5.3,5
D019437,O020921,RIDER0298,32,34,16,2.7,2
D019438,O020922,RIDER1836,35,39,15,0.3,4
D019439,O020923,RIDER0291,33,36,30,1.2,3
D019440,O020925,RIDER0101,33,36,31,5.3,3
D019441,O020926,RIDER2082,31,36,41,8.3,5
D019442,O020927,RIDER1674,25,26,42,2.2,1
D019443,O020928,RIDER1183,57,64,41,2.6,7
D019444,O020929,RIDER0163,26,23,33,5.4,0
D019445,O020930,RIDER2495,31,34,29,0.8,3
D019446,O020931,RIDER1469,23,25,14,3.5,2
D019447,O020932,RIDER1564,28,29,36,2.5,1
D019448,O020933,RIDER1564,26,27,30,3.7,1
D019449,O020934,RIDER0736,30,35,22,3.1,5
D019450,O020936,RIDER2059,50,56,31,5.2,6
D019451,O020937,RIDER0349,29,36,38,2.8,7
D019452,O020938,RIDER1052,22,35,14,1.3,13
D019453,O020939,RIDER2482,20,26,27,1.5,6
D019454,O020940,RIDER0486,30,29,16,2.3,0
D019455,O020941,RIDER0916,25,56,37,0.9,31
D019456,O020943,RIDER2287,36,41,30,1.3,5
D019457,O020944,RIDER0515,33,35,38,2.4,2
D019458,O020945,RIDER2389,36,65,40,0.5,29
D019459,O020946,RIDER0220,36,39,18,0.3,3
D019460,O020947,RIDER1973,33,40,27,1.3,7
D019461,O020948,RIDER1348,42,55,31,4.4,13
D019462,O020949,RIDER1508,25,28,22,0.4,3
D019463,O020950,RIDER0848,38,67,33,8.5,29
D019464,O020951,RIDER1576,24,25,38,9.6,1
D019465,O020952,RIDER0948,30,37,14,1.8,7
D019466,O020953,RIDER0416,36,70,38,1.7,34
D019467,O020954,RIDER2470,30,32,34,2.4,2
D019468,O020955,RIDER0232,22,50,38,11.3,28
D019469,O020956,RIDER1571,34,33,19,1.1,0
D019470,O020957,RIDER2395,27,51,19,2.2,24
D019471,O020958,RIDER0131,26,21,31,11.9,0
D019472,O020959,RIDER1496,22,49,36,5.9,27
D019473,O020960,RIDER2080,42,58,14,1.3,16
D019474,O020961,RIDER0254,22,26,36,3.8,4
D019475,O020962,RIDER0447,21,33,33,0.8,12
D019476,O020963,RIDER1840,34,33,29,4.2,0
D019477,O020964,RIDER2476,35,53,16,6.3,18
D019478,O020965,RIDER2145,25,32,27,1.2,7
D019479,O020966,RIDER1864,28,30,37,0.7,2
D019480,O020967,RIDER0954,38,39,31,1.8,1
D019481,O020968,RIDER0875,26,27,17,1.5,1
D019482,O020969,RIDER2465,42,38,30,3.9,0
D019483,O020970,RIDER1602,40,38,33,4.8,0
D019484,O020971,RIDER1858,36,53,38,3.8,17
D019485,O020972,RIDER0146,25,27,17,1.6,2
D019486,O020974,RIDER2187,36,43,37,4.5,7
D019487,O020975,RIDER1680,28,35,39,3.4,7
D019488,O020976,RIDER1644,22,25,39,3.0,3
D019489,O020977,RIDER1163,39,60,35,3.3,21
D019490,O020978,RIDER2170,31,32,25,3.5,1
D019491,O020979,RIDER0830,33,29,27,0.7,0
D019492,O020981,RIDER2121,27,34,14,0.6,7
D019493,O020982,RIDER2414,27,24,15,1.6,0
D019494,O020983,RIDER1936,24,23,27,7.3,0
D019495,O020984,RIDER0086,32,38,30,6.3,6
D019496,O020985,RIDER1903,23,18,28,4.5,0
D019497,O020986,RIDER1250,27,24,25,8.8,0
D019498,O020987,RIDER2184,21,23,14,3.8,2
D019499,O020988,RIDER1993,37,34,28,6.5,0
D019500,O020989,RIDER0516,32,30,15,18.2,0
D019501,O020990,RIDER0536,30,61,28,0.5,31
D019502,O020991,RIDER2480,45,56,15,2.6,11
D019503,O020992,RIDER1444,32,51,41,1.7,19
D019504,O020993,RIDER1444,34,53,22,4.6,19
D019505,O020994,RIDER0146,28,31,25,2.9,3
D019506,O020995,RIDER0346,26,37,27,6.3,11
D019507,O020996,RIDER1116,49,49,31,1.3,0
D019508,O020997,RIDER2164,68,101,39,6.4,33
D019509,O020998,RIDER1543,31,39,42,4.4,8
D019510,O020999,RIDER2002,43,40,32,2.0,0
D019511,O021000,RIDER1742,36,42,21,1.1,6
D019512,O021001,RIDER1489,49,81,16,2.7,32
D019513,O021002,RIDER1779,22,18,35,6.2,0
D019514,O021003,RIDER1301,38,62,28,5.6,24
D019515,O021004,RIDER2094,38,45,40,5.7,7
D019516,O021005,RIDER2262,29,34,17,0.5,5
D019517,O021006,RIDER1025,44,49,15,3.9,5
D019518,O021008,RIDER1832,40,72,14,1.0,32
D019519,O021009,RIDER0781,42,54,35,1.8,12
D019520,O021010,RIDER1331,35,37,29,5.4,2
D019521,O021011,RIDER0777,27,25,28,3.3,0
D019522,O021012,RIDER1913,34,36,16,0.9,2
D019523,O021013,RIDER1009,23,19,25,1.3,0
D019524,O021014,RIDER0953,49,47,31,7.6,0
D019525,O021015,RIDER0249,47,50,34,8.6,3
D019526,O021016,RIDER2244,32,43,30,2.1,11
D019527,O021017,RIDER2195,25,29,33,0.6,4
D019528,O021019,RIDER1987,24,31,41,0.9,7
D019529,O021020,RIDER1743,35,35,36,7.3,0
D019530,O021021,RIDER0297,23,22,29,2.5,0
D019531,O021022,RIDER2337,32,38,18,6.7,6
D019532,O021023,RIDER2281,21,22,20,5.5,1
D019533,O021024,RIDER1380,29,25,40,2.5,0
D019534,O021025,RIDER0637,38,55,37,1.3,17
D019535,O021026,RIDER1645,53,76,28,2.0,23
D019536,O021027,RIDER1416,35,37,16,1.4,2
D019537,O021028,RIDER1745,27,45,14,0.1,18
D019538,O021029,RIDER0296,48,81,18,1.0,33
D019539,O021030,RIDER1181,34,42,25,1.6,8
D019540,O021031,RIDER1107,63,76,33,7.5,13
D019541,O021032,RIDER1090,30,50,27,2.0,20
D019542,O021034,RIDER1025,25,43,35,1.3,18
D019543,O021035,RIDER2364,25,29,21,1.1,4
D019544,O021036,RIDER0497,28,33,18,9.1,5
D019545,O021037,RIDER0215,34,53,27,2.2,19
D019546,O021038,RIDER1539,36,44,29,1.0,8
D019547,O021039,RIDER0294,38,42,15,2.4,4
D019548,O021040,RIDER0730,37,40,15,7.4,3
D019549,O021041,RIDER2467,35,30,24,1.2,0
D019550,O021042,RIDER2258,21,32,40,10.8,11
D019551,O021043,RIDER0278,38,38,30,3.2,0
D019552,O021044,RIDER1101,43,48,33,3.7,5
D019553,O021045,RIDER0296,30,33,40,0.8,3
D019554,O021046,RIDER2318,48,81,16,0.7,33
D019555,O021047,RIDER0973,34,55,39,0.7,21
D019556,O021048,RIDER0957,33,35,23,1.4,2
D019557,O021050,RIDER0099,42,44,39,1.8,2
D019558,O021051,RIDER1799,30,30,31,0.3,0
D019559,O021052,RIDER0653,37,32,29,0.4,0
D019560,O021053,RIDER1226,40,52,24,2.9,12
D019561,O021054,RIDER1526,46,50,16,1.8,4
D019562,O021055,RIDER1341,39,71,16,1.6,32
D019563,O021056,RIDER1464,27,51,18,3.1,24
D019564,O021057,RIDER2214,35,32,34,1.1,0
D019565,O021058,RIDER0651,42,48,32,2.4,6
D019566,O021059,RIDER1667,31,29,15,0.2,0
D019567,O021060,RIDER1571,34,45,27,7.3,11
D019568,O021061,RIDER0410,25,29,19,3.7,4
D019569,O021062,RIDER0061,31,34,39,1.0,3
D019570,O021063,RIDER2374,24,29,29,1.8,5
D019571,O021065,RIDER2020,34,30,16,2.8,0
D019572,O021066,RIDER1559,59,55,16,1.1,0
D019573,O021067,RIDER0818,33,35,35,0.5,2
D019574,O021068,RIDER1673,42,65,23,0.6,23
D019575,O021069,RIDER2002,34,32,27,5.4,0
D019576,O021070,RIDER1953,39,58,14,1.1,19
D019577,O021071,RIDER1146,27,28,17,0.6,1
D019578,O021072,RIDER2354,35,47,35,8.6,12
D019579,O021073,RIDER0997,42,67,34,4.6,25
D019580,O021074,RIDER0677,34,35,22,0.4,1
D019581,O021075,RIDER2296,70,100,33,2.3,30
D019582,O021076,RIDER1946,27,48,31,3.5,21
D019583,O021077,RIDER0030,38,39,30,1.2,1
D019584,O021078,RIDER2060,28,53,34,2.7,25
D019585,O021079,RIDER1153,34,32,14,6.8,0
D019586,O021081,RIDER0787,40,46,20,1.3,6
D019587,O021082,RIDER0292,28,42,21,0.2,14
D019588,O021083,RIDER0036,24,23,14,4.7,0
D019589,O021084,RIDER1061,30,25,15,7.5,0
D019590,O021085,RIDER2317,45,74,23,0.8,29
D019591,O021086,RIDER1017,34,34,26,1.1,0
D019592,O021087,RIDER1059,20,22,18,0.7,2
D019593,O021088,RIDER2422,32,33,33,3.6,1
D019594,O021089,RIDER2113,30,64,29,3.4,34
D019595,O021090,RIDER1952,32,33,21,9.2,1
D019596,O021091,RIDER0827,34,37,24,5.7,3
D019597,O021092,RIDER0353,32,41,41,4.0,9
D019598,O021093,RIDER1892,57,53,24,2.3,0
D019599,O021094,RIDER1057,26,57,20,1.5,31
D019600,O021095,RIDER0306,46,55,38,3.3,9
D019601,O021097,RIDER0875,27,22,29,3.0,0
D019602,O021098,RIDER1542,32,32,42,0.6,0
D019603,O021099,RIDER0606,36,39,20,10.5,3
D019604,O021100,RIDER1810,23,29,33,4.1,6
D019605,O021101,RIDER0775,38,45,32,4.0,7
D019606,O021102,RIDER1895,29,39,37,3.6,10
D019607,O021104,RIDER1378,27,25,25,5.5,0
D019608,O021105,RIDER2344,21,35,23,3.0,14
D019609,O021106,RIDER1437,35,42,20,5.3,7
D019610,O021107,RIDER1352,26,21,21,4.5,0
D019611,O021108,RIDER1132,39,69,18,3.5,30
D019612,O021109,RIDER1793,24,25,22,2.5,1
D019613,O021110,RIDER0180,21,34,36,3.2,13
D019614,O021111,RIDER2279,21,24,21,3.3,3
D019615,O021112,RIDER2114,34,39,30,1.9,5
D019616,O021113,RIDER2192,30,32,22,1.8,2
D019617,O021114,RIDER1747,32,32,24,12.5,0
D019618,O021115,RIDER0525,27,23,33,3.4,0
D019619,O021116,RIDER0401,40,57,23,7.3,17
D019620,O021117,RIDER1657,24,39,25,2.3,15
D019621,O021118,RIDER0619,26,58,38,1.9,32
D019622,O021119,RIDER0893,48,71,32,3.4,23
D019623,O021120,RIDER1294,24,45,17,4.2,21
D019624,O021121,RIDER1203,32,53,35,1.7,21
D019625,O021122,RIDER0093,34,41,38,1.0,7
D019626,O021123,RIDER1575,28,51,18,3.2,23
D019627,O021124,RIDER1496,28,37,36,0.4,9
D019628,O021125,RIDER1892,30,25,30,5.1,0
D019629,O021126,RIDER0909,26,28,15,0.8,2
D019630,O021127,RIDER2341,24,26,32,1.4,2
D019631,O021128,RIDER0537,28,58,15,1.0,30
D019632,O021129,RIDER1125,25,23,31,5.2,0
D019633,O021130,RIDER2106,29,35,34,5.0,6
D019634,O021131,RIDER0735,32,63,15,3.9,31
D019635,O021132,RIDER2106,45,45,21,4.2,0
D019636,O021133,RIDER1909,18,20,35,3.1,2
D019637,O021134,RIDER1780,24,54,14,0.6,30
D019638,O021135,RIDER2167,29,29,34,8.9,0
D019639,O021136,RIDER2393,25,23,24,8.4,0
D019640,O021137,RIDER2374,45,62,37,1.4,17
D019641,O021139,RIDER0159,46,45,24,1.6,0
D019642,O021140,RIDER1362,52,67,33,1.7,15
D019643,O021141,RIDER0229,60,78,35,2.9,18
D019644,O021142,RIDER1462,31,33,30,7.3,2
D019645,O021144,RIDER0708,23,38,41,0.4,15
D019646,O021145,RIDER0727,39,49,24,0.6,10
D019647,O021146,RIDER0933,28,25,27,7.0,0
D019648,O021147,RIDER2416,31,28,22,6.8,0
D019649,O021148,RIDER1054,23,27,16,8.0,4
D019650,O021149,RIDER1504,50,48,22,4.3,0
D019651,O021150,RIDER1436,40,69,30,1.4,29
D019652,O021151,RIDER1161,54,55,35,1.4,1
D019653,O021152,RIDER0085,49,55,38,1.5,6
D019654,O021153,RIDER2214,28,48,35,3.3,20
D019655,O021155,RIDER1464,45,52,39,3.8,7
D019656,O021156,RIDER1786,32,32,18,7.3,0
D019657,O021157,RIDER0132,45,42,36,0.8,0
D019658,O021160,RIDER1872,34,37,37,3.4,3
D019659,O021161,RIDER2207,28,32,35,1.4,4
D019660,O021162,RIDER1358,26,22,17,3.0,0
D019661,O021163,RIDER0922,35,42,41,6.1,7
D019662,O021164,RIDER1317,24,55,34,2.8,31
D019663,O021165,RIDER0774,29,27,15,2.8,0
D019664,O021166,RIDER2189,30,31,15,9.3,1
D019665,O021167,RIDER1843,26,31,15,11.6,5
D019666,O021168,RIDER0900,20,27,41,5.2,7
D019667,O021169,RIDER0253,31,36,25,3.9,5
D019668,O021170,RIDER1647,24,23,25,1.1,0
D019669,O021171,RIDER0402,44,42,31,1.8,0
D019670,O021172,RIDER0101,31,43,32,0.6,12
D019671,O021173,RIDER2392,35,40,20,6.9,5
D019672,O021174,RIDER2345,29,63,16,0.5,34
D019673,O021175,RIDER0069,20,41,30,0.3,21
D019674,O021176,RIDER2360,52,70,14,2.7,18
D019675,O021177,RIDER0704,30,32,36,5.1,2
D019676,O021178,RIDER2301,33,29,15,0.4,0
D019677,O021179,RIDER1197,22,19,16,1.3,0
D019678,O021180,RIDER1329,40,41,30,2.5,1
D019679,O021181,RIDER0613,36,40,28,2.1,4
D019680,O021182,RIDER0399,25,31,30,3.2,6
D019681,O021184,RIDER1768,23,31,16,4.5,8
D019682,O021185,RIDER2080,46,51,18,0.3,5
D019683,O021187,RIDER0355,22,28,16,7.6,6
D019684,O021188,RIDER2490,25,37,37,7.1,12
D019685,O021189,RIDER0830,25,32,32,0.5,7
D019686,O021190,RIDER0904,32,50,32,1.0,18
D019687,O021191,RIDER2072,22,56,31,3.5,34
D019688,O021192,RIDER2009,20,42,38,0.7,22
D019689,O021193,RIDER1923,30,28,27,3.8,0
D019690,O021194,RIDER0746,20,20,27,1.0,0
D019691,O021195,RIDER1265,29,56,14,1.8,27
D019692,O021196,RIDER2499,26,52,21,0.9,26
D019693,O021197,RIDER1862,24,28,38,2.5,4
D019694,O021198,RIDER0094,38,69,33,5.2,31
D019695,O021199,RIDER0422,21,28,14,0.5,7
D019696,O021200,RIDER0160,32,33,31,6.0,1
D019697,O021201,RIDER0214,31,52,25,3.5,21
D019698,O021202,RIDER1954,37,43,25,0.8,6
D019699,O021203,RIDER1731,53,48,34,1.0,0
D019700,O021204,RIDER0219,28,36,33,2.1,8
D019701,O021205,RIDER0593,33,39,15,1.9,6
D019702,O021206,RIDER1691,21,26,14,2.5,5
D019703,O021207,RIDER0948,29,27,30,1.4,0
D019704,O021208,RIDER0027,40,59,29,0.9,19
D019705,O021209,RIDER0842,24,25,21,3.8,1
D019706,O021210,RIDER0637,35,38,21,2.5,3
D019707,O021211,RIDER0331,44,41,14,5.2,0
D019708,O021212,RIDER0488,30,40,31,4.7,10
D019709,O021213,RIDER1654,48,50,19,1.5,2
D019710,O021214,RIDER0083,53,54,17,2.4,1
D019711,O021215,RIDER1199,34,59,40,1.6,25
D019712,O021216,RIDER0635,30,56,16,4.7,26
D019713,O021217,RIDER0436,20,36,30,1.7,16
D019714,O021218,RIDER1383,48,48,35,1.0,0
D019715,O021219,RIDER0051,26,31,14,7.0,5
D019716,O021220,RIDER2254,29,53,18,11.1,24
D019717,O021221,RIDER0987,29,46,30,2.9,17
D019718,O021222,RIDER1770,36,38,21,1.5,2
D019719,O021223,RIDER1374,22,45,33,1.5,23
D019720,O021224,RIDER1184,70,72,31,1.8,2
D019721,O021225,RIDER1214,22,21,21,1.3,0
D019722,O021226,RIDER1660,25,57,30,8.4,32
D019723,O021227,RIDER0678,38,36,21,7.1,0
D019724,O021228,RIDER2378,43,41,15,2.3,0
D019725,O021229,RIDER1324,17,16,18,3.7,0
D019726,O021230,RIDER2219,40,71,33,5.9,31
D019727,O021231,RIDER2279,29,25,37,7.7,0
D019728,O021232,RIDER0340,62,93,16,2.6,31
D019729,O021233,RIDER0636,30,27,20,0.8,0
D019730,O021234,RIDER1742,47,79,38,2.0,32
D019731,O021235,RIDER0042,31,35,14,5.3,4
D019732,O021236,RIDER0727,27,28,21,2.4,1
D019733,O021237,RIDER1162,27,30,16,1.5,3
D019734,O021238,RIDER0274,27,23,40,1.5,0
D019735,O021239,RIDER1111,26,29,18,4.1,3
D019736,O021240,RIDER2122,30,64,16,0.7,34
D019737,O021241,RIDER1843,27,24,27,4.7,0
D019738,O021242,RIDER1047,33,62,36,2.0,29
D019739,O021244,RIDER0409,37,38,38,2.0,1
D019740,O021245,RIDER1818,33,33,31,7.6,0
D019741,O021246,RIDER0257,19,20,37,2.0,1
D019742,O021247,RIDER2082,27,26,36,1.1,0
D019743,O021248,RIDER1285,41,36,23,2.3,0
D019744,O021249,RIDER0216,37,56,36,0.8,19
D019745,O021250,RIDER1204,47,55,15,1.5,8
D019746,O021251,RIDER2450,28,23,36,5.3,0
D019747,O021252,RIDER0150,23,25,25,4.3,2
D019748,O021253,RIDER1919,44,48,29,2.0,4
D019749,O021254,RIDER1906,36,33,29,3.5,0
D019750,O021255,RIDER2468,35,32,20,1.8,0
D019751,O021256,RIDER0320,30,33,24,5.2,3
D019752,O021257,RIDER0611,26,52,14,7.2,26
D019753,O021258,RIDER0559,29,34,14,9.6,5
D019754,O021259,RIDER1687,40,47,35,0.5,7
D019755,O021260,RIDER1841,34,41,27,2.9,7
D019756,O021261,RIDER1789,26,34,29,1.4,8
D019757,O021262,RIDER0477,40,39,24,2.9,0
D019758,O021263,RIDER1074,24,27,15,11.9,3
D019759,O021265,RIDER1149,39,34,38,0.9,0
D019760,O021266,RIDER0637,24,20,21,2.7,0
D019761,O021267,RIDER1569,30,28,35,1.7,0
D019762,O021268,RIDER0571,19,20,40,5.5,1
D019763,O021269,RIDER1618,37,47,17,3.5,10
D019764,O021270,RIDER1073,23,28,18,2.2,5
D019765,O021271,RIDER0248,29,31,40,5.1,2
D019766,O021272,RIDER0143,45,51,30,5.2,6
D019767,O021273,RIDER0595,24,44,29,2.2,20
D019768,O021274,RIDER0187,68,66,15,2.2,0
D019769,O021275,RIDER1067,26,50,18,0.8,24
D019770,O021276,RIDER1568,37,43,41,5.2,6
D019771,O021277,RIDER0105,31,26,32,2.9,0
D019772,O021278,RIDER0858,33,35,36,3.3,2
D019773,O021279,RIDER0999,48,73,29,0.5,25
D019774,O021280,RIDER1242,34,31,22,2.9,0
D019775,O021281,RIDER0550,25,55,27,0.9,30
D019776,O021282,RIDER1382,32,59,29,1.3,27
D019777,O021283,RIDER2398,32,30,41,5.4,0
D019778,O021284,RIDER2173,68,75,18,4.3,7
D019779,O021285,RIDER1729,28,31,40,3.8,3
D019780,O021286,RIDER0653,37,55,31,0.5,18
D019781,O021287,RIDER2381,31,55,18,5.9,24
D019782,O021288,RIDER0290,43,67,21,1.4,24
D019783,O021289,RIDER0888,24,27,24,0.6,3
D019784,O021290,RIDER1830,30,56,27,5.0,26
D019785,O021291,RIDER1713,37,40,40,0.4,3
D019786,O021292,RIDER2371,30,25,31,16.6,0
D019787,O021293,RIDER1111,39,42,29,1.3,3
D019788,O021294,RIDER1587,24,27,38,3.9,3
D019789,O021295,RIDER1584,28,57,28,2.2,29
D019790,O021296,RIDER2308,32,36,32,3.1,4
D019791,O021297,RIDER0821,26,21,38,0.9,0
D019792,O021298,RIDER0718,21,45,31,3.1,24
D019793,O021299,RIDER1602,44,44,21,2.9,0
D019794,O021300,RIDER1583,26,33,39,2.1,7
D019795,O021301,RIDER0994,50,58,18,6.9,8
D019796,O021302,RIDER1278,28,49,16,7.8,21
D019797,O021303,RIDER0694,32,30,14,3.0,0
D019798,O021304,RIDER2171,20,21,21,2.8,1
D019799,O021305,RIDER1904,56,81,36,3.6,25
D019800,O021306,RIDER0972,29,24,39,3.5,0
D019801,O021307,RIDER0029,35,42,16,2.4,7
D019802,O021308,RIDER1175,49,76,23,1.9,27
D019803,O021309,RIDER1669,31,37,17,4.1,6
D019804,O021312,RIDER0369,35,41,40,3.3,6
D019805,O021313,RIDER0916,35,63,35,2.3,28
D019806,O021314,RIDER2223,37,61,17,4.6,24
D019807,O021315,RIDER2295,32,29,40,1.8,0
D019808,O021316,RIDER0951,26,31,38,2.4,5
D019809,O021317,RIDER0185,37,40,37,1.4,3
D019810,O021318,RIDER0204,57,89,14,3.2,32
D019811,O021321,RIDER0724,33,28,35,0.1,0
D019812,O021322,RIDER1660,25,23,16,4.7,0
D019813,O021323,RIDER0465,48,50,25,2.5,2
D019814,O021324,RIDER2444,18,31,38,1.3,13
D019815,O021325,RIDER1902,21,20,23,5.3,0
D019816,O021326,RIDER1025,26,30,38,6.2,4
D019817,O021327,RIDER0898,29,58,33,2.2,29
D019818,O021328,RIDER0929,23,24,36,1.1,1
D019819,O021329,RIDER0011,34,31,20,0.6,0
D019820,O021330,RIDER1098,41,41,21,1.5,0
D019821,O021331,RIDER1376,30,34,15,1.1,4
D019822,O021332,RIDER0110,30,36,17,8.7,6
D019823,O021333,RIDER2085,45,44,38,0.7,0
D019824,O021334,RIDER0137,39,42,32,2.7,3
D019825,O021335,RIDER0618,39,35,36,0.9,0
D019826,O021336,RIDER1864,35,30,26,0.1,0
D019827,O021337,RIDER1108,24,35,42,0.0,11
D019828,O021339,RIDER2103,48,45,42,7.3,0
D019829,O021341,RIDER0224,22,50,23,5.4,28
D019830,O021342,RIDER0804,24,45,42,1.3,21
D019831,O021343,RIDER1749,30,48,31,10.3,18
D019832,O021344,RIDER0837,30,30,24,2.8,0
D019833,O021345,RIDER1895,25,30,28,2.0,5
D019834,O021347,RIDER1796,42,59,20,12.1,17
D019835,O021348,RIDER1250,34,39,16,2.0,5
D019836,O021349,RIDER1848,35,52,17,1.6,17
D019837,O021350,RIDER0419,32,37,30,0.5,5
D019838,O021352,RIDER2358,38,69,33,12.9,31
D019839,O021353,RIDER0880,29,61,22,1.1,32
D019840,O021354,RIDER0215,37,41,32,3.6,4
D019841,O021357,RIDER2192,27,24,28,10.6,0
D019842,O021358,RIDER0426,39,61,31,3.1,22
D019843,O021360,RIDER0001,52,56,42,4.4,4
D019844,O021361,RIDER0585,41,54,23,3.6,13
D019845,O021362,RIDER1714,34,29,29,9.9,0
D019846,O021363,RIDER0873,23,24,25,1.9,1
D019847,O021364,RIDER1948,32,28,38,4.6,0
D019848,O021365,RIDER0374,38,38,19,1.7,0
D019849,O021366,RIDER1037,28,31,40,2.0,3
D019850,O021367,RIDER0283,38,40,28,2.9,2
D019851,O021369,RIDER0062,28,35,42,2.6,7
D019852,O021370,RIDER0472,28,60,24,2.6,32
D019853,O021371,RIDER2263,37,55,41,4.9,18
D019854,O021372,RIDER2053,40,38,27,0.8,0
D019855,O021373,RIDER1515,22,54,33,2.8,32
D019856,O021374,RIDER0405,33,28,31,4.9,0
D019857,O021376,RIDER0653,35,58,20,4.5,23
D019858,O021377,RIDER0139,31,26,14,1.9,0
D019859,O021378,RIDER0160,26,28,42,2.3,2
D019860,O021379,RIDER0677,24,20,21,3.0,0
D019861,O021380,RIDER1665,28,47,19,3.9,19
D019862,O021381,RIDER2418,19,27,34,3.9,8
D019863,O021383,RIDER1145,26,30,38,3.7,4
D019864,O021384,RIDER2483,25,21,30,2.2,0
D019865,O021385,RIDER0150,32,34,15,1.7,2
D019866,O021386,RIDER0055,38,35,29,0.7,0
D019867,O021387,RIDER0712,31,35,37,12.7,4
D019868,O021388,RIDER1649,44,46,16,4.8,2
D019869,O021389,RIDER1813,37,41,17,3.2,4
D019870,O021390,RIDER0619,47,44,17,1.1,0
D019871,O021391,RIDER1638,21,22,18,4.6,1
D019872,O021392,RIDER1033,30,56,30,1.1,26
D019873,O021393,RIDER1687,47,56,14,2.4,9
D019874,O021394,RIDER0514,34,66,21,5.0,32
D019875,O021395,RIDER1122,27,27,24,3.1,0
D019876,O021396,RIDER0936,25,24,42,2.7,0
D019877,O021397,RIDER1741,53,76,41,3.2,23
D019878,O021399,RIDER1107,35,47,30,4.5,12
D019879,O021400,RIDER0671,33,34,22,2.0,1
D019880,O021401,RIDER1466,24,30,25,0.3,6
D019881,O021402,RIDER0183,20,46,15,4.7,26
D019882,O021403,RIDER2201,53,59,16,3.7,6
D019883,O021404,RIDER0432,30,34,23,1.2,4
D019884,O021405,RIDER0842,36,40,19,3.0,4
D019885,O021406,RIDER1603,35,36,33,4.1,1
D019886,O021407,RIDER0472,41,36,21,5.7,0
D019887,O021408,RIDER0068,23,25,16,0.2,2
D019888,O021409,RIDER0241,41,38,22,8.1,0
D019889,O021411,RIDER2156,58,89,23,4.4,31
D019890,O021412,RIDER0768,19,24,21,7.5,5
D019891,O021413,RIDER0551,28,57,31,2.5,29
D019892,O021415,RIDER0719,31,59,16,3.3,28
D019893,O021416,RIDER0155,51,84,22,6.4,33
D019894,O021418,RIDER0236,51,80,22,0.2,29
D019895,O021419,RIDER1983,34,55,41,0.8,21
D019896,O021420,RIDER0585,25,24,42,1.9,0
D019897,O021421,RIDER1006,26,22,15,0.8,0
D019898,O021422,RIDER2447,48,58,30,1.6,10
D019899,O021423,RIDER0273,34,36,18,2.6,2
D019900,O021424,RIDER0735,31,29,16,11.0,0
D019901,O021425,RIDER1669,31,32,42,1.0,1
D019902,O021426,RIDER0882,42,45,25,0.8,3
D019903,O021427,RIDER1527,35,40,31,2.3,5
D019904,O021428,RIDER2490,21,17,15,3.7,0
D019905,O021429,RIDER2189,27,24,37,6.0,0
D019906,O021430,RIDER1000,49,78,42,1.1,29
D019907,O021431,RIDER0582,22,55,28,1.3,33
D019908,O021432,RIDER0666,29,27,42,4.4,0
D019909,O021433,RIDER0236,31,34,25,3.5,3
D019910,O021434,RIDER0276,25,53,18,1.5,28
D019911,O021435,RIDER1575,37,71,25,0.8,34
D019912,O021436,RIDER0298,48,54,27,2.1,6
D019913,O021437,RIDER2072,27,24,33,3.1,0
D019914,O021440,RIDER1512,29,33,37,6.4,4
D019915,O021441,RIDER1151,38,42,22,3.3,4
D019916,O021442,RIDER2087,27,28,15,9.1,1
D019917,O021443,RIDER1715,38,40,19,0.4,2
D019918,O021444,RIDER2461,22,19,33,2.4,0
D019919,O021445,RIDER2261,48,74,20,1.0,26
D019920,O021446,RIDER1699,26,36,38,2.7,10
D019921,O021447,RIDER1777,29,31,40,4.3,2
D019922,O021448,RIDER1447,45,65,14,4.1,20
D019923,O021449,RIDER2355,46,53,31,2.9,7
D019924,O021450,RIDER2344,26,27,21,5.6,1
D019925,O021451,RIDER0330,35,69,17,1.6,34
D019926,O021452,RIDER0776,31,26,36,3.5,0
D019927,O021453,RIDER1055,32,52,16,1.9,20
D019928,O021454,RIDER1433,34,63,19,7.4,29
D019929,O021455,RIDER2422,45,46,39,5.7,1
D019930,O021456,RIDER0883,30,52,28,6.0,22
D019931,O021458,RIDER1710,24,21,25,1.8,0
D019932,O021459,RIDER1730,24,31,32,2.0,7
D019933,O021460,RIDER0160,61,65,34,1.7,4
D019934,O021461,RIDER1876,36,35,17,2.2,0
D019935,O021462,RIDER1339,35,60,34,1.0,25
D019936,O021463,RIDER2095,27,35,21,1.4,8
D019937,O021464,RIDER0924,27,28,22,1.9,1
D019938,O021465,RIDER2309,26,22,42,2.1,0
D019939,O021467,RIDER2077,26,24,37,1.3,0
D019940,O021468,RIDER1059,33,66,31,2.9,33
D019941,O021469,RIDER0075,46,44,41,6.1,0
D019942,O021470,RIDER1795,43,39,19,0.3,0
D019943,O021472,RIDER0771,38,57,41,4.5,19
D019944,O021473,RIDER0609,22,46,31,1.8,24
D019945,O021474,RIDER0255,33,29,31,0.9,0
D019946,O021475,RIDER0082,29,34,35,4.9,5
D019947,O021476,RIDER0608,30,27,31,3.5,0
D019948,O021477,RIDER0384,31,63,21,0.7,32
D019949,O021478,RIDER2369,31,48,22,1.4,17
D019950,O021480,RIDER0381,26,35,36,4.0,9
D019951,O021481,RIDER1947,70,103,35,2.3,33
D019952,O021482,RIDER0494,27,54,29,4.8,27
D019953,O021483,RIDER0266,34,33,17,1.7,0
D019954,O021484,RIDER1150,34,67,37,1.0,33
D019955,O021485,RIDER1067,26,49,16,12.7,23
D019956,O021486,RIDER0590,29,47,21,1.6,18
D019957,O021487,RIDER1655,31,31,37,2.4,0
D019958,O021488,RIDER0582,48,77,16,4.5,29
D019959,O021489,RIDER2241,34,57,40,0.4,23
D019960,O021490,RIDER0190,30,63,32,7.7,33
D019961,O021491,RIDER1023,21,26,39,2.3,5
D019962,O021492,RIDER0141,28,43,31,0.9,15
D019963,O021493,RIDER2116,27,29,30,1.5,2
D019964,O021494,RIDER2252,35,30,15,3.3,0
D019965,O021495,RIDER0899,33,64,22,4.4,31
D019966,O021496,RIDER1345,31,58,25,0.9,27
D019967,O021497,RIDER2374,33,40,34,2.3,7
D019968,O021498,RIDER1917,34,45,15,0.4,11
D019969,O021499,RIDER0975,36,64,25,3.7,28
D019970,O021500,RIDER0827,42,70,34,5.6,28
D019971,O021501,RIDER1630,45,61,35,0.6,16
D019972,O021502,RIDER0007,25,33,31,1.1,8
D019973,O021503,RIDER0893,25,24,23,0.4,0
D019974,O021504,RIDER0760,36,32,15,3.7,0
D019975,O021505,RIDER1753,26,25,18,0.9,0
D019976,O021506,RIDER0541,28,23,38,1.1,0
D019977,O021507,RIDER0714,22,20,18,1.2,0
D019978,O021508,RIDER2388,43,46,38,3.0,3
D019979,O021510,RIDER1274,30,28,21,1.6,0
D019980,O021511,RIDER1098,27,25,31,0.4,0
D019981,O021512,RIDER0055,31,30,15,2.8,0
D019982,O021513,RIDER0922,28,54,31,2.2,26
D019983,O021514,RIDER1456,37,36,33,0.8,0
D019984,O021517,RIDER0266,40,70,22,1.9,30
D019985,O021518,RIDER1791,34,34,21,4.6,0
D019986,O021519,RIDER1077,31,27,18,1.4,0
D019987,O021521,RIDER1897,33,33,18,1.3,0
D019988,O021523,RIDER1891,29,27,35,2.9,0
D019989,O021525,RIDER0264,20,53,27,1.4,33
D019990,O021527,RIDER0618,27,31,24,0.2,4
D019991,O021528,RIDER0032,40,39,38,1.8,0
D019992,O021529,RIDER1875,42,44,25,0.5,2
D019993,O021530,RIDER2495,27,43,18,2.1,16
D019994,O021531,RIDER0847,24,49,14,3.1,25
D019995,O021532,RIDER0816,22,51,32,3.1,29
D019996,O021533,RIDER1985,28,30,24,0.1,2
D019997,O021534,RIDER0183,42,76,32,1.5,34
D019998,O021535,RIDER0757,33,51,24,0.2,18
D019999,O021536,RIDER2483,31,27,24,0.1,0
D020000,O021537,RIDER0981,34,66,36,4.2,32
D020001,O021538,RIDER1150,46,51,16,10.1,5
D020002,O021539,RIDER1554,26,26,33,1.6,0
D020003,O021541,RIDER1873,27,28,27,2.9,1
D020004,O021542,RIDER0001,34,32,33,0.9,0
D020005,O021544,RIDER1481,34,64,22,0.3,30
D020006,O021545,RIDER0887,33,38,40,1.8,5
D020007,O021546,RIDER2078,31,35,22,2.3,4
D020008,O021547,RIDER0724,30,30,18,1.4,0
D020009,O021548,RIDER1474,42,52,25,10.8,10
D020010,O021549,RIDER0944,28,46,30,1.8,18
D020011,O021550,RIDER1732,30,37,29,2.1,7
D020012,O021551,RIDER0657,41,41,32,1.3,0
D020013,O021552,RIDER2030,28,33,31,1.2,5
D020014,O021553,RIDER1242,20,23,27,7.2,3
D020015,O021554,RIDER1667,52,52,30,6.4,0
D020016,O021555,RIDER2179,29,32,15,1.3,3
D020017,O021556,RIDER0796,59,62,24,4.1,3
D020018,O021557,RIDER1365,44,61,27,4.4,17
D020019,O021558,RIDER1064,30,30,19,1.5,0
D020020,O021559,RIDER1619,24,22,35,0.1,0
D020021,O021561,RIDER2257,34,57,15,1.4,23
D020022,O021562,RIDER0183,54,58,27,0.4,4
D020023,O021563,RIDER1349,39,43,37,3.2,4
D020024,O021564,RIDER1838,28,36,35,5.0,8
D020025,O021565,RIDER1456,33,39,32,1.4,6
D020026,O021566,RIDER2156,25,40,35,0.8,15
D020027,O021567,RIDER0250,17,25,14,0.2,8
D020028,O021569,RIDER2284,23,19,19,5.5,0
D020029,O021570,RIDER0487,30,52,40,8.9,22
D020030,O021571,RIDER0168,32,38,15,1.9,6
D020031,O021573,RIDER0936,30,35,28,1.1,5
D020032,O021574,RIDER1357,33,37,41,10.4,4
D020033,O021575,RIDER1110,26,45,15,2.1,19
D020034,O021576,RIDER1588,33,43,34,2.6,10
D020035,O021577,RIDER1148,28,33,24,8.7,5
D020036,O021578,RIDER1971,27,22,20,1.8,0
D020037,O021579,RIDER0840,43,63,36,0.8,20
D020038,O021580,RIDER0962,30,63,14,0.7,33
D020039,O021581,RIDER1842,43,46,29,9.0,3
D020040,O021582,RIDER0409,25,46,30,7.8,21
D020041,O021583,RIDER0402,31,36,29,1.4,5
D020042,O021584,RIDER0293,23,29,34,7.6,6
D020043,O021585,RIDER1660,31,63,26,4.3,32
D020044,O021586,RIDER2369,23,50,34,4.3,27
D020045,O021587,RIDER0568,47,64,21,2.6,17
D020046,O021588,RIDER1126,44,48,31,6.4,4
D020047,O021589,RIDER1181,21,47,31,3.2,26
D020048,O021590,RIDER0522,31,56,37,1.8,25
D020049,O021591,RIDER0441,43,55,15,1.1,12
D020050,O021592,RIDER1572,42,46,41,5.1,4
D020051,O021593,RIDER0502,33,53,29,4.8,20
D020052,O021594,RIDER2050,35,37,23,5.1,2
D020053,O021595,RIDER2336,33,32,20,0.3,0
D020054,O021596,RIDER0019,42,42,16,19.3,0
D020055,O021597,RIDER1953,28,31,39,3.2,3
D020056,O021598,RIDER2411,29,50,25,0.7,21
D020057,O021599,RIDER0339,45,42,39,1.1,0
D020058,O021600,RIDER0400,22,22,24,1.3,0
D020059,O021601,RIDER0973,28,32,24,3.3,4
D020060,O021602,RIDER1054,30,31,29,7.0,1
D020061,O021603,RIDER1702,40,37,15,2.8,0
D020062,O021604,RIDER0383,24,26,29,0.7,2
D020063,O021605,RIDER1915,28,44,38,14.5,16
D020064,O021606,RIDER2298,28,27,24,3.9,0
D020065,O021607,RIDER2336,38,43,34,4.5,5
D020066,O021608,RIDER0714,43,39,40,2.4,0
D020067,O021609,RIDER1042,55,67,39,4.6,12
D020068,O021610,RIDER1973,37,69,16,7.2,32
D020069,O021611,RIDER0794,24,43,21,1.8,19
D020070,O021612,RIDER1138,31,48,30,2.3,17
D020071,O021613,RIDER2105,35,42,18,2.2,7
D020072,O021614,RIDER1748,30,46,17,0.8,16
D020073,O021615,RIDER2051,41,51,33,2.4,10
D020074,O021616,RIDER0950,39,36,23,4.6,0
D020075,O021617,RIDER0971,34,38,36,3.6,4
D020076,O021618,RIDER0879,26,32,28,3.3,6
D020077,O021620,RIDER0786,37,42,24,1.9,5
D020078,O021621,RIDER1317,33,42,28,0.3,9
D020079,O021622,RIDER2165,41,46,15,3.3,5
D020080,O021623,RIDER1724,24,21,18,3.9,0
D020081,O021624,RIDER1600,27,23,41,6.0,0
D020082,O021625,RIDER2068,32,29,24,1.1,0
D020083,O021626,RIDER1931,46,47,21,1.2,1
D020084,O021627,RIDER1914,56,54,18,0.6,0
D020085,O021628,RIDER1854,26,25,31,7.0,0
D020086,O021629,RIDER1937,24,24,35,9.6,0
D020087,O021630,RIDER0912,34,33,36,2.8,0
D020088,O021631,RIDER0270,40,64,19,1.1,24
D020089,O021632,RIDER2475,18,32,31,16.4,14
D020090,O021634,RIDER1249,48,49,39,4.7,1
D020091,O021635,RIDER0286,51,64,37,0.6,13
D020092,O021636,RIDER0091,34,37,21,2.3,3
D020093,O021637,RIDER1283,33,50,31,1.8,17
D020094,O021638,RIDER0793,30,25,40,0.9,0
D020095,O021639,RIDER0965,24,28,22,3.2,4
D020096,O021640,RIDER1654,70,81,33,15.1,11
D020097,O021641,RIDER0878,62,63,34,0.6,1
D020098,O021642,RIDER0666,26,27,14,2.1,1
D020099,O021643,RIDER1574,29,54,33,1.6,25
D020100,O021644,RIDER1301,51,77,21,2.0,26
D020101,O021645,RIDER1285,26,21,18,2.6,0
D020102,O021646,RIDER2188,33,57,22,5.6,24
D020103,O021647,RIDER1434,32,35,14,4.7,3
D020104,O021648,RIDER1018,53,79,40,3.3,26
D020105,O021650,RIDER1329,46,50,40,2.7,4
D020106,O021651,RIDER0522,39,54,15,0.4,15
D020107,O021652,RIDER1686,26,53,36,0.2,27
D020108,O021653,RIDER0143,21,19,32,3.3,0
D020109,O021654,RIDER1386,30,36,14,8.8,6
D020110,O021655,RIDER0890,36,48,30,1.8,12
D020111,O021656,RIDER1376,33,28,24,1.8,0
D020112,O021657,RIDER0558,24,46,42,2.3,22
D020113,O021658,RIDER0438,22,36,29,1.2,14
D020114,O021659,RIDER1741,22,20,16,4.8,0
D020115,O021660,RIDER0349,20,19,21,1.1,0
D020116,O021661,RIDER0313,39,51,39,2.7,12
D020117,O021662,RIDER0211,27,32,27,6.3,5
D020118,O021663,RIDER0988,37,47,29,1.2,10
D020119,O021664,RIDER2461,48,56,21,0.3,8
D020120,O021665,RIDER1070,43,40,37,2.5,0
D020121,O021666,RIDER0046,40,39,21,5.6,0
D020122,O021667,RIDER0294,30,34,15,3.1,4
D020123,O021668,RIDER0510,48,43,31,6.4,0
D020124,O021669,RIDER0475,23,18,41,6.1,0
D020125,O021670,RIDER1719,37,46,14,1.8,9
D020126,O021671,RIDER2158,44,39,14,3.3,0
D020127,O021672,RIDER1281,36,60,28,0.2,24
D020128,O021673,RIDER1616,29,34,26,3.2,5
D020129,O021674,RIDER2109,32,37,15,1.9,5
D020130,O021675,RIDER1448,37,34,24,4.1,0
D020131,O021676,RIDER1481,28,27,24,1.8,0
D020132,O021677,RIDER1222,28,30,24,5.6,2
D020133,O021678,RIDER1613,33,41,28,4.1,8
D020134,O021679,RIDER0140,20,23,32,6.8,3
D020135,O021680,RIDER0279,29,28,38,0.8,0
D020136,O021681,RIDER2457,49,76,18,1.1,27
D020137,O021682,RIDER0328,23,56,36,1.4,33
D020138,O021683,RIDER1933,42,49,15,6.2,7
D020139,O021684,RIDER0474,27,46,21,4.3,19
D020140,O021685,RIDER1857,38,33,21,0.1,0
D020141,O021686,RIDER1328,50,48,28,3.3,0
D020142,O021687,RIDER0865,30,29,23,0.5,0
D020143,O021689,RIDER2256,21,26,38,1.6,5
D020144,O021690,RIDER2208,24,26,36,0.4,2
D020145,O021692,RIDER2350,29,24,28,1.1,0
D020146,O021693,RIDER0979,34,32,30,2.0,0
D020147,O021694,RIDER0007,26,27,19,1.9,1
D020148,O021696,RIDER0010,40,47,28,1.6,7
D020149,O021697,RIDER1946,45,44,27,1.6,0
D020150,O021698,RIDER1456,26,23,25,0.6,0
D020151,O021699,RIDER1522,25,29,21,3.3,4
D020152,O021700,RIDER2106,45,51,16,5.8,6
D020153,O021701,RIDER0422,36,32,14,1.5,0
D020154,O021702,RIDER2103,31,36,31,4.9,5
D020155,O021703,RIDER2428,27,25,16,1.5,0
D020156,O021704,RIDER1477,42,46,32,0.5,4
D020157,O021705,RIDER0974,37,46,37,3.5,9
D020158,O021706,RIDER2179,39,45,38,2.8,6
D020159,O021707,RIDER2134,33,67,28,2.1,34
D020160,O021708,RIDER1968,32,32,14,3.3,0
D020161,O021709,RIDER1226,27,23,40,5.5,0
D020162,O021710,RIDER2148,42,65,21,3.1,23
D020163,O021711,RIDER0615,40,71,20,0.4,31
D020164,O021712,RIDER1685,21,44,22,1.5,23
D020165,O021713,RIDER1606,39,34,36,0.7,0
D020166,O021714,RIDER0707,61,77,15,1.2,16
D020167,O021715,RIDER1223,35,34,31,2.0,0
D020168,O021717,RIDER0712,34,29,14,2.4,0
D020169,O021718,RIDER2025,52,59,24,5.2,7
D020170,O021719,RIDER0096,24,27,28,6.4,3
D020171,O021720,RIDER0743,40,53,37,0.1,13
D020172,O021721,RIDER0407,29,27,23,2.7,0
D020173,O021723,RIDER1405,29,35,21,5.8,6
D020174,O021724,RIDER2285,33,29,30,0.3,0
D020175,O021725,RIDER0119,17,14,31,0.2,0
D020176,O021726,RIDER1791,31,26,31,3.1,0
D020177,O021727,RIDER2251,30,28,22,3.2,0
D020178,O021728,RIDER1361,43,41,16,5.2,0
D020179,O021729,RIDER1590,59,88,14,2.7,29
D020180,O021730,RIDER2089,24,53,35,2.3,29
D020181,O021731,RIDER2311,23,46,27,7.6,23
D020182,O021732,RIDER0235,57,63,24,1.5,6
D020183,O021733,RIDER0392,27,33,24,1.7,6
D020184,O021734,RIDER1871,26,45,42,1.3,19
D020185,O021735,RIDER0977,23,28,19,4.1,5
D020186,O021736,RIDER2285,21,28,24,4.6,7
D020187,O021738,RIDER1046,30,35,37,7.3,5
D020188,O021739,RIDER1050,22,45,36,1.2,23
D020189,O021740,RIDER1105,27,31,15,2.2,4
D020190,O021741,RIDER2454,26,27,35,1.1,1
D020191,O021742,RIDER1672,23,46,23,0.4,23
D020192,O021743,RIDER1296,24,30,33,4.4,6
D020193,O021744,RIDER2348,27,36,30,8.5,9
D020194,O021745,RIDER1700,36,39,35,0.5,3
D020195,O021746,RIDER2197,39,42,35,4.6,3
D020196,O021747,RIDER2257,22,55,16,0.8,33
D020197,O021748,RIDER0802,33,29,16,8.9,0
D020198,O021749,RIDER0752,32,28,27,0.4,0
D020199,O021750,RIDER2063,27,33,23,1.1,6
D020200,O021751,RIDER1189,25,29,17,1.3,4
D020201,O021752,RIDER1955,46,48,14,2.4,2
D020202,O021753,RIDER1461,24,41,21,5.4,17
D020203,O021755,RIDER1940,29,61,40,3.5,32
D020204,O021756,RIDER0547,46,42,14,3.1,0
D020205,O021757,RIDER1329,30,25,21,1.3,0
D020206,O021758,RIDER0976,46,64,31,5.5,18
D020207,O021759,RIDER1967,27,45,31,13.0,18
D020208,O021760,RIDER1537,35,33,17,0.5,0
D020209,O021761,RIDER0552,25,32,23,5.5,7
D020210,O021762,RIDER0313,45,77,18,1.5,32
D020211,O021763,RIDER1021,29,57,37,1.4,28
D020212,O021764,RIDER0933,20,20,28,0.3,0
D020213,O021765,RIDER0668,27,24,33,0.6,0
D020214,O021766,RIDER0895,42,64,31,1.2,22
D020215,O021767,RIDER0774,32,31,22,2.4,0
D020216,O021768,RIDER2383,19,20,40,2.1,1
D020217,O021769,RIDER0417,42,45,37,1.4,3
D020218,O021770,RIDER2482,38,38,28,8.8,0
D020219,O021771,RIDER1984,35,56,25,9.2,21
D020220,O021772,RIDER1678,36,31,21,7.1,0
D020221,O021773,RIDER1584,61,71,31,2.0,10
D020222,O021774,RIDER2382,28,30,32,0.7,2
D020223,O021775,RIDER2140,57,57,15,7.9,0
D020224,O021778,RIDER0034,29,26,14,1.8,0
D020225,O021779,RIDER0424,40,55,41,5.2,15
D020226,O021780,RIDER0542,37,41,14,4.2,4
D020227,O021781,RIDER0900,32,41,18,2.2,9
D020228,O021782,RIDER1730,55,59,29,2.4,4
D020229,O021783,RIDER1378,20,22,22,0.5,2
D020230,O021784,RIDER1361,44,58,32,1.7,14
D020231,O021786,RIDER0610,32,50,14,0.3,18
D020232,O021787,RIDER2219,27,46,42,5.6,19
D020233,O021788,RIDER0608,30,25,42,2.4,0
D020234,O021789,RIDER0632,33,37,36,1.4,4
D020235,O021790,RIDER2085,35,30,25,5.8,0
D020236,O021791,RIDER1569,55,70,30,4.1,15
D020237,O021792,RIDER2198,27,52,30,0.4,25
D020238,O021793,RIDER0280,41,48,16,0.5,7
D020239,O021794,RIDER2154,18,19,36,3.8,1
D020240,O021795,RIDER1881,41,45,14,1.8,4
D020241,O021796,RIDER1359,26,24,31,5.4,0
D020242,O021797,RIDER1641,22,42,24,2.5,20
D020243,O021798,RIDER1775,24,47,18,6.8,23
D020244,O021799,RIDER0357,37,40,16,3.0,3
D020245,O021801,RIDER2181,24,19,27,6.4,0
D020246,O021802,RIDER1276,38,55,30,1.4,17
D020247,O021803,RIDER1325,69,65,37,4.1,0
D020248,O021804,RIDER0109,58,54,27,1.6,0
D020249,O021805,RIDER0056,28,34,33,2.2,6
D020250,O021806,RIDER1393,46,80,21,6.4,34
D020251,O021807,RIDER1288,30,25,14,3.3,0
D020252,O021808,RIDER1733,31,29,36,0.3,0
D020253,O021809,RIDER0339,22,55,38,0.9,33
D020254,O021810,RIDER0015,23,26,38,10.1,3
D020255,O021811,RIDER2083,31,33,21,3.6,2
D020256,O021812,RIDER0569,46,52,35,0.6,6
D020257,O021813,RIDER1151,34,34,17,6.9,0
D020258,O021814,RIDER1221,41,39,15,1.2,0
D020259,O021815,RIDER1221,32,57,27,6.3,25
D020260,O021816,RIDER1232,24,28,20,1.5,4
D020261,O021817,RIDER1641,48,54,14,3.4,6
D020262,O021818,RIDER2175,30,44,16,3.1,14
D020263,O021819,RIDER2179,23,22,14,2.1,0
D020264,O021821,RIDER1049,67,81,38,8.3,14
D020265,O021822,RIDER0773,49,52,18,4.9,3
D020266,O021823,RIDER1885,41,38,32,1.4,0
D020267,O021826,RIDER1909,29,52,27,0.6,23
D020268,O021827,RIDER0366,28,38,29,4.0,10
D020269,O021828,RIDER0445,35,33,19,8.5,0
D020270,O021829,RIDER1966,35,38,31,1.4,3
D020271,O021830,RIDER1410,47,48,15,3.0,1
D020272,O021831,RIDER2170,51,54,34,0.2,3
D020273,O021832,RIDER1372,28,29,16,1.0,1
D020274,O021833,RIDER2014,36,60,24,1.2,24
D020275,O021834,RIDER0997,24,31,16,1.9,7
D020276,O021835,RIDER2254,32,65,38,0.8,33
D020277,O021836,RIDER0488,34,37,36,1.8,3
D020278,O021837,RIDER0956,42,39,40,4.0,0
D020279,O021838,RIDER0600,34,37,18,9.2,3
D020280,O021839,RIDER0865,31,34,38,2.6,3
D020281,O021840,RIDER1190,30,36,27,5.2,6
D020282,O021841,RIDER2490,26,26,41,1.0,0
D020283,O021842,RIDER1309,25,32,16,2.6,7
D020284,O021843,RIDER0319,28,32,25,5.8,4
D020285,O021844,RIDER1317,40,44,23,0.5,4
D020286,O021845,RIDER2242,29,25,29,0.3,0
D020287,O021846,RIDER0805,32,40,27,0.7,8
D020288,O021847,RIDER2096,21,16,33,2.0,0
D020289,O021849,RIDER1139,23,18,27,3.0,0
D020290,O021850,RIDER1552,31,30,18,6.2,0
D020291,O021851,RIDER2461,31,48,37,3.5,17
D020292,O021852,RIDER0040,28,27,15,1.2,0
D020293,O021853,RIDER2448,39,60,29,0.2,21
D020294,O021854,RIDER0788,32,61,15,1.0,29
D020295,O021855,RIDER0143,28,50,31,1.7,22
D020296,O021856,RIDER1791,31,31,33,2.1,0
D020297,O021857,RIDER0416,39,69,39,1.2,30
D020298,O021858,RIDER2301,35,31,15,3.2,0
D020299,O021859,RIDER0709,20,25,30,1.0,5
D020300,O021860,RIDER1285,34,35,31,0.6,1
D020301,O021861,RIDER0114,30,54,36,5.6,24
D020302,O021862,RIDER2265,43,65,36,2.8,22
D020303,O021863,RIDER0122,36,54,37,20.0,18
D020304,O021864,RIDER0245,48,80,36,8.6,32
D020305,O021865,RIDER0556,31,27,18,3.6,0
D020306,O021866,RIDER2304,31,26,37,2.1,0
D020307,O021867,RIDER0503,29,63,19,0.5,34
D020308,O021870,RIDER2220,48,78,28,2.0,30
D020309,O021871,RIDER0527,29,35,37,1.1,6
D020310,O021872,RIDER2166,28,52,22,1.1,24
D020311,O021873,RIDER0589,42,37,18,4.9,0
D020312,O021874,RIDER0864,22,48,31,1.5,26
D020313,O021875,RIDER2186,32,33,20,2.6,1
D020314,O021876,RIDER1548,32,33,33,1.3,1
D020315,O021877,RIDER2299,44,43,42,11.4,0
D020316,O021878,RIDER0347,33,35,27,1.9,2
D020317,O021879,RIDER1060,23,21,29,4.1,0
D020318,O021880,RIDER1266,26,32,42,0.9,6
D020319,O021881,RIDER0879,44,76,40,6.4,32
D020320,O021882,RIDER2168,30,36,31,6.8,6
D020321,O021883,RIDER0357,39,45,39,8.3,6
D020322,O021884,RIDER1050,27,34,22,2.8,7
D020323,O021885,RIDER2095,32,37,35,2.9,5
D020324,O021886,RIDER0580,22,46,30,3.8,24
D020325,O021888,RIDER0006,36,43,21,2.5,7
D020326,O021889,RIDER1306,27,22,18,1.4,0
D020327,O021890,RIDER1354,47,50,42,6.2,3
D020328,O021891,RIDER0848,22,17,25,2.2,0
D020329,O021892,RIDER0779,44,74,32,1.1,30
D020330,O021893,RIDER1918,27,33,41,1.9,6
D020331,O021894,RIDER0529,32,39,22,3.8,7
D020332,O021895,RIDER0119,30,27,30,4.9,0
D020333,O021897,RIDER0700,41,45,36,4.1,4
D020334,O021898,RIDER2427,30,33,16,9.2,3
D020335,O021899,RIDER2136,28,44,29,2.2,16
D020336,O021900,RIDER1494,34,32,28,0.4,0
D020337,O021901,RIDER0951,26,30,28,1.2,4
D020338,O021902,RIDER0757,23,25,34,8.4,2
D020339,O021903,RIDER2166,34,57,34,5.1,23
D020340,O021904,RIDER0709,34,62,37,5.0,28
D020341,O021905,RIDER1763,24,29,30,1.5,5
D020342,O021906,RIDER2060,21,16,21,2.2,0
D020343,O021907,RIDER0364,49,69,21,2.4,20
D020344,O021908,RIDER0508,28,31,40,1.6,3
D020345,O021909,RIDER0335,31,32,25,0.8,1
D020346,O021910,RIDER0070,27,39,15,0.6,12
D020347,O021911,RIDER1007,43,42,15,0.5,0
D020348,O021912,RIDER2486,38,68,27,1.9,30
D020349,O021913,RIDER1440,25,58,21,4.2,33
D020350,O021914,RIDER1591,42,38,23,1.6,0
D020351,O021915,RIDER2113,35,67,31,5.6,32
D020352,O021916,RIDER1868,28,26,16,6.8,0
D020353,O021917,RIDER2383,27,35,29,6.8,8
D020354,O021918,RIDER1977,29,24,28,5.7,0
D020355,O021919,RIDER0233,28,41,21,4.0,13
D020356,O021920,RIDER1504,44,52,21,11.3,8
D020357,O021921,RIDER1041,19,26,39,2.4,7
D020358,O021922,RIDER1165,32,33,33,1.5,1
D020359,O021923,RIDER0260,46,47,24,1.7,1
D020360,O021924,RIDER1195,26,33,21,1.3,7
D020361,O021925,RIDER0763,21,25,36,1.9,4
D020362,O021926,RIDER1615,40,49,28,4.6,9
D020363,O021927,RIDER1327,27,38,20,2.4,11
D020364,O021928,RIDER1750,32,60,31,3.3,28
D020365,O021929,RIDER1769,31,29,14,1.5,0
D020366,O021930,RIDER1142,40,37,14,3.2,0
D020367,O021931,RIDER1547,34,49,42,2.2,15
D020368,O021932,RIDER0192,57,58,14,6.8,1
D020369,O021933,RIDER0900,39,46,38,0.1,7
D020370,O021934,RIDER1877,46,71,36,1.1,25
D020371,O021935,RIDER0787,35,38,21,3.5,3
D020372,O021936,RIDER2462,52,50,25,1.9,0
D020373,O021937,RIDER0606,28,55,31,2.7,27
D020374,O021938,RIDER2035,24,25,38,1.1,1
D020375,O021940,RIDER2118,31,64,21,0.4,33
D020376,O021941,RIDER1603,25,27,27,6.6,2
D020377,O021942,RIDER0654,30,30,14,2.3,0
D020378,O021943,RIDER2024,60,92,31,6.5,32
D020379,O021944,RIDER1701,22,25,24,2.9,3
D020380,O021945,RIDER1226,33,30,18,11.9,0
D020381,O021946,RIDER2436,34,60,23,4.9,26
D020382,O021947,RIDER0040,36,33,38,1.7,0
D020383,O021948,RIDER2081,37,42,38,2.5,5
D020384,O021950,RIDER0712,39,70,25,10.9,31
D020385,O021951,RIDER1178,34,52,30,2.3,18
D020386,O021952,RIDER1229,26,26,38,3.3,0
D020387,O021953,RIDER2497,36,38,31,0.2,2
D020388,O021954,RIDER1899,32,31,30,4.5,0
D020389,O021955,RIDER1009,35,47,18,9.7,12
D020390,O021956,RIDER0888,64,95,21,5.5,31
D020391,O021957,RIDER1742,37,49,40,3.2,12
D020392,O021958,RIDER0948,35,39,16,4.4,4
D020393,O021960,RIDER0594,30,29,17,0.3,0
D020394,O021961,RIDER2369,47,43,18,0.5,0
D020395,O021962,RIDER0719,24,47,17,0.7,23
D020396,O021963,RIDER1382,63,96,37,3.0,33
D020397,O021964,RIDER1256,26,30,17,8.3,4
D020398,O021965,RIDER0291,24,25,37,0.4,1
D020399,O021966,RIDER1763,22,29,18,1.5,7
D020400,O021967,RIDER2194,31,53,14,5.0,22
D020401,O021968,RIDER1135,34,44,23,2.7,10
D020402,O021969,RIDER1964,24,35,24,0.6,11
D020403,O021970,RIDER0348,42,47,33,5.2,5
D020404,O021971,RIDER0481,32,38,22,0.5,6
D020405,O021972,RIDER0487,24,20,15,5.5,0
D020406,O021973,RIDER2420,33,32,20,0.6,0
D020407,O021974,RIDER0589,32,36,19,1.2,4
D020408,O021975,RIDER2185,43,51,18,5.5,8
D020409,O021976,RIDER0180,38,36,31,6.7,0
D020410,O021977,RIDER2216,23,56,20,3.5,33
D020411,O021978,RIDER1013,41,55,39,2.2,14
D020412,O021979,RIDER2023,50,57,40,1.1,7
D020413,O021980,RIDER0691,26,28,14,3.1,2
D020414,O021981,RIDER0873,36,40,19,0.5,4
D020415,O021982,RIDER1281,50,80,28,0.2,30
D020416,O021983,RIDER0127,34,41,39,5.6,7
D020417,O021984,RIDER2266,20,21,21,5.6,1
D020418,O021985,RIDER1474,25,54,40,4.3,29
D020419,O021986,RIDER0383,30,27,36,1.2,0
D020420,O021987,RIDER2500,25,25,32,3.2,0
D020421,O021988,RIDER1306,26,28,36,1.0,2
D020422,O021989,RIDER1435,57,76,30,2.4,19
D020423,O021990,RIDER0942,32,32,15,2.2,0
D020424,O021992,RIDER1355,24,58,18,4.1,34
D020425,O021993,RIDER0411,39,40,30,7.7,1
D020426,O021994,RIDER1917,22,19,28,2.4,0
D020427,O021995,RIDER0511,36,35,38,5.8,0
D020428,O021996,RIDER1917,35,31,16,1.7,0
D020429,O021997,RIDER0219,25,22,37,2.5,0
D020430,O021998,RIDER1352,33,51,32,2.4,18
D020431,O022000,RIDER1986,24,27,34,5.6,3
D020432,O022001,RIDER0522,21,24,28,1.0,3
D020433,O022002,RIDER0523,31,44,29,4.1,13
D020434,O022003,RIDER1283,43,43,25,5.4,0
D020435,O022004,RIDER1014,37,36,31,5.5,0
D020436,O022005,RIDER2214,24,24,24,5.1,0
D020437,O022006,RIDER1485,25,32,17,2.3,7
D020438,O022007,RIDER0031,26,30,36,3.6,4
D020439,O022008,RIDER1476,27,33,31,0.3,6
D020440,O022009,RIDER1279,35,37,22,0.3,2
D020441,O022010,RIDER0059,20,19,16,4.7,0
D020442,O022011,RIDER0453,26,30,42,0.5,4
D020443,O022012,RIDER0744,23,23,24,10.2,0
D020444,O022013,RIDER0699,30,33,30,0.1,3
D020445,O022014,RIDER0456,27,33,24,5.0,6
D020446,O022015,RIDER0454,44,58,33,4.4,14
D020447,O022016,RIDER0854,32,61,35,9.4,29
D020448,O022017,RIDER1307,30,51,24,4.3,21
D020449,O022018,RIDER2138,20,22,40,1.4,2
D020450,O022019,RIDER1376,44,42,18,1.1,0
D020451,O022020,RIDER0944,23,29,28,2.5,6
D020452,O022021,RIDER2084,53,64,18,3.3,11
D020453,O022022,RIDER2368,47,50,22,1.9,3
D020454,O022023,RIDER1030,38,42,23,0.5,4
D020455,O022026,RIDER1907,45,44,31,2.4,0
D020456,O022027,RIDER0643,58,55,14,1.0,0
D020457,O022028,RIDER1623,41,66,15,10.3,25
D020458,O022029,RIDER1221,19,15,14,1.2,0
D020459,O022030,RIDER0018,24,24,29,5.4,0
D020460,O022031,RIDER0208,21,34,40,2.6,13
D020461,O022032,RIDER0077,38,36,38,2.6,0
D020462,O022034,RIDER0641,32,48,34,2.3,16
D020463,O022035,RIDER0861,29,34,33,1.4,5
D020464,O022036,RIDER1280,21,48,37,5.1,27
D020465,O022037,RIDER2494,40,46,24,3.0,6
D020466,O022038,RIDER0877,34,35,37,2.8,1
D020467,O022039,RIDER2184,39,55,15,1.7,16
D020468,O022040,RIDER0632,32,47,31,4.7,15
D020469,O022041,RIDER2454,33,53,28,1.0,20
D020470,O022042,RIDER1004,63,94,31,2.2,31
D020471,O022043,RIDER2434,70,67,24,3.8,0
D020472,O022044,RIDER1117,28,35,38,3.0,7
D020473,O022045,RIDER0832,45,63,35,1.8,18
D020474,O022046,RIDER1666,36,37,39,3.5,1
D020475,O022047,RIDER1571,38,51,20,4.7,13
D020476,O022048,RIDER0479,31,47,38,2.0,16
D020477,O022049,RIDER1224,30,47,42,0.7,17
D020478,O022050,RIDER2240,40,38,25,7.0,0
D020479,O022051,RIDER0492,46,47,39,3.0,1
D020480,O022052,RIDER2498,26,37,28,4.3,11
D020481,O022053,RIDER0079,41,71,31,0.8,30
D020482,O022054,RIDER1809,21,40,16,2.1,19
D020483,O022055,RIDER0275,38,33,37,0.9,0
D020484,O022056,RIDER2137,27,25,24,2.4,0
D020485,O022057,RIDER0628,30,26,33,5.4,0
D020486,O022058,RIDER0902,31,37,33,1.2,6
D020487,O022060,RIDER0490,21,16,22,0.7,0
D020488,O022061,RIDER0461,40,49,15,2.5,9
D020489,O022063,RIDER2080,48,45,19,2.7,0
D020490,O022064,RIDER1032,53,85,15,1.8,32
D020491,O022065,RIDER1860,23,30,31,3.5,7
D020492,O022066,RIDER1929,26,30,29,3.3,4
D020493,O022067,RIDER1987,33,28,30,1.1,0
D020494,O022068,RIDER2389,24,27,40,1.1,3
D020495,O022069,RIDER0517,30,35,21,1.4,5
D020496,O022070,RIDER1538,48,74,14,0.3,26
D020497,O022071,RIDER2485,39,38,22,1.4,0
D020498,O022072,RIDER0744,34,34,14,1.4,0
D020499,O022073,RIDER1511,26,33,39,0.5,7
D020500,O022074,RIDER1959,22,38,19,1.3,16
D020501,O022076,RIDER2270,24,19,24,5.9,0
D020502,O022077,RIDER0028,31,27,38,1.1,0
D020503,O022078,RIDER0812,23,44,37,2.3,21
D020504,O022079,RIDER0695,28,32,19,2.7,4
D020505,O022080,RIDER0422,38,41,19,2.7,3
D020506,O022081,RIDER1378,32,58,40,0.4,26
D020507,O022082,RIDER0307,29,57,28,0.8,28
D020508,O022083,RIDER0577,46,45,34,2.7,0
D020509,O022084,RIDER0225,40,43,25,4.4,3
D020510,O022085,RIDER0307,24,33,25,1.7,9
D020511,O022086,RIDER0960,40,40,31,0.7,0
D020512,O022087,RIDER2254,41,41,27,1.3,0
D020513,O022088,RIDER0840,35,48,34,8.2,13
D020514,O022089,RIDER1338,62,66,15,0.4,4
D020515,O022090,RIDER0876,38,33,17,0.1,0
D020516,O022091,RIDER1120,35,41,22,1.6,6
D020517,O022092,RIDER0065,34,37,35,2.2,3
D020518,O022093,RIDER0832,31,50,38,0.6,19
D020519,O022094,RIDER0572,24,21,39,0.9,0
D020520,O022095,RIDER2426,25,22,35,6.1,0
D020521,O022096,RIDER1123,30,52,29,0.2,22
D020522,O022097,RIDER1322,31,52,27,0.2,21
D020523,O022098,RIDER0978,26,33,24,0.7,7
D020524,O022099,RIDER2186,23,48,21,0.8,25
D020525,O022100,RIDER0076,21,21,30,3.7,0
D020526,O022101,RIDER0962,27,31,27,3.8,4
D020527,O022102,RIDER1830,42,49,29,4.9,7
D020528,O022103,RIDER0160,50,50,16,3.5,0
D020529,O022104,RIDER1994,38,72,20,7.3,34
D020530,O022105,RIDER1508,28,35,24,0.7,7
D020531,O022106,RIDER2478,25,39,15,4.7,14
D020532,O022107,RIDER0401,25,21,33,1.2,0
D020533,O022108,RIDER1990,45,62,16,4.0,17
D020534,O022109,RIDER2044,28,31,28,0.7,3
D020535,O022110,RIDER0378,34,31,24,2.5,0
D020536,O022111,RIDER0229,28,45,15,3.8,17
D020537,O022112,RIDER1691,65,95,15,1.7,30
D020538,O022113,RIDER1727,35,38,22,8.1,3
D020539,O022114,RIDER1236,25,56,36,1.8,31
D020540,O022115,RIDER1381,43,44,28,2.1,1
D020541,O022116,RIDER1364,32,32,31,3.3,0
D020542,O022117,RIDER2087,48,59,21,1.3,11
D020543,O022119,RIDER0430,40,48,28,8.8,8
D020544,O022120,RIDER0952,35,32,21,2.1,0
D020545,O022121,RIDER0589,31,36,21,0.5,5
D020546,O022122,RIDER0774,41,42,35,4.8,1
D020547,O022123,RIDER2170,50,68,30,2.8,18
D020548,O022124,RIDER0033,29,56,23,5.0,27
D020549,O022125,RIDER0038,53,50,15,0.5,0
D020550,O022126,RIDER1590,21,19,16,11.2,0
D020551,O022127,RIDER1559,70,91,38,7.5,21
D020552,O022129,RIDER1988,45,47,30,6.5,2
D020553,O022130,RIDER1144,49,50,37,3.2,1
D020554,O022131,RIDER1825,49,44,27,0.6,0
D020555,O022132,RIDER2268,30,29,15,0.5,0
D020556,O022133,RIDER1767,42,48,15,2.9,6
D020557,O022134,RIDER0286,23,28,19,1.5,5
D020558,O022135,RIDER0717,32,38,20,1.4,6
D020559,O022136,RIDER0448,41,68,31,9.4,27
D020560,O022137,RIDER0343,25,25,22,2.4,0
D020561,O022138,RIDER2201,56,58,15,3.6,2
D020562,O022139,RIDER2448,35,66,15,2.5,31
D020563,O022140,RIDER1959,26,30,20,7.2,4
D020564,O022141,RIDER0984,43,75,37,3.7,32
D020565,O022142,RIDER1882,36,68,41,3.5,32
D020566,O022143,RIDER1470,61,57,41,1.4,0
D020567,O022144,RIDER0171,20,16,28,1.8,0
D020568,O022146,RIDER1944,31,35,20,2.9,4
D020569,O022147,RIDER1519,53,54,19,4.6,1
D020570,O022148,RIDER1380,36,44,25,3.2,8
D020571,O022149,RIDER1878,47,54,15,4.2,7
D020572,O022150,RIDER1590,21,16,18,0.7,0
D020573,O022151,RIDER2092,38,44,29,4.9,6
D020574,O022152,RIDER1320,43,67,31,3.5,24
D020575,O022153,RIDER1044,39,37,37,1.6,0
D020576,O022154,RIDER1080,39,42,37,0.8,3
D020577,O022155,RIDER1454,22,45,29,2.6,23
D020578,O022156,RIDER1573,26,32,15,6.1,6
D020579,O022157,RIDER1832,24,28,29,1.7,4
D020580,O022158,RIDER0870,24,47,18,3.4,23
D020581,O022159,RIDER1476,29,60,34,3.9,31
D020582,O022160,RIDER0718,45,46,14,5.9,1
D020583,O022161,RIDER0185,22,17,18,4.3,0
D020584,O022162,RIDER1590,25,57,38,4.3,32
D020585,O022163,RIDER0555,47,59,28,2.4,12
D020586,O022164,RIDER2156,34,31,30,3.7,0
D020587,O022166,RIDER1435,20,17,22,1.2,0
D020588,O022167,RIDER1763,26,27,27,3.6,1
D020589,O022168,RIDER1087,40,35,42,2.4,0
D020590,O022169,RIDER1085,46,54,15,3.5,8
D020591,O022170,RIDER0708,56,90,16,4.6,34
D020592,O022171,RIDER0466,67,71,15,3.3,4
D020593,O022172,RIDER1915,37,33,31,1.5,0
D020594,O022173,RIDER0516,34,36,18,3.0,2
D020595,O022174,RIDER1422,44,75,23,4.1,31
D020596,O022175,RIDER1057,44,41,38,6.0,0
D020597,O022176,RIDER0734,35,40,14,1.7,5
D020598,O022177,RIDER1825,38,58,19,1.8,20
D020599,O022178,RIDER0028,19,25,21,6.2,6
D020600,O022179,RIDER1796,28,26,38,0.8,0
D020601,O022180,RIDER2046,25,22,35,2.2,0
D020602,O022181,RIDER0358,31,40,26,2.6,9
D020603,O022182,RIDER1605,38,41,27,1.2,3
D020604,O022183,RIDER0798,45,41,39,0.8,0
D020605,O022184,RIDER1947,29,56,22,0.7,27
D020606,O022185,RIDER1895,28,27,17,1.9,0
D020607,O022186,RIDER2456,38,44,29,7.0,6
D020608,O022187,RIDER1316,30,28,16,0.4,0
D020609,O022188,RIDER0376,39,43,14,0.8,4
D020610,O022189,RIDER1375,46,53,33,4.9,7
D020611,O022190,RIDER1847,29,40,27,3.9,11
D020612,O022191,RIDER1763,30,36,14,5.8,6
D020613,O022192,RIDER2132,33,38,30,0.5,5
D020614,O022193,RIDER1338,30,49,18,5.0,19
D020615,O022194,RIDER0934,47,50,15,3.0,3
D020616,O022195,RIDER1116,24,33,33,1.7,9
D020617,O022196,RIDER2381,61,83,18,1.5,22
D020618,O022197,RIDER0215,26,26,24,0.6,0
D020619,O022198,RIDER2444,70,74,20,8.2,4
D020620,O022199,RIDER0171,37,39,31,9.2,2
D020621,O022200,RIDER1924,24,29,23,2.7,5
D020622,O022201,RIDER1053,47,62,42,0.3,15
D020623,O022202,RIDER0907,33,40,24,4.1,7
D020624,O022203,RIDER1998,29,42,32,3.5,13
D020625,O022204,RIDER0940,42,71,37,3.5,29
D020626,O022205,RIDER1174,39,70,16,3.5,31
D020627,O022206,RIDER2179,47,51,16,3.1,4
D020628,O022208,RIDER0849,23,21,31,4.7,0
D020629,O022210,RIDER2465,31,29,16,2.5,0
D020630,O022211,RIDER1236,23,25,37,8.5,2
D020631,O022212,RIDER1183,23,21,38,0.5,0
D020632,O022213,RIDER2381,34,57,37,1.3,23
D020633,O022214,RIDER2293,41,46,17,5.1,5
D020634,O022215,RIDER1812,31,29,36,5.6,0
D020635,O022216,RIDER0421,47,73,14,0.3,26
D020636,O022217,RIDER0534,28,24,39,1.3,0
D020637,O022219,RIDER1627,55,85,15,4.2,30
D020638,O022220,RIDER0211,32,28,19,2.3,0
D020639,O022221,RIDER0199,47,51,25,3.6,4
D020640,O022222,RIDER1695,33,59,17,1.8,26
D020641,O022223,RIDER1711,24,57,31,6.5,33
D020642,O022224,RIDER1385,46,64,16,2.6,18
D020643,O022225,RIDER1583,31,27,30,0.3,0
D020644,O022226,RIDER0167,33,54,25,2.7,21
D020645,O022227,RIDER1914,39,52,31,0.6,13
D020646,O022228,RIDER2283,26,22,29,3.1,0
D020647,O022229,RIDER0742,39,38,32,1.5,0
D020648,O022230,RIDER0986,23,19,18,8.4,0
D020649,O022231,RIDER2473,24,37,25,3.6,13
D020650,O022232,RIDER1035,24,38,29,2.6,14
D020651,O022233,RIDER0439,25,31,37,2.7,6
D020652,O022234,RIDER0643,57,60,31,2.6,3
D020653,O022235,RIDER2371,32,33,26,1.6,1
D020654,O022238,RIDER1911,26,23,25,1.4,0
D020655,O022240,RIDER0220,25,32,24,1.0,7
D020656,O022242,RIDER0580,55,68,29,5.8,13
D020657,O022243,RIDER2332,33,46,40,2.1,13
D020658,O022244,RIDER0815,40,55,25,1.5,15
D020659,O022246,RIDER1762,28,34,30,1.9,6
D020660,O022247,RIDER2346,49,54,16,5.1,5
D020661,O022248,RIDER0085,27,50,28,3.3,23
D020662,O022249,RIDER2235,32,32,30,4.0,0
D020663,O022250,RIDER1897,26,27,36,1.1,1
D020664,O022251,RIDER2131,40,40,15,2.6,0
D020665,O022252,RIDER0190,24,21,27,0.8,0
D020666,O022254,RIDER2217,33,62,14,0.9,29
D020667,O022255,RIDER0457,47,53,33,0.8,6
D020668,O022256,RIDER0479,40,45,38,4.7,5
D020669,O022257,RIDER2212,25,29,14,2.7,4
D020670,O022258,RIDER0796,33,38,21,0.7,5
D020671,O022259,RIDER1466,40,38,14,0.7,0
D020672,O022260,RIDER0262,41,56,30,0.6,15
D020673,O022261,RIDER0811,37,39,36,5.2,2
D020674,O022262,RIDER0551,45,61,28,2.9,16
D020675,O022263,RIDER1772,37,43,29,1.2,6
D020676,O022264,RIDER0865,52,57,15,6.6,5
D020677,O022265,RIDER1928,36,53,14,2.5,17
D020678,O022266,RIDER1419,65,68,20,5.5,3
D020679,O022267,RIDER1357,27,26,20,1.1,0
D020680,O022268,RIDER0930,54,55,27,4.4,1
D020681,O022269,RIDER0412,29,32,22,2.0,3
D020682,O022270,RIDER2136,23,20,24,4.0,0
D020683,O022272,RIDER2435,67,76,18,0.9,9
D020684,O022273,RIDER1893,34,47,31,0.8,13
D020685,O022274,RIDER0812,29,26,36,2.9,0
D020686,O022275,RIDER0734,28,27,15,1.5,0
D020687,O022276,RIDER0070,29,49,24,3.0,20
D020688,O022277,RIDER1445,28,54,17,3.4,26
D020689,O022278,RIDER2130,30,38,28,1.7,8
D020690,O022279,RIDER0771,56,72,24,7.9,16
D020691,O022281,RIDER0004,20,31,18,6.5,11
D020692,O022282,RIDER1661,24,27,22,0.6,3
D020693,O022284,RIDER0125,48,47,27,19.9,0
D020694,O022285,RIDER0727,46,75,18,2.3,29
D020695,O022286,RIDER0129,41,54,42,3.1,13
D020696,O022287,RIDER1216,37,40,23,2.0,3
D020697,O022288,RIDER1739,30,35,15,7.4,5
D020698,O022289,RIDER0462,35,59,20,3.0,24
D020699,O022291,RIDER1870,24,23,23,3.0,0
D020700,O022292,RIDER0787,38,42,38,2.8,4
D020701,O022293,RIDER1765,28,29,38,0.8,1
D020702,O022294,RIDER0209,32,47,37,1.6,15
D020703,O022295,RIDER0147,25,47,18,1.3,22
D020704,O022296,RIDER1390,37,44,30,0.4,7
D020705,O022297,RIDER1396,41,70,41,1.0,29
D020706,O022298,RIDER0308,23,40,19,3.6,17
D020707,O022299,RIDER2160,39,55,32,1.5,16
D020708,O022300,RIDER1119,34,57,31,1.6,23
D020709,O022301,RIDER1346,41,55,31,10.1,14
D020710,O022302,RIDER0761,21,19,18,3.3,0
D020711,O022304,RIDER2017,30,44,25,3.2,14
D020712,O022305,RIDER2248,22,27,21,2.8,5
D020713,O022306,RIDER0186,55,53,31,1.3,0
D020714,O022307,RIDER1110,44,42,29,1.6,0
D020715,O022308,RIDER0145,40,36,14,1.0,0
D020716,O022309,RIDER1625,51,82,21,3.5,31
D020717,O022310,RIDER0181,29,29,14,0.6,0
D020718,O022311,RIDER1072,28,30,22,4.5,2
D020719,O022312,RIDER2107,30,26,26,5.2,0
D020720,O022313,RIDER0743,43,58,31,7.3,15
D020721,O022315,RIDER0742,39,44,42,5.7,5
D020722,O022316,RIDER0559,30,27,32,4.8,0
D020723,O022317,RIDER0410,21,30,34,0.9,9
D020724,O022318,RIDER0522,35,41,28,4.6,6
D020725,O022319,RIDER0578,44,48,14,1.4,4
D020726,O022320,RIDER1134,33,32,40,0.1,0
D020727,O022321,RIDER0044,39,66,23,1.5,27
D020728,O022322,RIDER2431,23,29,17,1.0,6
D020729,O022323,RIDER2089,48,73,15,2.2,25
D020730,O022324,RIDER0265,39,44,31,1.9,5
D020731,O022325,RIDER1398,38,41,23,3.2,3
D020732,O022326,RIDER1184,26,25,24,10.6,0
D020733,O022327,RIDER2058,23,19,27,2.0,0
D020734,O022328,RIDER1805,30,32,15,5.7,2
D020735,O022330,RIDER0542,35,39,28,12.0,4
D020736,O022331,RIDER0717,28,25,15,6.9,0
D020737,O022332,RIDER0781,24,30,14,5.3,6
D020738,O022333,RIDER0667,23,30,15,3.2,7
D020739,O022334,RIDER0366,27,27,24,4.4,0
D020740,O022335,RIDER0606,43,47,41,3.3,4
D020741,O022336,RIDER0279,63,68,29,9.2,5
D020742,O022337,RIDER1641,45,70,31,6.0,25
D020743,O022338,RIDER0157,30,55,24,2.4,25
D020744,O022339,RIDER0371,49,56,14,4.8,7
D020745,O022340,RIDER0490,68,94,33,0.3,26
D020746,O022341,RIDER2143,44,49,27,0.6,5
D020747,O022342,RIDER1674,21,25,17,0.7,4
D020748,O022343,RIDER2432,31,38,42,2.1,7
D020749,O022344,RIDER2086,26,32,34,5.7,6
D020750,O022345,RIDER0115,44,70,38,3.9,26
D020751,O022346,RIDER2065,37,36,18,3.6,0
D020752,O022347,RIDER0409,30,28,23,1.3,0
D020753,O022348,RIDER0785,22,19,18,7.9,0
D020754,O022349,RIDER2275,20,19,15,1.2,0
D020755,O022350,RIDER1917,36,36,29,1.6,0
D020756,O022351,RIDER2475,23,46,24,6.2,23
D020757,O022352,RIDER2070,26,26,39,0.8,0
D020758,O022353,RIDER2365,39,46,21,0.5,7
D020759,O022354,RIDER1589,66,99,21,0.1,33
D020760,O022355,RIDER0335,27,23,21,2.3,0
D020761,O022356,RIDER1169,22,26,15,3.8,4
D020762,O022357,RIDER0199,30,42,30,0.9,12
D020763,O022358,RIDER2389,48,47,29,1.9,0
D020764,O022359,RIDER1834,29,32,19,0.5,3
D020765,O022360,RIDER1356,30,25,25,1.6,0
D020766,O022361,RIDER1175,62,84,26,7.6,22
D020767,O022362,RIDER0969,31,27,17,5.3,0
D020768,O022363,RIDER0049,44,70,36,3.7,26
D020769,O022364,RIDER0236,40,49,32,6.4,9
D020770,O022365,RIDER0293,21,21,18,1.2,0
D020771,O022366,RIDER1575,28,30,31,2.7,2
D020772,O022367,RIDER1314,47,54,23,1.9,7
D020773,O022369,RIDER2123,30,25,25,1.8,0
D020774,O022370,RIDER2006,43,40,18,1.0,0
D020775,O022371,RIDER0528,31,32,28,0.2,1
D020776,O022372,RIDER1423,31,29,41,1.0,0
D020777,O022373,RIDER2193,45,79,36,1.6,34
D020778,O022374,RIDER1475,45,47,31,2.1,2
D020779,O022375,RIDER1587,36,36,21,2.6,0
D020780,O022376,RIDER0933,30,30,35,4.1,0
D020781,O022377,RIDER1498,49,52,32,0.6,3
D020782,O022378,RIDER1019,30,37,24,1.2,7
D020783,O022379,RIDER2357,44,66,24,8.9,22
D020784,O022380,RIDER0348,52,55,32,3.4,3
D020785,O022382,RIDER1773,34,48,17,2.6,14
D020786,O022383,RIDER0224,30,32,14,9.8,2
D020787,O022384,RIDER1616,38,40,37,1.3,2
D020788,O022385,RIDER0570,26,25,16,4.1,0
D020789,O022387,RIDER0731,23,26,25,4.1,3
D020790,O022388,RIDER0420,22,25,24,0.4,3
D020791,O022389,RIDER1470,24,26,40,1.4,2
D020792,O022390,RIDER2325,46,52,22,1.7,6
D020793,O022391,RIDER2274,48,71,23,4.1,23
D020794,O022392,RIDER0064,26,32,37,3.0,6
D020795,O022393,RIDER0861,33,57,14,4.8,24
D020796,O022394,RIDER0591,51,52,18,0.3,1
D020797,O022395,RIDER0707,41,44,27,1.9,3
D020798,O022396,RIDER2413,28,26,38,4.3,0
D020799,O022397,RIDER1026,23,21,32,1.4,0
D020800,O022399,RIDER0336,52,47,26,6.8,0
D020801,O022400,RIDER1623,28,30,28,1.5,2
D020802,O022401,RIDER1048,38,67,36,0.3,29
D020803,O022402,RIDER1187,23,25,25,1.7,2
D020804,O022403,RIDER2274,30,27,14,0.4,0
D020805,O022404,RIDER1284,36,42,16,4.5,6
D020806,O022405,RIDER0355,39,46,16,3.9,7
D020807,O022406,RIDER0455,49,46,29,1.9,0
D020808,O022408,RIDER2443,22,18,29,7.3,0
D020809,O022409,RIDER0461,24,31,25,5.3,7
D020810,O022410,RIDER0525,31,28,41,5.2,0
D020811,O022411,RIDER1246,21,55,26,3.8,34
D020812,O022412,RIDER2231,42,46,34,2.0,4
D020813,O022413,RIDER0921,35,62,40,4.6,27
D020814,O022414,RIDER0294,32,34,29,1.9,2
D020815,O022416,RIDER2353,39,61,23,1.5,22
D020816,O022417,RIDER1449,29,48,14,2.2,19
D020817,O022418,RIDER1877,33,56,31,4.8,23
D020818,O022419,RIDER1246,30,49,36,2.6,19
D020819,O022420,RIDER1748,41,41,39,0.1,0
D020820,O022421,RIDER1980,41,42,33,5.2,1
D020821,O022422,RIDER2168,32,42,36,2.9,10
D020822,O022423,RIDER1540,48,47,15,4.0,0
D020823,O022424,RIDER0807,33,33,15,0.5,0
D020824,O022425,RIDER1233,32,58,20,2.6,26
D020825,O022426,RIDER2024,28,34,35,0.6,6
D020826,O022427,RIDER1310,34,55,31,1.6,21
D020827,O022428,RIDER2126,41,40,42,1.4,0
D020828,O022429,RIDER1061,33,28,21,2.7,0
D020829,O022430,RIDER2012,29,26,15,0.5,0
D020830,O022431,RIDER1006,37,50,37,3.2,13
D020831,O022432,RIDER0451,32,52,30,2.3,20
D020832,O022433,RIDER1300,40,52,21,9.5,12
D020833,O022434,RIDER0929,59,73,31,1.9,14
D020834,O022435,RIDER1758,33,65,17,2.7,32
D020835,O022437,RIDER1369,27,24,33,0.1,0
D020836,O022438,RIDER1224,37,44,18,1.6,7
D020837,O022440,RIDER0073,43,44,35,7.6,1
D020838,O022441,RIDER0039,53,54,20,2.3,1
D020839,O022442,RIDER1562,38,57,33,2.4,19
D020840,O022443,RIDER0782,31,55,38,1.6,24
D020841,O022444,RIDER1381,32,35,40,5.8,3
D020842,O022445,RIDER0784,49,56,25,0.3,7
D020843,O022446,RIDER0995,29,43,35,1.4,14
D020844,O022447,RIDER0132,46,62,21,7.2,16
D020845,O022448,RIDER0143,29,36,42,1.3,7
D020846,O022449,RIDER1402,48,59,40,5.4,11
D020847,O022450,RIDER0774,49,62,22,0.9,13
D020848,O022451,RIDER0726,36,68,15,2.6,32
D020849,O022452,RIDER1630,19,53,15,2.7,34
D020850,O022453,RIDER0781,29,26,15,7.4,0
D020851,O022454,RIDER1692,30,57,15,11.0,27
D020852,O022455,RIDER0548,27,33,42,2.3,6
D020853,O022456,RIDER1426,26,31,15,0.1,5
D020854,O022457,RIDER2156,36,35,22,2.1,0
D020855,O022458,RIDER1213,42,48,35,1.3,6
D020856,O022459,RIDER0110,33,32,29,0.4,0
D020857,O022460,RIDER1085,28,35,35,0.8,7
D020858,O022461,RIDER1119,26,26,33,1.5,0
D020859,O022462,RIDER0010,22,26,28,1.1,4
D020860,O022463,RIDER2483,42,69,41,1.3,27
D020861,O022464,RIDER1875,30,47,21,2.2,17
D020862,O022465,RIDER2012,20,26,14,3.4,6
D020863,O022466,RIDER1129,34,35,17,4.1,1
D020864,O022467,RIDER0153,22,35,15,8.7,13
D020865,O022470,RIDER2157,36,58,40,0.2,22
D020866,O022471,RIDER2359,28,23,36,6.6,0
D020867,O022472,RIDER1140,50,50,37,5.9,0
D020868,O022473,RIDER0743,29,35,16,7.6,6
D020869,O022474,RIDER0887,30,32,33,2.2,2
D020870,O022475,RIDER1463,39,46,21,0.3,7
D020871,O022476,RIDER2134,40,46,14,7.7,6
D020872,O022477,RIDER0545,22,42,39,0.3,20
D020873,O022478,RIDER1204,24,24,30,5.2,0
D020874,O022479,RIDER0944,21,17,36,3.6,0
D020875,O022480,RIDER2328,30,51,18,2.6,21
D020876,O022481,RIDER1655,46,51,23,1.9,5
D020877,O022482,RIDER0065,28,34,14,2.0,6
D020878,O022483,RIDER1560,35,41,29,2.5,6
D020879,O022484,RIDER0271,26,33,19,6.6,7
D020880,O022485,RIDER1760,26,58,27,2.1,32
D020881,O022486,RIDER0078,37,40,28,4.8,3
D020882,O022487,RIDER0317,28,55,34,1.7,27
D020883,O022488,RIDER1632,33,28,41,1.7,0
D020884,O022489,RIDER0299,39,45,16,1.6,6
D020885,O022490,RIDER0396,24,23,20,0.4,0
D020886,O022491,RIDER0487,31,37,32,2.3,6
D020887,O022492,RIDER2209,36,63,35,2.3,27
D020888,O022493,RIDER0043,24,29,21,0.3,5
D020889,O022494,RIDER1127,28,26,31,4.1,0
D020890,O022495,RIDER0310,30,41,25,0.5,11
D020891,O022497,RIDER1805,20,23,24,1.9,3
D020892,O022498,RIDER2321,42,65,21,0.3,23
D020893,O022499,RIDER2438,43,49,16,0.6,6
D020894,O022500,RIDER0489,42,67,15,0.7,25
D020895,O022501,RIDER2066,26,26,31,5.8,0
D020896,O022502,RIDER2425,38,65,36,2.6,27
D020897,O022504,RIDER1266,22,18,21,2.8,0
D020898,O022505,RIDER2248,39,50,14,2.3,11
D020899,O022506,RIDER2432,33,31,31,3.3,0
D020900,O022507,RIDER1632,22,51,16,0.3,29
D020901,O022508,RIDER0292,33,42,24,2.4,9
D020902,O022509,RIDER2049,34,33,31,3.3,0
D020903,O022510,RIDER2201,37,42,19,4.7,5
D020904,O022511,RIDER0246,60,61,29,3.1,1
D020905,O022512,RIDER1707,34,32,30,1.7,0
D020906,O022513,RIDER1744,30,34,29,0.7,4
D020907,O022514,RIDER1185,39,37,38,6.2,0
D020908,O022515,RIDER2264,54,54,24,3.0,0
D020909,O022516,RIDER1988,70,79,33,4.1,9
D020910,O022518,RIDER2213,32,29,30,1.6,0
D020911,O022519,RIDER0085,28,49,15,2.6,21
D020912,O022520,RIDER2012,41,46,35,1.6,5
D020913,O022521,RIDER0156,57,56,14,1.6,0
D020914,O022522,RIDER0660,24,28,15,3.0,4
D020915,O022523,RIDER1233,25,32,38,3.8,7
D020916,O022524,RIDER2408,23,24,40,1.9,1
D020917,O022525,RIDER0501,40,49,16,3.6,9
D020918,O022526,RIDER0113,26,21,29,3.3,0
D020919,O022527,RIDER1398,27,46,28,6.0,19
D020920,O022528,RIDER2388,32,30,38,2.0,0
D020921,O022529,RIDER1877,34,30,31,1.1,0
D020922,O022530,RIDER1934,35,32,38,6.2,0
D020923,O022532,RIDER1450,28,23,24,3.0,0
D020924,O022534,RIDER1367,38,47,33,0.2,9
D020925,O022535,RIDER2468,25,49,38,1.7,24
D020926,O022536,RIDER1389,68,64,15,1.0,0
D020927,O022537,RIDER2483,24,19,37,4.6,0
D020928,O022538,RIDER1015,18,14,29,1.7,0
D020929,O022539,RIDER0639,49,79,22,3.3,30
D020930,O022540,RIDER1139,33,31,22,4.6,0
D020931,O022541,RIDER0476,30,36,18,0.7,6
D020932,O022542,RIDER1210,32,53,32,2.0,21
D020933,O022543,RIDER0801,28,43,38,0.5,15
D020934,O022544,RIDER0637,29,43,40,3.3,14
D020935,O022545,RIDER0474,56,89,39,2.8,33
D020936,O022546,RIDER2357,35,36,28,1.4,1
D020937,O022547,RIDER1196,32,34,40,2.7,2
D020938,O022548,RIDER1870,37,37,30,5.8,0
D020939,O022549,RIDER0820,44,47,24,4.8,3
D020940,O022550,RIDER1561,23,22,14,0.6,0
D020941,O022551,RIDER0652,36,34,26,1.3,0
D020942,O022552,RIDER1235,42,41,28,2.8,0
D020943,O022553,RIDER0211,30,26,24,1.1,0
D020944,O022554,RIDER2255,41,46,24,2.9,5
D020945,O022555,RIDER0926,42,69,39,7.1,27
D020946,O022557,RIDER0086,30,25,30,2.8,0
D020947,O022558,RIDER0382,25,26,36,8.5,1
D020948,O022559,RIDER1925,49,58,18,1.4,9
D020949,O022560,RIDER0991,41,38,24,5.2,0
D020950,O022561,RIDER0828,27,25,32,0.6,0
D020951,O022562,RIDER1558,29,34,24,1.4,5
D020952,O022564,RIDER1721,22,23,16,2.2,1
D020953,O022565,RIDER2104,30,32,37,1.3,2
D020954,O022566,RIDER1662,46,62,39,4.6,16
D020955,O022567,RIDER1798,27,30,33,2.8,3
D020956,O022568,RIDER1196,46,43,25,1.7,0
D020957,O022569,RIDER0476,29,30,28,4.3,1
D020958,O022570,RIDER1087,31,49,19,5.1,18
D020959,O022571,RIDER2471,41,43,18,2.0,2
D020960,O022572,RIDER0004,30,38,21,0.6,8
D020961,O022573,RIDER0260,31,30,21,2.0,0
D020962,O022574,RIDER1575,23,28,37,6.2,5
D020963,O022575,RIDER0533,44,45,18,2.2,1
D020964,O022576,RIDER0615,25,48,33,4.9,23
D020965,O022577,RIDER1339,19,24,33,4.4,5
D020966,O022578,RIDER0086,21,28,29,1.8,7
D020967,O022579,RIDER2386,45,60,14,2.5,15
D020968,O022580,RIDER1970,21,21,22,2.3,0
D020969,O022581,RIDER2489,22,22,20,2.0,0
D020970,O022584,RIDER1136,44,43,19,9.1,0
D020971,O022585,RIDER0408,21,19,42,2.4,0
D020972,O022586,RIDER1366,35,59,32,10.4,24
D020973,O022587,RIDER2100,31,38,15,3.1,7
D020974,O022588,RIDER1802,28,60,31,0.9,32
D020975,O022589,RIDER1856,26,29,15,1.7,3
D020976,O022590,RIDER1747,24,48,37,4.5,24
D020977,O022591,RIDER1908,32,57,31,5.0,25
D020978,O022592,RIDER1714,35,65,17,3.6,30
D020979,O022593,RIDER2159,22,29,15,4.3,7
D020980,O022594,RIDER0356,31,49,32,2.6,18
D020981,O022595,RIDER1090,30,28,24,1.3,0
D020982,O022596,RIDER1560,25,27,19,8.4,2
D020983,O022597,RIDER1473,43,42,14,3.5,0
D020984,O022598,RIDER0556,37,32,24,13.6,0
D020985,O022599,RIDER2043,42,48,28,3.7,6
D020986,O022600,RIDER0450,38,42,35,5.2,4
D020987,O022601,RIDER0627,34,64,25,4.7,30
D020988,O022602,RIDER2136,36,46,15,3.3,10
D020989,O022603,RIDER0673,70,88,19,0.9,18
D020990,O022605,RIDER0875,36,49,15,1.9,13
D020991,O022606,RIDER2172,26,30,33,3.3,4
D020992,O022607,RIDER0433,34,34,14,2.5,0
D020993,O022608,RIDER0264,43,45,28,7.3,2
D020994,O022609,RIDER1540,31,31,37,4.2,0
D020995,O022610,RIDER0288,34,41,30,1.8,7
D020996,O022611,RIDER0246,34,35,26,4.7,1
D020997,O022612,RIDER0144,34,50,15,1.7,16
D020998,O022613,RIDER0901,22,37,22,3.5,15
D020999,O022614,RIDER1870,24,34,39,3.1,10
D021000,O022615,RIDER1934,27,30,22,2.4,3
D021001,O022616,RIDER2130,21,25,37,3.9,4
D021002,O022617,RIDER0342,24,25,30,3.3,1
D021003,O022618,RIDER1778,26,27,25,2.0,1
D021004,O022619,RIDER0644,42,47,33,0.3,5
D021005,O022620,RIDER0969,33,28,33,3.3,0
D021006,O022621,RIDER1543,27,48,42,0.2,21
D021007,O022622,RIDER1606,31,60,40,1.6,29
D021008,O022623,RIDER0725,53,60,35,3.6,7
D021009,O022624,RIDER0911,37,35,24,1.1,0
D021010,O022626,RIDER2187,29,51,15,1.9,22
D021011,O022627,RIDER2082,46,41,22,7.8,0
D021012,O022628,RIDER1093,29,52,15,2.3,23
D021013,O022629,RIDER2300,27,27,15,2.1,0
D021014,O022630,RIDER0255,38,60,14,4.1,22
D021015,O022631,RIDER2000,37,38,23,5.3,1
D021016,O022632,RIDER0763,37,39,38,1.2,2
D021017,O022634,RIDER1316,33,45,15,0.1,12
D021018,O022635,RIDER1124,36,39,42,4.8,3
D021019,O022636,RIDER0557,45,54,34,7.0,9
D021020,O022637,RIDER1599,35,50,32,1.2,15
D021021,O022638,RIDER1370,47,47,35,2.9,0
D021022,O022639,RIDER2398,19,15,29,11.0,0
D021023,O022640,RIDER1330,25,28,15,3.8,3
D021024,O022641,RIDER1058,28,26,15,0.9,0
D021025,O022642,RIDER0577,24,24,22,2.5,0
D021026,O022643,RIDER0721,53,50,39,2.4,0
D021027,O022644,RIDER0242,23,19,31,1.1,0
D021028,O022645,RIDER1135,38,37,25,2.9,0
D021029,O022646,RIDER2459,30,27,35,4.6,0
D021030,O022647,RIDER0257,50,79,33,14.8,29
D021031,O022648,RIDER1200,24,23,25,1.9,0
D021032,O022650,RIDER2239,22,30,37,1.1,8
D021033,O022651,RIDER2084,30,33,16,0.8,3
D021034,O022652,RIDER1574,37,52,29,2.1,15
D021035,O022653,RIDER0452,24,37,16,5.8,13
D021036,O022654,RIDER2334,30,42,21,2.0,12
D021037,O022655,RIDER2163,49,53,37,3.5,4
D021038,O022656,RIDER1202,44,71,18,2.5,27
D021039,O022657,RIDER2397,32,27,27,0.5,0
D021040,O022658,RIDER0716,48,71,38,3.3,23
D021041,O022659,RIDER2142,24,39,33,0.9,15
D021042,O022660,RIDER0698,48,64,38,1.4,16
D021043,O022661,RIDER0918,46,80,28,1.4,34
D021044,O022662,RIDER2332,24,49,38,4.5,25
D021045,O022663,RIDER1723,47,47,37,5.6,0
D021046,O022664,RIDER1612,30,35,39,1.4,5
D021047,O022665,RIDER1293,43,54,25,4.1,11
D021048,O022666,RIDER0205,24,21,27,5.5,0
D021049,O022667,RIDER1762,47,54,38,9.0,7
D021050,O022668,RIDER0823,49,55,15,2.2,6
D021051,O022670,RIDER1950,27,24,18,2.8,0
D021052,O022671,RIDER2482,34,43,14,18.2,9
D021053,O022672,RIDER1350,30,32,30,2.2,2
D021054,O022673,RIDER2252,24,48,18,4.5,24
D021055,O022674,RIDER0277,44,58,31,2.0,14
D021056,O022675,RIDER1973,40,66,30,4.9,26
D021057,O022677,RIDER0735,30,25,23,0.9,0
D021058,O022678,RIDER0796,55,70,24,0.4,15
D021059,O022679,RIDER0713,50,46,40,6.0,0
D021060,O022680,RIDER0471,28,35,25,0.2,7
D021061,O022681,RIDER0256,22,25,38,2.3,3
D021062,O022682,RIDER0292,28,32,31,5.1,4
D021063,O022683,RIDER2210,30,46,21,1.3,16
D021064,O022684,RIDER0867,43,44,39,3.5,1
D021065,O022685,RIDER1057,24,35,33,0.4,11
D021066,O022686,RIDER2265,34,31,42,1.9,0
D021067,O022687,RIDER2404,44,40,38,3.2,0
D021068,O022688,RIDER1352,23,26,37,4.5,3
D021069,O022689,RIDER2428,47,50,32,1.3,3
D021070,O022690,RIDER1674,37,37,38,4.1,0
D021071,O022691,RIDER0063,20,24,29,1.9,4
D021072,O022692,RIDER0184,29,35,29,1.6,6
D021073,O022693,RIDER1357,39,43,25,2.2,4
D021074,O022694,RIDER0193,38,36,15,2.3,0
D021075,O022695,RIDER0074,44,41,24,1.3,0
D021076,O022696,RIDER2306,51,56,35,1.5,5
D021077,O022697,RIDER1537,42,70,24,3.7,28
D021078,O022698,RIDER0984,28,26,27,3.2,0
D021079,O022699,RIDER2421,29,59,40,1.0,30
D021080,O022700,RIDER1392,30,33,16,2.2,3
D021081,O022701,RIDER0661,23,19,15,3.0,0
D021082,O022702,RIDER0911,41,58,25,1.5,17
D021083,O022703,RIDER1084,58,68,31,4.7,10
D021084,O022704,RIDER1356,35,38,23,4.0,3
D021085,O022705,RIDER1461,24,30,34,4.0,6
D021086,O022706,RIDER0473,33,38,19,1.2,5
D021087,O022708,RIDER1726,38,40,42,4.1,2
D021088,O022709,RIDER0645,29,39,28,5.3,10
D021089,O022710,RIDER0915,35,30,37,1.0,0
D021090,O022711,RIDER1836,23,45,21,4.6,22
D021091,O022712,RIDER0144,23,27,16,5.0,4
D021092,O022713,RIDER2335,44,51,41,5.9,7
D021093,O022714,RIDER0559,31,37,28,0.7,6
D021094,O022716,RIDER0034,35,58,39,0.2,23
D021095,O022717,RIDER2339,40,36,23,0.9,0
D021096,O022718,RIDER0901,38,37,41,3.1,0
D021097,O022719,RIDER0390,36,34,23,2.1,0
D021098,O022720,RIDER1631,27,27,15,7.0,0
D021099,O022721,RIDER0535,42,49,16,0.7,7
D021100,O022722,RIDER2158,22,29,16,2.7,7
D021101,O022723,RIDER1917,23,52,39,7.1,29
D021102,O022724,RIDER0123,22,32,42,2.0,10
D021103,O022725,RIDER0139,23,24,32,3.5,1
D021104,O022726,RIDER1389,26,30,38,5.6,4
D021105,O022727,RIDER0973,29,26,15,5.2,0
D021106,O022728,RIDER1480,27,26,32,1.4,0
D021107,O022729,RIDER1031,70,101,30,1.5,31
D021108,O022730,RIDER0722,31,28,30,0.2,0
D021109,O022731,RIDER0405,69,99,38,4.4,30
D021110,O022732,RIDER0693,28,33,41,2.6,5
D021111,O022733,RIDER1009,33,50,23,0.6,17
D021112,O022734,RIDER1030,68,72,38,1.9,4
D021113,O022735,RIDER1934,39,61,29,7.3,22
D021114,O022736,RIDER0176,24,23,42,12.3,0
D021115,O022737,RIDER1500,28,35,21,3.6,7
D021116,O022738,RIDER1116,42,48,14,1.5,6
D021117,O022739,RIDER2428,24,20,32,3.0,0
D021118,O022740,RIDER0029,32,39,16,7.1,7
D021119,O022741,RIDER1233,36,32,37,3.3,0
D021120,O022742,RIDER1406,43,42,40,5.1,0
D021121,O022743,RIDER2370,26,34,42,1.6,8
D021122,O022744,RIDER0726,46,45,42,1.6,0
D021123,O022745,RIDER1331,36,31,38,0.3,0
D021124,O022746,RIDER0851,32,38,39,3.1,6
D021125,O022747,RIDER0190,30,27,18,4.3,0
D021126,O022748,RIDER0360,29,28,15,3.2,0
D021127,O022749,RIDER1892,25,27,35,1.7,2
D021128,O022750,RIDER0954,42,42,21,2.6,0
D021129,O022752,RIDER1100,36,43,18,1.7,7
D021130,O022753,RIDER1860,46,65,29,1.4,19
D021131,O022754,RIDER0941,27,26,40,1.1,0
D021132,O022755,RIDER0146,27,32,15,2.7,5
D021133,O022756,RIDER0341,30,33,14,3.0,3
D021134,O022757,RIDER1226,26,31,40,4.1,5
D021135,O022758,RIDER1965,22,23,21,2.9,1
D021136,O022759,RIDER2447,24,37,24,5.3,13
D021137,O022760,RIDER1238,30,34,41,8.9,4
D021138,O022761,RIDER2191,46,49,36,11.2,3
D021139,O022762,RIDER1196,33,36,37,4.1,3
D021140,O022763,RIDER0785,30,28,42,1.1,0
D021141,O022764,RIDER2191,45,41,42,14.6,0
D021142,O022765,RIDER2062,42,44,16,2.6,2
D021143,O022766,RIDER2380,51,74,37,9.4,23
D021144,O022767,RIDER0667,29,59,31,0.8,30
D021145,O022768,RIDER0425,36,34,37,5.9,0
D021146,O022769,RIDER1277,29,61,23,4.8,32
D021147,O022770,RIDER0005,43,38,24,1.8,0
D021148,O022771,RIDER1526,24,25,24,0.7,1
D021149,O022772,RIDER1396,37,34,40,7.4,0
D021150,O022773,RIDER2468,46,76,31,1.3,30
D021151,O022774,RIDER2356,36,34,23,2.1,0
D021152,O022775,RIDER1209,26,25,30,5.8,0
D021153,O022777,RIDER1171,58,84,35,1.0,26
D021154,O022778,RIDER1940,36,62,37,1.9,26
D021155,O022779,RIDER0296,29,62,41,1.2,33
D021156,O022780,RIDER0281,20,26,36,4.6,6
D021157,O022781,RIDER2204,39,69,31,4.9,30
D021158,O022782,RIDER0376,36,60,15,1.9,24
D021159,O022783,RIDER0442,28,31,36,1.9,3
D021160,O022784,RIDER1390,31,27,22,11.1,0
D021161,O022785,RIDER1359,27,31,25,4.6,4
D021162,O022786,RIDER1482,32,34,30,3.2,2
D021163,O022787,RIDER2208,26,31,15,2.3,5
D021164,O022789,RIDER1520,53,57,38,2.1,4
D021165,O022790,RIDER2227,25,45,37,5.2,20
D021166,O022791,RIDER1590,28,24,29,3.8,0
D021167,O022792,RIDER1490,70,73,15,4.2,3
D021168,O022793,RIDER2278,21,24,22,2.7,3
D021169,O022794,RIDER2266,33,40,34,1.7,7
D021170,O022796,RIDER0565,36,37,30,1.6,1
D021171,O022797,RIDER0660,26,22,17,2.7,0
D021172,O022798,RIDER2337,31,26,15,3.3,0
D021173,O022799,RIDER0760,19,19,25,1.5,0
D021174,O022801,RIDER0358,30,31,31,2.2,1
D021175,O022802,RIDER1493,32,33,36,2.4,1
D021176,O022803,RIDER0383,28,33,31,5.4,5
D021177,O022804,RIDER1406,36,39,31,0.4,3
D021178,O022805,RIDER0057,33,33,22,1.7,0
D021179,O022806,RIDER1683,49,81,21,0.3,32
D021180,O022807,RIDER1601,26,33,14,1.5,7
D021181,O022808,RIDER1733,20,19,21,0.8,0
D021182,O022809,RIDER1602,33,39,21,1.2,6
D021183,O022810,RIDER1076,43,47,25,1.9,4
D021184,O022811,RIDER0103,52,51,27,4.7,0
D021185,O022812,RIDER0989,34,66,18,1.6,32
D021186,O022813,RIDER1903,53,58,33,2.3,5
D021187,O022814,RIDER1270,27,44,18,8.1,17
D021188,O022815,RIDER0496,22,56,27,3.8,34
D021189,O022816,RIDER0858,23,19,30,4.6,0
D021190,O022817,RIDER0021,20,23,32,3.1,3
D021191,O022818,RIDER1595,31,34,19,2.2,3
D021192,O022819,RIDER1207,25,29,15,2.5,4
D021193,O022820,RIDER0581,32,40,29,5.7,8
D021194,O022821,RIDER0266,26,24,41,7.8,0
D021195,O022823,RIDER0958,26,25,25,7.5,0
D021196,O022824,RIDER1375,54,76,40,0.5,22
D021197,O022825,RIDER0554,23,28,25,6.2,5
D021198,O022826,RIDER0119,44,39,37,1.9,0
D021199,O022827,RIDER1928,35,32,26,0.6,0
D021200,O022828,RIDER1168,23,29,18,1.0,6
D021201,O022829,RIDER2003,29,36,33,3.7,7
D021202,O022831,RIDER0064,47,63,14,7.9,16
D021203,O022832,RIDER0167,28,53,19,3.3,25
D021204,O022833,RIDER0883,48,77,28,2.4,29
D021205,O022834,RIDER1450,42,40,18,0.2,0
D021206,O022835,RIDER2156,36,34,37,1.9,0
D021207,O022836,RIDER1443,32,60,38,3.0,28
D021208,O022837,RIDER0053,31,54,30,6.9,23
D021209,O022838,RIDER0023,29,25,16,6.2,0
D021210,O022839,RIDER0880,27,28,14,2.1,1
D021211,O022840,RIDER0022,35,50,27,1.5,15
D021212,O022841,RIDER0340,29,26,21,0.8,0
D021213,O022842,RIDER2372,34,37,31,0.9,3
D021214,O022843,RIDER0569,29,53,22,2.1,24
D021215,O022844,RIDER2377,48,80,39,3.8,32
D021216,O022845,RIDER0412,24,25,31,4.0,1
D021217,O022846,RIDER1797,30,56,24,0.5,26
D021218,O022847,RIDER0467,19,47,21,0.4,28
D021219,O022848,RIDER0971,19,14,19,2.3,0
D021220,O022849,RIDER0036,26,27,33,11.0,1
D021221,O022850,RIDER0547,39,42,25,3.3,3
D021222,O022851,RIDER1730,27,56,23,2.9,29
D021223,O022852,RIDER0333,42,42,37,4.7,0
D021224,O022853,RIDER1598,42,37,19,2.2,0
D021225,O022854,RIDER2430,38,67,25,7.3,29
D021226,O022855,RIDER2093,40,39,24,4.9,0
D021227,O022856,RIDER2041,32,38,35,3.1,6
D021228,O022857,RIDER0242,31,40,16,3.9,9
D021229,O022858,RIDER0826,51,47,28,5.8,0
D021230,O022859,RIDER0353,25,30,14,0.8,5
D021231,O022860,RIDER1025,28,50,16,1.4,22
D021232,O022861,RIDER0135,24,25,33,0.9,1
D021233,O022862,RIDER0558,21,38,22,6.6,17
D021234,O022863,RIDER0069,32,63,34,1.8,31
D021235,O022864,RIDER0808,60,69,28,3.2,9
D021236,O022865,RIDER0735,29,28,18,1.2,0
D021237,O022866,RIDER1807,30,33,23,2.0,3
D021238,O022868,RIDER0411,25,43,31,9.6,18
D021239,O022869,RIDER2354,25,22,36,1.2,0
D021240,O022870,RIDER2404,25,43,28,2.9,18
D021241,O022871,RIDER0032,39,51,33,0.5,12
D021242,O022872,RIDER0745,30,31,28,2.3,1
D021243,O022873,RIDER1402,37,47,21,4.8,10
D021244,O022874,RIDER0599,19,20,21,4.3,1
D021245,O022875,RIDER0174,25,24,26,0.4,0
D021246,O022876,RIDER1411,43,71,30,3.6,28
D021247,O022877,RIDER1687,32,34,32,5.0,2
D021248,O022878,RIDER2340,42,66,31,0.8,24
D021249,O022879,RIDER1197,24,26,29,2.7,2
D021250,O022880,RIDER1915,30,30,14,1.7,0
D021251,O022881,RIDER2453,35,43,18,4.0,8
D021252,O022883,RIDER1924,28,58,22,1.9,30
D021253,O022885,RIDER1364,30,48,17,1.9,18
D021254,O022886,RIDER0091,26,32,21,8.0,6
D021255,O022887,RIDER1397,25,21,19,4.4,0
D021256,O022888,RIDER0038,37,67,27,0.4,30
D021257,O022889,RIDER0237,35,67,15,1.3,32
D021258,O022890,RIDER2134,21,42,32,1.6,21
D021259,O022891,RIDER2053,37,71,33,2.6,34
D021260,O022892,RIDER0940,38,33,31,3.3,0
D021261,O022893,RIDER0327,38,33,39,4.2,0
D021262,O022895,RIDER0487,27,41,35,3.8,14
D021263,O022896,RIDER1345,34,35,32,0.7,1
D021264,O022897,RIDER1270,58,91,34,1.3,33
D021265,O022898,RIDER0130,19,19,39,4.5,0
D021266,O022899,RIDER2392,46,52,34,0.1,6
D021267,O022900,RIDER1565,37,38,24,4.6,1
D021268,O022901,RIDER1211,40,50,16,5.5,10
D021269,O022902,RIDER2276,38,42,34,2.1,4
D021270,O022903,RIDER2323,36,42,18,3.3,6
D021271,O022904,RIDER1206,27,26,33,1.8,0
D021272,O022905,RIDER2261,48,45,23,5.8,0
D021273,O022906,RIDER0545,26,34,33,2.4,8
D021274,O022907,RIDER1223,29,28,37,1.9,0
D021275,O022908,RIDER1828,53,59,15,0.7,6
D021276,O022909,RIDER0468,33,43,29,2.5,10
D021277,O022910,RIDER0352,62,60,29,3.3,0
D021278,O022911,RIDER0358,33,36,33,5.5,3
D021279,O022912,RIDER1820,31,35,36,11.6,4
D021280,O022913,RIDER0472,23,26,19,10.8,3
D021281,O022914,RIDER2439,43,66,24,1.1,23
D021282,O022915,RIDER0593,26,28,24,1.8,2
D021283,O022916,RIDER1686,31,27,34,0.6,0
D021284,O022917,RIDER1709,33,32,30,0.9,0
D021285,O022918,RIDER1052,36,37,37,2.8,1
D021286,O022919,RIDER2141,47,52,14,7.7,5
D021287,O022920,RIDER2295,27,29,22,1.6,2
D021288,O022921,RIDER1073,35,46,25,4.6,11
D021289,O022922,RIDER1031,27,24,21,3.2,0
D021290,O022923,RIDER0093,26,22,39,3.2,0
D021291,O022924,RIDER2210,37,35,30,6.6,0
D021292,O022925,RIDER0752,24,26,28,1.1,2
D021293,O022926,RIDER1595,59,77,23,9.0,18
D021294,O022927,RIDER2094,44,47,14,2.4,3
D021295,O022928,RIDER0019,30,36,32,1.3,6
D021296,O022929,RIDER2265,35,34,25,1.5,0
D021297,O022930,RIDER1591,21,21,18,1.5,0
D021298,O022931,RIDER0691,26,53,30,2.3,27
D021299,O022932,RIDER1030,27,22,15,5.7,0
D021300,O022933,RIDER0509,26,48,15,11.5,22
D021301,O022934,RIDER1794,55,58,30,1.3,3
D021302,O022935,RIDER1163,31,34,29,0.5,3
D021303,O022936,RIDER2138,27,58,33,2.8,31
D021304,O022937,RIDER0853,31,28,19,0.8,0
D021305,O022938,RIDER2402,48,54,25,6.1,6
D021306,O022939,RIDER1796,28,28,21,3.7,0
D021307,O022940,RIDER1095,40,74,36,1.5,34
D021308,O022941,RIDER0316,29,32,27,1.6,3
D021309,O022942,RIDER1780,32,32,15,4.0,0
D021310,O022943,RIDER2035,22,19,31,4.5,0
D021311,O022944,RIDER0697,39,67,14,2.3,28
D021312,O022945,RIDER0361,32,35,16,4.1,3
D021313,O022946,RIDER2236,44,44,34,4.8,0
D021314,O022947,RIDER1218,34,38,19,1.1,4
D021315,O022948,RIDER2477,24,31,42,8.2,7
D021316,O022949,RIDER2423,38,33,22,0.0,0
D021317,O022951,RIDER1916,24,19,14,0.7,0
D021318,O022952,RIDER2365,33,29,33,2.9,0
D021319,O022953,RIDER0431,22,20,39,1.4,0
D021320,O022954,RIDER0594,33,34,33,2.9,1
D021321,O022955,RIDER0410,61,56,37,4.0,0
D021322,O022956,RIDER1237,28,30,35,3.3,2
D021323,O022958,RIDER0653,28,40,17,3.0,12
D021324,O022959,RIDER0157,39,41,31,1.2,2
D021325,O022960,RIDER1834,32,29,23,5.8,0
D021326,O022961,RIDER1814,47,48,32,7.0,1
D021327,O022962,RIDER0731,26,31,31,4.7,5
D021328,O022963,RIDER2198,17,22,24,2.5,5
D021329,O022964,RIDER0254,37,71,19,1.1,34
D021330,O022965,RIDER2293,38,33,40,9.0,0
D021331,O022966,RIDER0180,44,64,28,1.8,20
D021332,O022967,RIDER0549,29,59,16,3.2,30
D021333,O022968,RIDER2305,35,32,15,1.7,0
D021334,O022969,RIDER0119,26,22,14,3.2,0
D021335,O022970,RIDER0912,57,63,28,2.6,6
D021336,O022971,RIDER2231,28,27,21,3.7,0
D021337,O022972,RIDER0498,45,79,30,2.8,34
D021338,O022973,RIDER0506,33,29,24,5.1,0
D021339,O022974,RIDER1765,54,49,40,7.3,0
D021340,O022975,RIDER0499,20,16,14,1.0,0
D021341,O022976,RIDER2441,35,33,31,2.9,0
D021342,O022977,RIDER2277,40,53,36,4.8,13
D021343,O022978,RIDER1869,41,44,30,0.9,3
D021344,O022979,RIDER0701,45,45,18,1.6,0
D021345,O022980,RIDER1827,23,40,42,2.6,17
D021346,O022981,RIDER2039,31,56,31,0.9,25
D021347,O022982,RIDER1221,44,42,14,3.7,0
D021348,O022983,RIDER2065,30,34,37,2.8,4
D021349,O022985,RIDER0942,37,59,31,2.4,22
D021350,O022986,RIDER1071,28,29,21,3.3,1
D021351,O022988,RIDER1567,35,31,31,1.5,0
D021352,O022989,RIDER1157,34,29,19,4.6,0
D021353,O022990,RIDER0271,43,42,41,5.4,0
D021354,O022991,RIDER0658,60,65,28,1.8,5
D021355,O022992,RIDER0795,32,34,42,0.8,2
D021356,O022993,RIDER2497,28,51,38,6.3,23
D021357,O022994,RIDER2389,25,24,22,4.9,0
D021358,O022995,RIDER0695,28,61,27,0.7,33
D021359,O022996,RIDER0122,38,37,40,1.9,0
D021360,O022997,RIDER0014,47,63,31,0.5,16
D021361,O022998,RIDER0790,23,26,32,1.9,3
D021362,O022999,RIDER0065,26,22,40,1.8,0
D021363,O023000,RIDER1485,44,45,26,1.2,1
D021364,O023001,RIDER0371,35,40,41,1.9,5
D021365,O023002,RIDER1200,21,32,14,3.2,11
D021366,O023003,RIDER2161,27,31,17,7.9,4
D021367,O023004,RIDER0144,41,54,30,2.8,13
D021368,O023005,RIDER0952,37,43,18,1.5,6
D021369,O023006,RIDER1205,29,34,38,9.2,5
D021370,O023007,RIDER1794,48,52,21,1.4,4
D021371,O023008,RIDER0306,57,60,37,2.1,3
D021372,O023009,RIDER1710,39,59,31,4.0,20
D021373,O023010,RIDER1604,27,29,31,1.5,2
D021374,O023011,RIDER2283,30,33,29,0.2,3
D021375,O023012,RIDER0906,25,20,25,1.8,0
D021376,O023013,RIDER1130,39,46,22,1.3,7
D021377,O023014,RIDER0937,28,23,17,7.6,0
D021378,O023016,RIDER2419,30,41,21,2.9,11
D021379,O023018,RIDER1069,36,57,21,1.7,21
D021380,O023019,RIDER0249,22,29,38,1.8,7
D021381,O023020,RIDER0933,28,31,33,2.6,3
D021382,O023021,RIDER1982,43,62,33,4.3,19
D021383,O023022,RIDER1008,31,58,30,0.9,27
D021384,O023023,RIDER0176,21,18,14,0.9,0
D021385,O023024,RIDER1031,46,50,28,2.4,4
D021386,O023025,RIDER1255,34,32,41,1.1,0
D021387,O023026,RIDER1414,43,75,39,1.4,32
D021388,O023028,RIDER0310,21,18,32,3.1,0
D021389,O023029,RIDER0571,35,52,29,4.3,17
D021390,O023030,RIDER1351,45,44,31,3.6,0
D021391,O023031,RIDER2356,33,30,31,0.2,0
D021392,O023033,RIDER1582,56,63,33,2.8,7
D021393,O023034,RIDER2278,34,39,37,1.2,5
D021394,O023035,RIDER0370,31,31,41,0.2,0
D021395,O023036,RIDER1530,39,55,20,1.4,16
D021396,O023037,RIDER1536,29,35,42,5.0,6
D021397,O023038,RIDER1861,21,46,29,5.2,25
D021398,O023039,RIDER1650,31,31,33,0.5,0
D021399,O023040,RIDER0899,34,51,40,4.5,17
D021400,O023041,RIDER1802,28,31,16,11.4,3
D021401,O023042,RIDER1386,26,37,27,0.2,11
D021402,O023043,RIDER1648,18,16,36,10.1,0
D021403,O023044,RIDER2345,38,60,15,0.8,22
D021404,O023045,RIDER2005,26,56,24,3.1,30
D021405,O023046,RIDER1906,35,42,24,1.7,7
D021406,O023047,RIDER2158,48,68,37,5.2,20
D021407,O023048,RIDER1059,43,72,33,3.5,29
D021408,O023049,RIDER0281,21,27,15,4.4,6
D021409,O023050,RIDER1004,21,50,29,8.6,29
D021410,O023051,RIDER1686,70,70,29,0.4,0
D021411,O023052,RIDER1539,37,39,36,5.0,2
D021412,O023053,RIDER0686,26,21,24,1.0,0
D021413,O023054,RIDER0189,24,37,31,1.9,13
D021414,O023055,RIDER0546,54,56,36,1.2,2
D021415,O023056,RIDER2194,27,48,39,2.5,21
D021416,O023057,RIDER2067,29,26,42,1.5,0
D021417,O023058,RIDER2213,29,32,35,2.3,3
D021418,O023061,RIDER0218,43,60,20,2.2,17
D021419,O023062,RIDER1114,26,46,23,2.4,20
D021420,O023063,RIDER1890,35,31,14,0.9,0
D021421,O023064,RIDER1323,32,59,35,0.7,27
D021422,O023065,RIDER1066,33,65,15,3.1,32
D021423,O023066,RIDER0474,29,24,20,2.5,0
D021424,O023067,RIDER1469,25,55,41,1.6,30
D021425,O023068,RIDER1532,36,62,34,2.3,26
D021426,O023069,RIDER0802,36,59,21,1.8,23
D021427,O023070,RIDER2071,25,21,14,2.9,0
D021428,O023071,RIDER0809,27,24,31,8.3,0
D021429,O023072,RIDER0957,36,66,17,2.5,30
D021430,O023073,RIDER0612,52,47,31,6.9,0
D021431,O023074,RIDER1856,32,27,37,2.4,0
D021432,O023075,RIDER0396,35,32,15,1.6,0
D021433,O023076,RIDER0628,42,39,24,8.1,0
D021434,O023077,RIDER1918,31,37,38,1.9,6
D021435,O023078,RIDER0797,29,30,39,2.7,1
D021436,O023079,RIDER0142,28,27,22,9.7,0
D021437,O023080,RIDER1373,46,74,24,3.8,28
D021438,O023082,RIDER2160,41,52,23,0.7,11
D021439,O023083,RIDER1274,30,37,35,3.0,7
D021440,O023084,RIDER1825,57,55,37,3.8,0
D021441,O023085,RIDER0112,25,24,31,2.5,0
D021442,O023086,RIDER0867,39,43,35,0.9,4
D021443,O023087,RIDER0881,23,57,14,4.8,34
D021444,O023088,RIDER1821,30,29,40,1.6,0
D021445,O023089,RIDER2045,31,40,15,4.7,9
D021446,O023090,RIDER2493,25,28,31,4.6,3
D021447,O023091,RIDER0286,37,32,33,3.3,0
D021448,O023092,RIDER1098,47,49,37,2.3,2
D021449,O023093,RIDER1397,24,27,24,2.7,3
D021450,O023094,RIDER0975,27,39,31,1.9,12
D021451,O023095,RIDER1894,37,62,41,2.6,25
D021452,O023096,RIDER2130,39,51,16,2.0,12
D021453,O023097,RIDER1718,36,40,42,0.7,4
D021454,O023098,RIDER0799,18,21,14,1.0,3
D021455,O023099,RIDER2349,33,48,14,1.0,15
D021456,O023100,RIDER1904,35,39,14,4.9,4
D021457,O023101,RIDER2044,28,61,23,3.4,33
D021458,O023102,RIDER0574,33,30,14,3.8,0
D021459,O023103,RIDER0248,29,30,29,2.0,1
D021460,O023104,RIDER1633,28,34,21,0.5,6
D021461,O023106,RIDER0557,44,48,31,5.9,4
D021462,O023107,RIDER0109,22,18,28,9.3,0
D021463,O023108,RIDER1725,32,35,37,1.7,3
D021464,O023109,RIDER0363,23,28,37,1.0,5
D021465,O023110,RIDER1911,24,29,16,1.0,5
D021466,O023111,RIDER1532,26,28,38,1.5,2
D021467,O023112,RIDER2230,33,36,14,1.4,3
D021468,O023113,RIDER0619,40,45,42,4.7,5
D021469,O023115,RIDER1875,30,27,14,3.0,0
D021470,O023116,RIDER1463,24,21,33,6.6,0
D021471,O023117,RIDER0303,33,34,31,3.7,1
D021472,O023118,RIDER2295,34,30,36,2.6,0
D021473,O023119,RIDER1068,36,37,30,3.9,1
D021474,O023120,RIDER1637,21,23,28,7.0,2
D021475,O023121,RIDER1546,44,54,33,4.8,10
D021476,O023122,RIDER1682,28,26,24,0.3,0
D021477,O023123,RIDER1647,32,37,27,2.6,5
D021478,O023125,RIDER2472,30,39,24,3.7,9
D021479,O023126,RIDER0386,37,35,28,0.1,0
D021480,O023127,RIDER1611,27,31,31,3.4,4
D021481,O023128,RIDER1533,28,59,30,0.6,31
D021482,O023129,RIDER0214,32,47,16,1.2,15
D021483,O023130,RIDER1880,34,32,29,0.6,0
D021484,O023131,RIDER1888,47,42,37,1.9,0
D021485,O023132,RIDER0119,25,22,33,10.3,0
D021486,O023133,RIDER0413,25,41,38,3.6,16
D021487,O023134,RIDER0032,28,29,33,2.4,1
D021488,O023135,RIDER0349,22,17,19,5.5,0
D021489,O023136,RIDER2326,68,71,15,3.0,3
D021490,O023137,RIDER0295,30,57,41,5.4,27
D021491,O023138,RIDER0706,28,38,14,1.9,10
D021492,O023139,RIDER1922,26,33,29,0.4,7
D021493,O023140,RIDER1726,21,27,21,1.0,6
D021494,O023142,RIDER0717,29,24,16,3.7,0
D021495,O023143,RIDER1233,30,55,40,9.5,25
D021496,O023144,RIDER2025,30,25,39,0.9,0
D021497,O023145,RIDER1882,22,23,33,3.0,1
D021498,O023146,RIDER1112,28,34,29,3.3,6
D021499,O023147,RIDER0298,38,62,24,4.9,24
D021500,O023148,RIDER0967,44,51,42,1.5,7
D021501,O023149,RIDER1581,28,31,31,7.3,3
D021502,O023150,RIDER1333,27,23,23,2.0,0
D021503,O023151,RIDER1832,32,42,14,4.0,10
D021504,O023152,RIDER0969,41,42,22,3.1,1
D021505,O023154,RIDER1446,39,42,38,0.5,3
D021506,O023155,RIDER1953,30,33,21,0.9,3
D021507,O023156,RIDER1258,29,31,15,4.2,2
D021508,O023157,RIDER2124,39,65,31,0.1,26
D021509,O023159,RIDER0520,29,24,31,1.2,0
D021510,O023160,RIDER0297,26,54,29,2.8,28
D021511,O023161,RIDER1386,28,29,21,0.2,1
D021512,O023162,RIDER1674,22,26,33,2.9,4
D021513,O023163,RIDER0501,26,32,23,2.9,6
D021514,O023164,RIDER2181,27,30,23,2.4,3
D021515,O023165,RIDER1772,35,47,15,3.8,12
D021516,O023166,RIDER1408,69,75,24,0.0,6
D021517,O023167,RIDER1954,27,27,35,1.0,0
D021518,O023168,RIDER0618,69,85,18,0.9,16
D021519,O023169,RIDER0817,39,37,14,4.2,0
D021520,O023170,RIDER0814,56,54,38,3.9,0
D021521,O023172,RIDER2497,24,39,14,5.7,15
D021522,O023173,RIDER0061,33,36,35,0.5,3
D021523,O023175,RIDER2051,53,57,17,2.4,4
D021524,O023176,RIDER2500,24,31,14,1.5,7
D021525,O023177,RIDER0638,38,34,31,0.9,0
D021526,O023178,RIDER0060,48,81,25,3.6,33
D021527,O023180,RIDER1693,33,63,24,2.3,30
D021528,O023181,RIDER0317,33,47,27,4.2,14
D021529,O023182,RIDER1005,33,29,27,5.5,0
D021530,O023183,RIDER2283,19,15,15,0.0,0
D021531,O023184,RIDER2468,50,53,41,5.5,3
D021532,O023185,RIDER1682,49,50,16,1.1,1
D021533,O023187,RIDER0035,36,41,20,5.0,5
D021534,O023188,RIDER2047,24,21,40,2.7,0
D021535,O023189,RIDER2408,34,41,24,0.3,7
D021536,O023190,RIDER1255,68,68,22,12.1,0
D021537,O023191,RIDER0384,36,69,40,1.5,33
D021538,O023192,RIDER0485,29,31,42,3.0,2
D021539,O023193,RIDER1146,28,31,34,8.3,3
D021540,O023195,RIDER0477,26,44,41,2.0,18
D021541,O023196,RIDER0481,27,23,21,1.6,0
D021542,O023197,RIDER1832,45,42,14,0.3,0
D021543,O023198,RIDER1803,54,56,15,1.0,2
D021544,O023199,RIDER0949,61,78,41,1.3,17
D021545,O023200,RIDER1138,37,37,16,2.3,0
D021546,O023201,RIDER1189,20,51,22,4.0,31
D021547,O023202,RIDER1107,37,51,14,2.0,14
D021548,O023203,RIDER1832,41,41,30,17.4,0
D021549,O023204,RIDER1631,52,63,14,2.2,11
D021550,O023205,RIDER0424,33,32,15,0.9,0
D021551,O023206,RIDER2133,35,38,14,6.7,3
D021552,O023207,RIDER2483,29,48,14,2.1,19
D021553,O023208,RIDER1593,42,40,38,5.3,0
D021554,O023209,RIDER0198,43,64,31,9.7,21
D021555,O023210,RIDER0948,45,73,29,5.8,28
D021556,O023211,RIDER0204,26,27,16,2.3,1
D021557,O023212,RIDER1964,23,25,36,6.0,2
D021558,O023213,RIDER1885,51,60,37,5.0,9
D021559,O023214,RIDER1516,45,46,18,2.0,1
D021560,O023215,RIDER2500,58,59,40,0.5,1
D021561,O023216,RIDER2049,38,42,22,5.9,4
D021562,O023217,RIDER0278,27,52,17,2.6,25
D021563,O023218,RIDER2008,24,27,29,1.9,3
D021564,O023219,RIDER2095,25,48,34,7.0,23
D021565,O023220,RIDER1982,29,32,41,6.0,3
D021566,O023221,RIDER0064,47,50,38,3.7,3
D021567,O023222,RIDER1800,35,38,30,1.7,3
D021568,O023223,RIDER0441,29,26,19,15.3,0
D021569,O023224,RIDER0111,24,27,41,0.6,3
D021570,O023225,RIDER2455,26,55,25,7.1,29
D021571,O023226,RIDER0447,32,38,30,3.4,6
D021572,O023227,RIDER2263,30,35,15,4.4,5
D021573,O023228,RIDER2307,43,49,14,4.4,6
D021574,O023229,RIDER1924,26,24,36,4.7,0
D021575,O023230,RIDER2397,24,22,14,6.1,0
D021576,O023231,RIDER2400,25,33,37,5.4,8
D021577,O023232,RIDER2042,30,26,28,3.4,0
D021578,O023234,RIDER1140,22,37,33,3.6,15
D021579,O023235,RIDER1782,35,68,42,10.0,33
D021580,O023236,RIDER2021,41,62,25,2.5,21
D021581,O023237,RIDER2377,42,41,24,5.4,0
D021582,O023239,RIDER2128,23,38,37,1.5,15
D021583,O023240,RIDER1714,37,34,17,3.0,0
D021584,O023241,RIDER2328,30,37,32,6.9,7
D021585,O023242,RIDER1292,32,30,39,0.4,0
D021586,O023243,RIDER1338,36,35,38,5.7,0
D021587,O023244,RIDER0519,26,24,33,3.7,0
D021588,O023245,RIDER0016,46,48,19,4.4,2
D021589,O023246,RIDER1112,31,28,36,0.9,0
D021590,O023247,RIDER0923,43,57,33,3.7,14
D021591,O023248,RIDER2218,29,48,38,1.1,19
D021592,O023249,RIDER1329,37,43,32,0.7,6
D021593,O023250,RIDER0904,24,37,28,1.0,13
D021594,O023251,RIDER0017,30,31,18,0.2,1
D021595,O023252,RIDER1963,28,24,19,2.2,0
D021596,O023253,RIDER2168,25,31,20,1.8,6
D021597,O023254,RIDER1427,33,55,23,3.5,22
D021598,O023255,RIDER0672,45,53,28,1.0,8
D021599,O023256,RIDER0619,28,55,31,1.1,27
D021600,O023257,RIDER0394,35,63,18,1.0,28
D021601,O023259,RIDER1894,33,36,24,2.9,3
D021602,O023260,RIDER2217,28,45,17,3.7,17
D021603,O023261,RIDER1001,30,29,24,7.3,0
D021604,O023262,RIDER1836,33,36,41,1.6,3
D021605,O023263,RIDER2425,26,27,36,0.9,1
D021606,O023264,RIDER0404,29,36,41,0.7,7
D021607,O023265,RIDER1834,28,27,27,2.8,0
D021608,O023266,RIDER2230,38,35,39,2.8,0
D021609,O023267,RIDER0361,34,38,39,2.0,4
D021610,O023268,RIDER0577,49,44,24,1.5,0
D021611,O023269,RIDER2366,30,26,37,3.8,0
D021612,O023270,RIDER0409,25,24,32,1.7,0
D021613,O023271,RIDER2258,41,37,28,3.4,0
D021614,O023273,RIDER0082,25,27,21,2.1,2
D021615,O023274,RIDER0205,34,37,18,5.4,3
D021616,O023275,RIDER1826,17,19,42,3.2,2
D021617,O023276,RIDER2453,26,47,23,3.3,21
D021618,O023277,RIDER0128,33,36,33,2.1,3
D021619,O023278,RIDER1102,29,24,14,0.9,0
D021620,O023279,RIDER2336,41,66,28,2.5,25
D021621,O023280,RIDER0090,37,59,36,4.9,22
D021622,O023281,RIDER2305,46,59,36,4.4,13
D021623,O023282,RIDER1716,38,52,39,1.3,14
D021624,O023283,RIDER1821,42,49,36,0.8,7
D021625,O023284,RIDER2262,20,22,31,3.7,2
D021626,O023285,RIDER0769,30,31,36,0.8,1
D021627,O023286,RIDER0013,26,32,33,4.3,6
D021628,O023287,RIDER2381,30,54,21,0.1,24
D021629,O023288,RIDER0542,42,38,18,3.7,0
D021630,O023289,RIDER0432,19,53,23,0.3,34
D021631,O023290,RIDER1941,22,25,25,1.5,3
D021632,O023291,RIDER0063,28,58,33,3.2,30
D021633,O023293,RIDER1445,54,49,41,4.3,0
D021634,O023294,RIDER1304,32,36,29,0.7,4
D021635,O023295,RIDER1724,51,51,29,1.7,0
D021636,O023296,RIDER0573,31,34,28,2.1,3
D021637,O023297,RIDER2411,24,24,41,2.4,0
D021638,O023298,RIDER2434,27,25,31,2.2,0
D021639,O023299,RIDER2353,29,29,17,2.7,0
D021640,O023301,RIDER1228,45,46,33,1.8,1
D021641,O023302,RIDER2424,20,15,14,3.5,0
D021642,O023303,RIDER2028,20,20,31,2.8,0
D021643,O023304,RIDER0455,34,32,38,0.8,0
D021644,O023305,RIDER2089,35,58,29,1.6,23
D021645,O023307,RIDER2387,31,56,19,7.0,25
D021646,O023308,RIDER2348,22,20,32,2.6,0
D021647,O023309,RIDER2397,43,38,25,4.3,0
D021648,O023310,RIDER2411,22,29,31,3.3,7
D021649,O023311,RIDER1607,40,61,29,5.1,21
D021650,O023312,RIDER1811,34,46,38,0.1,12
D021651,O023313,RIDER2240,21,18,22,1.2,0
D021652,O023314,RIDER2261,47,48,33,3.2,1
D021653,O023315,RIDER0311,34,61,22,1.0,27
D021654,O023316,RIDER0132,42,46,24,9.1,4
D021655,O023317,RIDER2100,23,18,21,5.3,0
D021656,O023318,RIDER2114,36,38,24,4.3,2
D021657,O023320,RIDER1121,30,61,37,1.1,31
D021658,O023321,RIDER1609,25,31,31,5.9,6
D021659,O023322,RIDER1438,31,36,14,2.9,5
D021660,O023323,RIDER1511,30,28,29,3.7,0
D021661,O023324,RIDER2476,32,38,31,3.0,6
D021662,O023325,RIDER1430,28,48,22,3.2,20
D021663,O023326,RIDER1295,27,34,32,1.6,7
D021664,O023327,RIDER0365,29,44,37,8.8,15
D021665,O023328,RIDER2283,37,71,37,1.3,34
D021666,O023329,RIDER1156,28,27,15,3.8,0
D021667,O023330,RIDER1110,36,32,42,1.9,0
D021668,O023331,RIDER1206,34,41,30,8.5,7
D021669,O023332,RIDER0428,45,45,31,2.9,0
D021670,O023333,RIDER1730,23,36,22,5.2,13
D021671,O023334,RIDER2403,26,47,28,2.9,21
D021672,O023335,RIDER0780,27,31,37,2.4,4
D021673,O023336,RIDER1322,31,29,36,1.4,0
D021674,O023337,RIDER0475,31,41,16,6.7,10
D021675,O023338,RIDER0420,33,49,22,2.4,16
D021676,O023339,RIDER2007,35,36,22,0.6,1
D021677,O023340,RIDER0478,27,32,31,2.6,5
D021678,O023341,RIDER1396,21,22,17,0.3,1
D021679,O023342,RIDER1639,37,35,16,8.5,0
D021680,O023343,RIDER0532,42,39,30,0.6,0
D021681,O023344,RIDER2485,27,25,38,1.6,0
D021682,O023345,RIDER2021,43,45,42,1.7,2
D021683,O023346,RIDER2443,29,27,25,12.9,0
D021684,O023347,RIDER1508,48,51,30,2.2,3
D021685,O023348,RIDER1081,35,41,24,1.8,6
D021686,O023349,RIDER1972,25,20,27,1.2,0
D021687,O023350,RIDER1000,23,19,22,3.4,0
D021688,O023351,RIDER1561,36,36,36,1.4,0
D021689,O023352,RIDER0512,27,26,33,0.8,0
D021690,O023353,RIDER0397,27,51,38,3.2,24
D021691,O023354,RIDER1891,42,58,35,2.8,16
D021692,O023356,RIDER1207,30,63,22,0.8,33
D021693,O023358,RIDER1673,34,31,27,2.1,0
D021694,O023359,RIDER0820,31,37,38,2.2,6
D021695,O023361,RIDER0052,45,67,32,2.6,22
D021696,O023362,RIDER1858,32,56,31,1.4,24
D021697,O023363,RIDER0743,23,22,39,4.2,0
D021698,O023364,RIDER0667,31,33,32,5.1,2
D021699,O023365,RIDER0790,38,40,28,3.0,2
D021700,O023366,RIDER0340,26,23,35,2.4,0
D021701,O023367,RIDER0982,28,25,21,3.0,0
D021702,O023368,RIDER0238,27,35,15,0.9,8
D021703,O023369,RIDER2152,36,34,33,3.9,0
D021704,O023370,RIDER0646,32,30,21,2.5,0
D021705,O023371,RIDER2132,20,25,21,2.9,5
D021706,O023372,RIDER2018,35,34,28,0.9,0
D021707,O023373,RIDER2278,21,23,28,4.9,2
D021708,O023374,RIDER1793,21,35,24,0.2,14
D021709,O023375,RIDER1495,32,54,22,1.5,22
D021710,O023376,RIDER2284,26,44,24,8.8,18
D021711,O023377,RIDER1178,20,52,37,2.3,32
D021712,O023378,RIDER2039,43,53,31,4.4,10
D021713,O023379,RIDER2163,31,31,15,8.9,0
D021714,O023380,RIDER0892,34,32,33,4.5,0
D021715,O023381,RIDER0157,35,47,20,0.3,12
D021716,O023382,RIDER2491,33,33,25,2.4,0
D021717,O023383,RIDER1556,43,54,28,5.9,11
D021718,O023385,RIDER2302,33,31,21,3.1,0
D021719,O023386,RIDER0661,37,37,28,2.9,0
D021720,O023387,RIDER1835,35,45,25,1.4,10
D021721,O023388,RIDER0828,29,32,29,5.8,3
D021722,O023389,RIDER2181,33,33,40,8.4,0
D021723,O023390,RIDER2087,68,77,16,9.4,9
D021724,O023391,RIDER0128,58,76,40,1.6,18
D021725,O023392,RIDER1385,20,52,16,4.9,32
D021726,O023393,RIDER1007,37,47,14,2.6,10
D021727,O023394,RIDER2454,34,38,30,2.6,4
D021728,O023395,RIDER1207,27,24,14,2.0,0
D021729,O023396,RIDER0571,20,27,40,9.1,7
D021730,O023397,RIDER0896,22,23,24,4.4,1
D021731,O023398,RIDER1607,40,61,25,1.1,21
D021732,O023399,RIDER0420,26,29,25,3.0,3
D021733,O023400,RIDER1458,34,39,14,3.2,5
D021734,O023401,RIDER2387,34,33,36,3.5,0
D021735,O023402,RIDER2426,27,22,25,0.5,0
D021736,O023403,RIDER0887,30,29,22,0.7,0
D021737,O023404,RIDER2004,20,32,30,2.5,12
D021738,O023406,RIDER1287,33,57,14,1.4,24
D021739,O023407,RIDER1171,70,85,38,12.6,15
D021740,O023408,RIDER2277,40,68,15,4.5,28
D021741,O023410,RIDER1213,40,47,35,1.7,7
D021742,O023411,RIDER1894,32,63,42,3.2,31
D021743,O023412,RIDER1833,22,29,25,1.6,7
D021744,O023414,RIDER1638,19,16,24,6.8,0
D021745,O023415,RIDER2005,39,62,40,0.6,23
D021746,O023416,RIDER1589,25,21,28,5.1,0
D021747,O023417,RIDER2175,29,54,35,7.7,25
D021748,O023418,RIDER0692,31,34,21,5.0,3
D021749,O023419,RIDER0571,25,47,20,7.7,22
D021750,O023420,RIDER2116,30,35,33,5.6,5
D021751,O023421,RIDER2490,30,25,31,1.1,0
D021752,O023422,RIDER0620,23,48,14,4.7,25
D021753,O023423,RIDER2056,28,32,34,7.3,4
D021754,O023424,RIDER1602,32,51,16,11.0,19
D021755,O023425,RIDER2079,25,20,16,8.0,0
D021756,O023426,RIDER1682,46,50,29,0.8,4
D021757,O023427,RIDER1085,28,49,39,0.5,21
D021758,O023428,RIDER2391,34,37,27,0.2,3
D021759,O023429,RIDER0558,34,46,21,0.9,12
D021760,O023430,RIDER0465,35,50,16,2.5,15
D021761,O023431,RIDER0936,35,39,42,1.5,4
D021762,O023432,RIDER1973,25,49,29,3.7,24
D021763,O023433,RIDER1477,36,34,33,4.2,0
D021764,O023434,RIDER2252,23,25,15,1.7,2
D021765,O023435,RIDER0117,26,39,28,1.2,13
D021766,O023436,RIDER1494,27,57,28,2.5,30
D021767,O023437,RIDER0378,37,38,37,3.0,1
D021768,O023438,RIDER0114,32,30,14,3.7,0
D021769,O023439,RIDER0089,31,30,17,1.5,0
D021770,O023440,RIDER0743,29,27,21,7.5,0
D021771,O023441,RIDER1166,26,25,37,4.7,0
D021772,O023442,RIDER0679,33,38,22,1.6,5
D021773,O023443,RIDER2289,39,36,35,5.2,0
D021774,O023444,RIDER1538,56,74,14,3.4,18
D021775,O023445,RIDER0248,26,36,15,4.0,10
D021776,O023446,RIDER1968,23,27,36,1.2,4
D021777,O023447,RIDER2122,24,20,15,3.3,0
D021778,O023448,RIDER0303,33,46,27,8.4,13
D021779,O023449,RIDER1753,36,60,39,1.4,24
D021780,O023450,RIDER0887,38,33,32,0.2,0
D021781,O023451,RIDER2279,37,62,31,0.4,25
D021782,O023452,RIDER1675,39,37,31,9.6,0
D021783,O023453,RIDER1063,30,33,31,7.0,3
D021784,O023454,RIDER1026,37,36,28,7.3,0
D021785,O023455,RIDER2016,33,37,30,4.2,4
D021786,O023456,RIDER1078,49,51,32,4.1,2
D021787,O023457,RIDER0900,49,45,37,1.1,0
D021788,O023458,RIDER1237,21,26,23,1.2,5
D021789,O023459,RIDER0031,18,22,22,0.1,4
D021790,O023460,RIDER1046,34,34,16,2.0,0
D021791,O023461,RIDER2313,20,38,36,4.1,18
D021792,O023462,RIDER1341,24,24,21,2.3,0
D021793,O023463,RIDER2082,25,26,22,4.7,1
D021794,O023464,RIDER1937,47,54,15,2.8,7
D021795,O023465,RIDER1144,35,64,19,4.3,29
D021796,O023466,RIDER1599,36,37,25,1.1,1
D021797,O023467,RIDER1196,35,33,34,2.2,0
D021798,O023468,RIDER0540,33,43,33,2.6,10
D021799,O023469,RIDER0255,28,25,24,5.8,0
D021800,O023470,RIDER2387,21,43,21,1.2,22
D021801,O023471,RIDER1698,66,75,22,10.3,9
D021802,O023472,RIDER2265,19,19,41,1.9,0
D021803,O023473,RIDER2406,35,35,37,2.8,0
D021804,O023474,RIDER0251,33,51,14,0.8,18
D021805,O023475,RIDER0431,19,20,23,7.6,1
D021806,O023476,RIDER2490,54,60,32,6.0,6
D021807,O023477,RIDER1872,28,33,23,8.2,5
D021808,O023478,RIDER1837,36,38,28,3.5,2
D021809,O023479,RIDER1707,49,50,29,2.3,1
D021810,O023480,RIDER0804,33,34,40,2.5,1
D021811,O023481,RIDER0079,43,38,16,1.5,0
D021812,O023482,RIDER1733,26,48,14,1.2,22
D021813,O023483,RIDER0870,46,57,42,4.2,11
D021814,O023484,RIDER1981,46,65,28,1.7,19
D021815,O023485,RIDER0048,30,26,30,1.4,0
D021816,O023486,RIDER0624,39,37,29,3.6,0
D021817,O023487,RIDER0590,26,27,15,1.6,1
D021818,O023488,RIDER0384,26,29,30,4.8,3
D021819,O023489,RIDER1775,24,31,25,4.2,7
D021820,O023490,RIDER0393,61,68,18,0.3,7
D021821,O023491,RIDER1108,34,37,29,1.1,3
D021822,O023493,RIDER1688,30,55,37,3.7,25
D021823,O023494,RIDER1519,27,43,29,1.9,16
D021824,O023495,RIDER0392,50,59,21,3.7,9
D021825,O023496,RIDER1635,25,27,41,0.9,2
D021826,O023497,RIDER0296,30,29,30,3.0,0
D021827,O023498,RIDER1567,23,20,33,5.3,0
D021828,O023499,RIDER1875,28,26,21,4.2,0
D021829,O023500,RIDER0050,42,47,28,2.8,5
D021830,O023501,RIDER2287,30,64,27,0.1,34
D021831,O023502,RIDER0938,28,35,15,6.3,7
D021832,O023503,RIDER0316,27,55,20,3.5,28
D021833,O023504,RIDER0447,35,58,14,1.0,23
D021834,O023505,RIDER1766,25,20,29,3.3,0
D021835,O023506,RIDER2082,21,18,42,2.0,0
D021836,O023507,RIDER2270,27,34,25,0.4,7
D021837,O023508,RIDER1238,28,53,38,1.7,25
D021838,O023509,RIDER0377,37,54,27,3.7,17
D021839,O023510,RIDER0448,31,34,31,9.5,3
D021840,O023511,RIDER2248,23,44,20,10.1,21
D021841,O023512,RIDER0963,25,36,18,1.0,11
D021842,O023513,RIDER0483,36,31,36,10.1,0
D021843,O023514,RIDER0795,30,25,16,1.3,0
D021844,O023515,RIDER2361,38,59,22,1.4,21
D021845,O023516,RIDER0512,55,72,34,0.6,17
D021846,O023517,RIDER0031,41,74,31,5.6,33
D021847,O023518,RIDER1948,28,51,36,3.2,23
D021848,O023519,RIDER2309,39,48,38,1.8,9
D021849,O023520,RIDER1309,31,63,15,10.3,32
D021850,O023521,RIDER0674,46,43,15,5.0,0
D021851,O023522,RIDER1644,46,42,25,3.7,0
D021852,O023523,RIDER1872,34,58,38,4.2,24
D021853,O023524,RIDER1310,29,33,30,7.5,4
D021854,O023525,RIDER0571,20,18,17,3.1,0
D021855,O023527,RIDER1456,36,43,41,0.9,7
D021856,O023529,RIDER1418,32,32,28,5.4,0
D021857,O023530,RIDER1049,29,46,31,1.5,17
D021858,O023532,RIDER2302,25,23,41,5.9,0
D021859,O023533,RIDER0634,41,73,22,1.2,32
D021860,O023534,RIDER0180,24,26,38,2.7,2
D021861,O023535,RIDER0038,47,75,27,3.1,28
D021862,O023536,RIDER1895,24,24,31,1.5,0
D021863,O023537,RIDER1504,19,26,38,6.0,7
D021864,O023538,RIDER0802,30,34,27,3.3,4
D021865,O023539,RIDER1778,31,32,15,1.0,1
D021866,O023540,RIDER1705,26,30,20,1.4,4
D021867,O023541,RIDER0273,32,29,42,1.5,0
D021868,O023542,RIDER0994,26,50,41,3.7,24
D021869,O023543,RIDER1256,57,75,28,0.7,18
D021870,O023544,RIDER0568,38,35,25,4.2,0
D021871,O023545,RIDER2448,28,58,23,1.6,30
D021872,O023546,RIDER0522,32,49,21,1.6,17
D021873,O023547,RIDER1184,28,37,17,9.2,9
D021874,O023548,RIDER0021,36,36,21,4.4,0
D021875,O023549,RIDER0115,20,22,31,0.7,2
D021876,O023550,RIDER0251,46,56,25,1.5,10
D021877,O023551,RIDER1660,28,29,26,6.1,1
D021878,O023553,RIDER2379,34,34,42,8.4,0
D021879,O023554,RIDER1782,35,59,37,4.0,24
D021880,O023555,RIDER1714,42,37,31,7.6,0
D021881,O023556,RIDER1782,42,37,32,2.4,0
D021882,O023557,RIDER0173,28,24,39,5.7,0
D021883,O023558,RIDER2368,49,48,21,3.0,0
D021884,O023559,RIDER1539,70,92,40,1.0,22
D021885,O023560,RIDER0236,34,48,22,7.7,14
D021886,O023561,RIDER0426,25,40,21,1.6,15
D021887,O023562,RIDER0123,31,65,42,0.7,34
D021888,O023563,RIDER1767,24,49,38,0.2,25
D021889,O023564,RIDER0831,70,78,16,2.5,8
D021890,O023566,RIDER2150,23,22,37,2.7,0
D021891,O023567,RIDER1699,27,39,27,5.2,12
D021892,O023568,RIDER2183,35,32,40,3.2,0
D021893,O023569,RIDER1086,25,32,16,0.5,7
D021894,O023570,RIDER2105,26,26,16,4.4,0
D021895,O023571,RIDER0536,33,31,38,4.2,0
D021896,O023572,RIDER0031,43,46,28,4.1,3
D021897,O023573,RIDER2313,41,39,30,0.9,0
D021898,O023574,RIDER1317,30,29,29,4.4,0
D021899,O023575,RIDER0894,43,39,33,14.2,0
D021900,O023576,RIDER1893,38,44,28,1.2,6
D021901,O023577,RIDER1493,51,64,15,4.4,13
D021902,O023578,RIDER1318,22,20,40,2.6,0
D021903,O023579,RIDER2227,49,52,18,0.2,3
D021904,O023580,RIDER0221,26,57,32,2.2,31
D021905,O023581,RIDER0616,70,68,27,2.2,0
D021906,O023582,RIDER2445,37,38,29,2.1,1
D021907,O023583,RIDER0262,38,71,37,2.7,33
D021908,O023584,RIDER1848,35,30,31,3.5,0
D021909,O023585,RIDER2265,30,33,27,0.9,3
D021910,O023586,RIDER1043,49,78,30,2.7,29
D021911,O023587,RIDER2228,28,27,14,1.0,0
D021912,O023588,RIDER1914,28,53,16,7.0,25
D021913,O023589,RIDER1022,24,27,30,1.3,3
D021914,O023590,RIDER0815,43,44,14,3.7,1
D021915,O023591,RIDER2467,39,52,34,5.4,13
D021916,O023592,RIDER1312,33,43,17,2.5,10
D021917,O023593,RIDER1372,44,52,19,4.0,8
D021918,O023594,RIDER0899,58,62,30,3.9,4
D021919,O023595,RIDER0223,53,51,42,7.2,0
D021920,O023596,RIDER0310,23,38,33,9.2,15
D021921,O023597,RIDER1070,28,25,28,0.5,0
D021922,O023598,RIDER1289,41,39,33,4.6,0
D021923,O023599,RIDER2242,33,28,39,3.9,0
D021924,O023600,RIDER0811,23,41,30,9.7,18
D021925,O023601,RIDER1548,27,49,31,13.5,22
D021926,O023602,RIDER1287,48,49,37,4.7,1
D021927,O023603,RIDER1491,31,61,22,3.7,30
D021928,O023605,RIDER0578,53,67,25,3.7,14
D021929,O023606,RIDER0679,28,52,32,7.9,24
D021930,O023607,RIDER1111,27,34,14,8.6,7
D021931,O023608,RIDER0383,37,43,32,3.4,6
D021932,O023609,RIDER1605,53,72,14,0.2,19
D021933,O023610,RIDER0738,19,22,40,3.3,3
D021934,O023611,RIDER0270,37,35,42,5.3,0
D021935,O023612,RIDER2039,26,28,29,14.1,2
D021936,O023613,RIDER0406,33,49,42,3.3,16
D021937,O023614,RIDER2312,35,43,39,4.9,8
D021938,O023615,RIDER0576,32,51,31,5.1,19
D021939,O023616,RIDER1706,30,31,37,6.9,1
D021940,O023617,RIDER0331,24,25,27,4.2,1
D021941,O023618,RIDER0212,26,49,31,11.0,23
D021942,O023619,RIDER1119,46,51,28,2.6,5
D021943,O023620,RIDER0174,40,56,27,1.5,16
D021944,O023621,RIDER1548,21,21,28,2.4,0
D021945,O023622,RIDER0654,34,31,25,1.1,0
D021946,O023623,RIDER0854,24,21,42,2.4,0
D021947,O023624,RIDER0039,28,31,23,1.7,3
D021948,O023625,RIDER0810,38,37,20,0.8,0
D021949,O023626,RIDER0029,58,67,31,1.6,9
D021950,O023627,RIDER0463,34,63,15,1.6,29
D021951,O023628,RIDER0733,36,43,38,0.5,7
D021952,O023629,RIDER0893,24,30,16,2.5,6
D021953,O023630,RIDER0450,23,20,30,1.9,0
D021954,O023631,RIDER2337,24,30,22,1.0,6
D021955,O023632,RIDER1271,32,52,42,3.8,20
D021956,O023633,RIDER2129,17,20,32,2.7,3
D021957,O023634,RIDER0073,61,95,25,3.6,34
D021958,O023635,RIDER2324,36,68,18,0.3,32
D021959,O023636,RIDER2076,20,27,42,6.2,7
D021960,O023637,RIDER2022,24,36,26,1.5,12
D021961,O023638,RIDER1573,34,65,25,4.1,31
D021962,O023639,RIDER0155,26,24,31,7.8,0
D021963,O023640,RIDER1038,30,32,25,2.9,2
D021964,O023641,RIDER2266,40,41,42,3.5,1
D021965,O023642,RIDER1944,38,45,15,3.2,7
D021966,O023643,RIDER0630,24,24,24,1.8,0
D021967,O023644,RIDER1642,38,33,42,0.4,0
D021968,O023646,RIDER0754,28,24,30,1.1,0
D021969,O023647,RIDER2408,23,23,18,7.1,0
D021970,O023648,RIDER1498,42,46,19,2.0,4
D021971,O023649,RIDER1154,31,26,28,1.9,0
D021972,O023650,RIDER1768,42,53,30,2.4,11
D021973,O023651,RIDER0263,45,75,15,0.7,30
D021974,O023653,RIDER1985,24,32,37,3.4,8
D021975,O023654,RIDER1450,21,35,14,1.8,14
D021976,O023655,RIDER0138,29,34,31,8.0,5
D021977,O023656,RIDER0957,23,55,37,5.2,32
D021978,O023657,RIDER1765,56,56,41,4.9,0
D021979,O023658,RIDER1451,36,58,34,5.7,22
D021980,O023659,RIDER0459,29,62,14,2.1,33
D021981,O023660,RIDER0525,36,40,16,14.4,4
D021982,O023661,RIDER1238,24,20,38,1.7,0
D021983,O023662,RIDER2431,36,69,14,1.4,33
D021984,O023663,RIDER1686,55,73,37,15.0,18
D021985,O023664,RIDER1318,26,25,36,8.7,0
D021986,O023665,RIDER1403,36,36,22,4.2,0
D021987,O023666,RIDER0265,43,41,27,6.2,0
D021988,O023667,RIDER2137,28,29,14,3.0,1
D021989,O023668,RIDER1571,32,36,33,1.8,4
D021990,O023669,RIDER1442,37,68,39,1.6,31
D021991,O023670,RIDER1658,20,24,31,2.1,4
D021992,O023671,RIDER0914,20,24,30,0.8,4
D021993,O023672,RIDER1086,64,62,35,0.4,0
D021994,O023673,RIDER0265,41,45,37,2.6,4
D021995,O023674,RIDER1921,28,47,14,0.2,19
D021996,O023675,RIDER2194,38,57,18,1.4,19
D021997,O023676,RIDER1228,22,52,16,2.2,30
D021998,O023677,RIDER2497,32,36,33,4.5,4
D021999,O023678,RIDER0857,60,66,14,1.5,6
D022000,O023679,RIDER0745,29,46,29,1.3,17
D022001,O023680,RIDER1096,34,68,19,1.2,34
D022002,O023681,RIDER1867,50,67,40,2.7,17
D022003,O023682,RIDER0546,42,48,20,1.5,6
D022004,O023683,RIDER0538,43,47,18,7.7,4
D022005,O023684,RIDER1700,22,24,31,4.0,2
D022006,O023685,RIDER1009,44,39,14,3.0,0
D022007,O023686,RIDER2322,25,32,14,1.6,7
D022008,O023687,RIDER1216,37,63,25,4.3,26
D022009,O023688,RIDER2177,41,46,19,4.2,5
D022010,O023689,RIDER0854,45,49,23,3.1,4
D022011,O023690,RIDER0713,28,26,22,5.7,0
D022012,O023691,RIDER2234,24,24,30,3.5,0
D022013,O023692,RIDER1788,31,29,22,1.9,0
D022014,O023693,RIDER1970,30,29,17,2.8,0
D022015,O023694,RIDER2423,39,62,18,1.0,23
D022016,O023695,RIDER2203,31,28,41,2.1,0
D022017,O023696,RIDER0059,22,18,17,1.4,0
D022018,O023697,RIDER1467,25,23,18,8.7,0
D022019,O023698,RIDER2039,38,44,18,2.4,6
D022020,O023700,RIDER1520,49,53,18,5.5,4
D022021,O023701,RIDER1098,28,57,22,1.0,29
D022022,O023702,RIDER2360,32,29,15,0.8,0
D022023,O023703,RIDER1528,32,39,32,4.5,7
D022024,O023704,RIDER1589,29,33,31,1.6,4
D022025,O023705,RIDER1341,38,51,28,2.9,13
D022026,O023706,RIDER1241,26,27,32,0.3,1
D022027,O023707,RIDER1426,39,38,31,3.4,0
D022028,O023708,RIDER1065,47,53,36,4.8,6
D022029,O023710,RIDER2311,35,65,36,6.7,30
D022030,O023711,RIDER1446,19,43,21,11.9,24
D022031,O023712,RIDER1917,26,24,41,3.1,0
D022032,O023713,RIDER0511,24,29,31,1.4,5
D022033,O023714,RIDER2380,40,74,33,7.2,34
D022034,O023715,RIDER1406,31,37,25,0.4,6
D022035,O023716,RIDER0809,24,48,38,3.2,24
D022036,O023717,RIDER1621,39,42,40,5.3,3
D022037,O023718,RIDER2094,37,43,37,4.0,6
D022038,O023719,RIDER1667,52,66,21,4.1,14
D022039,O023720,RIDER2429,31,37,34,4.1,6
D022040,O023721,RIDER2324,19,27,28,0.2,8
D022041,O023722,RIDER0754,22,22,27,0.5,0
D022042,O023723,RIDER1389,25,29,41,3.2,4
D022043,O023724,RIDER1936,37,35,14,10.8,0
D022044,O023726,RIDER1161,40,41,15,4.6,1
D022045,O023727,RIDER1547,41,41,17,0.9,0
D022046,O023728,RIDER1573,32,58,37,0.9,26
D022047,O023729,RIDER0517,43,45,15,4.6,2
D022048,O023730,RIDER2475,38,42,41,0.1,4
D022049,O023731,RIDER0396,48,45,37,1.1,0
D022050,O023732,RIDER0909,37,62,41,1.1,25
D022051,O023733,RIDER0172,31,43,33,1.8,12
D022052,O023734,RIDER1611,20,15,40,0.3,0
D022053,O023735,RIDER1897,42,39,27,5.3,0
D022054,O023736,RIDER0106,30,36,28,5.1,6
D022055,O023737,RIDER1065,41,37,22,1.1,0
D022056,O023738,RIDER0435,28,24,39,4.6,0
D022057,O023739,RIDER2132,25,43,42,1.9,18
D022058,O023740,RIDER0473,41,41,16,11.5,0
D022059,O023741,RIDER2329,29,42,31,2.6,13
D022060,O023742,RIDER0812,17,19,14,7.4,2
D022061,O023743,RIDER1067,32,33,31,7.1,1
D022062,O023744,RIDER2473,28,49,31,0.1,21
D022063,O023745,RIDER1069,22,39,24,8.9,17
D022064,O023747,RIDER2190,38,34,18,4.6,0
D022065,O023748,RIDER2328,25,29,38,3.9,4
D022066,O023749,RIDER1673,24,24,29,3.1,0
D022067,O023750,RIDER1266,36,33,25,5.9,0
D022068,O023751,RIDER0663,37,64,28,6.9,27
D022069,O023752,RIDER1397,23,56,15,1.2,33
D022070,O023753,RIDER2124,37,40,36,0.8,3
D022071,O023754,RIDER0909,27,40,41,1.7,13
D022072,O023755,RIDER0794,23,39,31,1.1,16
D022073,O023756,RIDER0661,28,35,42,1.1,7
D022074,O023757,RIDER0250,30,61,42,4.6,31
D022075,O023758,RIDER2190,37,41,31,0.9,4
D022076,O023759,RIDER1988,29,36,36,1.2,7
D022077,O023760,RIDER0741,28,27,21,1.2,0
D022078,O023761,RIDER1110,23,57,31,3.1,34
D022079,O023762,RIDER0307,24,25,19,0.9,1
D022080,O023763,RIDER2157,32,66,22,0.7,34
D022081,O023764,RIDER0029,36,38,16,4.1,2
D022082,O023765,RIDER1673,25,30,36,3.5,5
D022083,O023766,RIDER0808,40,35,28,0.7,0
D022084,O023767,RIDER0029,23,25,32,0.4,2
D022085,O023768,RIDER0656,52,57,35,0.6,5
D022086,O023769,RIDER0039,28,27,18,0.7,0
D022087,O023770,RIDER1388,31,31,38,2.1,0
D022088,O023771,RIDER1686,27,28,38,1.9,1
D022089,O023772,RIDER1813,27,34,31,9.7,7
D022090,O023773,RIDER0863,22,54,26,0.2,32
D022091,O023774,RIDER2168,34,63,16,5.1,29
D022092,O023775,RIDER2397,27,22,29,2.3,0
D022093,O023776,RIDER1278,25,20,31,0.9,0
D022094,O023777,RIDER2197,32,36,25,5.1,4
D022095,O023778,RIDER0414,34,48,14,3.1,14
D022096,O023779,RIDER0250,34,41,30,4.5,7
D022097,O023780,RIDER1459,42,49,17,0.2,7
D022098,O023782,RIDER2017,23,24,22,3.0,1
D022099,O023783,RIDER1689,43,45,34,4.9,2
D022100,O023784,RIDER0332,34,61,21,1.3,27
D022101,O023785,RIDER1772,46,53,14,0.9,7
D022102,O023786,RIDER0545,25,20,15,5.3,0
D022103,O023787,RIDER0816,26,31,21,3.5,5
D022104,O023788,RIDER1905,27,23,40,0.6,0
D022105,O023789,RIDER1443,29,25,27,3.5,0
D022106,O023790,RIDER1030,36,42,21,5.5,6
D022107,O023791,RIDER1801,27,30,33,0.2,3
D022108,O023792,RIDER0765,49,52,24,0.9,3
D022109,O023793,RIDER0189,25,23,39,4.3,0
D022110,O023794,RIDER1329,22,50,28,1.2,28
D022111,O023795,RIDER1051,32,28,29,7.8,0
D022112,O023797,RIDER1816,50,77,22,2.4,27
D022113,O023798,RIDER1421,49,67,18,1.2,18
D022114,O023799,RIDER0453,27,33,33,1.3,6
D022115,O023800,RIDER0214,51,75,31,5.5,24
D022116,O023801,RIDER0693,26,25,32,1.4,0
D022117,O023802,RIDER2239,26,27,31,2.1,1
D022118,O023803,RIDER2236,25,35,38,2.7,10
D022119,O023804,RIDER0720,39,38,24,2.9,0
D022120,O023806,RIDER1459,25,25,35,3.5,0
D022121,O023807,RIDER2438,23,19,39,2.9,0
D022122,O023808,RIDER0024,25,26,31,3.3,1
D022123,O023809,RIDER0050,25,21,23,5.9,0
D022124,O023810,RIDER0333,24,27,37,3.7,3
D022125,O023811,RIDER1109,32,54,14,2.9,22
D022126,O023812,RIDER1150,42,44,37,2.7,2
D022127,O023813,RIDER2249,24,29,34,0.8,5
D022128,O023814,RIDER1340,28,24,41,3.0,0
D022129,O023815,RIDER0873,57,83,38,2.1,26
D022130,O023816,RIDER0941,38,57,26,2.5,19
D022131,O023817,RIDER0863,40,36,39,2.1,0
D022132,O023818,RIDER2321,31,32,33,3.6,1
D022133,O023819,RIDER0673,29,29,23,1.5,0
D022134,O023820,RIDER0098,37,39,14,2.7,2
D022135,O023821,RIDER0660,27,31,31,1.1,4
D022136,O023822,RIDER1883,20,25,42,4.2,5
D022137,O023823,RIDER2459,54,50,42,7.7,0
D022138,O023824,RIDER1994,30,29,38,2.8,0
D022139,O023825,RIDER1406,26,21,32,1.4,0
D022140,O023826,RIDER0383,34,44,15,1.9,10
D022141,O023827,RIDER0107,29,37,38,3.4,8
D022142,O023828,RIDER1385,38,51,39,1.2,13
D022143,O023830,RIDER2100,37,56,25,2.6,19
D022144,O023831,RIDER0221,24,20,29,0.2,0
D022145,O023832,RIDER0273,35,41,18,2.6,6
D022146,O023833,RIDER0130,20,28,21,3.2,8
D022147,O023835,RIDER1720,41,59,31,1.9,18
D022148,O023836,RIDER2434,27,26,15,6.7,0
D022149,O023838,RIDER0763,27,33,24,2.6,6
D022150,O023840,RIDER0164,22,45,25,1.4,23
D022151,O023841,RIDER1459,57,67,24,2.7,10
D022152,O023842,RIDER2185,32,53,25,0.7,21
D022153,O023843,RIDER2081,31,29,38,0.4,0
D022154,O023844,RIDER0861,29,28,19,1.5,0
D022155,O023845,RIDER1180,39,41,14,1.4,2
D022156,O023846,RIDER1127,20,17,25,6.5,0
D022157,O023847,RIDER2183,28,34,14,6.2,6
D022158,O023848,RIDER0278,39,64,26,3.2,25
D022159,O023849,RIDER0231,26,33,17,2.2,7
D022160,O023850,RIDER0798,18,50,21,0.3,32
D022161,O023851,RIDER2060,28,28,42,2.2,0
D022162,O023852,RIDER1915,25,21,39,7.6,0
D022163,O023853,RIDER1648,31,28,42,4.6,0
D022164,O023854,RIDER0406,28,25,21,1.4,0
D022165,O023855,RIDER2274,29,36,36,3.6,7
D022166,O023856,RIDER2161,29,25,23,16.7,0
D022167,O023857,RIDER1648,29,35,30,6.3,6
D022168,O023858,RIDER0617,34,39,31,4.0,5
D022169,O023859,RIDER1237,21,23,21,0.4,2
D022170,O023860,RIDER0422,38,69,30,1.6,31
D022171,O023861,RIDER1906,31,53,38,2.8,22
D022172,O023862,RIDER1391,24,20,25,6.6,0
D022173,O023863,RIDER2266,21,27,23,7.8,6
D022174,O023864,RIDER0651,25,27,14,1.0,2
D022175,O023865,RIDER0165,30,29,33,3.7,0
D022176,O023866,RIDER1606,33,37,16,4.9,4
D022177,O023868,RIDER1062,34,32,22,2.7,0
D022178,O023869,RIDER0193,26,57,18,6.7,31
D022179,O023871,RIDER1705,27,29,40,0.8,2
D022180,O023872,RIDER0268,34,34,14,2.7,0
D022181,O023873,RIDER0102,29,32,38,0.5,3
D022182,O023874,RIDER1679,26,32,21,1.3,6
D022183,O023875,RIDER0942,36,31,39,0.8,0
D022184,O023876,RIDER0393,21,17,35,1.0,0
D022185,O023878,RIDER1029,27,54,18,0.5,27
D022186,O023879,RIDER1878,27,30,34,2.9,3
D022187,O023880,RIDER2238,30,36,31,0.5,6
D022188,O023881,RIDER1712,37,33,23,1.0,0
D022189,O023882,RIDER1304,54,75,16,1.8,21
D022190,O023883,RIDER1586,21,22,42,5.3,1
D022191,O023884,RIDER1812,26,40,32,3.3,14
D022192,O023885,RIDER0742,37,36,17,0.5,0
D022193,O023886,RIDER0796,32,64,20,10.1,32
D022194,O023887,RIDER0426,23,26,25,0.2,3
D022195,O023888,RIDER2130,18,21,26,0.9,3
D022196,O023889,RIDER1478,44,44,21,2.3,0
D022197,O023890,RIDER1458,28,48,30,5.9,20
D022198,O023891,RIDER2318,33,37,32,3.9,4
D022199,O023892,RIDER0634,52,58,22,1.1,6
D022200,O023893,RIDER0102,33,30,29,0.4,0
D022201,O023894,RIDER1722,39,36,17,2.1,0
D022202,O023895,RIDER2300,24,51,18,1.0,27
D022203,O023896,RIDER0555,28,24,31,2.4,0
D022204,O023897,RIDER1657,33,52,31,9.9,19
D022205,O023898,RIDER1025,21,34,16,4.5,13
D022206,O023899,RIDER0472,35,44,40,5.4,9
D022207,O023900,RIDER1362,32,36,23,2.8,4
D022208,O023901,RIDER0284,40,60,30,0.8,20
D022209,O023903,RIDER1360,30,32,17,1.6,2
D022210,O023904,RIDER0061,29,41,15,6.9,12
D022211,O023905,RIDER1269,27,61,15,2.3,34
D022212,O023906,RIDER1141,26,21,18,4.4,0
D022213,O023907,RIDER1032,30,39,21,1.3,9
D022214,O023908,RIDER2269,39,46,21,1.6,7
D022215,O023909,RIDER0023,36,31,27,0.6,0
D022216,O023910,RIDER1342,35,39,28,3.3,4
D022217,O023911,RIDER1096,29,36,29,3.6,7
D022218,O023912,RIDER0721,32,59,42,3.1,27
D022219,O023913,RIDER0183,20,42,36,1.4,22
D022220,O023915,RIDER1592,30,27,25,10.3,0
D022221,O023916,RIDER2415,34,39,24,3.2,5
D022222,O023917,RIDER1500,33,37,29,1.8,4
D022223,O023918,RIDER1449,30,27,27,10.3,0
D022224,O023919,RIDER0584,24,49,30,5.4,25
D022225,O023920,RIDER0226,37,43,25,1.3,6
D022226,O023921,RIDER1923,27,26,16,5.5,0
D022227,O023922,RIDER1704,36,32,40,2.5,0
D022228,O023923,RIDER0474,35,55,41,0.9,20
D022229,O023924,RIDER1508,43,58,28,2.6,15
D022230,O023925,RIDER1575,22,28,15,2.1,6
D022231,O023926,RIDER0665,50,83,18,2.4,33
D022232,O023927,RIDER0547,24,22,41,2.8,0
D022233,O023928,RIDER1605,62,84,23,3.8,22
D022234,O023929,RIDER0755,30,47,27,2.8,17
D022235,O023930,RIDER0622,35,45,28,1.9,10
D022236,O023931,RIDER2129,32,61,15,0.9,29
D022237,O023932,RIDER2344,26,28,26,6.3,2
D022238,O023933,RIDER0253,28,29,30,2.6,1
D022239,O023934,RIDER2372,23,40,35,4.7,17
D022240,O023935,RIDER1015,41,39,19,1.2,0
D022241,O023936,RIDER2382,24,37,28,7.5,13
D022242,O023937,RIDER1273,25,57,40,1.7,32
D022243,O023939,RIDER0165,28,27,27,9.1,0
D022244,O023940,RIDER0373,29,54,23,0.6,25
D022245,O023941,RIDER2355,28,25,36,9.4,0
D022246,O023942,RIDER0119,34,47,18,1.2,13
D022247,O023943,RIDER0644,22,28,33,6.4,6
D022248,O023944,RIDER0632,30,35,28,0.6,5
D022249,O023945,RIDER2228,19,46,29,10.8,27
D022250,O023946,RIDER1119,42,51,16,3.0,9
D022251,O023947,RIDER1576,41,61,22,0.9,20
D022252,O023948,RIDER1963,36,34,21,2.1,0
D022253,O023949,RIDER1258,35,36,31,5.5,1
D022254,O023950,RIDER0870,26,46,33,2.5,20
D022255,O023951,RIDER2071,37,50,32,3.0,13
D022256,O023952,RIDER0830,20,26,31,3.1,6
D022257,O023953,RIDER1503,21,27,27,1.8,6
D022258,O023954,RIDER0996,28,38,29,0.7,10
D022259,O023955,RIDER1679,26,29,21,3.5,3
D022260,O023956,RIDER0001,50,50,24,3.9,0
D022261,O023957,RIDER0278,44,74,33,1.8,30
D022262,O023958,RIDER0246,28,61,22,0.4,33
D022263,O023959,RIDER1189,37,42,15,1.7,5
D022264,O023960,RIDER0196,31,26,35,1.7,0
D022265,O023961,RIDER2427,26,25,16,3.3,0
D022266,O023963,RIDER1198,29,25,36,0.7,0
D022267,O023964,RIDER1842,28,24,42,0.5,0
D022268,O023966,RIDER0165,25,20,27,1.5,0
D022269,O023967,RIDER0334,26,22,18,4.8,0
D022270,O023968,RIDER1748,30,58,31,1.1,28
D022271,O023969,RIDER1819,22,18,31,5.9,0
D022272,O023970,RIDER0503,28,50,37,20.0,22
D022273,O023971,RIDER0238,41,73,24,0.9,32
D022274,O023972,RIDER2485,22,25,37,2.2,3
D022275,O023973,RIDER1793,54,53,40,2.6,0
D022276,O023974,RIDER0178,29,34,17,0.8,5
D022277,O023975,RIDER1737,57,72,31,2.1,15
D022278,O023976,RIDER1802,26,54,15,1.8,28
D022279,O023977,RIDER2372,25,27,21,6.3,2
D022280,O023978,RIDER2146,29,46,25,9.0,17
D022281,O023979,RIDER1746,57,60,27,0.6,3
D022282,O023980,RIDER1886,33,28,30,7.0,0
D022283,O023982,RIDER1168,40,46,39,2.4,6
D022284,O023983,RIDER0188,30,52,24,0.8,22
D022285,O023985,RIDER1084,27,57,30,3.0,30
D022286,O023986,RIDER1218,22,20,37,6.3,0
D022287,O023987,RIDER0221,21,17,37,0.5,0
D022288,O023988,RIDER1672,36,51,21,0.5,15
D022289,O023989,RIDER2191,27,23,32,3.6,0
D022290,O023990,RIDER0015,30,31,42,3.2,1
D022291,O023991,RIDER0278,58,55,41,4.2,0
D022292,O023992,RIDER1934,32,52,14,3.6,20
D022293,O023993,RIDER0324,29,41,34,2.6,12
D022294,O023995,RIDER1164,45,52,18,1.7,7
D022295,O023996,RIDER1116,37,36,37,4.4,0
D022296,O023997,RIDER1240,26,52,29,0.4,26
D022297,O023998,RIDER0824,34,36,27,2.9,2
D022298,O023999,RIDER0038,30,50,37,2.7,20
D022299,O024000,RIDER2275,40,35,34,2.5,0
D022300,O024001,RIDER1167,42,61,22,0.2,19
D022301,O024002,RIDER0261,52,47,28,1.6,0
D022302,O024003,RIDER1611,30,30,30,3.2,0
D022303,O024004,RIDER1147,27,25,31,5.8,0
D022304,O024005,RIDER0910,42,71,29,0.4,29
D022305,O024006,RIDER1816,33,37,14,1.5,4
D022306,O024007,RIDER0260,21,18,16,4.3,0
D022307,O024008,RIDER0883,30,34,24,2.5,4
D022308,O024009,RIDER0272,29,31,35,5.0,2
D022309,O024011,RIDER0419,34,68,14,1.5,34
D022310,O024012,RIDER0313,26,25,33,6.1,0
D022311,O024013,RIDER1772,31,36,23,0.1,5
D022312,O024014,RIDER0886,32,29,21,0.8,0
D022313,O024015,RIDER1617,41,73,40,3.7,32
D022314,O024016,RIDER1911,20,23,23,6.6,3
D022315,O024019,RIDER1161,26,23,25,0.9,0
D022316,O024020,RIDER1732,24,21,31,3.2,0
D022317,O024021,RIDER1699,24,35,27,11.8,11
D022318,O024022,RIDER0285,46,43,18,3.5,0
D022319,O024023,RIDER1648,34,34,29,1.1,0
D022320,O024024,RIDER0523,27,24,39,3.0,0
D022321,O024025,RIDER1858,51,69,38,2.1,18
D022322,O024026,RIDER1373,28,34,32,11.8,6
D022323,O024027,RIDER2285,37,35,31,2.1,0
D022324,O024028,RIDER2491,39,68,33,1.2,29
D022325,O024029,RIDER1540,65,87,24,0.7,22
D022326,O024030,RIDER1207,43,44,21,5.2,1
D022327,O024031,RIDER0272,60,92,29,5.5,32
D022328,O024032,RIDER2120,27,57,29,3.2,30
D022329,O024033,RIDER0954,36,32,28,1.9,0
D022330,O024034,RIDER2414,36,58,37,11.4,22
D022331,O024035,RIDER0663,31,32,37,8.0,1
D022332,O024036,RIDER2059,46,52,20,1.2,6
D022333,O024038,RIDER2386,26,21,29,1.9,0
D022334,O024039,RIDER1169,32,33,28,2.9,1
D022335,O024040,RIDER1671,36,54,31,6.0,18
D022336,O024042,RIDER0818,33,49,19,6.6,16
D022337,O024043,RIDER0509,28,27,40,2.2,0
D022338,O024044,RIDER1064,68,81,31,2.5,13
D022339,O024045,RIDER0388,20,27,30,6.3,7
D022340,O024046,RIDER0765,28,23,24,6.0,0
D022341,O024047,RIDER1221,24,55,14,1.3,31
D022342,O024048,RIDER2328,25,25,31,3.4,0
D022343,O024049,RIDER0220,30,38,25,1.7,8
D022344,O024050,RIDER2428,36,66,34,2.4,30
D022345,O024051,RIDER0562,27,25,39,0.5,0
D022346,O024052,RIDER0953,24,27,29,1.4,3
D022347,O024053,RIDER0106,32,34,16,1.8,2
D022348,O024054,RIDER1359,30,33,29,2.7,3
D022349,O024055,RIDER0851,36,49,18,1.2,13
D022350,O024056,RIDER1425,39,62,15,5.2,23
D022351,O024057,RIDER0826,33,40,31,4.5,7
D022352,O024058,RIDER1618,49,49,39,0.9,0
D022353,O024059,RIDER0689,36,37,15,3.3,1
D022354,O024060,RIDER2235,28,55,15,3.0,27
D022355,O024061,RIDER0432,23,20,16,3.1,0
D022356,O024062,RIDER0506,34,52,37,1.7,18
D022357,O024063,RIDER0139,49,74,31,3.9,25
D022358,O024065,RIDER1060,33,36,14,0.8,3
D022359,O024066,RIDER2369,24,27,27,3.0,3
D022360,O024067,RIDER2040,47,55,16,3.2,8
D022361,O024068,RIDER0199,31,63,35,5.0,32
D022362,O024069,RIDER1970,30,35,14,1.9,5
D022363,O024071,RIDER1633,70,94,31,3.3,24
D022364,O024072,RIDER1440,49,44,42,2.1,0
D022365,O024073,RIDER1863,30,52,22,5.0,22
D022366,O024074,RIDER2170,27,29,36,2.6,2
D022367,O024075,RIDER1299,30,27,27,3.6,0
D022368,O024076,RIDER1549,34,39,41,1.2,5
D022369,O024077,RIDER0202,50,81,34,10.0,31
D022370,O024078,RIDER1597,21,48,24,4.0,27
D022371,O024079,RIDER0158,30,62,27,11.3,32
D022372,O024080,RIDER1048,70,73,33,4.2,3
D022373,O024081,RIDER0944,26,27,37,7.8,1
D022374,O024082,RIDER1254,28,28,14,6.0,0
D022375,O024083,RIDER0582,23,27,15,5.3,4
D022376,O024084,RIDER2085,44,44,31,0.1,0
D022377,O024086,RIDER0576,54,50,34,11.3,0
D022378,O024087,RIDER1899,48,54,31,0.3,6
D022379,O024088,RIDER2281,39,35,15,6.1,0
D022380,O024089,RIDER0189,27,49,36,2.2,22
D022381,O024090,RIDER0233,39,44,38,2.0,5
D022382,O024091,RIDER1193,25,24,27,5.1,0
D022383,O024092,RIDER1454,27,28,32,2.7,1
D022384,O024093,RIDER2497,30,61,38,5.2,31
D022385,O024094,RIDER1599,33,66,19,2.6,33
D022386,O024095,RIDER1340,20,18,38,2.1,0
D022387,O024096,RIDER0221,22,19,34,6.1,0
D022388,O024097,RIDER2471,29,26,28,1.5,0
D022389,O024098,RIDER2153,38,39,24,3.0,1
D022390,O024099,RIDER1213,35,38,30,1.1,3
D022391,O024100,RIDER2259,40,40,24,3.2,0
D022392,O024101,RIDER0241,31,31,42,1.4,0
D022393,O024102,RIDER1995,41,44,27,6.4,3
D022394,O024103,RIDER1240,29,49,37,0.1,20
D022395,O024104,RIDER1930,21,34,29,7.0,13
D022396,O024105,RIDER0088,28,34,25,3.9,6
D022397,O024106,RIDER1470,43,53,30,0.6,10
D022398,O024107,RIDER0034,52,62,33,1.7,10
D022399,O024108,RIDER1731,53,51,32,1.7,0
D022400,O024109,RIDER1459,35,36,16,1.2,1
D022401,O024110,RIDER1880,30,40,29,3.9,10
D022402,O024112,RIDER2436,29,57,33,2.2,28
D022403,O024114,RIDER0913,36,60,33,1.7,24
D022404,O024115,RIDER1162,34,67,15,2.2,33
D022405,O024117,RIDER1177,27,33,37,1.0,6
D022406,O024118,RIDER1843,36,40,39,1.2,4
D022407,O024119,RIDER1982,58,86,31,2.1,28
D022408,O024120,RIDER1125,24,43,14,2.6,19
D022409,O024121,RIDER2457,24,48,14,1.6,24
D022410,O024122,RIDER0465,34,40,37,1.8,6
D022411,O024123,RIDER1437,24,29,36,1.2,5
D022412,O024125,RIDER2231,36,38,14,0.4,2
D022413,O024126,RIDER0167,24,30,23,2.7,6
D022414,O024128,RIDER1830,26,31,23,5.9,5
D022415,O024129,RIDER0888,40,40,36,4.2,0
D022416,O024131,RIDER1240,25,29,20,3.1,4
D022417,O024132,RIDER1325,68,96,34,1.4,28
D022418,O024133,RIDER1882,39,41,29,6.4,2
D022419,O024134,RIDER2320,18,31,33,5.6,13
D022420,O024135,RIDER1252,34,32,31,2.8,0
D022421,O024136,RIDER2316,26,31,24,1.5,5
D022422,O024137,RIDER1826,51,57,25,3.2,6
D022423,O024138,RIDER0986,31,32,15,1.9,1
D022424,O024139,RIDER0505,48,52,37,2.6,4
D022425,O024140,RIDER2304,42,47,37,1.1,5
D022426,O024141,RIDER1431,25,32,25,5.1,7
D022427,O024142,RIDER1675,45,40,34,2.8,0
D022428,O024144,RIDER1206,27,25,17,1.5,0
D022429,O024145,RIDER0358,36,32,37,0.9,0
D022430,O024146,RIDER1462,38,41,15,3.7,3
D022431,O024147,RIDER0622,39,65,30,1.7,26
D022432,O024148,RIDER2225,28,26,42,8.3,0
D022433,O024149,RIDER1350,19,20,19,6.3,1
D022434,O024150,RIDER2050,32,55,32,1.0,23
D022435,O024152,RIDER1918,41,48,33,9.0,7
D022436,O024153,RIDER1283,35,63,24,1.5,28
D022437,O024154,RIDER0315,25,28,31,3.3,3
D022438,O024155,RIDER2062,38,52,27,1.8,14
D022439,O024156,RIDER2273,26,22,31,1.3,0
D022440,O024157,RIDER0010,27,24,30,1.3,0
D022441,O024158,RIDER0667,32,56,18,5.5,24
D022442,O024159,RIDER2255,21,21,28,3.8,0
D022443,O024160,RIDER0672,24,29,20,4.3,5
D022444,O024161,RIDER2323,23,23,33,0.5,0
D022445,O024162,RIDER1795,34,37,29,4.9,3
D022446,O024163,RIDER0148,29,30,37,2.2,1
D022447,O024164,RIDER1326,38,41,24,2.4,3
D022448,O024165,RIDER1298,40,39,22,2.0,0
D022449,O024166,RIDER0278,34,39,34,2.4,5
D022450,O024167,RIDER2057,28,45,16,4.5,17
D022451,O024168,RIDER1258,50,56,36,4.1,6
D022452,O024169,RIDER2208,52,56,35,0.8,4
D022453,O024170,RIDER0052,58,64,32,6.1,6
D022454,O024171,RIDER1182,33,40,35,4.1,7
D022455,O024172,RIDER0983,55,62,27,3.6,7
D022456,O024173,RIDER0056,38,52,33,7.6,14
D022457,O024174,RIDER0047,21,20,18,2.1,0
D022458,O024175,RIDER1121,33,57,14,10.8,24
D022459,O024176,RIDER0443,39,34,15,1.8,0
D022460,O024177,RIDER0412,45,42,37,2.8,0
D022461,O024178,RIDER1467,53,49,36,3.3,0
D022462,O024179,RIDER1338,34,30,24,2.6,0
D022463,O024180,RIDER0264,68,67,25,1.8,0
D022464,O024181,RIDER0961,24,25,31,0.8,1
D022465,O024182,RIDER1937,27,33,39,1.0,6
D022466,O024183,RIDER1635,30,50,31,2.9,20
D022467,O024184,RIDER2315,34,32,39,1.4,0
D022468,O024185,RIDER0741,37,34,39,1.8,0
D022469,O024186,RIDER0787,39,51,17,1.1,12
D022470,O024187,RIDER1387,37,33,15,5.7,0
D022471,O024188,RIDER1249,41,44,36,4.1,3
D022472,O024190,RIDER1395,32,28,37,2.8,0
D022473,O024193,RIDER1176,46,42,42,0.7,0
D022474,O024194,RIDER1493,47,77,37,3.2,30
D022475,O024195,RIDER0435,49,58,16,3.6,9
D022476,O024196,RIDER1146,28,26,21,4.2,0
D022477,O024197,RIDER2354,33,38,21,0.8,5
D022478,O024198,RIDER1316,27,31,21,1.3,4
D022479,O024199,RIDER1006,27,24,16,2.8,0
D022480,O024201,RIDER1056,39,72,16,1.7,33
D022481,O024202,RIDER1647,33,30,39,2.9,0
D022482,O024203,RIDER1890,29,32,21,3.4,3
D022483,O024204,RIDER2060,36,40,25,1.9,4
D022484,O024205,RIDER1956,35,59,21,9.0,24
D022485,O024207,RIDER1059,39,42,30,5.9,3
D022486,O024208,RIDER1296,53,52,31,1.3,0
D022487,O024209,RIDER0235,50,83,29,0.3,33
D022488,O024210,RIDER1604,26,21,42,2.7,0
D022489,O024211,RIDER1101,38,34,32,1.4,0
D022490,O024212,RIDER1478,32,62,34,3.2,30
D022491,O024213,RIDER0557,22,36,36,1.7,14
D022492,O024215,RIDER0316,21,23,30,1.4,2
D022493,O024218,RIDER1781,21,50,15,4.0,29
D022494,O024219,RIDER1545,41,51,23,3.3,10
D022495,O024220,RIDER0702,26,29,39,2.8,3
D022496,O024221,RIDER1769,25,24,36,0.9,0
D022497,O024222,RIDER2142,29,31,15,2.7,2
D022498,O024223,RIDER0251,61,61,29,1.4,0
D022499,O024224,RIDER1155,46,71,31,0.7,25
D022500,O024225,RIDER2176,23,28,28,3.8,5
D022501,O024226,RIDER0084,23,23,39,5.3,0
D022502,O024227,RIDER1229,28,34,26,5.4,6
D022503,O024228,RIDER1286,28,34,24,0.2,6
D022504,O024229,RIDER2350,28,28,15,6.4,0
D022505,O024230,RIDER0753,29,27,27,1.2,0
D022506,O024231,RIDER1597,25,39,25,1.8,14
D022507,O024232,RIDER2006,56,74,15,4.5,18
D022508,O024233,RIDER0567,35,30,33,0.9,0
D022509,O024234,RIDER0281,18,15,22,3.5,0
D022510,O024235,RIDER1715,34,40,20,2.3,6
D022511,O024236,RIDER0884,44,78,18,3.7,34
D022512,O024237,RIDER1713,26,30,15,5.4,4
D022513,O024238,RIDER1112,36,34,40,0.7,0
D022514,O024239,RIDER2175,32,30,31,0.7,0
D022515,O024240,RIDER0929,36,67,24,2.1,31
D022516,O024241,RIDER0255,38,72,37,0.5,34
D022517,O024242,RIDER1013,47,70,35,3.3,23
D022518,O024243,RIDER0746,35,31,37,0.2,0
D022519,O024244,RIDER1665,27,24,41,4.4,0
D022520,O024245,RIDER0442,30,36,42,5.9,6
D022521,O024246,RIDER1576,62,58,29,11.0,0
D022522,O024247,RIDER1490,41,44,37,3.9,3
D022523,O024248,RIDER0195,25,32,15,3.0,7
D022524,O024249,RIDER1895,31,26,24,3.5,0
D022525,O024250,RIDER0072,32,32,17,0.9,0
D022526,O024251,RIDER0292,27,22,40,3.0,0
D022527,O024252,RIDER0148,48,55,42,2.5,7
D022528,O024253,RIDER1277,51,47,35,3.4,0
D022529,O024254,RIDER1134,29,33,28,0.8,4
D022530,O024255,RIDER0558,27,32,16,2.4,5
D022531,O024256,RIDER1398,35,46,42,1.8,11
D022532,O024258,RIDER1589,29,59,31,4.1,30
D022533,O024259,RIDER0305,25,49,29,0.4,24
D022534,O024260,RIDER1798,21,26,37,1.5,5
D022535,O024261,RIDER1062,34,39,35,2.8,5
D022536,O024262,RIDER0752,34,38,24,3.5,4
D022537,O024263,RIDER0469,27,26,39,4.7,0
D022538,O024264,RIDER0783,38,43,24,3.7,5
D022539,O024265,RIDER1140,27,30,40,6.1,3
D022540,O024266,RIDER2459,30,63,18,1.1,33
D022541,O024267,RIDER1100,31,28,32,0.9,0
D022542,O024268,RIDER1562,33,42,38,0.7,9
D022543,O024269,RIDER1645,28,27,39,1.6,0
D022544,O024270,RIDER0043,24,26,30,3.6,2
D022545,O024271,RIDER0052,35,40,15,3.8,5
D022546,O024272,RIDER2349,40,41,31,1.2,1
D022547,O024273,RIDER1547,50,78,19,2.7,28
D022548,O024274,RIDER0635,21,48,41,8.2,27
D022549,O024275,RIDER0273,30,31,23,2.9,1
D022550,O024276,RIDER0738,37,39,21,1.8,2
D022551,O024277,RIDER2052,25,30,39,1.1,5
D022552,O024278,RIDER0728,33,30,37,0.4,0
D022553,O024279,RIDER0351,53,68,14,2.3,15
D022554,O024280,RIDER0960,36,33,15,3.4,0
D022555,O024281,RIDER1132,31,37,22,1.1,6
D022556,O024282,RIDER0659,34,36,18,4.4,2
D022557,O024283,RIDER2283,46,77,19,5.9,31
D022558,O024284,RIDER1118,31,48,23,4.9,17
D022559,O024285,RIDER0516,25,31,18,5.9,6
D022560,O024286,RIDER1238,19,26,22,1.8,7
D022561,O024287,RIDER1841,33,51,28,11.0,18
D022562,O024288,RIDER0141,32,38,23,0.6,6
D022563,O024289,RIDER2250,37,36,33,1.9,0
D022564,O024290,RIDER1577,29,24,15,6.3,0
D022565,O024291,RIDER1009,25,31,24,0.4,6
D022566,O024292,RIDER1946,33,55,25,3.4,22
D022567,O024293,RIDER0500,23,24,20,1.1,1
D022568,O024294,RIDER2043,26,56,30,3.4,30
D022569,O024295,RIDER1404,23,53,17,2.1,30
D022570,O024296,RIDER1641,33,40,24,0.6,7
D022571,O024297,RIDER1200,23,27,33,0.7,4
D022572,O024298,RIDER1231,37,44,33,1.4,7
D022573,O024299,RIDER1668,48,62,38,6.9,14
D022574,O024300,RIDER1988,29,39,42,4.2,10
D022575,O024301,RIDER2423,27,25,15,0.3,0
D022576,O024302,RIDER1739,30,26,24,13.2,0
D022577,O024303,RIDER0073,19,26,32,0.3,7
D022578,O024304,RIDER1424,58,57,38,3.4,0
D022579,O024305,RIDER0700,41,38,37,0.5,0
D022580,O024306,RIDER0097,42,41,18,1.6,0
D022581,O024307,RIDER1405,26,26,31,8.6,0
D022582,O024308,RIDER1451,59,62,32,2.2,3
D022583,O024309,RIDER2302,21,51,37,0.9,30
D022584,O024310,RIDER0493,33,30,14,2.1,0
D022585,O024312,RIDER1707,28,26,16,3.1,0
D022586,O024313,RIDER0703,37,39,41,4.9,2
D022587,O024314,RIDER1155,20,15,28,0.5,0
D022588,O024315,RIDER0054,34,38,28,2.5,4
D022589,O024316,RIDER1126,31,31,21,10.3,0
D022590,O024317,RIDER0043,28,62,30,1.5,34
D022591,O024318,RIDER2222,28,33,42,4.6,5
D022592,O024319,RIDER2146,23,34,32,1.1,11
D022593,O024320,RIDER0719,29,56,37,1.4,27
D022594,O024321,RIDER0881,31,28,30,3.9,0
D022595,O024322,RIDER0949,26,25,35,1.5,0
D022596,O024323,RIDER1374,41,38,29,2.9,0
D022597,O024324,RIDER2303,31,29,21,3.0,0
D022598,O024325,RIDER1276,27,46,27,0.5,19
D022599,O024326,RIDER0431,29,32,32,1.1,3
D022600,O024327,RIDER2368,63,96,31,1.9,33
D022601,O024328,RIDER0228,28,23,18,1.5,0
D022602,O024329,RIDER1829,37,42,28,3.6,5
D022603,O024330,RIDER0065,35,36,17,0.8,1
D022604,O024331,RIDER1823,28,24,34,6.5,0
D022605,O024332,RIDER0999,26,33,29,1.5,7
D022606,O024333,RIDER1648,46,78,27,1.7,32
D022607,O024335,RIDER1559,19,51,18,4.2,32
D022608,O024337,RIDER1993,30,41,14,2.3,11
D022609,O024338,RIDER2248,26,23,14,0.2,0
D022610,O024339,RIDER1592,22,29,17,3.8,7
D022611,O024340,RIDER2231,30,25,30,0.9,0
D022612,O024341,RIDER1585,24,27,42,3.0,3
D022613,O024342,RIDER1736,37,53,32,7.1,16
D022614,O024343,RIDER2480,35,68,33,9.6,33
D022615,O024344,RIDER0770,26,28,21,4.1,2
D022616,O024346,RIDER1683,28,33,19,1.6,5
D022617,O024347,RIDER1644,24,30,16,6.1,6
D022618,O024348,RIDER0938,32,36,24,1.3,4
D022619,O024349,RIDER2246,49,51,42,0.3,2
D022620,O024350,RIDER0731,66,81,39,2.5,15
D022621,O024351,RIDER0049,17,12,18,3.5,0
D022622,O024353,RIDER2289,30,29,36,0.9,0
D022623,O024354,RIDER0263,25,32,36,8.5,7
D022624,O024355,RIDER1133,25,28,22,7.2,3
D022625,O024356,RIDER0100,21,41,40,6.5,20
D022626,O024357,RIDER1078,50,47,22,1.1,0
D022627,O024358,RIDER0848,34,31,18,13.2,0
D022628,O024359,RIDER0090,28,33,29,5.3,5
D022629,O024360,RIDER2411,47,47,21,4.4,0
D022630,O024361,RIDER1960,29,52,39,3.0,23
D022631,O024362,RIDER0349,34,38,31,1.9,4
D022632,O024363,RIDER0688,30,47,32,1.4,17
D022633,O024364,RIDER1423,27,25,32,1.3,0
D022634,O024365,RIDER0156,34,64,35,8.5,30
D022635,O024367,RIDER0739,37,42,36,0.7,5
D022636,O024368,RIDER2033,26,32,22,1.8,6
D022637,O024370,RIDER2205,24,22,21,7.1,0
D022638,O024371,RIDER0527,63,75,36,8.9,12
D022639,O024372,RIDER0159,27,23,35,2.6,0
D022640,O024374,RIDER1949,38,48,22,3.4,10
D022641,O024375,RIDER2195,29,27,25,4.7,0
D022642,O024376,RIDER1835,47,47,14,0.4,0
D022643,O024377,RIDER0853,37,36,31,1.0,0
D022644,O024378,RIDER1987,36,33,30,3.0,0
D022645,O024379,RIDER1304,27,24,30,9.7,0
D022646,O024380,RIDER2123,23,25,17,0.7,2
D022647,O024381,RIDER2199,27,54,16,3.6,27
D022648,O024382,RIDER1118,19,25,15,3.9,6
D022649,O024383,RIDER1854,30,50,24,1.8,20
D022650,O024384,RIDER2034,26,53,15,7.5,27
D022651,O024386,RIDER1576,61,67,19,1.2,6
D022652,O024387,RIDER0925,48,51,37,2.6,3
D022653,O024388,RIDER1883,28,34,25,0.9,6
D022654,O024389,RIDER1581,38,47,39,5.1,9
D022655,O024390,RIDER1354,35,40,41,1.6,5
D022656,O024391,RIDER0089,40,50,27,0.6,10
D022657,O024392,RIDER2175,51,49,18,0.9,0
D022658,O024393,RIDER1089,32,52,35,3.9,20
D022659,O024394,RIDER1006,29,34,33,4.3,5
D022660,O024395,RIDER1052,28,34,18,4.8,6
D022661,O024396,RIDER1819,28,28,15,7.8,0
D022662,O024397,RIDER0320,22,39,36,2.7,17
D022663,O024398,RIDER2064,26,52,31,1.8,26
D022664,O024399,RIDER1178,39,71,15,1.0,32
D022665,O024400,RIDER0476,32,44,32,4.1,12
D022666,O024401,RIDER1644,32,29,40,3.6,0
D022667,O024402,RIDER2225,19,24,16,3.0,5
D022668,O024403,RIDER1172,34,40,27,12.4,6
D022669,O024404,RIDER2426,35,62,22,4.1,27
D022670,O024405,RIDER0343,44,49,31,1.4,5
D022671,O024406,RIDER0478,29,30,14,6.9,1
D022672,O024407,RIDER0325,31,33,18,3.0,2
D022673,O024408,RIDER2266,43,57,27,3.0,14
D022674,O024410,RIDER1195,39,39,38,0.7,0
D022675,O024411,RIDER1020,26,32,33,7.3,6
D022676,O024412,RIDER0534,37,44,41,3.7,7
D022677,O024413,RIDER1591,33,58,21,2.6,25
D022678,O024414,RIDER0781,22,31,37,0.4,9
D022679,O024415,RIDER1734,41,64,38,3.2,23
D022680,O024416,RIDER0605,39,54,30,10.0,15
D022681,O024417,RIDER1776,57,53,17,8.9,0
D022682,O024418,RIDER1678,21,28,32,0.2,7
D022683,O024419,RIDER2135,26,47,21,3.7,21
D022684,O024420,RIDER0032,29,24,37,3.5,0
D022685,O024421,RIDER2064,32,30,33,1.6,0
D022686,O024422,RIDER0985,25,56,25,1.1,31
D022687,O024423,RIDER0926,41,57,25,1.6,16
D022688,O024425,RIDER1940,21,24,40,2.8,3
D022689,O024426,RIDER2053,38,41,18,2.9,3
D022690,O024427,RIDER0602,26,24,21,0.7,0
D022691,O024428,RIDER1215,29,34,30,1.4,5
D022692,O024429,RIDER1285,31,32,31,0.8,1
D022693,O024430,RIDER0618,48,61,17,1.8,13
D022694,O024431,RIDER1302,37,44,38,7.3,7
D022695,O024432,RIDER0376,46,42,18,2.1,0
D022696,O024433,RIDER0051,51,57,18,0.7,6
D022697,O024434,RIDER1896,32,55,22,2.3,23
D022698,O024435,RIDER1649,53,80,25,5.3,27
D022699,O024436,RIDER0127,27,22,38,3.6,0
D022700,O024437,RIDER0611,42,48,18,2.3,6
D022701,O024438,RIDER1687,29,54,29,1.9,25
D022702,O024439,RIDER2416,45,44,24,1.6,0
D022703,O024440,RIDER0662,22,44,29,6.3,22
D022704,O024441,RIDER1788,35,59,21,1.8,24
D022705,O024442,RIDER1862,31,61,18,1.8,30
D022706,O024444,RIDER0102,41,39,28,2.9,0
D022707,O024445,RIDER1268,34,38,16,1.0,4
D022708,O024446,RIDER2221,24,30,23,6.8,6
D022709,O024447,RIDER1840,27,43,35,5.7,16
D022710,O024448,RIDER1430,36,41,35,1.2,5
D022711,O024449,RIDER2286,22,26,14,11.4,4
D022712,O024450,RIDER2082,33,62,14,7.0,29
D022713,O024451,RIDER2248,50,49,39,1.9,0
D022714,O024452,RIDER2343,34,35,22,1.5,1
D022715,O024453,RIDER2371,70,75,21,8.2,5
D022716,O024454,RIDER0443,52,61,36,0.9,9
D022717,O024455,RIDER1247,37,43,19,1.5,6
D022718,O024456,RIDER0987,35,33,24,1.0,0
D022719,O024457,RIDER2489,19,21,15,5.8,2
D022720,O024458,RIDER2476,42,43,38,4.0,1
D022721,O024459,RIDER1909,52,58,37,4.1,6
D022722,O024460,RIDER0528,23,25,24,6.9,2
D022723,O024461,RIDER0070,28,49,37,1.0,21
D022724,O024462,RIDER1027,34,31,33,2.4,0
D022725,O024463,RIDER1645,22,27,41,1.7,5
D022726,O024464,RIDER1886,31,29,15,1.0,0
D022727,O024465,RIDER2060,39,37,19,1.7,0
D022728,O024466,RIDER1540,47,46,14,1.4,0
D022729,O024468,RIDER0546,29,26,19,4.4,0
D022730,O024469,RIDER0579,30,28,22,2.7,0
D022731,O024470,RIDER1829,43,44,17,4.5,1
D022732,O024471,RIDER2092,18,23,29,7.1,5
D022733,O024472,RIDER0946,50,82,37,9.2,32
D022734,O024473,RIDER2145,39,40,28,2.2,1
D022735,O024474,RIDER2459,41,70,38,6.1,29
D022736,O024476,RIDER0125,32,38,22,2.5,6
D022737,O024477,RIDER1436,35,31,24,5.7,0
D022738,O024478,RIDER0436,25,35,29,1.8,10
D022739,O024479,RIDER0666,26,41,22,2.1,15
D022740,O024480,RIDER2007,26,29,36,4.4,3
D022741,O024481,RIDER1580,30,47,30,1.0,17
D022742,O024482,RIDER2211,42,40,28,0.5,0
D022743,O024483,RIDER1382,37,32,18,0.4,0
D022744,O024484,RIDER1186,27,28,15,1.8,1
D022745,O024485,RIDER2044,33,29,16,10.1,0
D022746,O024486,RIDER0415,26,26,37,4.1,0
D022747,O024487,RIDER1450,19,42,15,1.5,23
D022748,O024488,RIDER1236,22,24,27,1.1,2
D022749,O024489,RIDER0190,32,31,20,5.2,0
D022750,O024490,RIDER1320,53,83,28,1.6,30
D022751,O024491,RIDER2293,34,32,33,7.2,0
D022752,O024492,RIDER0203,35,44,35,1.6,9
D022753,O024493,RIDER0571,35,42,30,3.2,7
D022754,O024494,RIDER1981,36,51,15,2.9,15
D022755,O024495,RIDER1329,28,23,38,5.7,0
D022756,O024496,RIDER1358,20,15,42,8.8,0
D022757,O024497,RIDER1827,43,50,17,0.5,7
D022758,O024498,RIDER2459,25,20,33,0.9,0
D022759,O024499,RIDER0441,50,47,39,3.6,0
D022760,O024500,RIDER0162,18,18,40,1.4,0
D022761,O024501,RIDER1903,39,73,42,16.7,34
D022762,O024502,RIDER1424,40,45,16,1.7,5
D022763,O024503,RIDER2304,31,30,16,0.7,0
D022764,O024504,RIDER0422,34,60,35,4.6,26
D022765,O024505,RIDER1007,34,68,21,4.7,34
D022766,O024506,RIDER1511,45,79,26,2.5,34
D022767,O024507,RIDER0188,29,26,42,14.7,0
D022768,O024508,RIDER2146,26,60,22,0.7,34
D022769,O024509,RIDER1638,30,34,16,5.1,4
D022770,O024510,RIDER1480,24,26,21,4.1,2
D022771,O024511,RIDER0290,42,59,31,3.5,17
D022772,O024512,RIDER0122,20,21,40,1.0,1
D022773,O024513,RIDER2380,24,39,36,2.8,15
D022774,O024514,RIDER1535,30,26,24,3.0,0
D022775,O024515,RIDER1121,40,36,37,1.7,0
D022776,O024516,RIDER1503,40,58,37,1.7,18
D022777,O024517,RIDER2216,38,37,35,8.4,0
D022778,O024519,RIDER1392,27,44,30,0.2,17
D022779,O024520,RIDER1692,37,59,22,3.7,22
D022780,O024521,RIDER0175,38,45,19,5.5,7
D022781,O024522,RIDER0006,30,44,15,0.3,14
D022782,O024523,RIDER2073,29,56,29,10.5,27
D022783,O024525,RIDER1238,31,29,42,2.6,0
D022784,O024527,RIDER1087,38,62,14,1.2,24
D022785,O024528,RIDER1222,65,82,25,2.8,17
D022786,O024529,RIDER1306,31,35,17,4.7,4
D022787,O024530,RIDER1054,37,34,37,2.2,0
D022788,O024531,RIDER1472,41,54,37,2.4,13
D022789,O024532,RIDER1283,29,28,33,5.4,0
D022790,O024533,RIDER1512,24,27,33,0.9,3
D022791,O024534,RIDER2129,32,38,19,3.5,6
D022792,O024535,RIDER1043,33,32,39,1.8,0
D022793,O024536,RIDER1989,28,33,42,0.6,5
D022794,O024537,RIDER0797,26,37,15,4.8,11
D022795,O024538,RIDER1850,21,16,30,2.2,0
D022796,O024539,RIDER1797,29,33,14,2.2,4
D022797,O024541,RIDER2474,24,24,29,3.1,0
D022798,O024542,RIDER2026,31,58,21,4.4,27
D022799,O024543,RIDER0308,27,39,19,1.4,12
D022800,O024544,RIDER1326,46,65,28,3.9,19
D022801,O024545,RIDER0196,29,30,33,3.1,1
D022802,O024546,RIDER0185,26,31,40,1.5,5
D022803,O024547,RIDER0700,33,39,37,1.8,6
D022804,O024548,RIDER0199,24,27,39,1.6,3
D022805,O024549,RIDER1615,30,49,28,1.3,19
D022806,O024550,RIDER1159,41,60,32,6.2,19
D022807,O024551,RIDER0486,27,34,36,20.0,7
D022808,O024552,RIDER2018,40,40,31,4.8,0
D022809,O024553,RIDER1848,27,34,28,3.5,7
D022810,O024554,RIDER1938,52,75,33,10.9,23
D022811,O024555,RIDER1258,50,74,42,0.7,24
D022812,O024556,RIDER0742,46,44,39,3.7,0
D022813,O024557,RIDER1915,48,65,25,1.3,17
D022814,O024558,RIDER0900,32,55,41,3.2,23
D022815,O024559,RIDER0935,24,23,19,7.8,0
D022816,O024560,RIDER0506,50,59,31,3.7,9
D022817,O024561,RIDER1529,48,68,19,2.0,20
D022818,O024562,RIDER0067,32,29,23,5.6,0
D022819,O024563,RIDER2095,34,32,24,8.8,0
D022820,O024564,RIDER0167,25,34,36,4.6,9
D022821,O024565,RIDER1630,42,67,21,1.6,25
D022822,O024566,RIDER1965,41,37,27,1.5,0
D022823,O024567,RIDER0535,27,39,23,3.9,12
D022824,O024568,RIDER0698,38,38,21,0.7,0
D022825,O024569,RIDER1859,45,47,41,3.1,2
D022826,O024570,RIDER2317,36,38,18,4.4,2
D022827,O024571,RIDER1267,23,33,18,0.8,10
D022828,O024572,RIDER1526,35,54,31,1.6,19
D022829,O024573,RIDER0755,38,48,34,7.7,10
D022830,O024574,RIDER0835,54,58,29,2.8,4
D022831,O024575,RIDER0766,36,65,31,1.3,29
D022832,O024576,RIDER1729,27,48,30,6.5,21
D022833,O024577,RIDER1857,36,33,31,1.5,0
D022834,O024578,RIDER2378,30,31,25,0.9,1
D022835,O024579,RIDER1325,29,27,21,2.4,0
D022836,O024580,RIDER1626,41,46,29,1.7,5
D022837,O024581,RIDER2141,22,31,14,1.6,9
D022838,O024582,RIDER2408,32,55,29,1.7,23
D022839,O024583,RIDER1199,39,36,16,0.4,0
D022840,O024584,RIDER0288,42,66,39,4.9,24
D022841,O024585,RIDER0928,17,17,37,2.8,0
D022842,O024586,RIDER0188,27,45,33,5.2,18
D022843,O024587,RIDER1328,32,37,24,3.7,5
D022844,O024588,RIDER1863,43,45,25,0.9,2
D022845,O024589,RIDER1787,33,39,27,1.7,6
D022846,O024590,RIDER0885,30,26,28,7.9,0
D022847,O024591,RIDER0395,27,33,21,0.4,6
D022848,O024592,RIDER1443,70,75,19,10.3,5
D022849,O024593,RIDER0154,26,50,24,1.7,24
D022850,O024594,RIDER1047,23,23,21,1.2,0
D022851,O024595,RIDER0863,20,24,39,0.9,4
D022852,O024596,RIDER0662,46,63,26,0.1,17
D022853,O024597,RIDER0584,18,43,35,2.5,25
D022854,O024599,RIDER0239,30,32,36,3.5,2
D022855,O024600,RIDER0174,30,38,21,4.8,8
D022856,O024601,RIDER0438,58,58,42,1.8,0
D022857,O024602,RIDER1610,37,58,36,2.4,21
D022858,O024604,RIDER1192,30,52,14,2.0,22
D022859,O024605,RIDER1367,29,36,27,0.3,7
D022860,O024606,RIDER0977,26,24,41,0.8,0
D022861,O024607,RIDER2207,32,48,14,0.5,16
D022862,O024608,RIDER0583,32,49,41,3.1,17
D022863,O024609,RIDER0436,44,72,27,0.7,28
D022864,O024610,RIDER2368,38,46,34,0.2,8
D022865,O024611,RIDER0772,36,35,18,1.1,0
D022866,O024612,RIDER1436,32,27,18,1.3,0
D022867,O024613,RIDER2340,25,25,16,5.8,0
D022868,O024614,RIDER0873,37,57,16,4.2,20
D022869,O024615,RIDER1651,35,38,15,1.9,3
D022870,O024616,RIDER1163,24,24,33,0.5,0
D022871,O024617,RIDER1916,34,37,16,1.0,3
D022872,O024618,RIDER1844,25,28,32,2.6,3
D022873,O024619,RIDER1189,20,42,20,4.3,22
D022874,O024620,RIDER0558,44,56,25,2.1,12
D022875,O024621,RIDER0962,35,47,36,1.0,12
D022876,O024622,RIDER2451,34,37,27,3.6,3
D022877,O024623,RIDER0393,30,36,15,4.2,6
D022878,O024624,RIDER0397,23,23,16,9.9,0
D022879,O024625,RIDER0528,25,39,15,7.0,14
D022880,O024626,RIDER1343,46,57,27,7.9,11
D022881,O024627,RIDER1548,28,30,23,1.5,2
D022882,O024628,RIDER2333,43,63,21,10.2,20
D022883,O024629,RIDER0592,35,51,40,1.6,16
D022884,O024630,RIDER0646,25,44,38,2.1,19
D022885,O024631,RIDER0009,31,35,33,2.1,4
D022886,O024632,RIDER0215,26,29,19,0.8,3
D022887,O024633,RIDER2357,54,70,14,1.2,16
D022888,O024634,RIDER0280,31,37,18,4.8,6
D022889,O024635,RIDER2087,32,30,28,1.6,0
D022890,O024636,RIDER2481,22,17,36,7.8,0
D022891,O024639,RIDER0787,29,61,23,2.8,32
D022892,O024640,RIDER0329,25,26,40,5.4,1
D022893,O024641,RIDER1548,43,40,17,4.2,0
D022894,O024642,RIDER1273,27,30,42,0.8,3
D022895,O024643,RIDER0119,20,22,31,2.6,2
D022896,O024644,RIDER0198,50,56,31,1.6,6
D022897,O024645,RIDER0942,33,45,15,8.2,12
D022898,O024646,RIDER0322,39,69,18,4.2,30
D022899,O024647,RIDER0332,29,34,35,4.4,5
D022900,O024648,RIDER2087,18,42,27,4.0,24
D022901,O024649,RIDER1595,21,25,41,6.9,4
D022902,O024650,RIDER0459,40,45,25,3.3,5
D022903,O024651,RIDER1693,36,36,18,1.9,0
D022904,O024652,RIDER0477,42,56,22,7.1,14
D022905,O024653,RIDER0702,20,22,21,3.9,2
D022906,O024654,RIDER0420,52,49,23,0.3,0
D022907,O024655,RIDER2042,70,77,25,3.2,7
D022908,O024656,RIDER2073,30,27,31,2.3,0
D022909,O024657,RIDER1287,40,73,18,4.3,33
D022910,O024659,RIDER0908,27,56,21,0.9,29
D022911,O024660,RIDER1439,30,34,28,1.5,4
D022912,O024661,RIDER2438,32,66,42,0.9,34
D022913,O024662,RIDER2270,25,20,42,0.4,0
D022914,O024663,RIDER0446,56,54,36,4.3,0
D022915,O024664,RIDER0723,36,69,39,1.0,33
D022916,O024666,RIDER1357,36,57,32,2.4,21
D022917,O024667,RIDER0672,30,48,14,4.2,18
D022918,O024670,RIDER1929,26,27,14,2.7,1
D022919,O024671,RIDER2223,44,47,17,1.3,3
D022920,O024672,RIDER0421,34,32,21,0.5,0
D022921,O024673,RIDER2167,34,44,40,10.3,10
D022922,O024674,RIDER0618,23,33,29,2.3,10
D022923,O024675,RIDER1084,52,63,29,2.6,11
D022924,O024676,RIDER1885,42,48,19,0.9,6
D022925,O024677,RIDER0392,32,53,24,0.8,21
D022926,O024678,RIDER1575,40,36,37,1.8,0
D022927,O024679,RIDER0682,21,17,22,4.2,0
D022928,O024681,RIDER2402,20,26,19,1.5,6
D022929,O024682,RIDER1097,51,67,31,0.3,16
D022930,O024683,RIDER0089,34,53,29,3.9,19
D022931,O024684,RIDER1710,45,48,38,3.7,3
D022932,O024685,RIDER2212,39,43,14,0.8,4
D022933,O024686,RIDER2148,23,37,38,5.6,14
D022934,O024687,RIDER1456,35,38,28,2.4,3
D022935,O024688,RIDER2402,41,53,40,4.4,12
D022936,O024689,RIDER1662,39,38,36,1.4,0
D022937,O024690,RIDER0488,37,48,29,1.8,11
D022938,O024691,RIDER1714,31,30,16,5.3,0
D022939,O024692,RIDER1624,47,75,22,0.9,28
D022940,O024693,RIDER0103,23,27,36,2.3,4
D022941,O024694,RIDER0135,32,30,24,12.2,0
D022942,O024695,RIDER2032,34,36,25,6.8,2
D022943,O024696,RIDER1490,27,25,40,1.3,0
D022944,O024698,RIDER0514,27,33,42,1.1,6
D022945,O024699,RIDER2311,42,43,38,6.4,1
D022946,O024700,RIDER1642,33,28,25,0.7,0
D022947,O024701,RIDER1295,32,60,15,3.7,28
D022948,O024702,RIDER0468,35,30,35,0.4,0
D022949,O024703,RIDER0062,27,28,20,1.3,1
D022950,O024704,RIDER2280,40,74,33,5.2,34
D022951,O024705,RIDER1542,31,60,16,4.0,29
D022952,O024706,RIDER2391,24,42,31,8.7,18
D022953,O024707,RIDER1959,22,17,14,1.5,0
D022954,O024708,RIDER0273,29,27,14,0.9,0
D022955,O024709,RIDER1135,25,27,36,2.6,2
D022956,O024710,RIDER1628,29,52,39,1.8,23
D022957,O024711,RIDER1687,29,26,33,5.2,0
D022958,O024712,RIDER1455,31,38,25,2.4,7
D022959,O024713,RIDER0715,22,29,16,0.8,7
D022960,O024714,RIDER2234,45,52,40,10.7,7
D022961,O024716,RIDER0874,35,32,32,2.0,0
D022962,O024717,RIDER0968,25,28,31,0.2,3
D022963,O024718,RIDER0886,22,56,30,7.4,34
D022964,O024719,RIDER1478,39,44,30,4.9,5
D022965,O024720,RIDER2069,70,70,38,1.9,0
D022966,O024721,RIDER1644,28,29,18,4.4,1
D022967,O024722,RIDER2355,25,20,37,1.1,0
D022968,O024723,RIDER2087,27,59,30,6.5,32
D022969,O024724,RIDER1981,21,29,23,0.4,8
D022970,O024725,RIDER1376,24,40,20,4.4,16
D022971,O024726,RIDER1207,37,51,29,0.8,14
D022972,O024727,RIDER1819,48,68,14,2.7,20
D022973,O024728,RIDER2387,22,28,21,3.7,6
D022974,O024729,RIDER0026,28,30,21,5.4,2
D022975,O024730,RIDER0502,50,57,40,1.0,7
D022976,O024731,RIDER2182,28,26,22,2.4,0
D022977,O024733,RIDER1102,39,35,39,1.8,0
D022978,O024734,RIDER1961,25,28,31,3.1,3
D022979,O024735,RIDER1547,35,36,33,1.1,1
D022980,O024736,RIDER0230,33,34,29,9.4,1
D022981,O024737,RIDER1726,23,20,42,1.9,0
D022982,O024739,RIDER1361,45,76,21,0.3,31
D022983,O024740,RIDER1707,58,55,25,1.1,0
D022984,O024741,RIDER2241,21,43,41,1.2,22
D022985,O024742,RIDER0448,23,43,38,9.8,20
D022986,O024743,RIDER1359,34,50,34,3.3,16
D022987,O024744,RIDER0627,24,26,37,2.0,2
D022988,O024745,RIDER0883,25,29,24,2.1,4
D022989,O024746,RIDER1509,34,45,26,0.4,11
D022990,O024747,RIDER0378,49,46,21,8.7,0
D022991,O024748,RIDER2403,40,39,30,2.5,0
D022992,O024749,RIDER1695,62,82,24,3.1,20
D022993,O024750,RIDER1980,26,36,31,0.9,10
D022994,O024751,RIDER0502,24,28,27,1.1,4
D022995,O024752,RIDER0155,25,22,38,2.7,0
D022996,O024753,RIDER1325,29,35,16,9.9,6
D022997,O024754,RIDER1778,29,35,42,4.4,6
D022998,O024755,RIDER1330,26,24,16,10.1,0
D022999,O024756,RIDER1015,30,26,20,1.3,0
D023000,O024757,RIDER0196,30,29,38,0.7,0
D023001,O024758,RIDER0967,25,28,19,0.3,3
D023002,O024759,RIDER1646,31,52,29,13.5,21
D023003,O024760,RIDER0346,23,27,21,7.3,4
D023004,O024761,RIDER1861,27,56,42,3.9,29
D023005,O024762,RIDER1634,29,36,41,3.7,7
D023006,O024763,RIDER0124,27,34,21,1.7,7
D023007,O024764,RIDER1381,29,52,23,8.0,23
D023008,O024765,RIDER2000,40,41,19,10.3,1
D023009,O024766,RIDER1899,26,27,38,1.3,1
D023010,O024767,RIDER1084,29,30,27,4.6,1
D023011,O024768,RIDER0874,28,33,14,1.9,5
D023012,O024769,RIDER0115,27,48,18,6.7,21
D023013,O024770,RIDER0380,39,37,21,1.0,0
D023014,O024771,RIDER1510,34,35,16,2.9,1
D023015,O024773,RIDER1955,48,58,26,2.6,10
D023016,O024774,RIDER2406,24,23,37,3.1,0
D023017,O024775,RIDER0878,32,39,29,8.3,7
D023018,O024777,RIDER0834,29,25,31,3.4,0
D023019,O024778,RIDER0012,18,21,19,0.2,3
D023020,O024779,RIDER1609,26,26,29,6.4,0
D023021,O024780,RIDER1743,23,29,28,0.9,6
D023022,O024781,RIDER2415,25,50,38,3.9,25
D023023,O024782,RIDER0051,29,26,15,4.6,0
D023024,O024783,RIDER1881,39,56,20,3.3,17
D023025,O024784,RIDER0065,41,50,33,2.9,9
D023026,O024785,RIDER0430,32,31,15,4.7,0
D023027,O024786,RIDER0562,30,41,25,1.7,11
D023028,O024787,RIDER0308,43,47,19,0.1,4
D023029,O024788,RIDER1176,35,32,15,6.4,0
D023030,O024789,RIDER0368,36,70,14,8.0,34
D023031,O024790,RIDER0243,24,29,22,3.1,5
D023032,O024792,RIDER0369,28,29,31,5.5,1
D023033,O024793,RIDER1013,60,67,39,2.2,7
D023034,O024795,RIDER1988,26,33,22,3.2,7
D023035,O024796,RIDER2220,26,29,30,1.9,3
D023036,O024797,RIDER0454,25,53,17,3.0,28
D023037,O024798,RIDER1337,32,41,34,0.7,9
D023038,O024799,RIDER0401,29,36,32,1.6,7
D023039,O024801,RIDER0998,40,49,33,2.7,9
D023040,O024804,RIDER0697,31,49,31,0.8,18
D023041,O024805,RIDER2274,44,70,31,4.1,26
D023042,O024806,RIDER0754,39,35,31,3.5,0
D023043,O024807,RIDER1051,34,57,14,4.7,23
D023044,O024808,RIDER1639,22,38,38,1.7,16
D023045,O024809,RIDER2173,26,24,42,4.7,0
D023046,O024810,RIDER1008,37,38,27,1.3,1
D023047,O024811,RIDER1898,33,39,35,1.4,6
D023048,O024812,RIDER0916,27,54,15,1.7,27
D023049,O024813,RIDER0828,33,35,27,5.1,2
D023050,O024814,RIDER0227,34,51,19,0.6,17
D023051,O024815,RIDER0779,32,64,14,4.1,32
D023052,O024816,RIDER0242,45,46,21,7.5,1
D023053,O024817,RIDER1639,32,37,19,5.1,5
D023054,O024818,RIDER1497,26,52,41,1.6,26
D023055,O024820,RIDER0869,22,17,14,1.8,0
D023056,O024822,RIDER1781,30,26,16,2.0,0
D023057,O024823,RIDER1660,35,42,15,5.3,7
D023058,O024824,RIDER1748,54,69,33,3.8,15
D023059,O024825,RIDER1560,41,67,28,3.1,26
D023060,O024826,RIDER2077,28,55,17,5.4,27
D023061,O024827,RIDER0651,26,22,42,9.7,0
D023062,O024828,RIDER2241,23,22,17,5.3,0
D023063,O024829,RIDER1900,38,36,37,3.7,0
D023064,O024830,RIDER1324,54,81,39,4.9,27
D023065,O024831,RIDER1391,22,23,37,2.4,1
D023066,O024832,RIDER2407,38,34,24,2.9,0
D023067,O024833,RIDER1879,38,66,33,3.2,28
D023068,O024834,RIDER1371,23,24,21,7.1,1
D023069,O024836,RIDER1086,34,59,24,5.3,25
D023070,O024837,RIDER0769,35,38,33,3.3,3
D023071,O024838,RIDER1947,37,47,24,1.2,10
D023072,O024839,RIDER1555,37,55,18,4.6,18
D023073,O024841,RIDER0721,28,37,15,1.2,9
D023074,O024842,RIDER1426,18,16,14,1.8,0
D023075,O024843,RIDER1971,58,71,34,5.8,13
D023076,O024844,RIDER0337,25,21,14,0.2,0
D023077,O024845,RIDER2029,26,26,27,9.4,0
D023078,O024846,RIDER1986,27,33,18,2.0,6
D023079,O024847,RIDER1485,28,27,29,3.6,0
D023080,O024848,RIDER0311,29,50,14,0.1,21
D023081,O024850,RIDER0607,51,63,30,1.5,12
D023082,O024851,RIDER1621,29,36,38,4.2,7
D023083,O024852,RIDER0362,28,49,22,1.8,21
D023084,O024853,RIDER1914,27,37,21,4.4,10
D023085,O024854,RIDER0344,42,39,41,2.1,0
D023086,O024855,RIDER1571,61,79,27,2.6,18
D023087,O024856,RIDER0675,33,63,18,1.6,30
D023088,O024857,RIDER1390,31,30,35,0.8,0
D023089,O024858,RIDER1316,28,35,36,2.3,7
D023090,O024859,RIDER1800,47,45,34,4.4,0
D023091,O024860,RIDER0882,25,32,30,3.3,7
D023092,O024861,RIDER2428,38,40,19,5.1,2
D023093,O024862,RIDER0217,25,20,16,5.5,0
D023094,O024863,RIDER1165,24,28,42,2.5,4
D023095,O024864,RIDER1598,35,34,22,1.2,0
D023096,O024865,RIDER1974,36,68,21,2.2,32
D023097,O024866,RIDER1948,26,28,23,1.4,2
D023098,O024867,RIDER0369,27,40,23,2.9,13
D023099,O024868,RIDER1087,30,31,38,3.3,1
D023100,O024869,RIDER1040,49,50,23,2.2,1
D023101,O024870,RIDER0404,32,43,37,1.2,11
D023102,O024871,RIDER2407,36,32,36,2.2,0
D023103,O024873,RIDER2215,48,63,22,1.5,15
D023104,O024874,RIDER0549,32,34,15,6.8,2
D023105,O024875,RIDER2202,39,37,23,2.6,0
D023106,O024876,RIDER0227,30,33,15,3.3,3
D023107,O024877,RIDER0876,29,53,22,5.3,24
D023108,O024878,RIDER0252,42,69,35,0.8,27
D023109,O024879,RIDER2407,30,28,29,3.5,0
D023110,O024880,RIDER0097,41,59,22,0.7,18
D023111,O024881,RIDER0807,48,54,38,5.1,6
D023112,O024883,RIDER0537,39,43,32,3.1,4
D023113,O024884,RIDER2297,42,47,29,2.4,5
D023114,O024885,RIDER1140,26,25,25,2.8,0
D023115,O024886,RIDER0658,46,44,23,4.5,0
D023116,O024887,RIDER1993,38,39,16,0.2,1
D023117,O024888,RIDER1840,26,27,29,1.2,1
D023118,O024889,RIDER1212,28,32,16,1.6,4
D023119,O024890,RIDER0896,20,51,14,1.6,31
D023120,O024891,RIDER1886,23,18,14,2.3,0
D023121,O024893,RIDER0507,30,33,25,7.7,3
D023122,O024894,RIDER0612,23,21,31,1.5,0
D023123,O024895,RIDER1152,24,24,35,3.7,0
D023124,O024896,RIDER1858,30,29,38,2.0,0
D023125,O024898,RIDER2246,28,35,24,0.8,7
D023126,O024899,RIDER0727,50,57,38,1.8,7
D023127,O024900,RIDER1791,51,50,16,0.3,0
D023128,O024901,RIDER1531,49,64,24,1.0,15
D023129,O024902,RIDER0520,27,56,40,7.3,29
D023130,O024903,RIDER0937,25,32,15,5.2,7
D023131,O024904,RIDER1557,29,27,15,0.2,0
D023132,O024906,RIDER2479,39,43,16,2.3,4
D023133,O024907,RIDER2146,24,26,39,5.6,2
D023134,O024908,RIDER1730,25,25,28,2.7,0
D023135,O024909,RIDER1260,35,41,23,0.7,6
D023136,O024910,RIDER1273,46,51,35,7.8,5
D023137,O024911,RIDER1364,41,36,36,3.6,0
D023138,O024912,RIDER0532,39,59,29,7.2,20
D023139,O024913,RIDER0485,35,42,16,0.5,7
D023140,O024914,RIDER0333,26,30,18,0.7,4
D023141,O024915,RIDER1116,24,30,22,1.0,6
D023142,O024916,RIDER1114,32,48,27,7.1,16
D023143,O024917,RIDER0996,21,42,37,0.8,21
D023144,O024918,RIDER1680,21,53,29,1.6,32
D023145,O024919,RIDER1001,31,34,33,7.9,3
D023146,O024920,RIDER1435,33,32,22,0.3,0
D023147,O024921,RIDER2261,42,37,21,0.7,0
D023148,O024922,RIDER0055,46,52,14,3.9,6
D023149,O024924,RIDER1904,38,57,27,1.7,19
D023150,O024926,RIDER0801,30,29,27,4.7,0
D023151,O024927,RIDER1468,40,46,32,1.7,6
D023152,O024928,RIDER1268,70,82,31,1.4,12
D023153,O024929,RIDER1886,30,37,42,5.0,7
D023154,O024930,RIDER1756,41,46,18,8.7,5
D023155,O024931,RIDER0620,41,38,30,9.7,0
D023156,O024932,RIDER0680,33,34,38,2.3,1
D023157,O024933,RIDER1393,42,71,28,0.3,29
D023158,O024934,RIDER1524,29,32,14,0.3,3
D023159,O024935,RIDER2191,40,49,42,2.0,9
D023160,O024936,RIDER0917,30,61,22,6.2,31
D023161,O024937,RIDER2219,21,24,38,3.3,3
D023162,O024938,RIDER0437,38,43,42,2.5,5
D023163,O024939,RIDER2108,25,30,42,3.1,5
D023164,O024940,RIDER1657,36,49,34,6.1,13
D023165,O024941,RIDER0782,38,36,37,4.4,0
D023166,O024942,RIDER0696,27,23,39,0.3,0
D023167,O024943,RIDER0909,36,60,31,6.0,24
D023168,O024944,RIDER0755,24,35,37,3.0,11
D023169,O024945,RIDER2003,26,24,25,1.6,0
D023170,O024946,RIDER1926,43,71,39,3.5,28
D023171,O024947,RIDER1938,29,31,42,9.6,2
D023172,O024948,RIDER1099,22,18,23,1.4,0
D023173,O024949,RIDER1378,50,75,14,3.3,25
D023174,O024950,RIDER1450,36,36,37,4.7,0
D023175,O024951,RIDER0040,36,58,15,0.5,22
D023176,O024952,RIDER1152,49,74,38,2.2,25
D023177,O024953,RIDER1493,28,32,32,3.2,4
D023178,O024954,RIDER1834,28,25,27,1.5,0
D023179,O024955,RIDER2444,40,38,32,3.1,0
D023180,O024956,RIDER1541,46,43,42,1.9,0
D023181,O024957,RIDER1490,49,59,31,0.2,10
D023182,O024958,RIDER0715,29,27,22,3.9,0
D023183,O024959,RIDER0514,25,39,14,2.3,14
D023184,O024960,RIDER1727,26,21,15,3.3,0
D023185,O024961,RIDER0304,42,45,24,1.9,3
D023186,O024962,RIDER0310,42,44,17,0.5,2
D023187,O024963,RIDER2306,28,27,22,1.2,0
D023188,O024964,RIDER2156,25,36,22,3.2,11
D023189,O024965,RIDER0993,50,54,37,5.4,4
D023190,O024966,RIDER0107,44,59,21,1.0,15
D023191,O024967,RIDER2201,41,40,27,1.7,0
D023192,O024968,RIDER0928,36,67,36,1.4,31
D023193,O024969,RIDER1826,22,22,15,1.6,0
D023194,O024970,RIDER0721,19,19,32,2.7,0
D023195,O024971,RIDER1980,20,16,29,1.1,0
D023196,O024972,RIDER0018,21,18,25,1.0,0
D023197,O024973,RIDER0169,30,26,14,2.5,0
D023198,O024974,RIDER2408,23,44,33,2.3,21
D023199,O024975,RIDER1774,51,52,15,8.2,1
D023200,O024976,RIDER0789,26,24,18,2.8,0
D023201,O024977,RIDER0510,36,51,25,3.6,15
D023202,O024978,RIDER1682,34,49,24,5.1,15
D023203,O024979,RIDER1741,37,39,26,0.9,2
D023204,O024980,RIDER0982,37,32,32,0.2,0
D023205,O024981,RIDER1261,33,38,28,4.4,5
D023206,O024982,RIDER0460,22,29,19,0.7,7
D023207,O024983,RIDER1384,25,46,40,9.9,21
D023208,O024984,RIDER0205,44,49,39,2.3,5
D023209,O024985,RIDER1169,20,15,42,6.0,0
D023210,O024987,RIDER1968,26,23,27,0.4,0
D023211,O024988,RIDER0063,32,28,14,2.6,0
D023212,O024989,RIDER2362,26,24,31,1.8,0
D023213,O024990,RIDER2112,41,65,24,2.9,24
D023214,O024991,RIDER1910,44,43,29,0.7,0
D023215,O024992,RIDER1427,36,56,19,4.6,20
D023216,O024993,RIDER1398,32,43,16,5.6,11
D023217,O024994,RIDER0443,33,63,32,4.0,30
D023218,O024995,RIDER0369,50,65,19,4.8,15
D023219,O024996,RIDER1837,21,49,40,3.7,28
D023220,O024997,RIDER0439,26,36,25,0.8,10
D023221,O024998,RIDER1811,22,18,33,1.5,0
D023222,O024999,RIDER0156,34,30,24,0.4,0
D023223,O025000,RIDER2413,26,58,19,2.3,32
